adversarial_min_fee_cents,cadence_sec,claimed_distance_m,constraints_ok,dataset,distance_bucket_m,effective_radius_m,granularity,honest_fee_cents,n_fixes,odometer_check_tolerance_m,payload_mode,payload_odometer_tolerance_m,period_id,relay_radius_m,savings_ratio,skip_reason,true_distance_m
,60,,False,geolife,100,0.0,coarse,,11,600,cell,100,010-20080916114237-0,0,,no feasible adversarial claim under enabled constraints,5046
20106,60,4840,True,geolife,100,100.0,coarse,21664,11,600,cell,100,010-20080916114237-0,100,0.0719165435745938,,5046
19315,60,4705,True,geolife,100,200.0,coarse,21664,11,600,cell,100,010-20080916114237-0,200,0.10842872968980798,,5046
18768,60,4620,True,geolife,100,400.0,coarse,21664,11,600,cell,100,010-20080916114237-0,400,0.13367799113737075,,5046
,60,,False,geolife,100,70.71067811865476,coarse,,11,650,intra_cell,150,010-20080916114237-0,0,,no feasible adversarial claim under enabled constraints,5046
19332,60,4644,True,geolife,100,170.71067811865476,coarse,21664,11,650,intra_cell,150,010-20080916114237-0,100,0.10764401772525849,,5046
19015,60,4605,True,geolife,100,270.71067811865476,coarse,21664,11,650,intra_cell,150,010-20080916114237-0,200,0.12227658788774003,,5046
18498,60,4566,True,geolife,100,470.71067811865476,coarse,21664,11,650,intra_cell,150,010-20080916114237-0,400,0.1461410635155096,,5046
,120,,False,geolife,100,0.0,coarse,,11,600,cell,100,010-20080916114237-0,0,,no feasible adversarial claim under enabled constraints,5046
20106,120,4840,True,geolife,100,100.0,coarse,21664,11,600,cell,100,010-20080916114237-0,100,0.0719165435745938,,5046
19315,120,4705,True,geolife,100,200.0,coarse,21664,11,600,cell,100,010-20080916114237-0,200,0.10842872968980798,,5046
18768,120,4620,True,geolife,100,400.0,coarse,21664,11,600,cell,100,010-20080916114237-0,400,0.13367799113737075,,5046
,120,,False,geolife,100,70.71067811865476,coarse,,11,650,intra_cell,150,010-20080916114237-0,0,,no feasible adversarial claim under enabled constraints,5046
19332,120,4644,True,geolife,100,170.71067811865476,coarse,21664,11,650,intra_cell,150,010-20080916114237-0,100,0.10764401772525849,,5046
19015,120,4605,True,geolife,100,270.71067811865476,coarse,21664,11,650,intra_cell,150,010-20080916114237-0,200,0.12227658788774003,,5046
18498,120,4566,True,geolife,100,470.71067811865476,coarse,21664,11,650,intra_cell,150,010-20080916114237-0,400,0.1461410635155096,,5046
,300,,False,geolife,100,0.0,coarse,,11,600,cell,100,010-20080916114237-0,0,,no feasible adversarial claim under enabled constraints,5046
20106,300,4840,True,geolife,100,100.0,coarse,21664,11,600,cell,100,010-20080916114237-0,100,0.0719165435745938,,5046
19315,300,4705,True,geolife,100,200.0,coarse,21664,11,600,cell,100,010-20080916114237-0,200,0.10842872968980798,,5046
18768,300,4620,True,geolife,100,400.0,coarse,21664,11,600,cell,100,010-20080916114237-0,400,0.13367799113737075,,5046
,300,,False,geolife,100,70.71067811865476,coarse,,11,650,intra_cell,150,010-20080916114237-0,0,,no feasible adversarial claim under enabled constraints,5046
19332,300,4644,True,geolife,100,170.71067811865476,coarse,21664,11,650,intra_cell,150,010-20080916114237-0,100,0.10764401772525849,,5046
19015,300,4605,True,geolife,100,270.71067811865476,coarse,21664,11,650,intra_cell,150,010-20080916114237-0,200,0.12227658788774003,,5046
18498,300,4566,True,geolife,100,470.71067811865476,coarse,21664,11,650,intra_cell,150,010-20080916114237-0,400,0.1461410635155096,,5046
,60,,False,geolife,100,0.0,medium,,11,600,cell,100,010-20080916114237-0,0,,no feasible adversarial claim under enabled constraints,5046
21026,60,4820,True,geolife,100,100.0,medium,21664,11,600,cell,100,010-20080916114237-0,100,0.029449778434268832,,5046
19915,60,4705,True,geolife,100,200.0,medium,21664,11,600,cell,100,010-20080916114237-0,200,0.08073301329394388,,5046
18768,60,4620,True,geolife,100,400.0,medium,21664,11,600,cell,100,010-20080916114237-0,400,0.13367799113737075,,5046
,60,,False,geolife,100,70.71067811865476,medium,,11,650,intra_cell,150,010-20080916114237-0,0,,no feasible adversarial claim under enabled constraints,5046
19932,60,4644,True,geolife,100,170.71067811865476,medium,21664,11,650,intra_cell,150,010-20080916114237-0,100,0.07994830132939439,,5046
19415,60,4605,True,geolife,100,270.71067811865476,medium,21664,11,650,intra_cell,150,010-20080916114237-0,200,0.10381277695716395,,5046
18498,60,4566,True,geolife,100,470.71067811865476,medium,21664,11,650,intra_cell,150,010-20080916114237-0,400,0.1461410635155096,,5046
,120,,False,geolife,100,0.0,medium,,11,600,cell,100,010-20080916114237-0,0,,no feasible adversarial claim under enabled constraints,5046
21026,120,4820,True,geolife,100,100.0,medium,21664,11,600,cell,100,010-20080916114237-0,100,0.029449778434268832,,5046
19915,120,4705,True,geolife,100,200.0,medium,21664,11,600,cell,100,010-20080916114237-0,200,0.08073301329394388,,5046
18768,120,4620,True,geolife,100,400.0,medium,21664,11,600,cell,100,010-20080916114237-0,400,0.13367799113737075,,5046
,120,,False,geolife,100,70.71067811865476,medium,,11,650,intra_cell,150,010-20080916114237-0,0,,no feasible adversarial claim under enabled constraints,5046
19932,120,4644,True,geolife,100,170.71067811865476,medium,21664,11,650,intra_cell,150,010-20080916114237-0,100,0.07994830132939439,,5046
19415,120,4605,True,geolife,100,270.71067811865476,medium,21664,11,650,intra_cell,150,010-20080916114237-0,200,0.10381277695716395,,5046
18498,120,4566,True,geolife,100,470.71067811865476,medium,21664,11,650,intra_cell,150,010-20080916114237-0,400,0.1461410635155096,,5046
,300,,False,geolife,100,0.0,medium,,11,600,cell,100,010-20080916114237-0,0,,no feasible adversarial claim under enabled constraints,5046
21026,300,4820,True,geolife,100,100.0,medium,21664,11,600,cell,100,010-20080916114237-0,100,0.029449778434268832,,5046
19915,300,4705,True,geolife,100,200.0,medium,21664,11,600,cell,100,010-20080916114237-0,200,0.08073301329394388,,5046
18768,300,4620,True,geolife,100,400.0,medium,21664,11,600,cell,100,010-20080916114237-0,400,0.13367799113737075,,5046
,300,,False,geolife,100,70.71067811865476,medium,,11,650,intra_cell,150,010-20080916114237-0,0,,no feasible adversarial claim under enabled constraints,5046
19932,300,4644,True,geolife,100,170.71067811865476,medium,21664,11,650,intra_cell,150,010-20080916114237-0,100,0.07994830132939439,,5046
19415,300,4605,True,geolife,100,270.71067811865476,medium,21664,11,650,intra_cell,150,010-20080916114237-0,200,0.10381277695716395,,5046
18498,300,4566,True,geolife,100,470.71067811865476,medium,21664,11,650,intra_cell,150,010-20080916114237-0,400,0.1461410635155096,,5046
,60,,False,geolife,100,0.0,fine,,11,600,cell,100,010-20080916114237-0,0,,no feasible adversarial claim under enabled constraints,5046
20961,60,4807,True,geolife,100,100.0,fine,21664,11,600,cell,100,010-20080916114237-0,100,0.032450147710487445,,5046
19915,60,4705,True,geolife,100,200.0,fine,21664,11,600,cell,100,010-20080916114237-0,200,0.08073301329394388,,5046
18768,60,4620,True,geolife,100,400.0,fine,21664,11,600,cell,100,010-20080916114237-0,400,0.13367799113737075,,5046
,60,,False,geolife,100,70.71067811865476,fine,,11,650,intra_cell,150,010-20080916114237-0,0,,no feasible adversarial claim under enabled constraints,5046
19932,60,4644,True,geolife,100,170.71067811865476,fine,21664,11,650,intra_cell,150,010-20080916114237-0,100,0.07994830132939439,,5046
19215,60,4605,True,geolife,100,270.71067811865476,fine,21664,11,650,intra_cell,150,010-20080916114237-0,200,0.113044682422452,,5046
18258,60,4518,True,geolife,100,470.71067811865476,fine,21664,11,650,intra_cell,150,010-20080916114237-0,400,0.15721935007385524,,5046
,120,,False,geolife,100,0.0,fine,,11,600,cell,100,010-20080916114237-0,0,,no feasible adversarial claim under enabled constraints,5046
20961,120,4807,True,geolife,100,100.0,fine,21664,11,600,cell,100,010-20080916114237-0,100,0.032450147710487445,,5046
19915,120,4705,True,geolife,100,200.0,fine,21664,11,600,cell,100,010-20080916114237-0,200,0.08073301329394388,,5046
18768,120,4620,True,geolife,100,400.0,fine,21664,11,600,cell,100,010-20080916114237-0,400,0.13367799113737075,,5046
,120,,False,geolife,100,70.71067811865476,fine,,11,650,intra_cell,150,010-20080916114237-0,0,,no feasible adversarial claim under enabled constraints,5046
19932,120,4644,True,geolife,100,170.71067811865476,fine,21664,11,650,intra_cell,150,010-20080916114237-0,100,0.07994830132939439,,5046
19215,120,4605,True,geolife,100,270.71067811865476,fine,21664,11,650,intra_cell,150,010-20080916114237-0,200,0.113044682422452,,5046
18258,120,4518,True,geolife,100,470.71067811865476,fine,21664,11,650,intra_cell,150,010-20080916114237-0,400,0.15721935007385524,,5046
,300,,False,geolife,100,0.0,fine,,11,600,cell,100,010-20080916114237-0,0,,no feasible adversarial claim under enabled constraints,5046
20961,300,4807,True,geolife,100,100.0,fine,21664,11,600,cell,100,010-20080916114237-0,100,0.032450147710487445,,5046
19915,300,4705,True,geolife,100,200.0,fine,21664,11,600,cell,100,010-20080916114237-0,200,0.08073301329394388,,5046
18768,300,4620,True,geolife,100,400.0,fine,21664,11,600,cell,100,010-20080916114237-0,400,0.13367799113737075,,5046
,300,,False,geolife,100,70.71067811865476,fine,,11,650,intra_cell,150,010-20080916114237-0,0,,no feasible adversarial claim under enabled constraints,5046
19932,300,4644,True,geolife,100,170.71067811865476,fine,21664,11,650,intra_cell,150,010-20080916114237-0,100,0.07994830132939439,,5046
19215,300,4605,True,geolife,100,270.71067811865476,fine,21664,11,650,intra_cell,150,010-20080916114237-0,200,0.113044682422452,,5046
18258,300,4518,True,geolife,100,470.71067811865476,fine,21664,11,650,intra_cell,150,010-20080916114237-0,400,0.15721935007385524,,5046
17323,60,4041,True,geolife,100,0.0,coarse,17357,17,900,cell,100,010-20080917225654-0,0,0.0019588638589618022,,4091
16716,60,3972,True,geolife,100,100.0,coarse,17357,17,900,cell,100,010-20080917225654-0,100,0.03693034510572103,,4091
16166,60,3922,True,geolife,100,200.0,coarse,17357,17,900,cell,100,010-20080917225654-0,200,0.06861784870657371,,4091
14613,60,3871,True,geolife,100,400.0,coarse,17357,17,900,cell,100,010-20080917225654-0,400,0.15809183614679956,,4091
17323,60,4041,True,geolife,100,70.71067811865476,coarse,17357,17,950,intra_cell,150,010-20080917225654-0,0,0.0019588638589618022,,4091
16066,60,3822,True,geolife,100,170.71067811865476,coarse,17357,17,950,intra_cell,150,010-20080917225654-0,100,0.07437921299763785,,4091
15666,60,3822,True,geolife,100,270.71067811865476,coarse,17357,17,950,intra_cell,150,010-20080917225654-0,200,0.09742467016189434,,4091
14029,60,3707,True,geolife,100,470.71067811865476,coarse,17357,17,950,intra_cell,150,010-20080917225654-0,400,0.19173820360661403,,4091
17323,120,4041,True,geolife,100,0.0,coarse,17357,17,900,cell,100,010-20080917225654-0,0,0.0019588638589618022,,4091
16716,120,3972,True,geolife,100,100.0,coarse,17357,17,900,cell,100,010-20080917225654-0,100,0.03693034510572103,,4091
16166,120,3922,True,geolife,100,200.0,coarse,17357,17,900,cell,100,010-20080917225654-0,200,0.06861784870657371,,4091
14613,120,3871,True,geolife,100,400.0,coarse,17357,17,900,cell,100,010-20080917225654-0,400,0.15809183614679956,,4091
17323,120,4041,True,geolife,100,70.71067811865476,coarse,17357,17,950,intra_cell,150,010-20080917225654-0,0,0.0019588638589618022,,4091
16066,120,3822,True,geolife,100,170.71067811865476,coarse,17357,17,950,intra_cell,150,010-20080917225654-0,100,0.07437921299763785,,4091
15666,120,3822,True,geolife,100,270.71067811865476,coarse,17357,17,950,intra_cell,150,010-20080917225654-0,200,0.09742467016189434,,4091
14029,120,3707,True,geolife,100,470.71067811865476,coarse,17357,17,950,intra_cell,150,010-20080917225654-0,400,0.19173820360661403,,4091
17323,300,4041,True,geolife,100,0.0,coarse,17357,17,900,cell,100,010-20080917225654-0,0,0.0019588638589618022,,4091
16716,300,3972,True,geolife,100,100.0,coarse,17357,17,900,cell,100,010-20080917225654-0,100,0.03693034510572103,,4091
16166,300,3922,True,geolife,100,200.0,coarse,17357,17,900,cell,100,010-20080917225654-0,200,0.06861784870657371,,4091
14613,300,3871,True,geolife,100,400.0,coarse,17357,17,900,cell,100,010-20080917225654-0,400,0.15809183614679956,,4091
17323,300,4041,True,geolife,100,70.71067811865476,coarse,17357,17,950,intra_cell,150,010-20080917225654-0,0,0.0019588638589618022,,4091
16066,300,3822,True,geolife,100,170.71067811865476,coarse,17357,17,950,intra_cell,150,010-20080917225654-0,100,0.07437921299763785,,4091
15666,300,3822,True,geolife,100,270.71067811865476,coarse,17357,17,950,intra_cell,150,010-20080917225654-0,200,0.09742467016189434,,4091
14029,300,3707,True,geolife,100,470.71067811865476,coarse,17357,17,950,intra_cell,150,010-20080917225654-0,400,0.19173820360661403,,4091
17323,60,4041,True,geolife,100,0.0,medium,17357,17,900,cell,100,010-20080917225654-0,0,0.0019588638589618022,,4091
16716,60,3972,True,geolife,100,100.0,medium,17357,17,900,cell,100,010-20080917225654-0,100,0.03693034510572103,,4091
16166,60,3922,True,geolife,100,200.0,medium,17357,17,900,cell,100,010-20080917225654-0,200,0.06861784870657371,,4091
15261,60,3887,True,geolife,100,400.0,medium,17357,17,900,cell,100,010-20080917225654-0,400,0.12075819554070404,,4091
17323,60,4041,True,geolife,100,70.71067811865476,medium,17357,17,950,intra_cell,150,010-20080917225654-0,0,0.0019588638589618022,,4091
16066,60,3822,True,geolife,100,170.71067811865476,medium,17357,17,950,intra_cell,150,010-20080917225654-0,100,0.07437921299763785,,4091
15666,60,3822,True,geolife,100,270.71067811865476,medium,17357,17,950,intra_cell,150,010-20080917225654-0,200,0.09742467016189434,,4091
14055,60,3675,True,geolife,100,470.71067811865476,medium,17357,17,950,intra_cell,150,010-20080917225654-0,400,0.19024024889093738,,4091
17323,120,4041,True,geolife,100,0.0,medium,17357,17,900,cell,100,010-20080917225654-0,0,0.0019588638589618022,,4091
16716,120,3972,True,geolife,100,100.0,medium,17357,17,900,cell,100,010-20080917225654-0,100,0.03693034510572103,,4091
16166,120,3922,True,geolife,100,200.0,medium,17357,17,900,cell,100,010-20080917225654-0,200,0.06861784870657371,,4091
15261,120,3887,True,geolife,100,400.0,medium,17357,17,900,cell,100,010-20080917225654-0,400,0.12075819554070404,,4091
17323,120,4041,True,geolife,100,70.71067811865476,medium,17357,17,950,intra_cell,150,010-20080917225654-0,0,0.0019588638589618022,,4091
16066,120,3822,True,geolife,100,170.71067811865476,medium,17357,17,950,intra_cell,150,010-20080917225654-0,100,0.07437921299763785,,4091
15666,120,3822,True,geolife,100,270.71067811865476,medium,17357,17,950,intra_cell,150,010-20080917225654-0,200,0.09742467016189434,,4091
14055,120,3675,True,geolife,100,470.71067811865476,medium,17357,17,950,intra_cell,150,010-20080917225654-0,400,0.19024024889093738,,4091
17323,300,4041,True,geolife,100,0.0,medium,17357,17,900,cell,100,010-20080917225654-0,0,0.0019588638589618022,,4091
16716,300,3972,True,geolife,100,100.0,medium,17357,17,900,cell,100,010-20080917225654-0,100,0.03693034510572103,,4091
16166,300,3922,True,geolife,100,200.0,medium,17357,17,900,cell,100,010-20080917225654-0,200,0.06861784870657371,,4091
15261,300,3887,True,geolife,100,400.0,medium,17357,17,900,cell,100,010-20080917225654-0,400,0.12075819554070404,,4091
17323,300,4041,True,geolife,100,70.71067811865476,medium,17357,17,950,intra_cell,150,010-20080917225654-0,0,0.0019588638589618022,,4091
16066,300,3822,True,geolife,100,170.71067811865476,medium,17357,17,950,intra_cell,150,010-20080917225654-0,100,0.07437921299763785,,4091
15666,300,3822,True,geolife,100,270.71067811865476,medium,17357,17,950,intra_cell,150,010-20080917225654-0,200,0.09742467016189434,,4091
14055,300,3675,True,geolife,100,470.71067811865476,medium,17357,17,950,intra_cell,150,010-20080917225654-0,400,0.19024024889093738,,4091
17323,60,4041,True,geolife,100,0.0,fine,17357,17,900,cell,100,010-20080917225654-0,0,0.0019588638589618022,,4091
16716,60,3972,True,geolife,100,100.0,fine,17357,17,900,cell,100,010-20080917225654-0,100,0.03693034510572103,,4091
16166,60,3922,True,geolife,100,200.0,fine,17357,17,900,cell,100,010-20080917225654-0,200,0.06861784870657371,,4091
15249,60,3883,True,geolife,100,400.0,fine,17357,17,900,cell,100,010-20080917225654-0,400,0.12144955925563174,,4091
17323,60,4041,True,geolife,100,70.71067811865476,fine,17357,17,950,intra_cell,150,010-20080917225654-0,0,0.0019588638589618022,,4091
16066,60,3822,True,geolife,100,170.71067811865476,fine,17357,17,950,intra_cell,150,010-20080917225654-0,100,0.07437921299763785,,4091
15641,60,3737,True,geolife,100,270.71067811865476,fine,17357,17,950,intra_cell,150,010-20080917225654-0,200,0.09886501123466036,,4091
14029,60,3707,True,geolife,100,470.71067811865476,fine,17357,17,950,intra_cell,150,010-20080917225654-0,400,0.19173820360661403,,4091
17323,120,4041,True,geolife,100,0.0,fine,17357,17,900,cell,100,010-20080917225654-0,0,0.0019588638589618022,,4091
16716,120,3972,True,geolife,100,100.0,fine,17357,17,900,cell,100,010-20080917225654-0,100,0.03693034510572103,,4091
16166,120,3922,True,geolife,100,200.0,fine,17357,17,900,cell,100,010-20080917225654-0,200,0.06861784870657371,,4091
15249,120,3883,True,geolife,100,400.0,fine,17357,17,900,cell,100,010-20080917225654-0,400,0.12144955925563174,,4091
17323,120,4041,True,geolife,100,70.71067811865476,fine,17357,17,950,intra_cell,150,010-20080917225654-0,0,0.0019588638589618022,,4091
16066,120,3822,True,geolife,100,170.71067811865476,fine,17357,17,950,intra_cell,150,010-20080917225654-0,100,0.07437921299763785,,4091
15641,120,3737,True,geolife,100,270.71067811865476,fine,17357,17,950,intra_cell,150,010-20080917225654-0,200,0.09886501123466036,,4091
14029,120,3707,True,geolife,100,470.71067811865476,fine,17357,17,950,intra_cell,150,010-20080917225654-0,400,0.19173820360661403,,4091
17323,300,4041,True,geolife,100,0.0,fine,17357,17,900,cell,100,010-20080917225654-0,0,0.0019588638589618022,,4091
16716,300,3972,True,geolife,100,100.0,fine,17357,17,900,cell,100,010-20080917225654-0,100,0.03693034510572103,,4091
16166,300,3922,True,geolife,100,200.0,fine,17357,17,900,cell,100,010-20080917225654-0,200,0.06861784870657371,,4091
15249,300,3883,True,geolife,100,400.0,fine,17357,17,900,cell,100,010-20080917225654-0,400,0.12144955925563174,,4091
17323,300,4041,True,geolife,100,70.71067811865476,fine,17357,17,950,intra_cell,150,010-20080917225654-0,0,0.0019588638589618022,,4091
16066,300,3822,True,geolife,100,170.71067811865476,fine,17357,17,950,intra_cell,150,010-20080917225654-0,100,0.07437921299763785,,4091
15641,300,3737,True,geolife,100,270.71067811865476,fine,17357,17,950,intra_cell,150,010-20080917225654-0,200,0.09886501123466036,,4091
14029,300,3707,True,geolife,100,470.71067811865476,fine,17357,17,950,intra_cell,150,010-20080917225654-0,400,0.19173820360661403,,4091
,60,,False,geolife,100,0.0,coarse,,36,1850,cell,100,010-20080921224934-0,0,,no feasible adversarial claim under enabled constraints,4251
17235,60,4205,True,geolife,100,100.0,coarse,18695,36,1850,cell,100,010-20080921224934-0,100,0.0780957475260765,,4251
16544,60,4110,True,geolife,100,200.0,coarse,18695,36,1850,cell,100,010-20080921224934-0,200,0.11505750200588392,,4251
15375,60,4055,True,geolife,100,400.0,coarse,18695,36,1850,cell,100,010-20080921224934-0,400,0.1775875902647767,,4251
,60,,False,geolife,100,70.71067811865476,coarse,,36,1900,intra_cell,150,010-20080921224934-0,0,,no feasible adversarial claim under enabled constraints,4251
16696,60,4032,True,geolife,100,170.71067811865476,coarse,18695,36,1900,intra_cell,150,010-20080921224934-0,100,0.10692698582508692,,4251
16062,60,3954,True,geolife,100,270.71067811865476,coarse,18695,36,1900,intra_cell,150,010-20080921224934-0,200,0.14083979673709549,,4251
14802,60,3898,True,geolife,100,470.71067811865476,coarse,18695,36,1900,intra_cell,150,010-20080921224934-0,400,0.20823749665686012,,4251
,120,,False,geolife,100,0.0,coarse,,36,1850,cell,100,010-20080921224934-0,0,,no feasible adversarial claim under enabled constraints,4251
17235,120,4205,True,geolife,100,100.0,coarse,18695,36,1850,cell,100,010-20080921224934-0,100,0.0780957475260765,,4251
16544,120,4110,True,geolife,100,200.0,coarse,18695,36,1850,cell,100,010-20080921224934-0,200,0.11505750200588392,,4251
15375,120,4055,True,geolife,100,400.0,coarse,18695,36,1850,cell,100,010-20080921224934-0,400,0.1775875902647767,,4251
,120,,False,geolife,100,70.71067811865476,coarse,,36,1900,intra_cell,150,010-20080921224934-0,0,,no feasible adversarial claim under enabled constraints,4251
16696,120,4032,True,geolife,100,170.71067811865476,coarse,18695,36,1900,intra_cell,150,010-20080921224934-0,100,0.10692698582508692,,4251
16062,120,3954,True,geolife,100,270.71067811865476,coarse,18695,36,1900,intra_cell,150,010-20080921224934-0,200,0.14083979673709549,,4251
14802,120,3898,True,geolife,100,470.71067811865476,coarse,18695,36,1900,intra_cell,150,010-20080921224934-0,400,0.20823749665686012,,4251
,300,,False,geolife,100,0.0,coarse,,36,1850,cell,100,010-20080921224934-0,0,,no feasible adversarial claim under enabled constraints,4251
17235,300,4205,True,geolife,100,100.0,coarse,18695,36,1850,cell,100,010-20080921224934-0,100,0.0780957475260765,,4251
16544,300,4110,True,geolife,100,200.0,coarse,18695,36,1850,cell,100,010-20080921224934-0,200,0.11505750200588392,,4251
15375,300,4055,True,geolife,100,400.0,coarse,18695,36,1850,cell,100,010-20080921224934-0,400,0.1775875902647767,,4251
,300,,False,geolife,100,70.71067811865476,coarse,,36,1900,intra_cell,150,010-20080921224934-0,0,,no feasible adversarial claim under enabled constraints,4251
16696,300,4032,True,geolife,100,170.71067811865476,coarse,18695,36,1900,intra_cell,150,010-20080921224934-0,100,0.10692698582508692,,4251
16062,300,3954,True,geolife,100,270.71067811865476,coarse,18695,36,1900,intra_cell,150,010-20080921224934-0,200,0.14083979673709549,,4251
14802,300,3898,True,geolife,100,470.71067811865476,coarse,18695,36,1900,intra_cell,150,010-20080921224934-0,400,0.20823749665686012,,4251
,60,,False,geolife,100,0.0,medium,,36,1850,cell,100,010-20080921224934-0,0,,no feasible adversarial claim under enabled constraints,4251
17804,60,4154,True,geolife,100,100.0,medium,18695,36,1850,cell,100,010-20080921224934-0,100,0.047659802086119286,,4251
17084,60,4090,True,geolife,100,200.0,medium,18695,36,1850,cell,100,010-20080921224934-0,200,0.08617277346884193,,4251
15419,60,4003,True,geolife,100,400.0,medium,18695,36,1850,cell,100,010-20080921224934-0,400,0.17523401979138808,,4251
,60,,False,geolife,100,70.71067811865476,medium,,36,1900,intra_cell,150,010-20080921224934-0,0,,no feasible adversarial claim under enabled constraints,4251
17266,60,4022,True,geolife,100,170.71067811865476,medium,18695,36,1900,intra_cell,150,010-20080921224934-0,100,0.07643755014709816,,4251
16154,60,3944,True,geolife,100,270.71067811865476,medium,18695,36,1900,intra_cell,150,010-20080921224934-0,200,0.13591869483819202,,4251
14894,60,3898,True,geolife,100,470.71067811865476,medium,18695,36,1900,intra_cell,150,010-20080921224934-0,400,0.20331639475795668,,4251
,120,,False,geolife,100,0.0,medium,,36,1850,cell,100,010-20080921224934-0,0,,no feasible adversarial claim under enabled constraints,4251
17804,120,4154,True,geolife,100,100.0,medium,18695,36,1850,cell,100,010-20080921224934-0,100,0.047659802086119286,,4251
17084,120,4090,True,geolife,100,200.0,medium,18695,36,1850,cell,100,010-20080921224934-0,200,0.08617277346884193,,4251
15419,120,4003,True,geolife,100,400.0,medium,18695,36,1850,cell,100,010-20080921224934-0,400,0.17523401979138808,,4251
,120,,False,geolife,100,70.71067811865476,medium,,36,1900,intra_cell,150,010-20080921224934-0,0,,no feasible adversarial claim under enabled constraints,4251
17266,120,4022,True,geolife,100,170.71067811865476,medium,18695,36,1900,intra_cell,150,010-20080921224934-0,100,0.07643755014709816,,4251
16154,120,3944,True,geolife,100,270.71067811865476,medium,18695,36,1900,intra_cell,150,010-20080921224934-0,200,0.13591869483819202,,4251
14894,120,3898,True,geolife,100,470.71067811865476,medium,18695,36,1900,intra_cell,150,010-20080921224934-0,400,0.20331639475795668,,4251
,300,,False,geolife,100,0.0,medium,,36,1850,cell,100,010-20080921224934-0,0,,no feasible adversarial claim under enabled constraints,4251
17804,300,4154,True,geolife,100,100.0,medium,18695,36,1850,cell,100,010-20080921224934-0,100,0.047659802086119286,,4251
17084,300,4090,True,geolife,100,200.0,medium,18695,36,1850,cell,100,010-20080921224934-0,200,0.08617277346884193,,4251
15419,300,4003,True,geolife,100,400.0,medium,18695,36,1850,cell,100,010-20080921224934-0,400,0.17523401979138808,,4251
,300,,False,geolife,100,70.71067811865476,medium,,36,1900,intra_cell,150,010-20080921224934-0,0,,no feasible adversarial claim under enabled constraints,4251
17266,300,4022,True,geolife,100,170.71067811865476,medium,18695,36,1900,intra_cell,150,010-20080921224934-0,100,0.07643755014709816,,4251
16154,300,3944,True,geolife,100,270.71067811865476,medium,18695,36,1900,intra_cell,150,010-20080921224934-0,200,0.13591869483819202,,4251
14894,300,3898,True,geolife,100,470.71067811865476,medium,18695,36,1900,intra_cell,150,010-20080921224934-0,400,0.20331639475795668,,4251
,60,,False,geolife,100,0.0,fine,,36,1850,cell,100,010-20080921224934-0,0,,no feasible adversarial claim under enabled constraints,4251
17804,60,4154,True,geolife,100,100.0,fine,18695,36,1850,cell,100,010-20080921224934-0,100,0.047659802086119286,,4251
17084,60,4090,True,geolife,100,200.0,fine,18695,36,1850,cell,100,010-20080921224934-0,200,0.08617277346884193,,4251
15419,60,4003,True,geolife,100,400.0,fine,18695,36,1850,cell,100,010-20080921224934-0,400,0.17523401979138808,,4251
,60,,False,geolife,100,70.71067811865476,fine,,36,1900,intra_cell,150,010-20080921224934-0,0,,no feasible adversarial claim under enabled constraints,4251
17266,60,4022,True,geolife,100,170.71067811865476,fine,18695,36,1900,intra_cell,150,010-20080921224934-0,100,0.07643755014709816,,4251
16062,60,3954,True,geolife,100,270.71067811865476,fine,18695,36,1900,intra_cell,150,010-20080921224934-0,200,0.14083979673709549,,4251
14888,60,3860,True,geolife,100,470.71067811865476,fine,18695,36,1900,intra_cell,150,010-20080921224934-0,400,0.20363733618614602,,4251
,120,,False,geolife,100,0.0,fine,,36,1850,cell,100,010-20080921224934-0,0,,no feasible adversarial claim under enabled constraints,4251
17804,120,4154,True,geolife,100,100.0,fine,18695,36,1850,cell,100,010-20080921224934-0,100,0.047659802086119286,,4251
17084,120,4090,True,geolife,100,200.0,fine,18695,36,1850,cell,100,010-20080921224934-0,200,0.08617277346884193,,4251
15419,120,4003,True,geolife,100,400.0,fine,18695,36,1850,cell,100,010-20080921224934-0,400,0.17523401979138808,,4251
,120,,False,geolife,100,70.71067811865476,fine,,36,1900,intra_cell,150,010-20080921224934-0,0,,no feasible adversarial claim under enabled constraints,4251
17266,120,4022,True,geolife,100,170.71067811865476,fine,18695,36,1900,intra_cell,150,010-20080921224934-0,100,0.07643755014709816,,4251
16062,120,3954,True,geolife,100,270.71067811865476,fine,18695,36,1900,intra_cell,150,010-20080921224934-0,200,0.14083979673709549,,4251
14888,120,3860,True,geolife,100,470.71067811865476,fine,18695,36,1900,intra_cell,150,010-20080921224934-0,400,0.20363733618614602,,4251
,300,,False,geolife,100,0.0,fine,,36,1850,cell,100,010-20080921224934-0,0,,no feasible adversarial claim under enabled constraints,4251
17804,300,4154,True,geolife,100,100.0,fine,18695,36,1850,cell,100,010-20080921224934-0,100,0.047659802086119286,,4251
17084,300,4090,True,geolife,100,200.0,fine,18695,36,1850,cell,100,010-20080921224934-0,200,0.08617277346884193,,4251
15419,300,4003,True,geolife,100,400.0,fine,18695,36,1850,cell,100,010-20080921224934-0,400,0.17523401979138808,,4251
,300,,False,geolife,100,70.71067811865476,fine,,36,1900,intra_cell,150,010-20080921224934-0,0,,no feasible adversarial claim under enabled constraints,4251
17266,300,4022,True,geolife,100,170.71067811865476,fine,18695,36,1900,intra_cell,150,010-20080921224934-0,100,0.07643755014709816,,4251
16062,300,3954,True,geolife,100,270.71067811865476,fine,18695,36,1900,intra_cell,150,010-20080921224934-0,200,0.14083979673709549,,4251
14888,300,3860,True,geolife,100,470.71067811865476,fine,18695,36,1900,intra_cell,150,010-20080921224934-0,400,0.20363733618614602,,4251
,60,,False,geolife,100,0.0,coarse,,13,700,cell,100,010-20080922111517-0,0,,no feasible adversarial claim under enabled constraints,4997
20845,60,4811,True,geolife,100,100.0,coarse,21393,13,700,cell,100,010-20080922111517-0,100,0.025615855653718506,,4997
20012,60,4660,True,geolife,100,200.0,coarse,21393,13,700,cell,100,010-20080922111517-0,200,0.06455382601785631,,4997
19065,60,4535,True,geolife,100,400.0,coarse,21393,13,700,cell,100,010-20080922111517-0,400,0.10882064226616182,,4997
,60,,False,geolife,100,70.71067811865476,coarse,,13,750,intra_cell,150,010-20080922111517-0,0,,no feasible adversarial claim under enabled constraints,4997
19947,60,4649,True,geolife,100,170.71067811865476,coarse,21393,13,750,intra_cell,150,010-20080922111517-0,100,0.06759220305707474,,4997
19415,60,4605,True,geolife,100,270.71067811865476,coarse,21393,13,750,intra_cell,150,010-20080922111517-0,200,0.09246015051652409,,4997
18498,60,4566,True,geolife,100,470.71067811865476,coarse,21393,13,750,intra_cell,150,010-20080922111517-0,400,0.13532463890057495,,4997
,120,,False,geolife,100,0.0,coarse,,13,700,cell,100,010-20080922111517-0,0,,no feasible adversarial claim under enabled constraints,4997
20845,120,4811,True,geolife,100,100.0,coarse,21393,13,700,cell,100,010-20080922111517-0,100,0.025615855653718506,,4997
20012,120,4660,True,geolife,100,200.0,coarse,21393,13,700,cell,100,010-20080922111517-0,200,0.06455382601785631,,4997
19065,120,4535,True,geolife,100,400.0,coarse,21393,13,700,cell,100,010-20080922111517-0,400,0.10882064226616182,,4997
,120,,False,geolife,100,70.71067811865476,coarse,,13,750,intra_cell,150,010-20080922111517-0,0,,no feasible adversarial claim under enabled constraints,4997
19947,120,4649,True,geolife,100,170.71067811865476,coarse,21393,13,750,intra_cell,150,010-20080922111517-0,100,0.06759220305707474,,4997
19415,120,4605,True,geolife,100,270.71067811865476,coarse,21393,13,750,intra_cell,150,010-20080922111517-0,200,0.09246015051652409,,4997
18498,120,4566,True,geolife,100,470.71067811865476,coarse,21393,13,750,intra_cell,150,010-20080922111517-0,400,0.13532463890057495,,4997
,300,,False,geolife,100,0.0,coarse,,13,700,cell,100,010-20080922111517-0,0,,no feasible adversarial claim under enabled constraints,4997
20845,300,4811,True,geolife,100,100.0,coarse,21393,13,700,cell,100,010-20080922111517-0,100,0.025615855653718506,,4997
20012,300,4660,True,geolife,100,200.0,coarse,21393,13,700,cell,100,010-20080922111517-0,200,0.06455382601785631,,4997
19065,300,4535,True,geolife,100,400.0,coarse,21393,13,700,cell,100,010-20080922111517-0,400,0.10882064226616182,,4997
,300,,False,geolife,100,70.71067811865476,coarse,,13,750,intra_cell,150,010-20080922111517-0,0,,no feasible adversarial claim under enabled constraints,4997
19947,300,4649,True,geolife,100,170.71067811865476,coarse,21393,13,750,intra_cell,150,010-20080922111517-0,100,0.06759220305707474,,4997
19415,300,4605,True,geolife,100,270.71067811865476,coarse,21393,13,750,intra_cell,150,010-20080922111517-0,200,0.09246015051652409,,4997
18498,300,4566,True,geolife,100,470.71067811865476,coarse,21393,13,750,intra_cell,150,010-20080922111517-0,400,0.13532463890057495,,4997
,60,,False,geolife,100,0.0,medium,,13,700,cell,100,010-20080922111517-0,0,,no feasible adversarial claim under enabled constraints,4997
20845,60,4811,True,geolife,100,100.0,medium,21393,13,700,cell,100,010-20080922111517-0,100,0.025615855653718506,,4997
20012,60,4660,True,geolife,100,200.0,medium,21393,13,700,cell,100,010-20080922111517-0,200,0.06455382601785631,,4997
19260,60,4574,True,geolife,100,400.0,medium,21393,13,700,cell,100,010-20080922111517-0,400,0.09970551114850652,,4997
,60,,False,geolife,100,70.71067811865476,medium,,13,750,intra_cell,150,010-20080922111517-0,0,,no feasible adversarial claim under enabled constraints,4997
19947,60,4649,True,geolife,100,170.71067811865476,medium,21393,13,750,intra_cell,150,010-20080922111517-0,100,0.06759220305707474,,4997
19415,60,4605,True,geolife,100,270.71067811865476,medium,21393,13,750,intra_cell,150,010-20080922111517-0,200,0.09246015051652409,,4997
18725,60,4467,True,geolife,100,470.71067811865476,medium,21393,13,750,intra_cell,150,010-20080922111517-0,400,0.12471369139438133,,4997
,120,,False,geolife,100,0.0,medium,,13,700,cell,100,010-20080922111517-0,0,,no feasible adversarial claim under enabled constraints,4997
20845,120,4811,True,geolife,100,100.0,medium,21393,13,700,cell,100,010-20080922111517-0,100,0.025615855653718506,,4997
20012,120,4660,True,geolife,100,200.0,medium,21393,13,700,cell,100,010-20080922111517-0,200,0.06455382601785631,,4997
19260,120,4574,True,geolife,100,400.0,medium,21393,13,700,cell,100,010-20080922111517-0,400,0.09970551114850652,,4997
,120,,False,geolife,100,70.71067811865476,medium,,13,750,intra_cell,150,010-20080922111517-0,0,,no feasible adversarial claim under enabled constraints,4997
19947,120,4649,True,geolife,100,170.71067811865476,medium,21393,13,750,intra_cell,150,010-20080922111517-0,100,0.06759220305707474,,4997
19415,120,4605,True,geolife,100,270.71067811865476,medium,21393,13,750,intra_cell,150,010-20080922111517-0,200,0.09246015051652409,,4997
18725,120,4467,True,geolife,100,470.71067811865476,medium,21393,13,750,intra_cell,150,010-20080922111517-0,400,0.12471369139438133,,4997
,300,,False,geolife,100,0.0,medium,,13,700,cell,100,010-20080922111517-0,0,,no feasible adversarial claim under enabled constraints,4997
20845,300,4811,True,geolife,100,100.0,medium,21393,13,700,cell,100,010-20080922111517-0,100,0.025615855653718506,,4997
20012,300,4660,True,geolife,100,200.0,medium,21393,13,700,cell,100,010-20080922111517-0,200,0.06455382601785631,,4997
19260,300,4574,True,geolife,100,400.0,medium,21393,13,700,cell,100,010-20080922111517-0,400,0.09970551114850652,,4997
,300,,False,geolife,100,70.71067811865476,medium,,13,750,intra_cell,150,010-20080922111517-0,0,,no feasible adversarial claim under enabled constraints,4997
19947,300,4649,True,geolife,100,170.71067811865476,medium,21393,13,750,intra_cell,150,010-20080922111517-0,100,0.06759220305707474,,4997
19415,300,4605,True,geolife,100,270.71067811865476,medium,21393,13,750,intra_cell,150,010-20080922111517-0,200,0.09246015051652409,,4997
18725,300,4467,True,geolife,100,470.71067811865476,medium,21393,13,750,intra_cell,150,010-20080922111517-0,400,0.12471369139438133,,4997
,60,,False,geolife,100,0.0,fine,,13,700,cell,100,010-20080922111517-0,0,,no feasible adversarial claim under enabled constraints,4997
20845,60,4811,True,geolife,100,100.0,fine,21393,13,700,cell,100,010-20080922111517-0,100,0.025615855653718506,,4997
20012,60,4660,True,geolife,100,200.0,fine,21393,13,700,cell,100,010-20080922111517-0,200,0.06455382601785631,,4997
19100,60,4624,True,geolife,100,400.0,fine,21393,13,700,cell,100,010-20080922111517-0,400,0.10718459309119806,,4997
,60,,False,geolife,100,70.71067811865476,fine,,13,750,intra_cell,150,010-20080922111517-0,0,,no feasible adversarial claim under enabled constraints,4997
19947,60,4649,True,geolife,100,170.71067811865476,fine,21393,13,750,intra_cell,150,010-20080922111517-0,100,0.06759220305707474,,4997
19415,60,4605,True,geolife,100,270.71067811865476,fine,21393,13,750,intra_cell,150,010-20080922111517-0,200,0.09246015051652409,,4997
18725,60,4467,True,geolife,100,470.71067811865476,fine,21393,13,750,intra_cell,150,010-20080922111517-0,400,0.12471369139438133,,4997
,120,,False,geolife,100,0.0,fine,,13,700,cell,100,010-20080922111517-0,0,,no feasible adversarial claim under enabled constraints,4997
20845,120,4811,True,geolife,100,100.0,fine,21393,13,700,cell,100,010-20080922111517-0,100,0.025615855653718506,,4997
20012,120,4660,True,geolife,100,200.0,fine,21393,13,700,cell,100,010-20080922111517-0,200,0.06455382601785631,,4997
19100,120,4624,True,geolife,100,400.0,fine,21393,13,700,cell,100,010-20080922111517-0,400,0.10718459309119806,,4997
,120,,False,geolife,100,70.71067811865476,fine,,13,750,intra_cell,150,010-20080922111517-0,0,,no feasible adversarial claim under enabled constraints,4997
19947,120,4649,True,geolife,100,170.71067811865476,fine,21393,13,750,intra_cell,150,010-20080922111517-0,100,0.06759220305707474,,4997
19415,120,4605,True,geolife,100,270.71067811865476,fine,21393,13,750,intra_cell,150,010-20080922111517-0,200,0.09246015051652409,,4997
18725,120,4467,True,geolife,100,470.71067811865476,fine,21393,13,750,intra_cell,150,010-20080922111517-0,400,0.12471369139438133,,4997
,300,,False,geolife,100,0.0,fine,,13,700,cell,100,010-20080922111517-0,0,,no feasible adversarial claim under enabled constraints,4997
20845,300,4811,True,geolife,100,100.0,fine,21393,13,700,cell,100,010-20080922111517-0,100,0.025615855653718506,,4997
20012,300,4660,True,geolife,100,200.0,fine,21393,13,700,cell,100,010-20080922111517-0,200,0.06455382601785631,,4997
19100,300,4624,True,geolife,100,400.0,fine,21393,13,700,cell,100,010-20080922111517-0,400,0.10718459309119806,,4997
,300,,False,geolife,100,70.71067811865476,fine,,13,750,intra_cell,150,010-20080922111517-0,0,,no feasible adversarial claim under enabled constraints,4997
19947,300,4649,True,geolife,100,170.71067811865476,fine,21393,13,750,intra_cell,150,010-20080922111517-0,100,0.06759220305707474,,4997
19415,300,4605,True,geolife,100,270.71067811865476,fine,21393,13,750,intra_cell,150,010-20080922111517-0,200,0.09246015051652409,,4997
18725,300,4467,True,geolife,100,470.71067811865476,fine,21393,13,750,intra_cell,150,010-20080922111517-0,400,0.12471369139438133,,4997
17805,60,4041,True,geolife,100,0.0,coarse,18146,36,1850,cell,100,010-20080922234926-0,0,0.018792020279951506,,4128
17051,60,4013,True,geolife,100,100.0,coarse,18146,36,1850,cell,100,010-20080922234926-0,100,0.060343877438553954,,4128
16110,60,3900,True,geolife,100,200.0,coarse,18146,36,1850,cell,100,010-20080922234926-0,200,0.11220103604100078,,4128
14770,60,3854,True,geolife,100,400.0,coarse,18146,36,1850,cell,100,010-20080922234926-0,400,0.18604651162790697,,4128
17805,60,4041,True,geolife,100,70.71067811865476,coarse,18146,36,1900,intra_cell,150,010-20080922234926-0,0,0.018792020279951506,,4128
16266,60,3822,True,geolife,100,170.71067811865476,coarse,18146,36,1900,intra_cell,150,010-20080922234926-0,100,0.10360410007715198,,4128
15574,60,3788,True,geolife,100,270.71067811865476,coarse,18146,36,1900,intra_cell,150,010-20080922234926-0,200,0.14173922627576324,,4128
13399,60,3697,True,geolife,100,470.71067811865476,coarse,18146,36,1900,intra_cell,150,010-20080922234926-0,400,0.26160035269480875,,4128
17805,120,4041,True,geolife,100,0.0,coarse,18146,36,1850,cell,100,010-20080922234926-0,0,0.018792020279951506,,4128
17051,120,4013,True,geolife,100,100.0,coarse,18146,36,1850,cell,100,010-20080922234926-0,100,0.060343877438553954,,4128
16110,120,3900,True,geolife,100,200.0,coarse,18146,36,1850,cell,100,010-20080922234926-0,200,0.11220103604100078,,4128
14770,120,3854,True,geolife,100,400.0,coarse,18146,36,1850,cell,100,010-20080922234926-0,400,0.18604651162790697,,4128
17805,120,4041,True,geolife,100,70.71067811865476,coarse,18146,36,1900,intra_cell,150,010-20080922234926-0,0,0.018792020279951506,,4128
16266,120,3822,True,geolife,100,170.71067811865476,coarse,18146,36,1900,intra_cell,150,010-20080922234926-0,100,0.10360410007715198,,4128
15574,120,3788,True,geolife,100,270.71067811865476,coarse,18146,36,1900,intra_cell,150,010-20080922234926-0,200,0.14173922627576324,,4128
13399,120,3697,True,geolife,100,470.71067811865476,coarse,18146,36,1900,intra_cell,150,010-20080922234926-0,400,0.26160035269480875,,4128
17805,300,4041,True,geolife,100,0.0,coarse,18146,36,1850,cell,100,010-20080922234926-0,0,0.018792020279951506,,4128
17051,300,4013,True,geolife,100,100.0,coarse,18146,36,1850,cell,100,010-20080922234926-0,100,0.060343877438553954,,4128
16110,300,3900,True,geolife,100,200.0,coarse,18146,36,1850,cell,100,010-20080922234926-0,200,0.11220103604100078,,4128
14770,300,3854,True,geolife,100,400.0,coarse,18146,36,1850,cell,100,010-20080922234926-0,400,0.18604651162790697,,4128
17805,300,4041,True,geolife,100,70.71067811865476,coarse,18146,36,1900,intra_cell,150,010-20080922234926-0,0,0.018792020279951506,,4128
16266,300,3822,True,geolife,100,170.71067811865476,coarse,18146,36,1900,intra_cell,150,010-20080922234926-0,100,0.10360410007715198,,4128
15574,300,3788,True,geolife,100,270.71067811865476,coarse,18146,36,1900,intra_cell,150,010-20080922234926-0,200,0.14173922627576324,,4128
13399,300,3697,True,geolife,100,470.71067811865476,coarse,18146,36,1900,intra_cell,150,010-20080922234926-0,400,0.26160035269480875,,4128
17805,60,4041,True,geolife,100,0.0,medium,18146,36,1850,cell,100,010-20080922234926-0,0,0.018792020279951506,,4128
17152,60,3980,True,geolife,100,100.0,medium,18146,36,1850,cell,100,010-20080922234926-0,100,0.054777912487600576,,4128
16541,60,3837,True,geolife,100,200.0,medium,18146,36,1850,cell,100,010-20080922234926-0,200,0.08844924501267497,,4128
14904,60,3832,True,geolife,100,400.0,medium,18146,36,1850,cell,100,010-20080922234926-0,400,0.17866196406921636,,4128
17805,60,4041,True,geolife,100,70.71067811865476,medium,18146,36,1900,intra_cell,150,010-20080922234926-0,0,0.018792020279951506,,4128
16666,60,3822,True,geolife,100,170.71067811865476,medium,18146,36,1900,intra_cell,150,010-20080922234926-0,100,0.08156067452882178,,4128
16036,60,3776,True,geolife,100,270.71067811865476,medium,18146,36,1900,intra_cell,150,010-20080922234926-0,200,0.11627906976744186,,4128
14351,60,3645,True,geolife,100,470.71067811865476,medium,18146,36,1900,intra_cell,150,010-20080922234926-0,400,0.20913699988978288,,4128
17805,120,4041,True,geolife,100,0.0,medium,18146,36,1850,cell,100,010-20080922234926-0,0,0.018792020279951506,,4128
17152,120,3980,True,geolife,100,100.0,medium,18146,36,1850,cell,100,010-20080922234926-0,100,0.054777912487600576,,4128
16541,120,3837,True,geolife,100,200.0,medium,18146,36,1850,cell,100,010-20080922234926-0,200,0.08844924501267497,,4128
14904,120,3832,True,geolife,100,400.0,medium,18146,36,1850,cell,100,010-20080922234926-0,400,0.17866196406921636,,4128
17805,120,4041,True,geolife,100,70.71067811865476,medium,18146,36,1900,intra_cell,150,010-20080922234926-0,0,0.018792020279951506,,4128
16666,120,3822,True,geolife,100,170.71067811865476,medium,18146,36,1900,intra_cell,150,010-20080922234926-0,100,0.08156067452882178,,4128
16036,120,3776,True,geolife,100,270.71067811865476,medium,18146,36,1900,intra_cell,150,010-20080922234926-0,200,0.11627906976744186,,4128
14351,120,3645,True,geolife,100,470.71067811865476,medium,18146,36,1900,intra_cell,150,010-20080922234926-0,400,0.20913699988978288,,4128
17805,300,4041,True,geolife,100,0.0,medium,18146,36,1850,cell,100,010-20080922234926-0,0,0.018792020279951506,,4128
17152,300,3980,True,geolife,100,100.0,medium,18146,36,1850,cell,100,010-20080922234926-0,100,0.054777912487600576,,4128
16541,300,3837,True,geolife,100,200.0,medium,18146,36,1850,cell,100,010-20080922234926-0,200,0.08844924501267497,,4128
14904,300,3832,True,geolife,100,400.0,medium,18146,36,1850,cell,100,010-20080922234926-0,400,0.17866196406921636,,4128
17805,300,4041,True,geolife,100,70.71067811865476,medium,18146,36,1900,intra_cell,150,010-20080922234926-0,0,0.018792020279951506,,4128
16666,300,3822,True,geolife,100,170.71067811865476,medium,18146,36,1900,intra_cell,150,010-20080922234926-0,100,0.08156067452882178,,4128
16036,300,3776,True,geolife,100,270.71067811865476,medium,18146,36,1900,intra_cell,150,010-20080922234926-0,200,0.11627906976744186,,4128
14351,300,3645,True,geolife,100,470.71067811865476,medium,18146,36,1900,intra_cell,150,010-20080922234926-0,400,0.20913699988978288,,4128
17805,60,4041,True,geolife,100,0.0,fine,18146,36,1850,cell,100,010-20080922234926-0,0,0.018792020279951506,,4128
17152,60,3980,True,geolife,100,100.0,fine,18146,36,1850,cell,100,010-20080922234926-0,100,0.054777912487600576,,4128
16540,60,3910,True,geolife,100,200.0,fine,18146,36,1850,cell,100,010-20080922234926-0,200,0.08850435357654579,,4128
14904,60,3832,True,geolife,100,400.0,fine,18146,36,1850,cell,100,010-20080922234926-0,400,0.17866196406921636,,4128
17805,60,4041,True,geolife,100,70.71067811865476,fine,18146,36,1900,intra_cell,150,010-20080922234926-0,0,0.018792020279951506,,4128
16666,60,3822,True,geolife,100,170.71067811865476,fine,18146,36,1900,intra_cell,150,010-20080922234926-0,100,0.08156067452882178,,4128
16010,60,3800,True,geolife,100,270.71067811865476,fine,18146,36,1900,intra_cell,150,010-20080922234926-0,200,0.11771189242808332,,4128
14351,60,3645,True,geolife,100,470.71067811865476,fine,18146,36,1900,intra_cell,150,010-20080922234926-0,400,0.20913699988978288,,4128
17805,120,4041,True,geolife,100,0.0,fine,18146,36,1850,cell,100,010-20080922234926-0,0,0.018792020279951506,,4128
17152,120,3980,True,geolife,100,100.0,fine,18146,36,1850,cell,100,010-20080922234926-0,100,0.054777912487600576,,4128
16540,120,3910,True,geolife,100,200.0,fine,18146,36,1850,cell,100,010-20080922234926-0,200,0.08850435357654579,,4128
14904,120,3832,True,geolife,100,400.0,fine,18146,36,1850,cell,100,010-20080922234926-0,400,0.17866196406921636,,4128
17805,120,4041,True,geolife,100,70.71067811865476,fine,18146,36,1900,intra_cell,150,010-20080922234926-0,0,0.018792020279951506,,4128
16666,120,3822,True,geolife,100,170.71067811865476,fine,18146,36,1900,intra_cell,150,010-20080922234926-0,100,0.08156067452882178,,4128
16010,120,3800,True,geolife,100,270.71067811865476,fine,18146,36,1900,intra_cell,150,010-20080922234926-0,200,0.11771189242808332,,4128
14351,120,3645,True,geolife,100,470.71067811865476,fine,18146,36,1900,intra_cell,150,010-20080922234926-0,400,0.20913699988978288,,4128
17805,300,4041,True,geolife,100,0.0,fine,18146,36,1850,cell,100,010-20080922234926-0,0,0.018792020279951506,,4128
17152,300,3980,True,geolife,100,100.0,fine,18146,36,1850,cell,100,010-20080922234926-0,100,0.054777912487600576,,4128
16540,300,3910,True,geolife,100,200.0,fine,18146,36,1850,cell,100,010-20080922234926-0,200,0.08850435357654579,,4128
14904,300,3832,True,geolife,100,400.0,fine,18146,36,1850,cell,100,010-20080922234926-0,400,0.17866196406921636,,4128
17805,300,4041,True,geolife,100,70.71067811865476,fine,18146,36,1900,intra_cell,150,010-20080922234926-0,0,0.018792020279951506,,4128
16666,300,3822,True,geolife,100,170.71067811865476,fine,18146,36,1900,intra_cell,150,010-20080922234926-0,100,0.08156067452882178,,4128
16010,300,3800,True,geolife,100,270.71067811865476,fine,18146,36,1900,intra_cell,150,010-20080922234926-0,200,0.11771189242808332,,4128
14351,300,3645,True,geolife,100,470.71067811865476,fine,18146,36,1900,intra_cell,150,010-20080922234926-0,400,0.20913699988978288,,4128
,60,,False,geolife,100,0.0,coarse,,13,700,cell,100,010-20080923121817-0,0,,no feasible adversarial claim under enabled constraints,5095
20679,60,4893,True,geolife,100,100.0,coarse,21735,13,700,cell,100,010-20080923121817-0,100,0.048585231193926846,,5095
19764,60,4788,True,geolife,100,200.0,coarse,21735,13,700,cell,100,010-20080923121817-0,200,0.0906832298136646,,5095
19038,60,4674,True,geolife,100,400.0,coarse,21735,13,700,cell,100,010-20080923121817-0,400,0.12408557625948931,,5095
,60,,False,geolife,100,70.71067811865476,coarse,,13,750,intra_cell,150,010-20080923121817-0,0,,no feasible adversarial claim under enabled constraints,5095
19781,60,4727,True,geolife,100,170.71067811865476,coarse,21735,13,750,intra_cell,150,010-20080923121817-0,100,0.08990108120542903,,5095
19315,60,4705,True,geolife,100,270.71067811865476,coarse,21735,13,750,intra_cell,150,010-20080923121817-0,200,0.11134115481941569,,5095
18768,60,4620,True,geolife,100,470.71067811865476,coarse,21735,13,750,intra_cell,150,010-20080923121817-0,400,0.1365079365079365,,5095
,120,,False,geolife,100,0.0,coarse,,13,700,cell,100,010-20080923121817-0,0,,no feasible adversarial claim under enabled constraints,5095
20679,120,4893,True,geolife,100,100.0,coarse,21735,13,700,cell,100,010-20080923121817-0,100,0.048585231193926846,,5095
19764,120,4788,True,geolife,100,200.0,coarse,21735,13,700,cell,100,010-20080923121817-0,200,0.0906832298136646,,5095
19038,120,4674,True,geolife,100,400.0,coarse,21735,13,700,cell,100,010-20080923121817-0,400,0.12408557625948931,,5095
,120,,False,geolife,100,70.71067811865476,coarse,,13,750,intra_cell,150,010-20080923121817-0,0,,no feasible adversarial claim under enabled constraints,5095
19781,120,4727,True,geolife,100,170.71067811865476,coarse,21735,13,750,intra_cell,150,010-20080923121817-0,100,0.08990108120542903,,5095
19315,120,4705,True,geolife,100,270.71067811865476,coarse,21735,13,750,intra_cell,150,010-20080923121817-0,200,0.11134115481941569,,5095
18768,120,4620,True,geolife,100,470.71067811865476,coarse,21735,13,750,intra_cell,150,010-20080923121817-0,400,0.1365079365079365,,5095
,300,,False,geolife,100,0.0,coarse,,13,700,cell,100,010-20080923121817-0,0,,no feasible adversarial claim under enabled constraints,5095
20679,300,4893,True,geolife,100,100.0,coarse,21735,13,700,cell,100,010-20080923121817-0,100,0.048585231193926846,,5095
19764,300,4788,True,geolife,100,200.0,coarse,21735,13,700,cell,100,010-20080923121817-0,200,0.0906832298136646,,5095
19038,300,4674,True,geolife,100,400.0,coarse,21735,13,700,cell,100,010-20080923121817-0,400,0.12408557625948931,,5095
,300,,False,geolife,100,70.71067811865476,coarse,,13,750,intra_cell,150,010-20080923121817-0,0,,no feasible adversarial claim under enabled constraints,5095
19781,300,4727,True,geolife,100,170.71067811865476,coarse,21735,13,750,intra_cell,150,010-20080923121817-0,100,0.08990108120542903,,5095
19315,300,4705,True,geolife,100,270.71067811865476,coarse,21735,13,750,intra_cell,150,010-20080923121817-0,200,0.11134115481941569,,5095
18768,300,4620,True,geolife,100,470.71067811865476,coarse,21735,13,750,intra_cell,150,010-20080923121817-0,400,0.1365079365079365,,5095
,60,,False,geolife,100,0.0,medium,,13,700,cell,100,010-20080923121817-0,0,,no feasible adversarial claim under enabled constraints,5095
20679,60,4893,True,geolife,100,100.0,medium,21735,13,700,cell,100,010-20080923121817-0,100,0.048585231193926846,,5095
20030,60,4810,True,geolife,100,200.0,medium,21735,13,700,cell,100,010-20080923121817-0,200,0.07844490453186105,,5095
19093,60,4685,True,geolife,100,400.0,medium,21735,13,700,cell,100,010-20080923121817-0,400,0.12155509546813895,,5095
,60,,False,geolife,100,70.71067811865476,medium,,13,750,intra_cell,150,010-20080923121817-0,0,,no feasible adversarial claim under enabled constraints,5095
19981,60,4727,True,geolife,100,170.71067811865476,medium,21735,13,750,intra_cell,150,010-20080923121817-0,100,0.08069933287324592,,5095
19710,60,4664,True,geolife,100,270.71067811865476,medium,21735,13,750,intra_cell,150,010-20080923121817-0,200,0.09316770186335403,,5095
18768,60,4620,True,geolife,100,470.71067811865476,medium,21735,13,750,intra_cell,150,010-20080923121817-0,400,0.1365079365079365,,5095
,120,,False,geolife,100,0.0,medium,,13,700,cell,100,010-20080923121817-0,0,,no feasible adversarial claim under enabled constraints,5095
20679,120,4893,True,geolife,100,100.0,medium,21735,13,700,cell,100,010-20080923121817-0,100,0.048585231193926846,,5095
20030,120,4810,True,geolife,100,200.0,medium,21735,13,700,cell,100,010-20080923121817-0,200,0.07844490453186105,,5095
19093,120,4685,True,geolife,100,400.0,medium,21735,13,700,cell,100,010-20080923121817-0,400,0.12155509546813895,,5095
,120,,False,geolife,100,70.71067811865476,medium,,13,750,intra_cell,150,010-20080923121817-0,0,,no feasible adversarial claim under enabled constraints,5095
19981,120,4727,True,geolife,100,170.71067811865476,medium,21735,13,750,intra_cell,150,010-20080923121817-0,100,0.08069933287324592,,5095
19710,120,4664,True,geolife,100,270.71067811865476,medium,21735,13,750,intra_cell,150,010-20080923121817-0,200,0.09316770186335403,,5095
18768,120,4620,True,geolife,100,470.71067811865476,medium,21735,13,750,intra_cell,150,010-20080923121817-0,400,0.1365079365079365,,5095
,300,,False,geolife,100,0.0,medium,,13,700,cell,100,010-20080923121817-0,0,,no feasible adversarial claim under enabled constraints,5095
20679,300,4893,True,geolife,100,100.0,medium,21735,13,700,cell,100,010-20080923121817-0,100,0.048585231193926846,,5095
20030,300,4810,True,geolife,100,200.0,medium,21735,13,700,cell,100,010-20080923121817-0,200,0.07844490453186105,,5095
19093,300,4685,True,geolife,100,400.0,medium,21735,13,700,cell,100,010-20080923121817-0,400,0.12155509546813895,,5095
,300,,False,geolife,100,70.71067811865476,medium,,13,750,intra_cell,150,010-20080923121817-0,0,,no feasible adversarial claim under enabled constraints,5095
19981,300,4727,True,geolife,100,170.71067811865476,medium,21735,13,750,intra_cell,150,010-20080923121817-0,100,0.08069933287324592,,5095
19710,300,4664,True,geolife,100,270.71067811865476,medium,21735,13,750,intra_cell,150,010-20080923121817-0,200,0.09316770186335403,,5095
18768,300,4620,True,geolife,100,470.71067811865476,medium,21735,13,750,intra_cell,150,010-20080923121817-0,400,0.1365079365079365,,5095
,60,,False,geolife,100,0.0,fine,,13,700,cell,100,010-20080923121817-0,0,,no feasible adversarial claim under enabled constraints,5095
20679,60,4893,True,geolife,100,100.0,fine,21735,13,700,cell,100,010-20080923121817-0,100,0.048585231193926846,,5095
20030,60,4810,True,geolife,100,200.0,fine,21735,13,700,cell,100,010-20080923121817-0,200,0.07844490453186105,,5095
19093,60,4685,True,geolife,100,400.0,fine,21735,13,700,cell,100,010-20080923121817-0,400,0.12155509546813895,,5095
,60,,False,geolife,100,70.71067811865476,fine,,13,750,intra_cell,150,010-20080923121817-0,0,,no feasible adversarial claim under enabled constraints,5095
19981,60,4727,True,geolife,100,170.71067811865476,fine,21735,13,750,intra_cell,150,010-20080923121817-0,100,0.08069933287324592,,5095
19455,60,4613,True,geolife,100,270.71067811865476,fine,21735,13,750,intra_cell,150,010-20080923121817-0,200,0.1048999309868875,,5095
18768,60,4620,True,geolife,100,470.71067811865476,fine,21735,13,750,intra_cell,150,010-20080923121817-0,400,0.1365079365079365,,5095
,120,,False,geolife,100,0.0,fine,,13,700,cell,100,010-20080923121817-0,0,,no feasible adversarial claim under enabled constraints,5095
20679,120,4893,True,geolife,100,100.0,fine,21735,13,700,cell,100,010-20080923121817-0,100,0.048585231193926846,,5095
20030,120,4810,True,geolife,100,200.0,fine,21735,13,700,cell,100,010-20080923121817-0,200,0.07844490453186105,,5095
19093,120,4685,True,geolife,100,400.0,fine,21735,13,700,cell,100,010-20080923121817-0,400,0.12155509546813895,,5095
,120,,False,geolife,100,70.71067811865476,fine,,13,750,intra_cell,150,010-20080923121817-0,0,,no feasible adversarial claim under enabled constraints,5095
19981,120,4727,True,geolife,100,170.71067811865476,fine,21735,13,750,intra_cell,150,010-20080923121817-0,100,0.08069933287324592,,5095
19455,120,4613,True,geolife,100,270.71067811865476,fine,21735,13,750,intra_cell,150,010-20080923121817-0,200,0.1048999309868875,,5095
18768,120,4620,True,geolife,100,470.71067811865476,fine,21735,13,750,intra_cell,150,010-20080923121817-0,400,0.1365079365079365,,5095
,300,,False,geolife,100,0.0,fine,,13,700,cell,100,010-20080923121817-0,0,,no feasible adversarial claim under enabled constraints,5095
20679,300,4893,True,geolife,100,100.0,fine,21735,13,700,cell,100,010-20080923121817-0,100,0.048585231193926846,,5095
20030,300,4810,True,geolife,100,200.0,fine,21735,13,700,cell,100,010-20080923121817-0,200,0.07844490453186105,,5095
19093,300,4685,True,geolife,100,400.0,fine,21735,13,700,cell,100,010-20080923121817-0,400,0.12155509546813895,,5095
,300,,False,geolife,100,70.71067811865476,fine,,13,750,intra_cell,150,010-20080923121817-0,0,,no feasible adversarial claim under enabled constraints,5095
19981,300,4727,True,geolife,100,170.71067811865476,fine,21735,13,750,intra_cell,150,010-20080923121817-0,100,0.08069933287324592,,5095
19455,300,4613,True,geolife,100,270.71067811865476,fine,21735,13,750,intra_cell,150,010-20080923121817-0,200,0.1048999309868875,,5095
18768,300,4620,True,geolife,100,470.71067811865476,fine,21735,13,750,intra_cell,150,010-20080923121817-0,400,0.1365079365079365,,5095
,60,,False,geolife,100,0.0,coarse,,59,3000,cell,100,010-20080923231456-1,0,,no feasible adversarial claim under enabled constraints,4321
17712,60,4232,True,geolife,100,100.0,coarse,19281,59,3000,cell,100,010-20080923231456-1,100,0.08137544733156994,,4321
16669,60,4085,True,geolife,100,200.0,coarse,19281,59,3000,cell,100,010-20080923231456-1,200,0.13547015196307247,,4321
15325,60,3965,True,geolife,100,400.0,coarse,19281,59,3000,cell,100,010-20080923231456-1,400,0.2051760800788341,,4321
,60,,False,geolife,100,70.71067811865476,coarse,,59,3050,intra_cell,150,010-20080923231456-1,0,,no feasible adversarial claim under enabled constraints,4321
16632,60,3944,True,geolife,100,170.71067811865476,coarse,19281,59,3050,intra_cell,150,010-20080923231456-1,100,0.13738913956744983,,4321
16154,60,3944,True,geolife,100,270.71067811865476,coarse,19281,59,3050,intra_cell,150,010-20080923231456-1,200,0.16218038483481148,,4321
13912,60,3904,True,geolife,100,470.71067811865476,coarse,19281,59,3050,intra_cell,150,010-20080923231456-1,400,0.27846066075411025,,4321
,120,,False,geolife,100,0.0,coarse,,59,3000,cell,100,010-20080923231456-1,0,,no feasible adversarial claim under enabled constraints,4321
17712,120,4232,True,geolife,100,100.0,coarse,19281,59,3000,cell,100,010-20080923231456-1,100,0.08137544733156994,,4321
16669,120,4085,True,geolife,100,200.0,coarse,19281,59,3000,cell,100,010-20080923231456-1,200,0.13547015196307247,,4321
15325,120,3965,True,geolife,100,400.0,coarse,19281,59,3000,cell,100,010-20080923231456-1,400,0.2051760800788341,,4321
,120,,False,geolife,100,70.71067811865476,coarse,,59,3050,intra_cell,150,010-20080923231456-1,0,,no feasible adversarial claim under enabled constraints,4321
16632,120,3944,True,geolife,100,170.71067811865476,coarse,19281,59,3050,intra_cell,150,010-20080923231456-1,100,0.13738913956744983,,4321
16154,120,3944,True,geolife,100,270.71067811865476,coarse,19281,59,3050,intra_cell,150,010-20080923231456-1,200,0.16218038483481148,,4321
13912,120,3904,True,geolife,100,470.71067811865476,coarse,19281,59,3050,intra_cell,150,010-20080923231456-1,400,0.27846066075411025,,4321
,300,,False,geolife,100,0.0,coarse,,59,3000,cell,100,010-20080923231456-1,0,,no feasible adversarial claim under enabled constraints,4321
17712,300,4232,True,geolife,100,100.0,coarse,19281,59,3000,cell,100,010-20080923231456-1,100,0.08137544733156994,,4321
16669,300,4085,True,geolife,100,200.0,coarse,19281,59,3000,cell,100,010-20080923231456-1,200,0.13547015196307247,,4321
15325,300,3965,True,geolife,100,400.0,coarse,19281,59,3000,cell,100,010-20080923231456-1,400,0.2051760800788341,,4321
,300,,False,geolife,100,70.71067811865476,coarse,,59,3050,intra_cell,150,010-20080923231456-1,0,,no feasible adversarial claim under enabled constraints,4321
16632,300,3944,True,geolife,100,170.71067811865476,coarse,19281,59,3050,intra_cell,150,010-20080923231456-1,100,0.13738913956744983,,4321
16154,300,3944,True,geolife,100,270.71067811865476,coarse,19281,59,3050,intra_cell,150,010-20080923231456-1,200,0.16218038483481148,,4321
13912,300,3904,True,geolife,100,470.71067811865476,coarse,19281,59,3050,intra_cell,150,010-20080923231456-1,400,0.27846066075411025,,4321
,60,,False,geolife,100,0.0,medium,,59,3000,cell,100,010-20080923231456-1,0,,no feasible adversarial claim under enabled constraints,4321
18040,60,4208,True,geolife,100,100.0,medium,19281,59,3000,cell,100,010-20080923231456-1,100,0.06436388154141383,,4321
17115,60,4101,True,geolife,100,200.0,medium,19281,59,3000,cell,100,010-20080923231456-1,200,0.11233857165084798,,4321
15443,60,4011,True,geolife,100,400.0,medium,19281,59,3000,cell,100,010-20080923231456-1,400,0.19905606555676572,,4321
,60,,False,geolife,100,70.71067811865476,medium,,59,3050,intra_cell,150,010-20080923231456-1,0,,no feasible adversarial claim under enabled constraints,4321
17098,60,3966,True,geolife,100,170.71067811865476,medium,19281,59,3050,intra_cell,150,010-20080923231456-1,100,0.11322026865826461,,4321
16554,60,3944,True,geolife,100,270.71067811865476,medium,19281,59,3050,intra_cell,150,010-20080923231456-1,200,0.1414345728955967,,4321
14894,60,3898,True,geolife,100,470.71067811865476,medium,19281,59,3050,intra_cell,150,010-20080923231456-1,400,0.227529692443338,,4321
,120,,False,geolife,100,0.0,medium,,59,3000,cell,100,010-20080923231456-1,0,,no feasible adversarial claim under enabled constraints,4321
18040,120,4208,True,geolife,100,100.0,medium,19281,59,3000,cell,100,010-20080923231456-1,100,0.06436388154141383,,4321
17115,120,4101,True,geolife,100,200.0,medium,19281,59,3000,cell,100,010-20080923231456-1,200,0.11233857165084798,,4321
15443,120,4011,True,geolife,100,400.0,medium,19281,59,3000,cell,100,010-20080923231456-1,400,0.19905606555676572,,4321
,120,,False,geolife,100,70.71067811865476,medium,,59,3050,intra_cell,150,010-20080923231456-1,0,,no feasible adversarial claim under enabled constraints,4321
17098,120,3966,True,geolife,100,170.71067811865476,medium,19281,59,3050,intra_cell,150,010-20080923231456-1,100,0.11322026865826461,,4321
16554,120,3944,True,geolife,100,270.71067811865476,medium,19281,59,3050,intra_cell,150,010-20080923231456-1,200,0.1414345728955967,,4321
14894,120,3898,True,geolife,100,470.71067811865476,medium,19281,59,3050,intra_cell,150,010-20080923231456-1,400,0.227529692443338,,4321
,300,,False,geolife,100,0.0,medium,,59,3000,cell,100,010-20080923231456-1,0,,no feasible adversarial claim under enabled constraints,4321
18040,300,4208,True,geolife,100,100.0,medium,19281,59,3000,cell,100,010-20080923231456-1,100,0.06436388154141383,,4321
17115,300,4101,True,geolife,100,200.0,medium,19281,59,3000,cell,100,010-20080923231456-1,200,0.11233857165084798,,4321
15443,300,4011,True,geolife,100,400.0,medium,19281,59,3000,cell,100,010-20080923231456-1,400,0.19905606555676572,,4321
,300,,False,geolife,100,70.71067811865476,medium,,59,3050,intra_cell,150,010-20080923231456-1,0,,no feasible adversarial claim under enabled constraints,4321
17098,300,3966,True,geolife,100,170.71067811865476,medium,19281,59,3050,intra_cell,150,010-20080923231456-1,100,0.11322026865826461,,4321
16554,300,3944,True,geolife,100,270.71067811865476,medium,19281,59,3050,intra_cell,150,010-20080923231456-1,200,0.1414345728955967,,4321
14894,300,3898,True,geolife,100,470.71067811865476,medium,19281,59,3050,intra_cell,150,010-20080923231456-1,400,0.227529692443338,,4321
,60,,False,geolife,100,0.0,fine,,59,3000,cell,100,010-20080923231456-1,0,,no feasible adversarial claim under enabled constraints,4321
18040,60,4208,True,geolife,100,100.0,fine,19281,59,3000,cell,100,010-20080923231456-1,100,0.06436388154141383,,4321
16962,60,4050,True,geolife,100,200.0,fine,19281,59,3000,cell,100,010-20080923231456-1,200,0.12027384471759764,,4321
15443,60,4011,True,geolife,100,400.0,fine,19281,59,3000,cell,100,010-20080923231456-1,400,0.19905606555676572,,4321
,60,,False,geolife,100,70.71067811865476,fine,,59,3050,intra_cell,150,010-20080923231456-1,0,,no feasible adversarial claim under enabled constraints,4321
17098,60,3966,True,geolife,100,170.71067811865476,fine,19281,59,3050,intra_cell,150,010-20080923231456-1,100,0.11322026865826461,,4321
16549,60,3983,True,geolife,100,270.71067811865476,fine,19281,59,3050,intra_cell,150,010-20080923231456-1,200,0.14169389554483688,,4321
14888,60,3860,True,geolife,100,470.71067811865476,fine,19281,59,3050,intra_cell,150,010-20080923231456-1,400,0.22784087962242622,,4321
,120,,False,geolife,100,0.0,fine,,59,3000,cell,100,010-20080923231456-1,0,,no feasible adversarial claim under enabled constraints,4321
18040,120,4208,True,geolife,100,100.0,fine,19281,59,3000,cell,100,010-20080923231456-1,100,0.06436388154141383,,4321
16962,120,4050,True,geolife,100,200.0,fine,19281,59,3000,cell,100,010-20080923231456-1,200,0.12027384471759764,,4321
15443,120,4011,True,geolife,100,400.0,fine,19281,59,3000,cell,100,010-20080923231456-1,400,0.19905606555676572,,4321
,120,,False,geolife,100,70.71067811865476,fine,,59,3050,intra_cell,150,010-20080923231456-1,0,,no feasible adversarial claim under enabled constraints,4321
17098,120,3966,True,geolife,100,170.71067811865476,fine,19281,59,3050,intra_cell,150,010-20080923231456-1,100,0.11322026865826461,,4321
16549,120,3983,True,geolife,100,270.71067811865476,fine,19281,59,3050,intra_cell,150,010-20080923231456-1,200,0.14169389554483688,,4321
14888,120,3860,True,geolife,100,470.71067811865476,fine,19281,59,3050,intra_cell,150,010-20080923231456-1,400,0.22784087962242622,,4321
,300,,False,geolife,100,0.0,fine,,59,3000,cell,100,010-20080923231456-1,0,,no feasible adversarial claim under enabled constraints,4321
18040,300,4208,True,geolife,100,100.0,fine,19281,59,3000,cell,100,010-20080923231456-1,100,0.06436388154141383,,4321
16962,300,4050,True,geolife,100,200.0,fine,19281,59,3000,cell,100,010-20080923231456-1,200,0.12027384471759764,,4321
15443,300,4011,True,geolife,100,400.0,fine,19281,59,3000,cell,100,010-20080923231456-1,400,0.19905606555676572,,4321
,300,,False,geolife,100,70.71067811865476,fine,,59,3050,intra_cell,150,010-20080923231456-1,0,,no feasible adversarial claim under enabled constraints,4321
17098,300,3966,True,geolife,100,170.71067811865476,fine,19281,59,3050,intra_cell,150,010-20080923231456-1,100,0.11322026865826461,,4321
16549,300,3983,True,geolife,100,270.71067811865476,fine,19281,59,3050,intra_cell,150,010-20080923231456-1,200,0.14169389554483688,,4321
14888,300,3860,True,geolife,100,470.71067811865476,fine,19281,59,3050,intra_cell,150,010-20080923231456-1,400,0.22784087962242622,,4321
,60,,False,geolife,100,0.0,coarse,,15,800,cell,100,010-20080924113459-1,0,,no feasible adversarial claim under enabled constraints,5159
22123,60,5007,True,geolife,100,100.0,coarse,21973,15,800,cell,100,010-20080924113459-1,100,0.0,,5159
20652,60,4788,True,geolife,100,200.0,coarse,21973,15,800,cell,100,010-20080924113459-1,200,0.060119237245710645,,5159
19403,60,4747,True,geolife,100,400.0,coarse,21973,15,800,cell,100,010-20080924113459-1,400,0.11696172575433486,,5159
,60,,False,geolife,100,70.71067811865476,coarse,,15,850,intra_cell,150,010-20080924113459-1,0,,no feasible adversarial claim under enabled constraints,5159
20608,60,4788,True,geolife,100,170.71067811865476,coarse,21973,15,850,intra_cell,150,010-20080924113459-1,100,0.06212169480726346,,5159
19955,60,4713,True,geolife,100,270.71067811865476,coarse,21973,15,850,intra_cell,150,010-20080924113459-1,200,0.09183998543667228,,5159
19038,60,4674,True,geolife,100,470.71067811865476,coarse,21973,15,850,intra_cell,150,010-20080924113459-1,400,0.13357302143539798,,5159
,120,,False,geolife,100,0.0,coarse,,15,800,cell,100,010-20080924113459-1,0,,no feasible adversarial claim under enabled constraints,5159
22123,120,5007,True,geolife,100,100.0,coarse,21973,15,800,cell,100,010-20080924113459-1,100,0.0,,5159
20652,120,4788,True,geolife,100,200.0,coarse,21973,15,800,cell,100,010-20080924113459-1,200,0.060119237245710645,,5159
19403,120,4747,True,geolife,100,400.0,coarse,21973,15,800,cell,100,010-20080924113459-1,400,0.11696172575433486,,5159
,120,,False,geolife,100,70.71067811865476,coarse,,15,850,intra_cell,150,010-20080924113459-1,0,,no feasible adversarial claim under enabled constraints,5159
20608,120,4788,True,geolife,100,170.71067811865476,coarse,21973,15,850,intra_cell,150,010-20080924113459-1,100,0.06212169480726346,,5159
19955,120,4713,True,geolife,100,270.71067811865476,coarse,21973,15,850,intra_cell,150,010-20080924113459-1,200,0.09183998543667228,,5159
19038,120,4674,True,geolife,100,470.71067811865476,coarse,21973,15,850,intra_cell,150,010-20080924113459-1,400,0.13357302143539798,,5159
,300,,False,geolife,100,0.0,coarse,,15,800,cell,100,010-20080924113459-1,0,,no feasible adversarial claim under enabled constraints,5159
22123,300,5007,True,geolife,100,100.0,coarse,21973,15,800,cell,100,010-20080924113459-1,100,0.0,,5159
20652,300,4788,True,geolife,100,200.0,coarse,21973,15,800,cell,100,010-20080924113459-1,200,0.060119237245710645,,5159
19403,300,4747,True,geolife,100,400.0,coarse,21973,15,800,cell,100,010-20080924113459-1,400,0.11696172575433486,,5159
,300,,False,geolife,100,70.71067811865476,coarse,,15,850,intra_cell,150,010-20080924113459-1,0,,no feasible adversarial claim under enabled constraints,5159
20608,300,4788,True,geolife,100,170.71067811865476,coarse,21973,15,850,intra_cell,150,010-20080924113459-1,100,0.06212169480726346,,5159
19955,300,4713,True,geolife,100,270.71067811865476,coarse,21973,15,850,intra_cell,150,010-20080924113459-1,200,0.09183998543667228,,5159
19038,300,4674,True,geolife,100,470.71067811865476,coarse,21973,15,850,intra_cell,150,010-20080924113459-1,400,0.13357302143539798,,5159
,60,,False,geolife,100,0.0,medium,,15,800,cell,100,010-20080924113459-1,0,,no feasible adversarial claim under enabled constraints,5159
22123,60,5007,True,geolife,100,100.0,medium,21973,15,800,cell,100,010-20080924113459-1,100,0.0,,5159
20652,60,4788,True,geolife,100,200.0,medium,21973,15,800,cell,100,010-20080924113459-1,200,0.060119237245710645,,5159
19870,60,4696,True,geolife,100,400.0,medium,21973,15,800,cell,100,010-20080924113459-1,400,0.0957083693623993,,5159
,60,,False,geolife,100,70.71067811865476,medium,,15,850,intra_cell,150,010-20080924113459-1,0,,no feasible adversarial claim under enabled constraints,5159
20608,60,4788,True,geolife,100,170.71067811865476,medium,21973,15,850,intra_cell,150,010-20080924113459-1,100,0.06212169480726346,,5159
19955,60,4713,True,geolife,100,270.71067811865476,medium,21973,15,850,intra_cell,150,010-20080924113459-1,200,0.09183998543667228,,5159
19038,60,4674,True,geolife,100,470.71067811865476,medium,21973,15,850,intra_cell,150,010-20080924113459-1,400,0.13357302143539798,,5159
,120,,False,geolife,100,0.0,medium,,15,800,cell,100,010-20080924113459-1,0,,no feasible adversarial claim under enabled constraints,5159
22123,120,5007,True,geolife,100,100.0,medium,21973,15,800,cell,100,010-20080924113459-1,100,0.0,,5159
20652,120,4788,True,geolife,100,200.0,medium,21973,15,800,cell,100,010-20080924113459-1,200,0.060119237245710645,,5159
19870,120,4696,True,geolife,100,400.0,medium,21973,15,800,cell,100,010-20080924113459-1,400,0.0957083693623993,,5159
,120,,False,geolife,100,70.71067811865476,medium,,15,850,intra_cell,150,010-20080924113459-1,0,,no feasible adversarial claim under enabled constraints,5159
20608,120,4788,True,geolife,100,170.71067811865476,medium,21973,15,850,intra_cell,150,010-20080924113459-1,100,0.06212169480726346,,5159
19955,120,4713,True,geolife,100,270.71067811865476,medium,21973,15,850,intra_cell,150,010-20080924113459-1,200,0.09183998543667228,,5159
19038,120,4674,True,geolife,100,470.71067811865476,medium,21973,15,850,intra_cell,150,010-20080924113459-1,400,0.13357302143539798,,5159
,300,,False,geolife,100,0.0,medium,,15,800,cell,100,010-20080924113459-1,0,,no feasible adversarial claim under enabled constraints,5159
22123,300,5007,True,geolife,100,100.0,medium,21973,15,800,cell,100,010-20080924113459-1,100,0.0,,5159
20652,300,4788,True,geolife,100,200.0,medium,21973,15,800,cell,100,010-20080924113459-1,200,0.060119237245710645,,5159
19870,300,4696,True,geolife,100,400.0,medium,21973,15,800,cell,100,010-20080924113459-1,400,0.0957083693623993,,5159
,300,,False,geolife,100,70.71067811865476,medium,,15,850,intra_cell,150,010-20080924113459-1,0,,no feasible adversarial claim under enabled constraints,5159
20608,300,4788,True,geolife,100,170.71067811865476,medium,21973,15,850,intra_cell,150,010-20080924113459-1,100,0.06212169480726346,,5159
19955,300,4713,True,geolife,100,270.71067811865476,medium,21973,15,850,intra_cell,150,010-20080924113459-1,200,0.09183998543667228,,5159
19038,300,4674,True,geolife,100,470.71067811865476,medium,21973,15,850,intra_cell,150,010-20080924113459-1,400,0.13357302143539798,,5159
,60,,False,geolife,100,0.0,fine,,15,800,cell,100,010-20080924113459-1,0,,no feasible adversarial claim under enabled constraints,5159
21917,60,5001,True,geolife,100,100.0,fine,21973,15,800,cell,100,010-20080924113459-1,100,0.002548582351067219,,5159
20652,60,4788,True,geolife,100,200.0,fine,21973,15,800,cell,100,010-20080924113459-1,200,0.060119237245710645,,5159
19688,60,4820,True,geolife,100,400.0,fine,21973,15,800,cell,100,010-20080924113459-1,400,0.10399126200336777,,5159
,60,,False,geolife,100,70.71067811865476,fine,,15,850,intra_cell,150,010-20080924113459-1,0,,no feasible adversarial claim under enabled constraints,5159
20608,60,4788,True,geolife,100,170.71067811865476,fine,21973,15,850,intra_cell,150,010-20080924113459-1,100,0.06212169480726346,,5159
19955,60,4713,True,geolife,100,270.71067811865476,fine,21973,15,850,intra_cell,150,010-20080924113459-1,200,0.09183998543667228,,5159
18843,60,4635,True,geolife,100,470.71067811865476,fine,21973,15,850,intra_cell,150,010-20080924113459-1,400,0.14244754926500705,,5159
,120,,False,geolife,100,0.0,fine,,15,800,cell,100,010-20080924113459-1,0,,no feasible adversarial claim under enabled constraints,5159
21917,120,5001,True,geolife,100,100.0,fine,21973,15,800,cell,100,010-20080924113459-1,100,0.002548582351067219,,5159
20652,120,4788,True,geolife,100,200.0,fine,21973,15,800,cell,100,010-20080924113459-1,200,0.060119237245710645,,5159
19688,120,4820,True,geolife,100,400.0,fine,21973,15,800,cell,100,010-20080924113459-1,400,0.10399126200336777,,5159
,120,,False,geolife,100,70.71067811865476,fine,,15,850,intra_cell,150,010-20080924113459-1,0,,no feasible adversarial claim under enabled constraints,5159
20608,120,4788,True,geolife,100,170.71067811865476,fine,21973,15,850,intra_cell,150,010-20080924113459-1,100,0.06212169480726346,,5159
19955,120,4713,True,geolife,100,270.71067811865476,fine,21973,15,850,intra_cell,150,010-20080924113459-1,200,0.09183998543667228,,5159
18843,120,4635,True,geolife,100,470.71067811865476,fine,21973,15,850,intra_cell,150,010-20080924113459-1,400,0.14244754926500705,,5159
,300,,False,geolife,100,0.0,fine,,15,800,cell,100,010-20080924113459-1,0,,no feasible adversarial claim under enabled constraints,5159
21917,300,5001,True,geolife,100,100.0,fine,21973,15,800,cell,100,010-20080924113459-1,100,0.002548582351067219,,5159
20652,300,4788,True,geolife,100,200.0,fine,21973,15,800,cell,100,010-20080924113459-1,200,0.060119237245710645,,5159
19688,300,4820,True,geolife,100,400.0,fine,21973,15,800,cell,100,010-20080924113459-1,400,0.10399126200336777,,5159
,300,,False,geolife,100,70.71067811865476,fine,,15,850,intra_cell,150,010-20080924113459-1,0,,no feasible adversarial claim under enabled constraints,5159
20608,300,4788,True,geolife,100,170.71067811865476,fine,21973,15,850,intra_cell,150,010-20080924113459-1,100,0.06212169480726346,,5159
19955,300,4713,True,geolife,100,270.71067811865476,fine,21973,15,850,intra_cell,150,010-20080924113459-1,200,0.09183998543667228,,5159
18843,300,4635,True,geolife,100,470.71067811865476,fine,21973,15,850,intra_cell,150,010-20080924113459-1,400,0.14244754926500705,,5159
,60,,False,geolife,100,0.0,coarse,,27,1400,cell,100,010-20080924231334-1,0,,no feasible adversarial claim under enabled constraints,4024
16019,60,3873,True,geolife,100,100.0,coarse,17750,27,1400,cell,100,010-20080924231334-1,100,0.09752112676056338,,4024
15475,60,3825,True,geolife,100,200.0,coarse,17750,27,1400,cell,100,010-20080924231334-1,200,0.12816901408450704,,4024
14116,60,3772,True,geolife,100,400.0,coarse,17750,27,1400,cell,100,010-20080924231334-1,400,0.2047323943661972,,4024
16923,60,3841,True,geolife,100,70.71067811865476,coarse,17750,27,1450,intra_cell,150,010-20080924231334-1,0,0.04659154929577465,,4024
15683,60,3761,True,geolife,100,170.71067811865476,coarse,17750,27,1450,intra_cell,150,010-20080924231334-1,100,0.11645070422535211,,4024
15028,60,3676,True,geolife,100,270.71067811865476,coarse,17750,27,1450,intra_cell,150,010-20080924231334-1,200,0.15335211267605633,,4024
13750,60,3614,True,geolife,100,470.71067811865476,coarse,17750,27,1450,intra_cell,150,010-20080924231334-1,400,0.22535211267605634,,4024
,120,,False,geolife,100,0.0,coarse,,27,1400,cell,100,010-20080924231334-1,0,,no feasible adversarial claim under enabled constraints,4024
16019,120,3873,True,geolife,100,100.0,coarse,17750,27,1400,cell,100,010-20080924231334-1,100,0.09752112676056338,,4024
15475,120,3825,True,geolife,100,200.0,coarse,17750,27,1400,cell,100,010-20080924231334-1,200,0.12816901408450704,,4024
14116,120,3772,True,geolife,100,400.0,coarse,17750,27,1400,cell,100,010-20080924231334-1,400,0.2047323943661972,,4024
16923,120,3841,True,geolife,100,70.71067811865476,coarse,17750,27,1450,intra_cell,150,010-20080924231334-1,0,0.04659154929577465,,4024
15683,120,3761,True,geolife,100,170.71067811865476,coarse,17750,27,1450,intra_cell,150,010-20080924231334-1,100,0.11645070422535211,,4024
15028,120,3676,True,geolife,100,270.71067811865476,coarse,17750,27,1450,intra_cell,150,010-20080924231334-1,200,0.15335211267605633,,4024
13750,120,3614,True,geolife,100,470.71067811865476,coarse,17750,27,1450,intra_cell,150,010-20080924231334-1,400,0.22535211267605634,,4024
,300,,False,geolife,100,0.0,coarse,,27,1400,cell,100,010-20080924231334-1,0,,no feasible adversarial claim under enabled constraints,4024
16019,300,3873,True,geolife,100,100.0,coarse,17750,27,1400,cell,100,010-20080924231334-1,100,0.09752112676056338,,4024
15475,300,3825,True,geolife,100,200.0,coarse,17750,27,1400,cell,100,010-20080924231334-1,200,0.12816901408450704,,4024
14116,300,3772,True,geolife,100,400.0,coarse,17750,27,1400,cell,100,010-20080924231334-1,400,0.2047323943661972,,4024
16923,300,3841,True,geolife,100,70.71067811865476,coarse,17750,27,1450,intra_cell,150,010-20080924231334-1,0,0.04659154929577465,,4024
15683,300,3761,True,geolife,100,170.71067811865476,coarse,17750,27,1450,intra_cell,150,010-20080924231334-1,100,0.11645070422535211,,4024
15028,300,3676,True,geolife,100,270.71067811865476,coarse,17750,27,1450,intra_cell,150,010-20080924231334-1,200,0.15335211267605633,,4024
13750,300,3614,True,geolife,100,470.71067811865476,coarse,17750,27,1450,intra_cell,150,010-20080924231334-1,400,0.22535211267605634,,4024
,60,,False,geolife,100,0.0,medium,,27,1400,cell,100,010-20080924231334-1,0,,no feasible adversarial claim under enabled constraints,4024
16583,60,3861,True,geolife,100,100.0,medium,17750,27,1400,cell,100,010-20080924231334-1,100,0.06574647887323944,,4024
16066,60,3822,True,geolife,100,200.0,medium,17750,27,1400,cell,100,010-20080924231334-1,200,0.09487323943661972,,4024
14351,60,3645,True,geolife,100,400.0,medium,17750,27,1400,cell,100,010-20080924231334-1,400,0.19149295774647887,,4024
16923,60,3841,True,geolife,100,70.71067811865476,medium,17750,27,1450,intra_cell,150,010-20080924231334-1,0,0.04659154929577465,,4024
16232,60,3744,True,geolife,100,170.71067811865476,medium,17750,27,1450,intra_cell,150,010-20080924231334-1,100,0.08552112676056338,,4024
15115,60,3705,True,geolife,100,270.71067811865476,medium,17750,27,1450,intra_cell,150,010-20080924231334-1,200,0.14845070422535211,,4024
13774,60,3622,True,geolife,100,470.71067811865476,medium,17750,27,1450,intra_cell,150,010-20080924231334-1,400,0.224,,4024
,120,,False,geolife,100,0.0,medium,,27,1400,cell,100,010-20080924231334-1,0,,no feasible adversarial claim under enabled constraints,4024
16583,120,3861,True,geolife,100,100.0,medium,17750,27,1400,cell,100,010-20080924231334-1,100,0.06574647887323944,,4024
16066,120,3822,True,geolife,100,200.0,medium,17750,27,1400,cell,100,010-20080924231334-1,200,0.09487323943661972,,4024
14351,120,3645,True,geolife,100,400.0,medium,17750,27,1400,cell,100,010-20080924231334-1,400,0.19149295774647887,,4024
16923,120,3841,True,geolife,100,70.71067811865476,medium,17750,27,1450,intra_cell,150,010-20080924231334-1,0,0.04659154929577465,,4024
16232,120,3744,True,geolife,100,170.71067811865476,medium,17750,27,1450,intra_cell,150,010-20080924231334-1,100,0.08552112676056338,,4024
15115,120,3705,True,geolife,100,270.71067811865476,medium,17750,27,1450,intra_cell,150,010-20080924231334-1,200,0.14845070422535211,,4024
13774,120,3622,True,geolife,100,470.71067811865476,medium,17750,27,1450,intra_cell,150,010-20080924231334-1,400,0.224,,4024
,300,,False,geolife,100,0.0,medium,,27,1400,cell,100,010-20080924231334-1,0,,no feasible adversarial claim under enabled constraints,4024
16583,300,3861,True,geolife,100,100.0,medium,17750,27,1400,cell,100,010-20080924231334-1,100,0.06574647887323944,,4024
16066,300,3822,True,geolife,100,200.0,medium,17750,27,1400,cell,100,010-20080924231334-1,200,0.09487323943661972,,4024
14351,300,3645,True,geolife,100,400.0,medium,17750,27,1400,cell,100,010-20080924231334-1,400,0.19149295774647887,,4024
16923,300,3841,True,geolife,100,70.71067811865476,medium,17750,27,1450,intra_cell,150,010-20080924231334-1,0,0.04659154929577465,,4024
16232,300,3744,True,geolife,100,170.71067811865476,medium,17750,27,1450,intra_cell,150,010-20080924231334-1,100,0.08552112676056338,,4024
15115,300,3705,True,geolife,100,270.71067811865476,medium,17750,27,1450,intra_cell,150,010-20080924231334-1,200,0.14845070422535211,,4024
13774,300,3622,True,geolife,100,470.71067811865476,medium,17750,27,1450,intra_cell,150,010-20080924231334-1,400,0.224,,4024
,60,,False,geolife,100,0.0,fine,,27,1400,cell,100,010-20080924231334-1,0,,no feasible adversarial claim under enabled constraints,4024
16583,60,3861,True,geolife,100,100.0,fine,17750,27,1400,cell,100,010-20080924231334-1,100,0.06574647887323944,,4024
16066,60,3822,True,geolife,100,200.0,fine,17750,27,1400,cell,100,010-20080924231334-1,200,0.09487323943661972,,4024
14351,60,3645,True,geolife,100,400.0,fine,17750,27,1400,cell,100,010-20080924231334-1,400,0.19149295774647887,,4024
16923,60,3841,True,geolife,100,70.71067811865476,fine,17750,27,1450,intra_cell,150,010-20080924231334-1,0,0.04659154929577465,,4024
16232,60,3744,True,geolife,100,170.71067811865476,fine,17750,27,1450,intra_cell,150,010-20080924231334-1,100,0.08552112676056338,,4024
15028,60,3676,True,geolife,100,270.71067811865476,fine,17750,27,1450,intra_cell,150,010-20080924231334-1,200,0.15335211267605633,,4024
13660,60,3620,True,geolife,100,470.71067811865476,fine,17750,27,1450,intra_cell,150,010-20080924231334-1,400,0.2304225352112676,,4024
,120,,False,geolife,100,0.0,fine,,27,1400,cell,100,010-20080924231334-1,0,,no feasible adversarial claim under enabled constraints,4024
16583,120,3861,True,geolife,100,100.0,fine,17750,27,1400,cell,100,010-20080924231334-1,100,0.06574647887323944,,4024
16066,120,3822,True,geolife,100,200.0,fine,17750,27,1400,cell,100,010-20080924231334-1,200,0.09487323943661972,,4024
14351,120,3645,True,geolife,100,400.0,fine,17750,27,1400,cell,100,010-20080924231334-1,400,0.19149295774647887,,4024
16923,120,3841,True,geolife,100,70.71067811865476,fine,17750,27,1450,intra_cell,150,010-20080924231334-1,0,0.04659154929577465,,4024
16232,120,3744,True,geolife,100,170.71067811865476,fine,17750,27,1450,intra_cell,150,010-20080924231334-1,100,0.08552112676056338,,4024
15028,120,3676,True,geolife,100,270.71067811865476,fine,17750,27,1450,intra_cell,150,010-20080924231334-1,200,0.15335211267605633,,4024
13660,120,3620,True,geolife,100,470.71067811865476,fine,17750,27,1450,intra_cell,150,010-20080924231334-1,400,0.2304225352112676,,4024
,300,,False,geolife,100,0.0,fine,,27,1400,cell,100,010-20080924231334-1,0,,no feasible adversarial claim under enabled constraints,4024
16583,300,3861,True,geolife,100,100.0,fine,17750,27,1400,cell,100,010-20080924231334-1,100,0.06574647887323944,,4024
16066,300,3822,True,geolife,100,200.0,fine,17750,27,1400,cell,100,010-20080924231334-1,200,0.09487323943661972,,4024
14351,300,3645,True,geolife,100,400.0,fine,17750,27,1400,cell,100,010-20080924231334-1,400,0.19149295774647887,,4024
16923,300,3841,True,geolife,100,70.71067811865476,fine,17750,27,1450,intra_cell,150,010-20080924231334-1,0,0.04659154929577465,,4024
16232,300,3744,True,geolife,100,170.71067811865476,fine,17750,27,1450,intra_cell,150,010-20080924231334-1,100,0.08552112676056338,,4024
15028,300,3676,True,geolife,100,270.71067811865476,fine,17750,27,1450,intra_cell,150,010-20080924231334-1,200,0.15335211267605633,,4024
13660,300,3620,True,geolife,100,470.71067811865476,fine,17750,27,1450,intra_cell,150,010-20080924231334-1,400,0.2304225352112676,,4024
,60,,False,geolife,100,0.0,coarse,,20,1050,cell,100,010-20080925104204-0,0,,no feasible adversarial claim under enabled constraints,4968
20311,60,4787,True,geolife,100,100.0,coarse,21492,20,1050,cell,100,010-20080925104204-0,100,0.054950679322538616,,4968
19611,60,4737,True,geolife,100,200.0,coarse,21492,20,1050,cell,100,010-20080925104204-0,200,0.08752093802345058,,4968
18875,60,4579,True,geolife,100,400.0,coarse,21492,20,1050,cell,100,010-20080925104204-0,400,0.12176623860040946,,4968
,60,,False,geolife,100,70.71067811865476,coarse,,20,1100,intra_cell,150,010-20080925104204-0,0,,no feasible adversarial claim under enabled constraints,4968
19542,60,4566,True,geolife,100,170.71067811865476,coarse,21492,20,1100,intra_cell,150,010-20080925104204-0,100,0.09073143495254048,,4968
19081,60,4627,True,geolife,100,270.71067811865476,coarse,21492,20,1100,intra_cell,150,010-20080925104204-0,200,0.11218127675414108,,4968
18565,60,4435,True,geolife,100,470.71067811865476,coarse,21492,20,1100,intra_cell,150,010-20080925104204-0,400,0.13619021031081333,,4968
,120,,False,geolife,100,0.0,coarse,,20,1050,cell,100,010-20080925104204-0,0,,no feasible adversarial claim under enabled constraints,4968
20311,120,4787,True,geolife,100,100.0,coarse,21492,20,1050,cell,100,010-20080925104204-0,100,0.054950679322538616,,4968
19611,120,4737,True,geolife,100,200.0,coarse,21492,20,1050,cell,100,010-20080925104204-0,200,0.08752093802345058,,4968
18875,120,4579,True,geolife,100,400.0,coarse,21492,20,1050,cell,100,010-20080925104204-0,400,0.12176623860040946,,4968
,120,,False,geolife,100,70.71067811865476,coarse,,20,1100,intra_cell,150,010-20080925104204-0,0,,no feasible adversarial claim under enabled constraints,4968
19542,120,4566,True,geolife,100,170.71067811865476,coarse,21492,20,1100,intra_cell,150,010-20080925104204-0,100,0.09073143495254048,,4968
19081,120,4627,True,geolife,100,270.71067811865476,coarse,21492,20,1100,intra_cell,150,010-20080925104204-0,200,0.11218127675414108,,4968
18565,120,4435,True,geolife,100,470.71067811865476,coarse,21492,20,1100,intra_cell,150,010-20080925104204-0,400,0.13619021031081333,,4968
,300,,False,geolife,100,0.0,coarse,,20,1050,cell,100,010-20080925104204-0,0,,no feasible adversarial claim under enabled constraints,4968
20311,300,4787,True,geolife,100,100.0,coarse,21492,20,1050,cell,100,010-20080925104204-0,100,0.054950679322538616,,4968
19611,300,4737,True,geolife,100,200.0,coarse,21492,20,1050,cell,100,010-20080925104204-0,200,0.08752093802345058,,4968
18875,300,4579,True,geolife,100,400.0,coarse,21492,20,1050,cell,100,010-20080925104204-0,400,0.12176623860040946,,4968
,300,,False,geolife,100,70.71067811865476,coarse,,20,1100,intra_cell,150,010-20080925104204-0,0,,no feasible adversarial claim under enabled constraints,4968
19542,300,4566,True,geolife,100,170.71067811865476,coarse,21492,20,1100,intra_cell,150,010-20080925104204-0,100,0.09073143495254048,,4968
19081,300,4627,True,geolife,100,270.71067811865476,coarse,21492,20,1100,intra_cell,150,010-20080925104204-0,200,0.11218127675414108,,4968
18565,300,4435,True,geolife,100,470.71067811865476,coarse,21492,20,1100,intra_cell,150,010-20080925104204-0,400,0.13619021031081333,,4968
,60,,False,geolife,100,0.0,medium,,20,1050,cell,100,010-20080925104204-0,0,,no feasible adversarial claim under enabled constraints,4968
20311,60,4787,True,geolife,100,100.0,medium,21492,20,1050,cell,100,010-20080925104204-0,100,0.054950679322538616,,4968
19756,60,4642,True,geolife,100,200.0,medium,21492,20,1050,cell,100,010-20080925104204-0,200,0.08077424157826169,,4968
18875,60,4579,True,geolife,100,400.0,medium,21492,20,1050,cell,100,010-20080925104204-0,400,0.12176623860040946,,4968
,60,,False,geolife,100,70.71067811865476,medium,,20,1100,intra_cell,150,010-20080925104204-0,0,,no feasible adversarial claim under enabled constraints,4968
19742,60,4566,True,geolife,100,170.71067811865476,medium,21492,20,1100,intra_cell,150,010-20080925104204-0,100,0.08142564675227992,,4968
19415,60,4605,True,geolife,100,270.71067811865476,medium,21492,20,1100,intra_cell,150,010-20080925104204-0,200,0.09664061045970594,,4968
18565,60,4435,True,geolife,100,470.71067811865476,medium,21492,20,1100,intra_cell,150,010-20080925104204-0,400,0.13619021031081333,,4968
,120,,False,geolife,100,0.0,medium,,20,1050,cell,100,010-20080925104204-0,0,,no feasible adversarial claim under enabled constraints,4968
20311,120,4787,True,geolife,100,100.0,medium,21492,20,1050,cell,100,010-20080925104204-0,100,0.054950679322538616,,4968
19756,120,4642,True,geolife,100,200.0,medium,21492,20,1050,cell,100,010-20080925104204-0,200,0.08077424157826169,,4968
18875,120,4579,True,geolife,100,400.0,medium,21492,20,1050,cell,100,010-20080925104204-0,400,0.12176623860040946,,4968
,120,,False,geolife,100,70.71067811865476,medium,,20,1100,intra_cell,150,010-20080925104204-0,0,,no feasible adversarial claim under enabled constraints,4968
19742,120,4566,True,geolife,100,170.71067811865476,medium,21492,20,1100,intra_cell,150,010-20080925104204-0,100,0.08142564675227992,,4968
19415,120,4605,True,geolife,100,270.71067811865476,medium,21492,20,1100,intra_cell,150,010-20080925104204-0,200,0.09664061045970594,,4968
18565,120,4435,True,geolife,100,470.71067811865476,medium,21492,20,1100,intra_cell,150,010-20080925104204-0,400,0.13619021031081333,,4968
,300,,False,geolife,100,0.0,medium,,20,1050,cell,100,010-20080925104204-0,0,,no feasible adversarial claim under enabled constraints,4968
20311,300,4787,True,geolife,100,100.0,medium,21492,20,1050,cell,100,010-20080925104204-0,100,0.054950679322538616,,4968
19756,300,4642,True,geolife,100,200.0,medium,21492,20,1050,cell,100,010-20080925104204-0,200,0.08077424157826169,,4968
18875,300,4579,True,geolife,100,400.0,medium,21492,20,1050,cell,100,010-20080925104204-0,400,0.12176623860040946,,4968
,300,,False,geolife,100,70.71067811865476,medium,,20,1100,intra_cell,150,010-20080925104204-0,0,,no feasible adversarial claim under enabled constraints,4968
19742,300,4566,True,geolife,100,170.71067811865476,medium,21492,20,1100,intra_cell,150,010-20080925104204-0,100,0.08142564675227992,,4968
19415,300,4605,True,geolife,100,270.71067811865476,medium,21492,20,1100,intra_cell,150,010-20080925104204-0,200,0.09664061045970594,,4968
18565,300,4435,True,geolife,100,470.71067811865476,medium,21492,20,1100,intra_cell,150,010-20080925104204-0,400,0.13619021031081333,,4968
,60,,False,geolife,100,0.0,fine,,20,1050,cell,100,010-20080925104204-0,0,,no feasible adversarial claim under enabled constraints,4968
20311,60,4787,True,geolife,100,100.0,fine,21492,20,1050,cell,100,010-20080925104204-0,100,0.054950679322538616,,4968
19756,60,4642,True,geolife,100,200.0,fine,21492,20,1050,cell,100,010-20080925104204-0,200,0.08077424157826169,,4968
18875,60,4579,True,geolife,100,400.0,fine,21492,20,1050,cell,100,010-20080925104204-0,400,0.12176623860040946,,4968
,60,,False,geolife,100,70.71067811865476,fine,,20,1100,intra_cell,150,010-20080925104204-0,0,,no feasible adversarial claim under enabled constraints,4968
19742,60,4566,True,geolife,100,170.71067811865476,fine,21492,20,1100,intra_cell,150,010-20080925104204-0,100,0.08142564675227992,,4968
19215,60,4565,True,geolife,100,270.71067811865476,fine,21492,20,1100,intra_cell,150,010-20080925104204-0,200,0.1059463986599665,,4968
18565,60,4435,True,geolife,100,470.71067811865476,fine,21492,20,1100,intra_cell,150,010-20080925104204-0,400,0.13619021031081333,,4968
,120,,False,geolife,100,0.0,fine,,20,1050,cell,100,010-20080925104204-0,0,,no feasible adversarial claim under enabled constraints,4968
20311,120,4787,True,geolife,100,100.0,fine,21492,20,1050,cell,100,010-20080925104204-0,100,0.054950679322538616,,4968
19756,120,4642,True,geolife,100,200.0,fine,21492,20,1050,cell,100,010-20080925104204-0,200,0.08077424157826169,,4968
18875,120,4579,True,geolife,100,400.0,fine,21492,20,1050,cell,100,010-20080925104204-0,400,0.12176623860040946,,4968
,120,,False,geolife,100,70.71067811865476,fine,,20,1100,intra_cell,150,010-20080925104204-0,0,,no feasible adversarial claim under enabled constraints,4968
19742,120,4566,True,geolife,100,170.71067811865476,fine,21492,20,1100,intra_cell,150,010-20080925104204-0,100,0.08142564675227992,,4968
19215,120,4565,True,geolife,100,270.71067811865476,fine,21492,20,1100,intra_cell,150,010-20080925104204-0,200,0.1059463986599665,,4968
18565,120,4435,True,geolife,100,470.71067811865476,fine,21492,20,1100,intra_cell,150,010-20080925104204-0,400,0.13619021031081333,,4968
,300,,False,geolife,100,0.0,fine,,20,1050,cell,100,010-20080925104204-0,0,,no feasible adversarial claim under enabled constraints,4968
20311,300,4787,True,geolife,100,100.0,fine,21492,20,1050,cell,100,010-20080925104204-0,100,0.054950679322538616,,4968
19756,300,4642,True,geolife,100,200.0,fine,21492,20,1050,cell,100,010-20080925104204-0,200,0.08077424157826169,,4968
18875,300,4579,True,geolife,100,400.0,fine,21492,20,1050,cell,100,010-20080925104204-0,400,0.12176623860040946,,4968
,300,,False,geolife,100,70.71067811865476,fine,,20,1100,intra_cell,150,010-20080925104204-0,0,,no feasible adversarial claim under enabled constraints,4968
19742,300,4566,True,geolife,100,170.71067811865476,fine,21492,20,1100,intra_cell,150,010-20080925104204-0,100,0.08142564675227992,,4968
19215,300,4565,True,geolife,100,270.71067811865476,fine,21492,20,1100,intra_cell,150,010-20080925104204-0,200,0.1059463986599665,,4968
18565,300,4435,True,geolife,100,470.71067811865476,fine,21492,20,1100,intra_cell,150,010-20080925104204-0,400,0.13619021031081333,,4968
18625,60,4165,True,geolife,100,0.0,coarse,18103,32,1650,cell,100,010-20080925233430-0,0,0.0,,4069
17272,60,4024,True,geolife,100,100.0,coarse,18103,32,1650,cell,100,010-20080925233430-0,100,0.04590399381318014,,4069
16079,60,3893,True,geolife,100,200.0,coarse,18103,32,1650,cell,100,010-20080925233430-0,200,0.11180467325857593,,4069
14816,60,3872,True,geolife,100,400.0,coarse,18103,32,1650,cell,100,010-20080925233430-0,400,0.18157211511904103,,4069
18625,60,4165,True,geolife,100,70.71067811865476,coarse,18103,32,1700,intra_cell,150,010-20080925233430-0,0,0.0,,4069
16144,60,3844,True,geolife,100,170.71067811865476,coarse,18103,32,1700,intra_cell,150,010-20080925233430-0,100,0.1082141081588687,,4069
15564,60,3788,True,geolife,100,270.71067811865476,coarse,18103,32,1700,intra_cell,150,010-20080925233430-0,200,0.1402529967408717,,4069
14250,60,3714,True,geolife,100,470.71067811865476,coarse,18103,32,1700,intra_cell,150,010-20080925233430-0,400,0.21283765121803017,,4069
18625,120,4165,True,geolife,100,0.0,coarse,18103,32,1650,cell,100,010-20080925233430-0,0,0.0,,4069
17272,120,4024,True,geolife,100,100.0,coarse,18103,32,1650,cell,100,010-20080925233430-0,100,0.04590399381318014,,4069
16079,120,3893,True,geolife,100,200.0,coarse,18103,32,1650,cell,100,010-20080925233430-0,200,0.11180467325857593,,4069
14816,120,3872,True,geolife,100,400.0,coarse,18103,32,1650,cell,100,010-20080925233430-0,400,0.18157211511904103,,4069
18625,120,4165,True,geolife,100,70.71067811865476,coarse,18103,32,1700,intra_cell,150,010-20080925233430-0,0,0.0,,4069
16144,120,3844,True,geolife,100,170.71067811865476,coarse,18103,32,1700,intra_cell,150,010-20080925233430-0,100,0.1082141081588687,,4069
15564,120,3788,True,geolife,100,270.71067811865476,coarse,18103,32,1700,intra_cell,150,010-20080925233430-0,200,0.1402529967408717,,4069
14250,120,3714,True,geolife,100,470.71067811865476,coarse,18103,32,1700,intra_cell,150,010-20080925233430-0,400,0.21283765121803017,,4069
18625,300,4165,True,geolife,100,0.0,coarse,18103,32,1650,cell,100,010-20080925233430-0,0,0.0,,4069
17272,300,4024,True,geolife,100,100.0,coarse,18103,32,1650,cell,100,010-20080925233430-0,100,0.04590399381318014,,4069
16079,300,3893,True,geolife,100,200.0,coarse,18103,32,1650,cell,100,010-20080925233430-0,200,0.11180467325857593,,4069
14816,300,3872,True,geolife,100,400.0,coarse,18103,32,1650,cell,100,010-20080925233430-0,400,0.18157211511904103,,4069
18625,300,4165,True,geolife,100,70.71067811865476,coarse,18103,32,1700,intra_cell,150,010-20080925233430-0,0,0.0,,4069
16144,300,3844,True,geolife,100,170.71067811865476,coarse,18103,32,1700,intra_cell,150,010-20080925233430-0,100,0.1082141081588687,,4069
15564,300,3788,True,geolife,100,270.71067811865476,coarse,18103,32,1700,intra_cell,150,010-20080925233430-0,200,0.1402529967408717,,4069
14250,300,3714,True,geolife,100,470.71067811865476,coarse,18103,32,1700,intra_cell,150,010-20080925233430-0,400,0.21283765121803017,,4069
18625,60,4165,True,geolife,100,0.0,medium,18103,32,1650,cell,100,010-20080925233430-0,0,0.0,,4069
17600,60,4000,True,geolife,100,100.0,medium,18103,32,1650,cell,100,010-20080925233430-0,100,0.027785449925426725,,4069
16751,60,3917,True,geolife,100,200.0,medium,18103,32,1650,cell,100,010-20080925233430-0,200,0.0746837540739104,,4069
15075,60,3753,True,geolife,100,400.0,medium,18103,32,1650,cell,100,010-20080925233430-0,400,0.16726509418328453,,4069
18625,60,4165,True,geolife,100,70.71067811865476,medium,18103,32,1700,intra_cell,150,010-20080925233430-0,0,0.0,,4069
16666,60,3822,True,geolife,100,170.71067811865476,medium,18103,32,1700,intra_cell,150,010-20080925233430-0,100,0.07937910843506601,,4069
16040,60,3810,True,geolife,100,270.71067811865476,medium,18103,32,1700,intra_cell,150,010-20080925233430-0,200,0.11395901231840026,,4069
14279,60,3683,True,geolife,100,470.71067811865476,medium,18103,32,1700,intra_cell,150,010-20080925233430-0,400,0.21123570678893,,4069
18625,120,4165,True,geolife,100,0.0,medium,18103,32,1650,cell,100,010-20080925233430-0,0,0.0,,4069
17600,120,4000,True,geolife,100,100.0,medium,18103,32,1650,cell,100,010-20080925233430-0,100,0.027785449925426725,,4069
16751,120,3917,True,geolife,100,200.0,medium,18103,32,1650,cell,100,010-20080925233430-0,200,0.0746837540739104,,4069
15075,120,3753,True,geolife,100,400.0,medium,18103,32,1650,cell,100,010-20080925233430-0,400,0.16726509418328453,,4069
18625,120,4165,True,geolife,100,70.71067811865476,medium,18103,32,1700,intra_cell,150,010-20080925233430-0,0,0.0,,4069
16666,120,3822,True,geolife,100,170.71067811865476,medium,18103,32,1700,intra_cell,150,010-20080925233430-0,100,0.07937910843506601,,4069
16040,120,3810,True,geolife,100,270.71067811865476,medium,18103,32,1700,intra_cell,150,010-20080925233430-0,200,0.11395901231840026,,4069
14279,120,3683,True,geolife,100,470.71067811865476,medium,18103,32,1700,intra_cell,150,010-20080925233430-0,400,0.21123570678893,,4069
18625,300,4165,True,geolife,100,0.0,medium,18103,32,1650,cell,100,010-20080925233430-0,0,0.0,,4069
17600,300,4000,True,geolife,100,100.0,medium,18103,32,1650,cell,100,010-20080925233430-0,100,0.027785449925426725,,4069
16751,300,3917,True,geolife,100,200.0,medium,18103,32,1650,cell,100,010-20080925233430-0,200,0.0746837540739104,,4069
15075,300,3753,True,geolife,100,400.0,medium,18103,32,1650,cell,100,010-20080925233430-0,400,0.16726509418328453,,4069
18625,300,4165,True,geolife,100,70.71067811865476,medium,18103,32,1700,intra_cell,150,010-20080925233430-0,0,0.0,,4069
16666,300,3822,True,geolife,100,170.71067811865476,medium,18103,32,1700,intra_cell,150,010-20080925233430-0,100,0.07937910843506601,,4069
16040,300,3810,True,geolife,100,270.71067811865476,medium,18103,32,1700,intra_cell,150,010-20080925233430-0,200,0.11395901231840026,,4069
14279,300,3683,True,geolife,100,470.71067811865476,medium,18103,32,1700,intra_cell,150,010-20080925233430-0,400,0.21123570678893,,4069
18625,60,4165,True,geolife,100,0.0,fine,18103,32,1650,cell,100,010-20080925233430-0,0,0.0,,4069
17600,60,4000,True,geolife,100,100.0,fine,18103,32,1650,cell,100,010-20080925233430-0,100,0.027785449925426725,,4069
16697,60,3899,True,geolife,100,200.0,fine,18103,32,1650,cell,100,010-20080925233430-0,200,0.07766668507982102,,4069
15075,60,3753,True,geolife,100,400.0,fine,18103,32,1650,cell,100,010-20080925233430-0,400,0.16726509418328453,,4069
18625,60,4165,True,geolife,100,70.71067811865476,fine,18103,32,1700,intra_cell,150,010-20080925233430-0,0,0.0,,4069
16666,60,3822,True,geolife,100,170.71067811865476,fine,18103,32,1700,intra_cell,150,010-20080925233430-0,100,0.07937910843506601,,4069
16010,60,3800,True,geolife,100,270.71067811865476,fine,18103,32,1700,intra_cell,150,010-20080925233430-0,200,0.11561619621057283,,4069
14160,60,3720,True,geolife,100,470.71067811865476,fine,18103,32,1700,intra_cell,150,010-20080925233430-0,400,0.21780920289454786,,4069
18625,120,4165,True,geolife,100,0.0,fine,18103,32,1650,cell,100,010-20080925233430-0,0,0.0,,4069
17600,120,4000,True,geolife,100,100.0,fine,18103,32,1650,cell,100,010-20080925233430-0,100,0.027785449925426725,,4069
16697,120,3899,True,geolife,100,200.0,fine,18103,32,1650,cell,100,010-20080925233430-0,200,0.07766668507982102,,4069
15075,120,3753,True,geolife,100,400.0,fine,18103,32,1650,cell,100,010-20080925233430-0,400,0.16726509418328453,,4069
18625,120,4165,True,geolife,100,70.71067811865476,fine,18103,32,1700,intra_cell,150,010-20080925233430-0,0,0.0,,4069
16666,120,3822,True,geolife,100,170.71067811865476,fine,18103,32,1700,intra_cell,150,010-20080925233430-0,100,0.07937910843506601,,4069
16010,120,3800,True,geolife,100,270.71067811865476,fine,18103,32,1700,intra_cell,150,010-20080925233430-0,200,0.11561619621057283,,4069
14160,120,3720,True,geolife,100,470.71067811865476,fine,18103,32,1700,intra_cell,150,010-20080925233430-0,400,0.21780920289454786,,4069
18625,300,4165,True,geolife,100,0.0,fine,18103,32,1650,cell,100,010-20080925233430-0,0,0.0,,4069
17600,300,4000,True,geolife,100,100.0,fine,18103,32,1650,cell,100,010-20080925233430-0,100,0.027785449925426725,,4069
16697,300,3899,True,geolife,100,200.0,fine,18103,32,1650,cell,100,010-20080925233430-0,200,0.07766668507982102,,4069
15075,300,3753,True,geolife,100,400.0,fine,18103,32,1650,cell,100,010-20080925233430-0,400,0.16726509418328453,,4069
18625,300,4165,True,geolife,100,70.71067811865476,fine,18103,32,1700,intra_cell,150,010-20080925233430-0,0,0.0,,4069
16666,300,3822,True,geolife,100,170.71067811865476,fine,18103,32,1700,intra_cell,150,010-20080925233430-0,100,0.07937910843506601,,4069
16010,300,3800,True,geolife,100,270.71067811865476,fine,18103,32,1700,intra_cell,150,010-20080925233430-0,200,0.11561619621057283,,4069
14160,300,3720,True,geolife,100,470.71067811865476,fine,18103,32,1700,intra_cell,150,010-20080925233430-0,400,0.21780920289454786,,4069
,60,,False,geolife,100,0.0,coarse,,16,850,cell,100,010-20080926105402-0,0,,no feasible adversarial claim under enabled constraints,5124
20874,60,4810,True,geolife,100,100.0,coarse,21916,16,850,cell,100,010-20080926105402-0,100,0.04754517247672933,,5124
20281,60,4827,True,geolife,100,200.0,coarse,21916,16,850,cell,100,010-20080926105402-0,200,0.07460302974995438,,5124
19304,60,4696,True,geolife,100,400.0,coarse,21916,16,850,cell,100,010-20080926105402-0,400,0.11918233254243475,,5124
,60,,False,geolife,100,70.71067811865476,coarse,,16,900,intra_cell,150,010-20080926105402-0,0,,no feasible adversarial claim under enabled constraints,5124
20232,60,4744,True,geolife,100,170.71067811865476,coarse,21916,16,900,intra_cell,150,010-20080926105402-0,100,0.07683883920423434,,5124
19715,60,4705,True,geolife,100,270.71067811865476,coarse,21916,16,900,intra_cell,150,010-20080926105402-0,200,0.10042891038510678,,5124
18768,60,4620,True,geolife,100,470.71067811865476,coarse,21916,16,900,intra_cell,150,010-20080926105402-0,400,0.14363935024639532,,5124
,120,,False,geolife,100,0.0,coarse,,16,850,cell,100,010-20080926105402-0,0,,no feasible adversarial claim under enabled constraints,5124
20874,120,4810,True,geolife,100,100.0,coarse,21916,16,850,cell,100,010-20080926105402-0,100,0.04754517247672933,,5124
20281,120,4827,True,geolife,100,200.0,coarse,21916,16,850,cell,100,010-20080926105402-0,200,0.07460302974995438,,5124
19304,120,4696,True,geolife,100,400.0,coarse,21916,16,850,cell,100,010-20080926105402-0,400,0.11918233254243475,,5124
,120,,False,geolife,100,70.71067811865476,coarse,,16,900,intra_cell,150,010-20080926105402-0,0,,no feasible adversarial claim under enabled constraints,5124
20232,120,4744,True,geolife,100,170.71067811865476,coarse,21916,16,900,intra_cell,150,010-20080926105402-0,100,0.07683883920423434,,5124
19715,120,4705,True,geolife,100,270.71067811865476,coarse,21916,16,900,intra_cell,150,010-20080926105402-0,200,0.10042891038510678,,5124
18768,120,4620,True,geolife,100,470.71067811865476,coarse,21916,16,900,intra_cell,150,010-20080926105402-0,400,0.14363935024639532,,5124
,300,,False,geolife,100,0.0,coarse,,16,850,cell,100,010-20080926105402-0,0,,no feasible adversarial claim under enabled constraints,5124
20874,300,4810,True,geolife,100,100.0,coarse,21916,16,850,cell,100,010-20080926105402-0,100,0.04754517247672933,,5124
20281,300,4827,True,geolife,100,200.0,coarse,21916,16,850,cell,100,010-20080926105402-0,200,0.07460302974995438,,5124
19304,300,4696,True,geolife,100,400.0,coarse,21916,16,850,cell,100,010-20080926105402-0,400,0.11918233254243475,,5124
,300,,False,geolife,100,70.71067811865476,coarse,,16,900,intra_cell,150,010-20080926105402-0,0,,no feasible adversarial claim under enabled constraints,5124
20232,300,4744,True,geolife,100,170.71067811865476,coarse,21916,16,900,intra_cell,150,010-20080926105402-0,100,0.07683883920423434,,5124
19715,300,4705,True,geolife,100,270.71067811865476,coarse,21916,16,900,intra_cell,150,010-20080926105402-0,200,0.10042891038510678,,5124
18768,300,4620,True,geolife,100,470.71067811865476,coarse,21916,16,900,intra_cell,150,010-20080926105402-0,400,0.14363935024639532,,5124
,60,,False,geolife,100,0.0,medium,,16,850,cell,100,010-20080926105402-0,0,,no feasible adversarial claim under enabled constraints,5124
20874,60,4810,True,geolife,100,100.0,medium,21916,16,850,cell,100,010-20080926105402-0,100,0.04754517247672933,,5124
20281,60,4827,True,geolife,100,200.0,medium,21916,16,850,cell,100,010-20080926105402-0,200,0.07460302974995438,,5124
19498,60,4766,True,geolife,100,400.0,medium,21916,16,850,cell,100,010-20080926105402-0,400,0.11033035225406096,,5124
,60,,False,geolife,100,70.71067811865476,medium,,16,900,intra_cell,150,010-20080926105402-0,0,,no feasible adversarial claim under enabled constraints,5124
20232,60,4744,True,geolife,100,170.71067811865476,medium,21916,16,900,intra_cell,150,010-20080926105402-0,100,0.07683883920423434,,5124
19715,60,4705,True,geolife,100,270.71067811865476,medium,21916,16,900,intra_cell,150,010-20080926105402-0,200,0.10042891038510678,,5124
18998,60,4666,True,geolife,100,470.71067811865476,medium,21916,16,900,intra_cell,150,010-20080926105402-0,400,0.13314473444059136,,5124
,120,,False,geolife,100,0.0,medium,,16,850,cell,100,010-20080926105402-0,0,,no feasible adversarial claim under enabled constraints,5124
20874,120,4810,True,geolife,100,100.0,medium,21916,16,850,cell,100,010-20080926105402-0,100,0.04754517247672933,,5124
20281,120,4827,True,geolife,100,200.0,medium,21916,16,850,cell,100,010-20080926105402-0,200,0.07460302974995438,,5124
19498,120,4766,True,geolife,100,400.0,medium,21916,16,850,cell,100,010-20080926105402-0,400,0.11033035225406096,,5124
,120,,False,geolife,100,70.71067811865476,medium,,16,900,intra_cell,150,010-20080926105402-0,0,,no feasible adversarial claim under enabled constraints,5124
20232,120,4744,True,geolife,100,170.71067811865476,medium,21916,16,900,intra_cell,150,010-20080926105402-0,100,0.07683883920423434,,5124
19715,120,4705,True,geolife,100,270.71067811865476,medium,21916,16,900,intra_cell,150,010-20080926105402-0,200,0.10042891038510678,,5124
18998,120,4666,True,geolife,100,470.71067811865476,medium,21916,16,900,intra_cell,150,010-20080926105402-0,400,0.13314473444059136,,5124
,300,,False,geolife,100,0.0,medium,,16,850,cell,100,010-20080926105402-0,0,,no feasible adversarial claim under enabled constraints,5124
20874,300,4810,True,geolife,100,100.0,medium,21916,16,850,cell,100,010-20080926105402-0,100,0.04754517247672933,,5124
20281,300,4827,True,geolife,100,200.0,medium,21916,16,850,cell,100,010-20080926105402-0,200,0.07460302974995438,,5124
19498,300,4766,True,geolife,100,400.0,medium,21916,16,850,cell,100,010-20080926105402-0,400,0.11033035225406096,,5124
,300,,False,geolife,100,70.71067811865476,medium,,16,900,intra_cell,150,010-20080926105402-0,0,,no feasible adversarial claim under enabled constraints,5124
20232,300,4744,True,geolife,100,170.71067811865476,medium,21916,16,900,intra_cell,150,010-20080926105402-0,100,0.07683883920423434,,5124
19715,300,4705,True,geolife,100,270.71067811865476,medium,21916,16,900,intra_cell,150,010-20080926105402-0,200,0.10042891038510678,,5124
18998,300,4666,True,geolife,100,470.71067811865476,medium,21916,16,900,intra_cell,150,010-20080926105402-0,400,0.13314473444059136,,5124
,60,,False,geolife,100,0.0,fine,,16,850,cell,100,010-20080926105402-0,0,,no feasible adversarial claim under enabled constraints,5124
20874,60,4810,True,geolife,100,100.0,fine,21916,16,850,cell,100,010-20080926105402-0,100,0.04754517247672933,,5124
20245,60,4811,True,geolife,100,200.0,fine,21916,16,850,cell,100,010-20080926105402-0,200,0.07624566526738456,,5124
19328,60,4732,True,geolife,100,400.0,fine,21916,16,850,cell,100,010-20080926105402-0,400,0.11808724219748129,,5124
,60,,False,geolife,100,70.71067811865476,fine,,16,900,intra_cell,150,010-20080926105402-0,0,,no feasible adversarial claim under enabled constraints,5124
20232,60,4744,True,geolife,100,170.71067811865476,fine,21916,16,900,intra_cell,150,010-20080926105402-0,100,0.07683883920423434,,5124
19715,60,4705,True,geolife,100,270.71067811865476,fine,21916,16,900,intra_cell,150,010-20080926105402-0,200,0.10042891038510678,,5124
18998,60,4666,True,geolife,100,470.71067811865476,fine,21916,16,900,intra_cell,150,010-20080926105402-0,400,0.13314473444059136,,5124
,120,,False,geolife,100,0.0,fine,,16,850,cell,100,010-20080926105402-0,0,,no feasible adversarial claim under enabled constraints,5124
20874,120,4810,True,geolife,100,100.0,fine,21916,16,850,cell,100,010-20080926105402-0,100,0.04754517247672933,,5124
20245,120,4811,True,geolife,100,200.0,fine,21916,16,850,cell,100,010-20080926105402-0,200,0.07624566526738456,,5124
19328,120,4732,True,geolife,100,400.0,fine,21916,16,850,cell,100,010-20080926105402-0,400,0.11808724219748129,,5124
,120,,False,geolife,100,70.71067811865476,fine,,16,900,intra_cell,150,010-20080926105402-0,0,,no feasible adversarial claim under enabled constraints,5124
20232,120,4744,True,geolife,100,170.71067811865476,fine,21916,16,900,intra_cell,150,010-20080926105402-0,100,0.07683883920423434,,5124
19715,120,4705,True,geolife,100,270.71067811865476,fine,21916,16,900,intra_cell,150,010-20080926105402-0,200,0.10042891038510678,,5124
18998,120,4666,True,geolife,100,470.71067811865476,fine,21916,16,900,intra_cell,150,010-20080926105402-0,400,0.13314473444059136,,5124
,300,,False,geolife,100,0.0,fine,,16,850,cell,100,010-20080926105402-0,0,,no feasible adversarial claim under enabled constraints,5124
20874,300,4810,True,geolife,100,100.0,fine,21916,16,850,cell,100,010-20080926105402-0,100,0.04754517247672933,,5124
20245,300,4811,True,geolife,100,200.0,fine,21916,16,850,cell,100,010-20080926105402-0,200,0.07624566526738456,,5124
19328,300,4732,True,geolife,100,400.0,fine,21916,16,850,cell,100,010-20080926105402-0,400,0.11808724219748129,,5124
,300,,False,geolife,100,70.71067811865476,fine,,16,900,intra_cell,150,010-20080926105402-0,0,,no feasible adversarial claim under enabled constraints,5124
20232,300,4744,True,geolife,100,170.71067811865476,fine,21916,16,900,intra_cell,150,010-20080926105402-0,100,0.07683883920423434,,5124
19715,300,4705,True,geolife,100,270.71067811865476,fine,21916,16,900,intra_cell,150,010-20080926105402-0,200,0.10042891038510678,,5124
18998,300,4666,True,geolife,100,470.71067811865476,fine,21916,16,900,intra_cell,150,010-20080926105402-0,400,0.13314473444059136,,5124
15823,60,3541,True,geolife,100,0.0,coarse,16035,23,1200,cell,100,010-20080927232235-1,0,0.013221078889928281,,3605
14100,60,3500,True,geolife,100,100.0,coarse,16035,23,1200,cell,100,010-20080927232235-1,100,0.12067352666043031,,3605
13433,60,3411,True,geolife,100,200.0,coarse,16035,23,1200,cell,100,010-20080927232235-1,200,0.1622700342999688,,3605
12411,60,3337,True,geolife,100,400.0,coarse,16035,23,1200,cell,100,010-20080927232235-1,400,0.22600561272217026,,3605
15823,60,3541,True,geolife,100,70.71067811865476,coarse,16035,23,1250,intra_cell,150,010-20080927232235-1,0,0.013221078889928281,,3605
13683,60,3361,True,geolife,100,170.71067811865476,coarse,16035,23,1250,intra_cell,150,010-20080927232235-1,100,0.14667913938260055,,3605
13028,60,3276,True,geolife,100,270.71067811865476,coarse,16035,23,1250,intra_cell,150,010-20080927232235-1,200,0.1875272840661054,,3605
11529,60,3207,True,geolife,100,470.71067811865476,coarse,16035,23,1250,intra_cell,150,010-20080927232235-1,400,0.2810102899906455,,3605
15823,120,3541,True,geolife,100,0.0,coarse,16035,23,1200,cell,100,010-20080927232235-1,0,0.013221078889928281,,3605
14100,120,3500,True,geolife,100,100.0,coarse,16035,23,1200,cell,100,010-20080927232235-1,100,0.12067352666043031,,3605
13433,120,3411,True,geolife,100,200.0,coarse,16035,23,1200,cell,100,010-20080927232235-1,200,0.1622700342999688,,3605
12411,120,3337,True,geolife,100,400.0,coarse,16035,23,1200,cell,100,010-20080927232235-1,400,0.22600561272217026,,3605
15823,120,3541,True,geolife,100,70.71067811865476,coarse,16035,23,1250,intra_cell,150,010-20080927232235-1,0,0.013221078889928281,,3605
13683,120,3361,True,geolife,100,170.71067811865476,coarse,16035,23,1250,intra_cell,150,010-20080927232235-1,100,0.14667913938260055,,3605
13028,120,3276,True,geolife,100,270.71067811865476,coarse,16035,23,1250,intra_cell,150,010-20080927232235-1,200,0.1875272840661054,,3605
11529,120,3207,True,geolife,100,470.71067811865476,coarse,16035,23,1250,intra_cell,150,010-20080927232235-1,400,0.2810102899906455,,3605
15823,300,3541,True,geolife,100,0.0,coarse,16035,23,1200,cell,100,010-20080927232235-1,0,0.013221078889928281,,3605
14100,300,3500,True,geolife,100,100.0,coarse,16035,23,1200,cell,100,010-20080927232235-1,100,0.12067352666043031,,3605
13433,300,3411,True,geolife,100,200.0,coarse,16035,23,1200,cell,100,010-20080927232235-1,200,0.1622700342999688,,3605
12411,300,3337,True,geolife,100,400.0,coarse,16035,23,1200,cell,100,010-20080927232235-1,400,0.22600561272217026,,3605
15823,300,3541,True,geolife,100,70.71067811865476,coarse,16035,23,1250,intra_cell,150,010-20080927232235-1,0,0.013221078889928281,,3605
13683,300,3361,True,geolife,100,170.71067811865476,coarse,16035,23,1250,intra_cell,150,010-20080927232235-1,100,0.14667913938260055,,3605
13028,300,3276,True,geolife,100,270.71067811865476,coarse,16035,23,1250,intra_cell,150,010-20080927232235-1,200,0.1875272840661054,,3605
11529,300,3207,True,geolife,100,470.71067811865476,coarse,16035,23,1250,intra_cell,150,010-20080927232235-1,400,0.2810102899906455,,3605
15823,60,3541,True,geolife,100,0.0,medium,16035,23,1200,cell,100,010-20080927232235-1,0,0.013221078889928281,,3605
14100,60,3500,True,geolife,100,100.0,medium,16035,23,1200,cell,100,010-20080927232235-1,100,0.12067352666043031,,3605
13433,60,3411,True,geolife,100,200.0,medium,16035,23,1200,cell,100,010-20080927232235-1,200,0.1622700342999688,,3605
12411,60,3337,True,geolife,100,400.0,medium,16035,23,1200,cell,100,010-20080927232235-1,400,0.22600561272217026,,3605
15823,60,3541,True,geolife,100,70.71067811865476,medium,16035,23,1250,intra_cell,150,010-20080927232235-1,0,0.013221078889928281,,3605
13683,60,3361,True,geolife,100,170.71067811865476,medium,16035,23,1250,intra_cell,150,010-20080927232235-1,100,0.14667913938260055,,3605
13028,60,3276,True,geolife,100,270.71067811865476,medium,16035,23,1250,intra_cell,150,010-20080927232235-1,200,0.1875272840661054,,3605
12081,60,3191,True,geolife,100,470.71067811865476,medium,16035,23,1250,intra_cell,150,010-20080927232235-1,400,0.24658559401309635,,3605
15823,120,3541,True,geolife,100,0.0,medium,16035,23,1200,cell,100,010-20080927232235-1,0,0.013221078889928281,,3605
14100,120,3500,True,geolife,100,100.0,medium,16035,23,1200,cell,100,010-20080927232235-1,100,0.12067352666043031,,3605
13433,120,3411,True,geolife,100,200.0,medium,16035,23,1200,cell,100,010-20080927232235-1,200,0.1622700342999688,,3605
12411,120,3337,True,geolife,100,400.0,medium,16035,23,1200,cell,100,010-20080927232235-1,400,0.22600561272217026,,3605
15823,120,3541,True,geolife,100,70.71067811865476,medium,16035,23,1250,intra_cell,150,010-20080927232235-1,0,0.013221078889928281,,3605
13683,120,3361,True,geolife,100,170.71067811865476,medium,16035,23,1250,intra_cell,150,010-20080927232235-1,100,0.14667913938260055,,3605
13028,120,3276,True,geolife,100,270.71067811865476,medium,16035,23,1250,intra_cell,150,010-20080927232235-1,200,0.1875272840661054,,3605
12081,120,3191,True,geolife,100,470.71067811865476,medium,16035,23,1250,intra_cell,150,010-20080927232235-1,400,0.24658559401309635,,3605
15823,300,3541,True,geolife,100,0.0,medium,16035,23,1200,cell,100,010-20080927232235-1,0,0.013221078889928281,,3605
14100,300,3500,True,geolife,100,100.0,medium,16035,23,1200,cell,100,010-20080927232235-1,100,0.12067352666043031,,3605
13433,300,3411,True,geolife,100,200.0,medium,16035,23,1200,cell,100,010-20080927232235-1,200,0.1622700342999688,,3605
12411,300,3337,True,geolife,100,400.0,medium,16035,23,1200,cell,100,010-20080927232235-1,400,0.22600561272217026,,3605
15823,300,3541,True,geolife,100,70.71067811865476,medium,16035,23,1250,intra_cell,150,010-20080927232235-1,0,0.013221078889928281,,3605
13683,300,3361,True,geolife,100,170.71067811865476,medium,16035,23,1250,intra_cell,150,010-20080927232235-1,100,0.14667913938260055,,3605
13028,300,3276,True,geolife,100,270.71067811865476,medium,16035,23,1250,intra_cell,150,010-20080927232235-1,200,0.1875272840661054,,3605
12081,300,3191,True,geolife,100,470.71067811865476,medium,16035,23,1250,intra_cell,150,010-20080927232235-1,400,0.24658559401309635,,3605
15823,60,3541,True,geolife,100,0.0,fine,16035,23,1200,cell,100,010-20080927232235-1,0,0.013221078889928281,,3605
14049,60,3483,True,geolife,100,100.0,fine,16035,23,1200,cell,100,010-20080927232235-1,100,0.12385406922357343,,3605
13433,60,3411,True,geolife,100,200.0,fine,16035,23,1200,cell,100,010-20080927232235-1,200,0.1622700342999688,,3605
12411,60,3337,True,geolife,100,400.0,fine,16035,23,1200,cell,100,010-20080927232235-1,400,0.22600561272217026,,3605
15823,60,3541,True,geolife,100,70.71067811865476,fine,16035,23,1250,intra_cell,150,010-20080927232235-1,0,0.013221078889928281,,3605
13683,60,3361,True,geolife,100,170.71067811865476,fine,16035,23,1250,intra_cell,150,010-20080927232235-1,100,0.14667913938260055,,3605
13028,60,3276,True,geolife,100,270.71067811865476,fine,16035,23,1250,intra_cell,150,010-20080927232235-1,200,0.1875272840661054,,3605
12081,60,3191,True,geolife,100,470.71067811865476,fine,16035,23,1250,intra_cell,150,010-20080927232235-1,400,0.24658559401309635,,3605
15823,120,3541,True,geolife,100,0.0,fine,16035,23,1200,cell,100,010-20080927232235-1,0,0.013221078889928281,,3605
14049,120,3483,True,geolife,100,100.0,fine,16035,23,1200,cell,100,010-20080927232235-1,100,0.12385406922357343,,3605
13433,120,3411,True,geolife,100,200.0,fine,16035,23,1200,cell,100,010-20080927232235-1,200,0.1622700342999688,,3605
12411,120,3337,True,geolife,100,400.0,fine,16035,23,1200,cell,100,010-20080927232235-1,400,0.22600561272217026,,3605
15823,120,3541,True,geolife,100,70.71067811865476,fine,16035,23,1250,intra_cell,150,010-20080927232235-1,0,0.013221078889928281,,3605
13683,120,3361,True,geolife,100,170.71067811865476,fine,16035,23,1250,intra_cell,150,010-20080927232235-1,100,0.14667913938260055,,3605
13028,120,3276,True,geolife,100,270.71067811865476,fine,16035,23,1250,intra_cell,150,010-20080927232235-1,200,0.1875272840661054,,3605
12081,120,3191,True,geolife,100,470.71067811865476,fine,16035,23,1250,intra_cell,150,010-20080927232235-1,400,0.24658559401309635,,3605
15823,300,3541,True,geolife,100,0.0,fine,16035,23,1200,cell,100,010-20080927232235-1,0,0.013221078889928281,,3605
14049,300,3483,True,geolife,100,100.0,fine,16035,23,1200,cell,100,010-20080927232235-1,100,0.12385406922357343,,3605
13433,300,3411,True,geolife,100,200.0,fine,16035,23,1200,cell,100,010-20080927232235-1,200,0.1622700342999688,,3605
12411,300,3337,True,geolife,100,400.0,fine,16035,23,1200,cell,100,010-20080927232235-1,400,0.22600561272217026,,3605
15823,300,3541,True,geolife,100,70.71067811865476,fine,16035,23,1250,intra_cell,150,010-20080927232235-1,0,0.013221078889928281,,3605
13683,300,3361,True,geolife,100,170.71067811865476,fine,16035,23,1250,intra_cell,150,010-20080927232235-1,100,0.14667913938260055,,3605
13028,300,3276,True,geolife,100,270.71067811865476,fine,16035,23,1250,intra_cell,150,010-20080927232235-1,200,0.1875272840661054,,3605
12081,300,3191,True,geolife,100,470.71067811865476,fine,16035,23,1250,intra_cell,150,010-20080927232235-1,400,0.24658559401309635,,3605
,60,,False,geolife,100,0.0,coarse,,60,3050,cell,100,010-20081005225112-1,0,,no feasible adversarial claim under enabled constraints,4014
16278,60,3882,True,geolife,100,100.0,coarse,17388,60,3050,cell,100,010-20081005225112-1,100,0.06383712905452035,,4014
15498,60,3766,True,geolife,100,200.0,coarse,17388,60,3050,cell,100,010-20081005225112-1,200,0.10869565217391304,,4014
13924,60,3704,True,geolife,100,400.0,coarse,17388,60,3050,cell,100,010-20081005225112-1,400,0.19921785139176443,,4014
16605,60,3841,True,geolife,100,70.71067811865476,coarse,17388,60,3100,intra_cell,150,010-20081005225112-1,0,0.04503105590062112,,4014
15566,60,3722,True,geolife,100,170.71067811865476,coarse,17388,60,3100,intra_cell,150,010-20081005225112-1,100,0.10478490913273522,,4014
14654,60,3644,True,geolife,100,270.71067811865476,coarse,17388,60,3100,intra_cell,150,010-20081005225112-1,200,0.15723487462617897,,4014
13532,60,3644,True,geolife,100,470.71067811865476,coarse,17388,60,3100,intra_cell,150,010-20081005225112-1,400,0.22176213480561308,,4014
,120,,False,geolife,100,0.0,coarse,,60,3050,cell,100,010-20081005225112-1,0,,no feasible adversarial claim under enabled constraints,4014
16278,120,3882,True,geolife,100,100.0,coarse,17388,60,3050,cell,100,010-20081005225112-1,100,0.06383712905452035,,4014
15498,120,3766,True,geolife,100,200.0,coarse,17388,60,3050,cell,100,010-20081005225112-1,200,0.10869565217391304,,4014
13924,120,3704,True,geolife,100,400.0,coarse,17388,60,3050,cell,100,010-20081005225112-1,400,0.19921785139176443,,4014
16605,120,3841,True,geolife,100,70.71067811865476,coarse,17388,60,3100,intra_cell,150,010-20081005225112-1,0,0.04503105590062112,,4014
15566,120,3722,True,geolife,100,170.71067811865476,coarse,17388,60,3100,intra_cell,150,010-20081005225112-1,100,0.10478490913273522,,4014
14654,120,3644,True,geolife,100,270.71067811865476,coarse,17388,60,3100,intra_cell,150,010-20081005225112-1,200,0.15723487462617897,,4014
13532,120,3644,True,geolife,100,470.71067811865476,coarse,17388,60,3100,intra_cell,150,010-20081005225112-1,400,0.22176213480561308,,4014
,300,,False,geolife,100,0.0,coarse,,60,3050,cell,100,010-20081005225112-1,0,,no feasible adversarial claim under enabled constraints,4014
16278,300,3882,True,geolife,100,100.0,coarse,17388,60,3050,cell,100,010-20081005225112-1,100,0.06383712905452035,,4014
15498,300,3766,True,geolife,100,200.0,coarse,17388,60,3050,cell,100,010-20081005225112-1,200,0.10869565217391304,,4014
13924,300,3704,True,geolife,100,400.0,coarse,17388,60,3050,cell,100,010-20081005225112-1,400,0.19921785139176443,,4014
16605,300,3841,True,geolife,100,70.71067811865476,coarse,17388,60,3100,intra_cell,150,010-20081005225112-1,0,0.04503105590062112,,4014
15566,300,3722,True,geolife,100,170.71067811865476,coarse,17388,60,3100,intra_cell,150,010-20081005225112-1,100,0.10478490913273522,,4014
14654,300,3644,True,geolife,100,270.71067811865476,coarse,17388,60,3100,intra_cell,150,010-20081005225112-1,200,0.15723487462617897,,4014
13532,300,3644,True,geolife,100,470.71067811865476,coarse,17388,60,3100,intra_cell,150,010-20081005225112-1,400,0.22176213480561308,,4014
,60,,False,geolife,100,0.0,medium,,60,3050,cell,100,010-20081005225112-1,0,,no feasible adversarial claim under enabled constraints,4014
16278,60,3882,True,geolife,100,100.0,medium,17388,60,3050,cell,100,010-20081005225112-1,100,0.06383712905452035,,4014
15665,60,3815,True,geolife,100,200.0,medium,17388,60,3050,cell,100,010-20081005225112-1,200,0.09909132735219692,,4014
13924,60,3704,True,geolife,100,400.0,medium,17388,60,3050,cell,100,010-20081005225112-1,400,0.19921785139176443,,4014
16605,60,3841,True,geolife,100,70.71067811865476,medium,17388,60,3100,intra_cell,150,010-20081005225112-1,0,0.04503105590062112,,4014
15766,60,3722,True,geolife,100,170.71067811865476,medium,17388,60,3100,intra_cell,150,010-20081005225112-1,100,0.09328272371750633,,4014
15228,60,3676,True,geolife,100,270.71067811865476,medium,17388,60,3100,intra_cell,150,010-20081005225112-1,200,0.12422360248447205,,4014
13660,60,3620,True,geolife,100,470.71067811865476,medium,17388,60,3100,intra_cell,150,010-20081005225112-1,400,0.21440073613986657,,4014
,120,,False,geolife,100,0.0,medium,,60,3050,cell,100,010-20081005225112-1,0,,no feasible adversarial claim under enabled constraints,4014
16278,120,3882,True,geolife,100,100.0,medium,17388,60,3050,cell,100,010-20081005225112-1,100,0.06383712905452035,,4014
15665,120,3815,True,geolife,100,200.0,medium,17388,60,3050,cell,100,010-20081005225112-1,200,0.09909132735219692,,4014
13924,120,3704,True,geolife,100,400.0,medium,17388,60,3050,cell,100,010-20081005225112-1,400,0.19921785139176443,,4014
16605,120,3841,True,geolife,100,70.71067811865476,medium,17388,60,3100,intra_cell,150,010-20081005225112-1,0,0.04503105590062112,,4014
15766,120,3722,True,geolife,100,170.71067811865476,medium,17388,60,3100,intra_cell,150,010-20081005225112-1,100,0.09328272371750633,,4014
15228,120,3676,True,geolife,100,270.71067811865476,medium,17388,60,3100,intra_cell,150,010-20081005225112-1,200,0.12422360248447205,,4014
13660,120,3620,True,geolife,100,470.71067811865476,medium,17388,60,3100,intra_cell,150,010-20081005225112-1,400,0.21440073613986657,,4014
,300,,False,geolife,100,0.0,medium,,60,3050,cell,100,010-20081005225112-1,0,,no feasible adversarial claim under enabled constraints,4014
16278,300,3882,True,geolife,100,100.0,medium,17388,60,3050,cell,100,010-20081005225112-1,100,0.06383712905452035,,4014
15665,300,3815,True,geolife,100,200.0,medium,17388,60,3050,cell,100,010-20081005225112-1,200,0.09909132735219692,,4014
13924,300,3704,True,geolife,100,400.0,medium,17388,60,3050,cell,100,010-20081005225112-1,400,0.19921785139176443,,4014
16605,300,3841,True,geolife,100,70.71067811865476,medium,17388,60,3100,intra_cell,150,010-20081005225112-1,0,0.04503105590062112,,4014
15766,300,3722,True,geolife,100,170.71067811865476,medium,17388,60,3100,intra_cell,150,010-20081005225112-1,100,0.09328272371750633,,4014
15228,300,3676,True,geolife,100,270.71067811865476,medium,17388,60,3100,intra_cell,150,010-20081005225112-1,200,0.12422360248447205,,4014
13660,300,3620,True,geolife,100,470.71067811865476,medium,17388,60,3100,intra_cell,150,010-20081005225112-1,400,0.21440073613986657,,4014
,60,,False,geolife,100,0.0,fine,,60,3050,cell,100,010-20081005225112-1,0,,no feasible adversarial claim under enabled constraints,4014
16278,60,3882,True,geolife,100,100.0,fine,17388,60,3050,cell,100,010-20081005225112-1,100,0.06383712905452035,,4014
15599,60,3793,True,geolife,100,200.0,fine,17388,60,3050,cell,100,010-20081005225112-1,200,0.10288704853922245,,4014
13924,60,3704,True,geolife,100,400.0,fine,17388,60,3050,cell,100,010-20081005225112-1,400,0.19921785139176443,,4014
16605,60,3841,True,geolife,100,70.71067811865476,fine,17388,60,3100,intra_cell,150,010-20081005225112-1,0,0.04503105590062112,,4014
15766,60,3722,True,geolife,100,170.71067811865476,fine,17388,60,3100,intra_cell,150,010-20081005225112-1,100,0.09328272371750633,,4014
15228,60,3676,True,geolife,100,270.71067811865476,fine,17388,60,3100,intra_cell,150,010-20081005225112-1,200,0.12422360248447205,,4014
13618,60,3606,True,geolife,100,470.71067811865476,fine,17388,60,3100,intra_cell,150,010-20081005225112-1,400,0.21681619507706465,,4014
,120,,False,geolife,100,0.0,fine,,60,3050,cell,100,010-20081005225112-1,0,,no feasible adversarial claim under enabled constraints,4014
16278,120,3882,True,geolife,100,100.0,fine,17388,60,3050,cell,100,010-20081005225112-1,100,0.06383712905452035,,4014
15599,120,3793,True,geolife,100,200.0,fine,17388,60,3050,cell,100,010-20081005225112-1,200,0.10288704853922245,,4014
13924,120,3704,True,geolife,100,400.0,fine,17388,60,3050,cell,100,010-20081005225112-1,400,0.19921785139176443,,4014
16605,120,3841,True,geolife,100,70.71067811865476,fine,17388,60,3100,intra_cell,150,010-20081005225112-1,0,0.04503105590062112,,4014
15766,120,3722,True,geolife,100,170.71067811865476,fine,17388,60,3100,intra_cell,150,010-20081005225112-1,100,0.09328272371750633,,4014
15228,120,3676,True,geolife,100,270.71067811865476,fine,17388,60,3100,intra_cell,150,010-20081005225112-1,200,0.12422360248447205,,4014
13618,120,3606,True,geolife,100,470.71067811865476,fine,17388,60,3100,intra_cell,150,010-20081005225112-1,400,0.21681619507706465,,4014
,300,,False,geolife,100,0.0,fine,,60,3050,cell,100,010-20081005225112-1,0,,no feasible adversarial claim under enabled constraints,4014
16278,300,3882,True,geolife,100,100.0,fine,17388,60,3050,cell,100,010-20081005225112-1,100,0.06383712905452035,,4014
15599,300,3793,True,geolife,100,200.0,fine,17388,60,3050,cell,100,010-20081005225112-1,200,0.10288704853922245,,4014
13924,300,3704,True,geolife,100,400.0,fine,17388,60,3050,cell,100,010-20081005225112-1,400,0.19921785139176443,,4014
16605,300,3841,True,geolife,100,70.71067811865476,fine,17388,60,3100,intra_cell,150,010-20081005225112-1,0,0.04503105590062112,,4014
15766,300,3722,True,geolife,100,170.71067811865476,fine,17388,60,3100,intra_cell,150,010-20081005225112-1,100,0.09328272371750633,,4014
15228,300,3676,True,geolife,100,270.71067811865476,fine,17388,60,3100,intra_cell,150,010-20081005225112-1,200,0.12422360248447205,,4014
13618,300,3606,True,geolife,100,470.71067811865476,fine,17388,60,3100,intra_cell,150,010-20081005225112-1,400,0.21681619507706465,,4014
,60,,False,rome,100,0.0,coarse,,25,1300,cell,100,rome:60:103-0-s96:p0,0,,no feasible adversarial claim under enabled constraints,1678
129606,60,1609,True,rome,100,100.0,coarse,138722,25,1300,cell,100,rome:60:103-0-s96:p0,100,0.06571416213722409,,1678
127956,60,1683,True,rome,100,200.0,coarse,138722,25,1300,cell,100,rome:60:103-0-s96:p0,200,0.07760845431870936,,1678
122868,60,1607,True,rome,100,400.0,coarse,138722,25,1300,cell,100,rome:60:103-0-s96:p0,400,0.11428612620925303,,1678
,60,,False,rome,100,70.71067811865476,coarse,,25,1350,intra_cell,150,rome:60:103-0-s96:p0,0,,no feasible adversarial claim under enabled constraints,1678
128376,60,1516,True,rome,100,170.71067811865476,coarse,138722,25,1350,intra_cell,150,rome:60:103-0-s96:p0,100,0.07458081630887675,,1678
126252,60,1567,True,rome,100,270.71067811865476,coarse,138722,25,1350,intra_cell,150,rome:60:103-0-s96:p0,200,0.08989201424431598,,1678
121176,60,1493,True,rome,100,470.71067811865476,coarse,138722,25,1350,intra_cell,150,rome:60:103-0-s96:p0,400,0.12648318219172158,,1678
,120,,False,rome,100,0.0,coarse,,25,1300,cell,100,rome:60:103-0-s96:p0,0,,no feasible adversarial claim under enabled constraints,1678
16494,120,1505,True,rome,100,100.0,coarse,18646,25,1300,cell,100,rome:60:103-0-s96:p0,100,0.11541349351067252,,1678
16168,120,1488,True,rome,100,200.0,coarse,18646,25,1300,cell,100,rome:60:103-0-s96:p0,200,0.13289713611498444,,1678
15162,120,1444,True,rome,100,400.0,coarse,18646,25,1300,cell,100,rome:60:103-0-s96:p0,400,0.18684972648289178,,1678
,120,,False,rome,100,70.71067811865476,coarse,,25,1350,intra_cell,150,rome:60:103-0-s96:p0,0,,no feasible adversarial claim under enabled constraints,1678
15274,120,1383,True,rome,100,170.71067811865476,coarse,18646,25,1350,intra_cell,150,rome:60:103-0-s96:p0,100,0.18084307626300547,,1678
14752,120,1383,True,rome,100,270.71067811865476,coarse,18646,25,1350,intra_cell,150,rome:60:103-0-s96:p0,200,0.20883835675211843,,1678
14226,120,1366,True,rome,100,470.71067811865476,coarse,18646,25,1350,intra_cell,150,rome:60:103-0-s96:p0,400,0.23704816046337016,,1678
,300,,False,rome,100,0.0,coarse,,25,1300,cell,100,rome:60:103-0-s96:p0,0,,no feasible adversarial claim under enabled constraints,1678
16494,300,1505,True,rome,100,100.0,coarse,18646,25,1300,cell,100,rome:60:103-0-s96:p0,100,0.11541349351067252,,1678
16168,300,1488,True,rome,100,200.0,coarse,18646,25,1300,cell,100,rome:60:103-0-s96:p0,200,0.13289713611498444,,1678
15162,300,1444,True,rome,100,400.0,coarse,18646,25,1300,cell,100,rome:60:103-0-s96:p0,400,0.18684972648289178,,1678
,300,,False,rome,100,70.71067811865476,coarse,,25,1350,intra_cell,150,rome:60:103-0-s96:p0,0,,no feasible adversarial claim under enabled constraints,1678
15274,300,1383,True,rome,100,170.71067811865476,coarse,18646,25,1350,intra_cell,150,rome:60:103-0-s96:p0,100,0.18084307626300547,,1678
14752,300,1383,True,rome,100,270.71067811865476,coarse,18646,25,1350,intra_cell,150,rome:60:103-0-s96:p0,200,0.20883835675211843,,1678
14226,300,1366,True,rome,100,470.71067811865476,coarse,18646,25,1350,intra_cell,150,rome:60:103-0-s96:p0,400,0.23704816046337016,,1678
,60,,False,rome,100,0.0,medium,,25,1300,cell,100,rome:60:103-0-s96:p0,0,,no feasible adversarial claim under enabled constraints,1678
129606,60,1609,True,rome,100,100.0,medium,138722,25,1300,cell,100,rome:60:103-0-s96:p0,100,0.06571416213722409,,1678
127956,60,1683,True,rome,100,200.0,medium,138722,25,1300,cell,100,rome:60:103-0-s96:p0,200,0.07760845431870936,,1678
122868,60,1607,True,rome,100,400.0,medium,138722,25,1300,cell,100,rome:60:103-0-s96:p0,400,0.11428612620925303,,1678
,60,,False,rome,100,70.71067811865476,medium,,25,1350,intra_cell,150,rome:60:103-0-s96:p0,0,,no feasible adversarial claim under enabled constraints,1678
128376,60,1516,True,rome,100,170.71067811865476,medium,138722,25,1350,intra_cell,150,rome:60:103-0-s96:p0,100,0.07458081630887675,,1678
126252,60,1567,True,rome,100,270.71067811865476,medium,138722,25,1350,intra_cell,150,rome:60:103-0-s96:p0,200,0.08989201424431598,,1678
121176,60,1493,True,rome,100,470.71067811865476,medium,138722,25,1350,intra_cell,150,rome:60:103-0-s96:p0,400,0.12648318219172158,,1678
,120,,False,rome,100,0.0,medium,,25,1300,cell,100,rome:60:103-0-s96:p0,0,,no feasible adversarial claim under enabled constraints,1678
16494,120,1505,True,rome,100,100.0,medium,18646,25,1300,cell,100,rome:60:103-0-s96:p0,100,0.11541349351067252,,1678
16168,120,1488,True,rome,100,200.0,medium,18646,25,1300,cell,100,rome:60:103-0-s96:p0,200,0.13289713611498444,,1678
15162,120,1444,True,rome,100,400.0,medium,18646,25,1300,cell,100,rome:60:103-0-s96:p0,400,0.18684972648289178,,1678
,120,,False,rome,100,70.71067811865476,medium,,25,1350,intra_cell,150,rome:60:103-0-s96:p0,0,,no feasible adversarial claim under enabled constraints,1678
15274,120,1383,True,rome,100,170.71067811865476,medium,18646,25,1350,intra_cell,150,rome:60:103-0-s96:p0,100,0.18084307626300547,,1678
14752,120,1383,True,rome,100,270.71067811865476,medium,18646,25,1350,intra_cell,150,rome:60:103-0-s96:p0,200,0.20883835675211843,,1678
14226,120,1366,True,rome,100,470.71067811865476,medium,18646,25,1350,intra_cell,150,rome:60:103-0-s96:p0,400,0.23704816046337016,,1678
,300,,False,rome,100,0.0,medium,,25,1300,cell,100,rome:60:103-0-s96:p0,0,,no feasible adversarial claim under enabled constraints,1678
16494,300,1505,True,rome,100,100.0,medium,18646,25,1300,cell,100,rome:60:103-0-s96:p0,100,0.11541349351067252,,1678
16168,300,1488,True,rome,100,200.0,medium,18646,25,1300,cell,100,rome:60:103-0-s96:p0,200,0.13289713611498444,,1678
15162,300,1444,True,rome,100,400.0,medium,18646,25,1300,cell,100,rome:60:103-0-s96:p0,400,0.18684972648289178,,1678
,300,,False,rome,100,70.71067811865476,medium,,25,1350,intra_cell,150,rome:60:103-0-s96:p0,0,,no feasible adversarial claim under enabled constraints,1678
15274,300,1383,True,rome,100,170.71067811865476,medium,18646,25,1350,intra_cell,150,rome:60:103-0-s96:p0,100,0.18084307626300547,,1678
14752,300,1383,True,rome,100,270.71067811865476,medium,18646,25,1350,intra_cell,150,rome:60:103-0-s96:p0,200,0.20883835675211843,,1678
14226,300,1366,True,rome,100,470.71067811865476,medium,18646,25,1350,intra_cell,150,rome:60:103-0-s96:p0,400,0.23704816046337016,,1678
,60,,False,rome,100,0.0,fine,,25,1300,cell,100,rome:60:103-0-s96:p0,0,,no feasible adversarial claim under enabled constraints,1678
129606,60,1609,True,rome,100,100.0,fine,138722,25,1300,cell,100,rome:60:103-0-s96:p0,100,0.06571416213722409,,1678
127956,60,1683,True,rome,100,200.0,fine,138722,25,1300,cell,100,rome:60:103-0-s96:p0,200,0.07760845431870936,,1678
122868,60,1607,True,rome,100,400.0,fine,138722,25,1300,cell,100,rome:60:103-0-s96:p0,400,0.11428612620925303,,1678
,60,,False,rome,100,70.71067811865476,fine,,25,1350,intra_cell,150,rome:60:103-0-s96:p0,0,,no feasible adversarial claim under enabled constraints,1678
128376,60,1516,True,rome,100,170.71067811865476,fine,138722,25,1350,intra_cell,150,rome:60:103-0-s96:p0,100,0.07458081630887675,,1678
126252,60,1567,True,rome,100,270.71067811865476,fine,138722,25,1350,intra_cell,150,rome:60:103-0-s96:p0,200,0.08989201424431598,,1678
121176,60,1493,True,rome,100,470.71067811865476,fine,138722,25,1350,intra_cell,150,rome:60:103-0-s96:p0,400,0.12648318219172158,,1678
,120,,False,rome,100,0.0,fine,,25,1300,cell,100,rome:60:103-0-s96:p0,0,,no feasible adversarial claim under enabled constraints,1678
16494,120,1505,True,rome,100,100.0,fine,18646,25,1300,cell,100,rome:60:103-0-s96:p0,100,0.11541349351067252,,1678
15942,120,1522,True,rome,100,200.0,fine,18646,25,1300,cell,100,rome:60:103-0-s96:p0,200,0.14501769816582646,,1678
15130,120,1493,True,rome,100,400.0,fine,18646,25,1300,cell,100,rome:60:103-0-s96:p0,400,0.18856591226000213,,1678
,120,,False,rome,100,70.71067811865476,fine,,25,1350,intra_cell,150,rome:60:103-0-s96:p0,0,,no feasible adversarial claim under enabled constraints,1678
15274,120,1383,True,rome,100,170.71067811865476,fine,18646,25,1350,intra_cell,150,rome:60:103-0-s96:p0,100,0.18084307626300547,,1678
14752,120,1383,True,rome,100,270.71067811865476,fine,18646,25,1350,intra_cell,150,rome:60:103-0-s96:p0,200,0.20883835675211843,,1678
14060,120,1406,True,rome,100,470.71067811865476,fine,18646,25,1350,intra_cell,150,rome:60:103-0-s96:p0,400,0.2459508741821302,,1678
,300,,False,rome,100,0.0,fine,,25,1300,cell,100,rome:60:103-0-s96:p0,0,,no feasible adversarial claim under enabled constraints,1678
16494,300,1505,True,rome,100,100.0,fine,18646,25,1300,cell,100,rome:60:103-0-s96:p0,100,0.11541349351067252,,1678
15942,300,1522,True,rome,100,200.0,fine,18646,25,1300,cell,100,rome:60:103-0-s96:p0,200,0.14501769816582646,,1678
15130,300,1493,True,rome,100,400.0,fine,18646,25,1300,cell,100,rome:60:103-0-s96:p0,400,0.18856591226000213,,1678
,300,,False,rome,100,70.71067811865476,fine,,25,1350,intra_cell,150,rome:60:103-0-s96:p0,0,,no feasible adversarial claim under enabled constraints,1678
15274,300,1383,True,rome,100,170.71067811865476,fine,18646,25,1350,intra_cell,150,rome:60:103-0-s96:p0,100,0.18084307626300547,,1678
14752,300,1383,True,rome,100,270.71067811865476,fine,18646,25,1350,intra_cell,150,rome:60:103-0-s96:p0,200,0.20883835675211843,,1678
14060,300,1406,True,rome,100,470.71067811865476,fine,18646,25,1350,intra_cell,150,rome:60:103-0-s96:p0,400,0.2459508741821302,,1678
,60,,False,rome,100,0.0,coarse,,25,1300,cell,100,rome:60:109-0-s11:p0,0,,no feasible adversarial claim under enabled constraints,854
127560,60,906,True,rome,100,100.0,coarse,130812,25,1300,cell,100,rome:60:109-0-s11:p0,100,0.02486010457756169,,854
125868,60,881,True,rome,100,200.0,coarse,130812,25,1300,cell,100,rome:60:109-0-s11:p0,200,0.03779469773415283,,854
120780,60,783,True,rome,100,400.0,coarse,130812,25,1300,cell,100,rome:60:109-0-s11:p0,400,0.07669021190716448,,854
129756,60,748,True,rome,100,70.71067811865476,coarse,130812,25,1350,intra_cell,150,rome:60:109-0-s11:p0,0,0.008072653884964682,,854
126156,60,789,True,rome,100,170.71067811865476,coarse,130812,25,1350,intra_cell,150,rome:60:109-0-s11:p0,100,0.03559306485643519,,854
124164,60,798,True,rome,100,270.71067811865476,coarse,130812,25,1350,intra_cell,150,rome:60:109-0-s11:p0,200,0.0508210255939822,,854
120780,60,700,True,rome,100,470.71067811865476,coarse,130812,25,1350,intra_cell,150,rome:60:109-0-s11:p0,400,0.07669021190716448,,854
,120,,False,rome,100,0.0,coarse,,25,1300,cell,100,rome:60:109-0-s11:p0,0,,no feasible adversarial claim under enabled constraints,854
8664,120,722,True,rome,100,100.0,coarse,10248,25,1300,cell,100,rome:60:109-0-s11:p0,100,0.15456674473067916,,854
8664,120,722,True,rome,100,200.0,coarse,10248,25,1300,cell,100,rome:60:109-0-s11:p0,200,0.15456674473067916,,854
7620,120,762,True,rome,100,400.0,coarse,10248,25,1300,cell,100,rome:60:109-0-s11:p0,400,0.25644028103044497,,854
8976,120,748,True,rome,100,70.71067811865476,coarse,10248,25,1350,intra_cell,150,rome:60:109-0-s11:p0,0,0.12412177985948478,,854
7728,120,644,True,rome,100,170.71067811865476,coarse,10248,25,1350,intra_cell,150,rome:60:109-0-s11:p0,100,0.2459016393442623,,854
7728,120,644,True,rome,100,270.71067811865476,coarse,10248,25,1350,intra_cell,150,rome:60:109-0-s11:p0,200,0.2459016393442623,,854
6710,120,671,True,rome,100,470.71067811865476,coarse,10248,25,1350,intra_cell,150,rome:60:109-0-s11:p0,400,0.34523809523809523,,854
,300,,False,rome,100,0.0,coarse,,25,1300,cell,100,rome:60:109-0-s11:p0,0,,no feasible adversarial claim under enabled constraints,854
8664,300,722,True,rome,100,100.0,coarse,10248,25,1300,cell,100,rome:60:109-0-s11:p0,100,0.15456674473067916,,854
8664,300,722,True,rome,100,200.0,coarse,10248,25,1300,cell,100,rome:60:109-0-s11:p0,200,0.15456674473067916,,854
7620,300,762,True,rome,100,400.0,coarse,10248,25,1300,cell,100,rome:60:109-0-s11:p0,400,0.25644028103044497,,854
8976,300,748,True,rome,100,70.71067811865476,coarse,10248,25,1350,intra_cell,150,rome:60:109-0-s11:p0,0,0.12412177985948478,,854
7728,300,644,True,rome,100,170.71067811865476,coarse,10248,25,1350,intra_cell,150,rome:60:109-0-s11:p0,100,0.2459016393442623,,854
7728,300,644,True,rome,100,270.71067811865476,coarse,10248,25,1350,intra_cell,150,rome:60:109-0-s11:p0,200,0.2459016393442623,,854
6710,300,671,True,rome,100,470.71067811865476,coarse,10248,25,1350,intra_cell,150,rome:60:109-0-s11:p0,400,0.34523809523809523,,854
,60,,False,rome,100,0.0,medium,,25,1300,cell,100,rome:60:109-0-s11:p0,0,,no feasible adversarial claim under enabled constraints,854
127560,60,906,True,rome,100,100.0,medium,130812,25,1300,cell,100,rome:60:109-0-s11:p0,100,0.02486010457756169,,854
125868,60,881,True,rome,100,200.0,medium,130812,25,1300,cell,100,rome:60:109-0-s11:p0,200,0.03779469773415283,,854
120780,60,783,True,rome,100,400.0,medium,130812,25,1300,cell,100,rome:60:109-0-s11:p0,400,0.07669021190716448,,854
129756,60,748,True,rome,100,70.71067811865476,medium,130812,25,1350,intra_cell,150,rome:60:109-0-s11:p0,0,0.008072653884964682,,854
126156,60,789,True,rome,100,170.71067811865476,medium,130812,25,1350,intra_cell,150,rome:60:109-0-s11:p0,100,0.03559306485643519,,854
124164,60,798,True,rome,100,270.71067811865476,medium,130812,25,1350,intra_cell,150,rome:60:109-0-s11:p0,200,0.0508210255939822,,854
120780,60,700,True,rome,100,470.71067811865476,medium,130812,25,1350,intra_cell,150,rome:60:109-0-s11:p0,400,0.07669021190716448,,854
,120,,False,rome,100,0.0,medium,,25,1300,cell,100,rome:60:109-0-s11:p0,0,,no feasible adversarial claim under enabled constraints,854
8664,120,722,True,rome,100,100.0,medium,10248,25,1300,cell,100,rome:60:109-0-s11:p0,100,0.15456674473067916,,854
8664,120,722,True,rome,100,200.0,medium,10248,25,1300,cell,100,rome:60:109-0-s11:p0,200,0.15456674473067916,,854
7620,120,762,True,rome,100,400.0,medium,10248,25,1300,cell,100,rome:60:109-0-s11:p0,400,0.25644028103044497,,854
8976,120,748,True,rome,100,70.71067811865476,medium,10248,25,1350,intra_cell,150,rome:60:109-0-s11:p0,0,0.12412177985948478,,854
7728,120,644,True,rome,100,170.71067811865476,medium,10248,25,1350,intra_cell,150,rome:60:109-0-s11:p0,100,0.2459016393442623,,854
7728,120,644,True,rome,100,270.71067811865476,medium,10248,25,1350,intra_cell,150,rome:60:109-0-s11:p0,200,0.2459016393442623,,854
6710,120,671,True,rome,100,470.71067811865476,medium,10248,25,1350,intra_cell,150,rome:60:109-0-s11:p0,400,0.34523809523809523,,854
,300,,False,rome,100,0.0,medium,,25,1300,cell,100,rome:60:109-0-s11:p0,0,,no feasible adversarial claim under enabled constraints,854
8664,300,722,True,rome,100,100.0,medium,10248,25,1300,cell,100,rome:60:109-0-s11:p0,100,0.15456674473067916,,854
8664,300,722,True,rome,100,200.0,medium,10248,25,1300,cell,100,rome:60:109-0-s11:p0,200,0.15456674473067916,,854
7620,300,762,True,rome,100,400.0,medium,10248,25,1300,cell,100,rome:60:109-0-s11:p0,400,0.25644028103044497,,854
8976,300,748,True,rome,100,70.71067811865476,medium,10248,25,1350,intra_cell,150,rome:60:109-0-s11:p0,0,0.12412177985948478,,854
7728,300,644,True,rome,100,170.71067811865476,medium,10248,25,1350,intra_cell,150,rome:60:109-0-s11:p0,100,0.2459016393442623,,854
7728,300,644,True,rome,100,270.71067811865476,medium,10248,25,1350,intra_cell,150,rome:60:109-0-s11:p0,200,0.2459016393442623,,854
6710,300,671,True,rome,100,470.71067811865476,medium,10248,25,1350,intra_cell,150,rome:60:109-0-s11:p0,400,0.34523809523809523,,854
,60,,False,rome,100,0.0,fine,,25,1300,cell,100,rome:60:109-0-s11:p0,0,,no feasible adversarial claim under enabled constraints,854
127560,60,906,True,rome,100,100.0,fine,130812,25,1300,cell,100,rome:60:109-0-s11:p0,100,0.02486010457756169,,854
125868,60,881,True,rome,100,200.0,fine,130812,25,1300,cell,100,rome:60:109-0-s11:p0,200,0.03779469773415283,,854
120780,60,783,True,rome,100,400.0,fine,130812,25,1300,cell,100,rome:60:109-0-s11:p0,400,0.07669021190716448,,854
129756,60,748,True,rome,100,70.71067811865476,fine,130812,25,1350,intra_cell,150,rome:60:109-0-s11:p0,0,0.008072653884964682,,854
126156,60,789,True,rome,100,170.71067811865476,fine,130812,25,1350,intra_cell,150,rome:60:109-0-s11:p0,100,0.03559306485643519,,854
124164,60,798,True,rome,100,270.71067811865476,fine,130812,25,1350,intra_cell,150,rome:60:109-0-s11:p0,200,0.0508210255939822,,854
120780,60,700,True,rome,100,470.71067811865476,fine,130812,25,1350,intra_cell,150,rome:60:109-0-s11:p0,400,0.07669021190716448,,854
,120,,False,rome,100,0.0,fine,,25,1300,cell,100,rome:60:109-0-s11:p0,0,,no feasible adversarial claim under enabled constraints,854
8664,120,722,True,rome,100,100.0,fine,10248,25,1300,cell,100,rome:60:109-0-s11:p0,100,0.15456674473067916,,854
8664,120,722,True,rome,100,200.0,fine,10248,25,1300,cell,100,rome:60:109-0-s11:p0,200,0.15456674473067916,,854
7620,120,762,True,rome,100,400.0,fine,10248,25,1300,cell,100,rome:60:109-0-s11:p0,400,0.25644028103044497,,854
8976,120,748,True,rome,100,70.71067811865476,fine,10248,25,1350,intra_cell,150,rome:60:109-0-s11:p0,0,0.12412177985948478,,854
7728,120,644,True,rome,100,170.71067811865476,fine,10248,25,1350,intra_cell,150,rome:60:109-0-s11:p0,100,0.2459016393442623,,854
7728,120,644,True,rome,100,270.71067811865476,fine,10248,25,1350,intra_cell,150,rome:60:109-0-s11:p0,200,0.2459016393442623,,854
6710,120,671,True,rome,100,470.71067811865476,fine,10248,25,1350,intra_cell,150,rome:60:109-0-s11:p0,400,0.34523809523809523,,854
,300,,False,rome,100,0.0,fine,,25,1300,cell,100,rome:60:109-0-s11:p0,0,,no feasible adversarial claim under enabled constraints,854
8664,300,722,True,rome,100,100.0,fine,10248,25,1300,cell,100,rome:60:109-0-s11:p0,100,0.15456674473067916,,854
8664,300,722,True,rome,100,200.0,fine,10248,25,1300,cell,100,rome:60:109-0-s11:p0,200,0.15456674473067916,,854
7620,300,762,True,rome,100,400.0,fine,10248,25,1300,cell,100,rome:60:109-0-s11:p0,400,0.25644028103044497,,854
8976,300,748,True,rome,100,70.71067811865476,fine,10248,25,1350,intra_cell,150,rome:60:109-0-s11:p0,0,0.12412177985948478,,854
7728,300,644,True,rome,100,170.71067811865476,fine,10248,25,1350,intra_cell,150,rome:60:109-0-s11:p0,100,0.2459016393442623,,854
7728,300,644,True,rome,100,270.71067811865476,fine,10248,25,1350,intra_cell,150,rome:60:109-0-s11:p0,200,0.2459016393442623,,854
6710,300,671,True,rome,100,470.71067811865476,fine,10248,25,1350,intra_cell,150,rome:60:109-0-s11:p0,400,0.34523809523809523,,854
,60,,False,rome,100,0.0,coarse,,25,1300,cell,100,rome:60:109-0-s188:p0,0,,no feasible adversarial claim under enabled constraints,1076
148020,60,1081,True,rome,100,100.0,coarse,154566,25,1300,cell,100,rome:60:109-0-s188:p0,100,0.04235084041768565,,1076
146532,60,961,True,rome,100,200.0,coarse,154566,25,1300,cell,100,rome:60:109-0-s188:p0,200,0.05197779589301658,,1076
145332,60,1010,True,rome,100,400.0,coarse,154566,25,1300,cell,100,rome:60:109-0-s188:p0,400,0.05974146966344474,,1076
,60,,False,rome,100,70.71067811865476,coarse,,25,1350,intra_cell,150,rome:60:109-0-s188:p0,0,,no feasible adversarial claim under enabled constraints,1076
146532,60,844,True,rome,100,170.71067811865476,coarse,154566,25,1350,intra_cell,150,rome:60:109-0-s188:p0,100,0.05197779589301658,,1076
145332,60,822,True,rome,100,270.71067811865476,coarse,154566,25,1350,intra_cell,150,rome:60:109-0-s188:p0,200,0.05974146966344474,,1076
145332,60,871,True,rome,100,470.71067811865476,coarse,154566,25,1350,intra_cell,150,rome:60:109-0-s188:p0,400,0.05974146966344474,,1076
,120,,False,rome,100,0.0,coarse,,25,1300,cell,100,rome:60:109-0-s188:p0,0,,no feasible adversarial claim under enabled constraints,1076
10162,120,944,True,rome,100,100.0,coarse,11874,25,1300,cell,100,rome:60:109-0-s188:p0,100,0.1441805625736904,,1076
9942,120,922,True,rome,100,200.0,coarse,11874,25,1300,cell,100,rome:60:109-0-s188:p0,200,0.16270843860535625,,1076
9420,120,922,True,rome,100,400.0,coarse,11874,25,1300,cell,100,rome:60:109-0-s188:p0,400,0.2066700353713997,,1076
,120,,False,rome,100,70.71067811865476,coarse,,25,1350,intra_cell,150,rome:60:109-0-s188:p0,0,,no feasible adversarial claim under enabled constraints,1076
8942,120,822,True,rome,100,170.71067811865476,coarse,11874,25,1350,intra_cell,150,rome:60:109-0-s188:p0,100,0.24692605693111,,1076
8942,120,822,True,rome,100,270.71067811865476,coarse,11874,25,1350,intra_cell,150,rome:60:109-0-s188:p0,200,0.24692605693111,,1076
8220,120,822,True,rome,100,470.71067811865476,coarse,11874,25,1350,intra_cell,150,rome:60:109-0-s188:p0,400,0.3077311773623042,,1076
,300,,False,rome,100,0.0,coarse,,25,1300,cell,100,rome:60:109-0-s188:p0,0,,no feasible adversarial claim under enabled constraints,1076
10162,300,944,True,rome,100,100.0,coarse,11874,25,1300,cell,100,rome:60:109-0-s188:p0,100,0.1441805625736904,,1076
9942,300,922,True,rome,100,200.0,coarse,11874,25,1300,cell,100,rome:60:109-0-s188:p0,200,0.16270843860535625,,1076
9420,300,922,True,rome,100,400.0,coarse,11874,25,1300,cell,100,rome:60:109-0-s188:p0,400,0.2066700353713997,,1076
,300,,False,rome,100,70.71067811865476,coarse,,25,1350,intra_cell,150,rome:60:109-0-s188:p0,0,,no feasible adversarial claim under enabled constraints,1076
8942,300,822,True,rome,100,170.71067811865476,coarse,11874,25,1350,intra_cell,150,rome:60:109-0-s188:p0,100,0.24692605693111,,1076
8942,300,822,True,rome,100,270.71067811865476,coarse,11874,25,1350,intra_cell,150,rome:60:109-0-s188:p0,200,0.24692605693111,,1076
8220,300,822,True,rome,100,470.71067811865476,coarse,11874,25,1350,intra_cell,150,rome:60:109-0-s188:p0,400,0.3077311773623042,,1076
,60,,False,rome,100,0.0,medium,,25,1300,cell,100,rome:60:109-0-s188:p0,0,,no feasible adversarial claim under enabled constraints,1076
148020,60,1081,True,rome,100,100.0,medium,154566,25,1300,cell,100,rome:60:109-0-s188:p0,100,0.04235084041768565,,1076
146532,60,961,True,rome,100,200.0,medium,154566,25,1300,cell,100,rome:60:109-0-s188:p0,200,0.05197779589301658,,1076
145332,60,1010,True,rome,100,400.0,medium,154566,25,1300,cell,100,rome:60:109-0-s188:p0,400,0.05974146966344474,,1076
,60,,False,rome,100,70.71067811865476,medium,,25,1350,intra_cell,150,rome:60:109-0-s188:p0,0,,no feasible adversarial claim under enabled constraints,1076
146532,60,844,True,rome,100,170.71067811865476,medium,154566,25,1350,intra_cell,150,rome:60:109-0-s188:p0,100,0.05197779589301658,,1076
145332,60,822,True,rome,100,270.71067811865476,medium,154566,25,1350,intra_cell,150,rome:60:109-0-s188:p0,200,0.05974146966344474,,1076
145332,60,871,True,rome,100,470.71067811865476,medium,154566,25,1350,intra_cell,150,rome:60:109-0-s188:p0,400,0.05974146966344474,,1076
,120,,False,rome,100,0.0,medium,,25,1300,cell,100,rome:60:109-0-s188:p0,0,,no feasible adversarial claim under enabled constraints,1076
10162,120,944,True,rome,100,100.0,medium,11874,25,1300,cell,100,rome:60:109-0-s188:p0,100,0.1441805625736904,,1076
9942,120,922,True,rome,100,200.0,medium,11874,25,1300,cell,100,rome:60:109-0-s188:p0,200,0.16270843860535625,,1076
9420,120,922,True,rome,100,400.0,medium,11874,25,1300,cell,100,rome:60:109-0-s188:p0,400,0.2066700353713997,,1076
,120,,False,rome,100,70.71067811865476,medium,,25,1350,intra_cell,150,rome:60:109-0-s188:p0,0,,no feasible adversarial claim under enabled constraints,1076
8942,120,822,True,rome,100,170.71067811865476,medium,11874,25,1350,intra_cell,150,rome:60:109-0-s188:p0,100,0.24692605693111,,1076
8942,120,822,True,rome,100,270.71067811865476,medium,11874,25,1350,intra_cell,150,rome:60:109-0-s188:p0,200,0.24692605693111,,1076
8220,120,822,True,rome,100,470.71067811865476,medium,11874,25,1350,intra_cell,150,rome:60:109-0-s188:p0,400,0.3077311773623042,,1076
,300,,False,rome,100,0.0,medium,,25,1300,cell,100,rome:60:109-0-s188:p0,0,,no feasible adversarial claim under enabled constraints,1076
10162,300,944,True,rome,100,100.0,medium,11874,25,1300,cell,100,rome:60:109-0-s188:p0,100,0.1441805625736904,,1076
9942,300,922,True,rome,100,200.0,medium,11874,25,1300,cell,100,rome:60:109-0-s188:p0,200,0.16270843860535625,,1076
9420,300,922,True,rome,100,400.0,medium,11874,25,1300,cell,100,rome:60:109-0-s188:p0,400,0.2066700353713997,,1076
,300,,False,rome,100,70.71067811865476,medium,,25,1350,intra_cell,150,rome:60:109-0-s188:p0,0,,no feasible adversarial claim under enabled constraints,1076
8942,300,822,True,rome,100,170.71067811865476,medium,11874,25,1350,intra_cell,150,rome:60:109-0-s188:p0,100,0.24692605693111,,1076
8942,300,822,True,rome,100,270.71067811865476,medium,11874,25,1350,intra_cell,150,rome:60:109-0-s188:p0,200,0.24692605693111,,1076
8220,300,822,True,rome,100,470.71067811865476,medium,11874,25,1350,intra_cell,150,rome:60:109-0-s188:p0,400,0.3077311773623042,,1076
,60,,False,rome,100,0.0,fine,,25,1300,cell,100,rome:60:109-0-s188:p0,0,,no feasible adversarial claim under enabled constraints,1076
148020,60,1081,True,rome,100,100.0,fine,154566,25,1300,cell,100,rome:60:109-0-s188:p0,100,0.04235084041768565,,1076
146532,60,961,True,rome,100,200.0,fine,154566,25,1300,cell,100,rome:60:109-0-s188:p0,200,0.05197779589301658,,1076
145332,60,1010,True,rome,100,400.0,fine,154566,25,1300,cell,100,rome:60:109-0-s188:p0,400,0.05974146966344474,,1076
,60,,False,rome,100,70.71067811865476,fine,,25,1350,intra_cell,150,rome:60:109-0-s188:p0,0,,no feasible adversarial claim under enabled constraints,1076
146532,60,844,True,rome,100,170.71067811865476,fine,154566,25,1350,intra_cell,150,rome:60:109-0-s188:p0,100,0.05197779589301658,,1076
145332,60,822,True,rome,100,270.71067811865476,fine,154566,25,1350,intra_cell,150,rome:60:109-0-s188:p0,200,0.05974146966344474,,1076
145332,60,871,True,rome,100,470.71067811865476,fine,154566,25,1350,intra_cell,150,rome:60:109-0-s188:p0,400,0.05974146966344474,,1076
,120,,False,rome,100,0.0,fine,,25,1300,cell,100,rome:60:109-0-s188:p0,0,,no feasible adversarial claim under enabled constraints,1076
10162,120,944,True,rome,100,100.0,fine,11874,25,1300,cell,100,rome:60:109-0-s188:p0,100,0.1441805625736904,,1076
9942,120,922,True,rome,100,200.0,fine,11874,25,1300,cell,100,rome:60:109-0-s188:p0,200,0.16270843860535625,,1076
9420,120,922,True,rome,100,400.0,fine,11874,25,1300,cell,100,rome:60:109-0-s188:p0,400,0.2066700353713997,,1076
,120,,False,rome,100,70.71067811865476,fine,,25,1350,intra_cell,150,rome:60:109-0-s188:p0,0,,no feasible adversarial claim under enabled constraints,1076
8942,120,822,True,rome,100,170.71067811865476,fine,11874,25,1350,intra_cell,150,rome:60:109-0-s188:p0,100,0.24692605693111,,1076
8942,120,822,True,rome,100,270.71067811865476,fine,11874,25,1350,intra_cell,150,rome:60:109-0-s188:p0,200,0.24692605693111,,1076
8220,120,822,True,rome,100,470.71067811865476,fine,11874,25,1350,intra_cell,150,rome:60:109-0-s188:p0,400,0.3077311773623042,,1076
,300,,False,rome,100,0.0,fine,,25,1300,cell,100,rome:60:109-0-s188:p0,0,,no feasible adversarial claim under enabled constraints,1076
10162,300,944,True,rome,100,100.0,fine,11874,25,1300,cell,100,rome:60:109-0-s188:p0,100,0.1441805625736904,,1076
9942,300,922,True,rome,100,200.0,fine,11874,25,1300,cell,100,rome:60:109-0-s188:p0,200,0.16270843860535625,,1076
9420,300,922,True,rome,100,400.0,fine,11874,25,1300,cell,100,rome:60:109-0-s188:p0,400,0.2066700353713997,,1076
,300,,False,rome,100,70.71067811865476,fine,,25,1350,intra_cell,150,rome:60:109-0-s188:p0,0,,no feasible adversarial claim under enabled constraints,1076
8942,300,822,True,rome,100,170.71067811865476,fine,11874,25,1350,intra_cell,150,rome:60:109-0-s188:p0,100,0.24692605693111,,1076
8942,300,822,True,rome,100,270.71067811865476,fine,11874,25,1350,intra_cell,150,rome:60:109-0-s188:p0,200,0.24692605693111,,1076
8220,300,822,True,rome,100,470.71067811865476,fine,11874,25,1350,intra_cell,150,rome:60:109-0-s188:p0,400,0.3077311773623042,,1076
,60,,False,rome,100,0.0,coarse,,25,1300,cell,100,rome:60:109-0-s32:p0,0,,no feasible adversarial claim under enabled constraints,1408
177416,60,1331,True,rome,100,100.0,coarse,183394,25,1300,cell,100,rome:60:109-0-s32:p0,100,0.03259648625363971,,1408
175590,60,1364,True,rome,100,200.0,coarse,183394,25,1300,cell,100,rome:60:109-0-s32:p0,200,0.0425531914893617,,1408
170784,60,1224,True,rome,100,400.0,coarse,183394,25,1300,cell,100,rome:60:109-0-s32:p0,400,0.06875906518206702,,1408
,60,,False,rome,100,70.71067811865476,coarse,,25,1350,intra_cell,150,rome:60:109-0-s32:p0,0,,no feasible adversarial claim under enabled constraints,1408
175590,60,1289,True,rome,100,170.71067811865476,coarse,183394,25,1350,intra_cell,150,rome:60:109-0-s32:p0,100,0.0425531914893617,,1408
173886,60,1346,True,rome,100,270.71067811865476,coarse,183394,25,1350,intra_cell,150,rome:60:109-0-s32:p0,200,0.051844662311744116,,1408
169092,60,1213,True,rome,100,470.71067811865476,coarse,183394,25,1350,intra_cell,150,rome:60:109-0-s32:p0,400,0.07798510311133407,,1408
,120,,False,rome,100,0.0,coarse,,25,1300,cell,100,rome:60:109-0-s32:p0,0,,no feasible adversarial claim under enabled constraints,1408
13494,120,1205,True,rome,100,100.0,coarse,15742,25,1300,cell,100,rome:60:109-0-s32:p0,100,0.1428026934315843,,1408
12772,120,1205,True,rome,100,200.0,coarse,15742,25,1300,cell,100,rome:60:109-0-s32:p0,200,0.18866725956041164,,1408
12450,120,1205,True,rome,100,400.0,coarse,15742,25,1300,cell,100,rome:60:109-0-s32:p0,400,0.20912209376191082,,1408
,120,,False,rome,100,70.71067811865476,coarse,,25,1350,intra_cell,150,rome:60:109-0-s32:p0,0,,no feasible adversarial claim under enabled constraints,1408
11942,120,1122,True,rome,100,170.71067811865476,coarse,15742,25,1350,intra_cell,150,rome:60:109-0-s32:p0,100,0.2413924533096176,,1408
11616,120,1105,True,rome,100,270.71067811865476,coarse,15742,25,1350,intra_cell,150,rome:60:109-0-s32:p0,200,0.26210138483039,,1408
11250,120,1105,True,rome,100,470.71067811865476,coarse,15742,25,1350,intra_cell,150,rome:60:109-0-s32:p0,400,0.2853512895438953,,1408
,300,,False,rome,100,0.0,coarse,,25,1300,cell,100,rome:60:109-0-s32:p0,0,,no feasible adversarial claim under enabled constraints,1408
13494,300,1205,True,rome,100,100.0,coarse,15742,25,1300,cell,100,rome:60:109-0-s32:p0,100,0.1428026934315843,,1408
12772,300,1205,True,rome,100,200.0,coarse,15742,25,1300,cell,100,rome:60:109-0-s32:p0,200,0.18866725956041164,,1408
12450,300,1205,True,rome,100,400.0,coarse,15742,25,1300,cell,100,rome:60:109-0-s32:p0,400,0.20912209376191082,,1408
,300,,False,rome,100,70.71067811865476,coarse,,25,1350,intra_cell,150,rome:60:109-0-s32:p0,0,,no feasible adversarial claim under enabled constraints,1408
11942,300,1122,True,rome,100,170.71067811865476,coarse,15742,25,1350,intra_cell,150,rome:60:109-0-s32:p0,100,0.2413924533096176,,1408
11616,300,1105,True,rome,100,270.71067811865476,coarse,15742,25,1350,intra_cell,150,rome:60:109-0-s32:p0,200,0.26210138483039,,1408
11250,300,1105,True,rome,100,470.71067811865476,coarse,15742,25,1350,intra_cell,150,rome:60:109-0-s32:p0,400,0.2853512895438953,,1408
,60,,False,rome,100,0.0,medium,,25,1300,cell,100,rome:60:109-0-s32:p0,0,,no feasible adversarial claim under enabled constraints,1408
177416,60,1331,True,rome,100,100.0,medium,183394,25,1300,cell,100,rome:60:109-0-s32:p0,100,0.03259648625363971,,1408
175590,60,1364,True,rome,100,200.0,medium,183394,25,1300,cell,100,rome:60:109-0-s32:p0,200,0.0425531914893617,,1408
170784,60,1224,True,rome,100,400.0,medium,183394,25,1300,cell,100,rome:60:109-0-s32:p0,400,0.06875906518206702,,1408
,60,,False,rome,100,70.71067811865476,medium,,25,1350,intra_cell,150,rome:60:109-0-s32:p0,0,,no feasible adversarial claim under enabled constraints,1408
175590,60,1289,True,rome,100,170.71067811865476,medium,183394,25,1350,intra_cell,150,rome:60:109-0-s32:p0,100,0.0425531914893617,,1408
173886,60,1346,True,rome,100,270.71067811865476,medium,183394,25,1350,intra_cell,150,rome:60:109-0-s32:p0,200,0.051844662311744116,,1408
169092,60,1213,True,rome,100,470.71067811865476,medium,183394,25,1350,intra_cell,150,rome:60:109-0-s32:p0,400,0.07798510311133407,,1408
,120,,False,rome,100,0.0,medium,,25,1300,cell,100,rome:60:109-0-s32:p0,0,,no feasible adversarial claim under enabled constraints,1408
13562,120,1244,True,rome,100,100.0,medium,15742,25,1300,cell,100,rome:60:109-0-s32:p0,100,0.13848303900393852,,1408
12552,120,1183,True,rome,100,200.0,medium,15742,25,1300,cell,100,rome:60:109-0-s32:p0,200,0.20264261212044213,,1408
12450,120,1205,True,rome,100,400.0,medium,15742,25,1300,cell,100,rome:60:109-0-s32:p0,400,0.20912209376191082,,1408
,120,,False,rome,100,70.71067811865476,medium,,25,1350,intra_cell,150,rome:60:109-0-s32:p0,0,,no feasible adversarial claim under enabled constraints,1408
11942,120,1122,True,rome,100,170.71067811865476,medium,15742,25,1350,intra_cell,150,rome:60:109-0-s32:p0,100,0.2413924533096176,,1408
11552,120,1083,True,rome,100,270.71067811865476,medium,15742,25,1350,intra_cell,150,rome:60:109-0-s32:p0,200,0.26616694193876256,,1408
11250,120,1105,True,rome,100,470.71067811865476,medium,15742,25,1350,intra_cell,150,rome:60:109-0-s32:p0,400,0.2853512895438953,,1408
,300,,False,rome,100,0.0,medium,,25,1300,cell,100,rome:60:109-0-s32:p0,0,,no feasible adversarial claim under enabled constraints,1408
13562,300,1244,True,rome,100,100.0,medium,15742,25,1300,cell,100,rome:60:109-0-s32:p0,100,0.13848303900393852,,1408
12552,300,1183,True,rome,100,200.0,medium,15742,25,1300,cell,100,rome:60:109-0-s32:p0,200,0.20264261212044213,,1408
12450,300,1205,True,rome,100,400.0,medium,15742,25,1300,cell,100,rome:60:109-0-s32:p0,400,0.20912209376191082,,1408
,300,,False,rome,100,70.71067811865476,medium,,25,1350,intra_cell,150,rome:60:109-0-s32:p0,0,,no feasible adversarial claim under enabled constraints,1408
11942,300,1122,True,rome,100,170.71067811865476,medium,15742,25,1350,intra_cell,150,rome:60:109-0-s32:p0,100,0.2413924533096176,,1408
11552,300,1083,True,rome,100,270.71067811865476,medium,15742,25,1350,intra_cell,150,rome:60:109-0-s32:p0,200,0.26616694193876256,,1408
11250,300,1105,True,rome,100,470.71067811865476,medium,15742,25,1350,intra_cell,150,rome:60:109-0-s32:p0,400,0.2853512895438953,,1408
,60,,False,rome,100,0.0,fine,,25,1300,cell,100,rome:60:109-0-s32:p0,0,,no feasible adversarial claim under enabled constraints,1408
177416,60,1331,True,rome,100,100.0,fine,183394,25,1300,cell,100,rome:60:109-0-s32:p0,100,0.03259648625363971,,1408
175590,60,1364,True,rome,100,200.0,fine,183394,25,1300,cell,100,rome:60:109-0-s32:p0,200,0.0425531914893617,,1408
170784,60,1224,True,rome,100,400.0,fine,183394,25,1300,cell,100,rome:60:109-0-s32:p0,400,0.06875906518206702,,1408
,60,,False,rome,100,70.71067811865476,fine,,25,1350,intra_cell,150,rome:60:109-0-s32:p0,0,,no feasible adversarial claim under enabled constraints,1408
175590,60,1289,True,rome,100,170.71067811865476,fine,183394,25,1350,intra_cell,150,rome:60:109-0-s32:p0,100,0.0425531914893617,,1408
173886,60,1324,True,rome,100,270.71067811865476,fine,183394,25,1350,intra_cell,150,rome:60:109-0-s32:p0,200,0.051844662311744116,,1408
169092,60,1213,True,rome,100,470.71067811865476,fine,183394,25,1350,intra_cell,150,rome:60:109-0-s32:p0,400,0.07798510311133407,,1408
,120,,False,rome,100,0.0,fine,,25,1300,cell,100,rome:60:109-0-s32:p0,0,,no feasible adversarial claim under enabled constraints,1408
13494,120,1205,True,rome,100,100.0,fine,15742,25,1300,cell,100,rome:60:109-0-s32:p0,100,0.1428026934315843,,1408
12772,120,1205,True,rome,100,200.0,fine,15742,25,1300,cell,100,rome:60:109-0-s32:p0,200,0.18866725956041164,,1408
12150,120,1215,True,rome,100,400.0,fine,15742,25,1300,cell,100,rome:60:109-0-s32:p0,400,0.22817939270740695,,1408
,120,,False,rome,100,70.71067811865476,fine,,25,1350,intra_cell,150,rome:60:109-0-s32:p0,0,,no feasible adversarial claim under enabled constraints,1408
11942,120,1122,True,rome,100,170.71067811865476,fine,15742,25,1350,intra_cell,150,rome:60:109-0-s32:p0,100,0.2413924533096176,,1408
11616,120,1105,True,rome,100,270.71067811865476,fine,15742,25,1350,intra_cell,150,rome:60:109-0-s32:p0,200,0.26210138483039,,1408
11230,120,1123,True,rome,100,470.71067811865476,fine,15742,25,1350,intra_cell,150,rome:60:109-0-s32:p0,400,0.28662177614026174,,1408
,300,,False,rome,100,0.0,fine,,25,1300,cell,100,rome:60:109-0-s32:p0,0,,no feasible adversarial claim under enabled constraints,1408
13494,300,1205,True,rome,100,100.0,fine,15742,25,1300,cell,100,rome:60:109-0-s32:p0,100,0.1428026934315843,,1408
12772,300,1205,True,rome,100,200.0,fine,15742,25,1300,cell,100,rome:60:109-0-s32:p0,200,0.18866725956041164,,1408
12150,300,1215,True,rome,100,400.0,fine,15742,25,1300,cell,100,rome:60:109-0-s32:p0,400,0.22817939270740695,,1408
,300,,False,rome,100,70.71067811865476,fine,,25,1350,intra_cell,150,rome:60:109-0-s32:p0,0,,no feasible adversarial claim under enabled constraints,1408
11942,300,1122,True,rome,100,170.71067811865476,fine,15742,25,1350,intra_cell,150,rome:60:109-0-s32:p0,100,0.2413924533096176,,1408
11616,300,1105,True,rome,100,270.71067811865476,fine,15742,25,1350,intra_cell,150,rome:60:109-0-s32:p0,200,0.26210138483039,,1408
11230,300,1123,True,rome,100,470.71067811865476,fine,15742,25,1350,intra_cell,150,rome:60:109-0-s32:p0,400,0.28662177614026174,,1408
,60,,False,rome,100,0.0,coarse,,25,1300,cell,100,rome:60:109-0-s40:p0,0,,no feasible adversarial claim under enabled constraints,2463
137328,60,2433,True,rome,100,100.0,coarse,148140,25,1300,cell,100,rome:60:109-0-s40:p0,100,0.07298501417577967,,2463
132102,60,2399,True,rome,100,200.0,coarse,148140,25,1300,cell,100,rome:60:109-0-s40:p0,200,0.10826245443499392,,2463
124164,60,2407,True,rome,100,400.0,coarse,148140,25,1300,cell,100,rome:60:109-0-s40:p0,400,0.16184690157958687,,2463
,60,,False,rome,100,70.71067811865476,coarse,,25,1350,intra_cell,150,rome:60:109-0-s40:p0,0,,no feasible adversarial claim under enabled constraints,2463
134816,60,2290,True,rome,100,170.71067811865476,coarse,148140,25,1350,intra_cell,150,rome:60:109-0-s40:p0,100,0.08994194680707439,,2463
128922,60,2240,True,rome,100,270.71067811865476,coarse,148140,25,1350,intra_cell,150,rome:60:109-0-s40:p0,200,0.12972863507492913,,2463
121980,60,2322,True,rome,100,470.71067811865476,coarse,148140,25,1350,intra_cell,150,rome:60:109-0-s40:p0,400,0.1765897124341839,,2463
,120,,False,rome,100,0.0,coarse,,25,1300,cell,100,rome:60:109-0-s40:p0,0,,no feasible adversarial claim under enabled constraints,2463
25474,120,2283,True,rome,100,100.0,coarse,28662,25,1300,cell,100,rome:60:109-0-s40:p0,100,0.11122740911311144,,2463
24466,120,2210,True,rome,100,200.0,coarse,28662,25,1300,cell,100,rome:60:109-0-s40:p0,200,0.1463959249180099,,2463
23402,120,2268,True,rome,100,400.0,coarse,28662,25,1300,cell,100,rome:60:109-0-s40:p0,400,0.18351824715651385,,2463
,120,,False,rome,100,70.71067811865476,coarse,,25,1350,intra_cell,150,rome:60:109-0-s40:p0,0,,no feasible adversarial claim under enabled constraints,2463
24006,120,2144,True,rome,100,170.71067811865476,coarse,28662,25,1350,intra_cell,150,rome:60:109-0-s40:p0,100,0.16244504919405484,,2463
22894,120,2105,True,rome,100,270.71067811865476,coarse,28662,25,1350,intra_cell,150,rome:60:109-0-s40:p0,200,0.2012420626613635,,2463
22292,120,2137,True,rome,100,470.71067811865476,coarse,28662,25,1350,intra_cell,150,rome:60:109-0-s40:p0,400,0.2222454818226223,,2463
,300,,False,rome,100,0.0,coarse,,25,1300,cell,100,rome:60:109-0-s40:p0,0,,no feasible adversarial claim under enabled constraints,2463
25474,300,2283,True,rome,100,100.0,coarse,28662,25,1300,cell,100,rome:60:109-0-s40:p0,100,0.11122740911311144,,2463
24466,300,2210,True,rome,100,200.0,coarse,28662,25,1300,cell,100,rome:60:109-0-s40:p0,200,0.1463959249180099,,2463
23402,300,2268,True,rome,100,400.0,coarse,28662,25,1300,cell,100,rome:60:109-0-s40:p0,400,0.18351824715651385,,2463
,300,,False,rome,100,70.71067811865476,coarse,,25,1350,intra_cell,150,rome:60:109-0-s40:p0,0,,no feasible adversarial claim under enabled constraints,2463
24006,300,2144,True,rome,100,170.71067811865476,coarse,28662,25,1350,intra_cell,150,rome:60:109-0-s40:p0,100,0.16244504919405484,,2463
22894,300,2105,True,rome,100,270.71067811865476,coarse,28662,25,1350,intra_cell,150,rome:60:109-0-s40:p0,200,0.2012420626613635,,2463
22292,300,2137,True,rome,100,470.71067811865476,coarse,28662,25,1350,intra_cell,150,rome:60:109-0-s40:p0,400,0.2222454818226223,,2463
,60,,False,rome,100,0.0,medium,,25,1300,cell,100,rome:60:109-0-s40:p0,0,,no feasible adversarial claim under enabled constraints,2463
137328,60,2433,True,rome,100,100.0,medium,148140,25,1300,cell,100,rome:60:109-0-s40:p0,100,0.07298501417577967,,2463
132102,60,2399,True,rome,100,200.0,medium,148140,25,1300,cell,100,rome:60:109-0-s40:p0,200,0.10826245443499392,,2463
124164,60,2407,True,rome,100,400.0,medium,148140,25,1300,cell,100,rome:60:109-0-s40:p0,400,0.16184690157958687,,2463
,60,,False,rome,100,70.71067811865476,medium,,25,1350,intra_cell,150,rome:60:109-0-s40:p0,0,,no feasible adversarial claim under enabled constraints,2463
134816,60,2290,True,rome,100,170.71067811865476,medium,148140,25,1350,intra_cell,150,rome:60:109-0-s40:p0,100,0.08994194680707439,,2463
128922,60,2240,True,rome,100,270.71067811865476,medium,148140,25,1350,intra_cell,150,rome:60:109-0-s40:p0,200,0.12972863507492913,,2463
121980,60,2322,True,rome,100,470.71067811865476,medium,148140,25,1350,intra_cell,150,rome:60:109-0-s40:p0,400,0.1765897124341839,,2463
,120,,False,rome,100,0.0,medium,,25,1300,cell,100,rome:60:109-0-s40:p0,0,,no feasible adversarial claim under enabled constraints,2463
25474,120,2283,True,rome,100,100.0,medium,28662,25,1300,cell,100,rome:60:109-0-s40:p0,100,0.11122740911311144,,2463
24548,120,2166,True,rome,100,200.0,medium,28662,25,1300,cell,100,rome:60:109-0-s40:p0,200,0.1435349940688019,,2463
23352,120,2243,True,rome,100,400.0,medium,28662,25,1300,cell,100,rome:60:109-0-s40:p0,400,0.18526271718651874,,2463
,120,,False,rome,100,70.71067811865476,medium,,25,1350,intra_cell,150,rome:60:109-0-s40:p0,0,,no feasible adversarial claim under enabled constraints,2463
24006,120,2144,True,rome,100,170.71067811865476,medium,28662,25,1350,intra_cell,150,rome:60:109-0-s40:p0,100,0.16244504919405484,,2463
23216,120,2105,True,rome,100,270.71067811865476,medium,28662,25,1350,intra_cell,150,rome:60:109-0-s40:p0,200,0.190007675668132,,2463
22152,120,2143,True,rome,100,470.71067811865476,medium,28662,25,1350,intra_cell,150,rome:60:109-0-s40:p0,400,0.22712999790663596,,2463
,300,,False,rome,100,0.0,medium,,25,1300,cell,100,rome:60:109-0-s40:p0,0,,no feasible adversarial claim under enabled constraints,2463
25474,300,2283,True,rome,100,100.0,medium,28662,25,1300,cell,100,rome:60:109-0-s40:p0,100,0.11122740911311144,,2463
24548,300,2166,True,rome,100,200.0,medium,28662,25,1300,cell,100,rome:60:109-0-s40:p0,200,0.1435349940688019,,2463
23352,300,2243,True,rome,100,400.0,medium,28662,25,1300,cell,100,rome:60:109-0-s40:p0,400,0.18526271718651874,,2463
,300,,False,rome,100,70.71067811865476,medium,,25,1350,intra_cell,150,rome:60:109-0-s40:p0,0,,no feasible adversarial claim under enabled constraints,2463
24006,300,2144,True,rome,100,170.71067811865476,medium,28662,25,1350,intra_cell,150,rome:60:109-0-s40:p0,100,0.16244504919405484,,2463
23216,300,2105,True,rome,100,270.71067811865476,medium,28662,25,1350,intra_cell,150,rome:60:109-0-s40:p0,200,0.190007675668132,,2463
22152,300,2143,True,rome,100,470.71067811865476,medium,28662,25,1350,intra_cell,150,rome:60:109-0-s40:p0,400,0.22712999790663596,,2463
,60,,False,rome,100,0.0,fine,,25,1300,cell,100,rome:60:109-0-s40:p0,0,,no feasible adversarial claim under enabled constraints,2463
137328,60,2433,True,rome,100,100.0,fine,148140,25,1300,cell,100,rome:60:109-0-s40:p0,100,0.07298501417577967,,2463
132240,60,2387,True,rome,100,200.0,fine,148140,25,1300,cell,100,rome:60:109-0-s40:p0,200,0.10733090319967598,,2463
124164,60,2407,True,rome,100,400.0,fine,148140,25,1300,cell,100,rome:60:109-0-s40:p0,400,0.16184690157958687,,2463
,60,,False,rome,100,70.71067811865476,fine,,25,1350,intra_cell,150,rome:60:109-0-s40:p0,0,,no feasible adversarial claim under enabled constraints,2463
134816,60,2290,True,rome,100,170.71067811865476,fine,148140,25,1350,intra_cell,150,rome:60:109-0-s40:p0,100,0.08994194680707439,,2463
128922,60,2240,True,rome,100,270.71067811865476,fine,148140,25,1350,intra_cell,150,rome:60:109-0-s40:p0,200,0.12972863507492913,,2463
121980,60,2322,True,rome,100,470.71067811865476,fine,148140,25,1350,intra_cell,150,rome:60:109-0-s40:p0,400,0.1765897124341839,,2463
,120,,False,rome,100,0.0,fine,,25,1300,cell,100,rome:60:109-0-s40:p0,0,,no feasible adversarial claim under enabled constraints,2463
25474,120,2283,True,rome,100,100.0,fine,28662,25,1300,cell,100,rome:60:109-0-s40:p0,100,0.11122740911311144,,2463
24304,120,2266,True,rome,100,200.0,fine,28662,25,1300,cell,100,rome:60:109-0-s40:p0,200,0.15204800781522573,,2463
22970,120,2297,True,rome,100,400.0,fine,28662,25,1300,cell,100,rome:60:109-0-s40:p0,400,0.19859046821575604,,2463
,120,,False,rome,100,70.71067811865476,fine,,25,1350,intra_cell,150,rome:60:109-0-s40:p0,0,,no feasible adversarial claim under enabled constraints,2463
24006,120,2144,True,rome,100,170.71067811865476,fine,28662,25,1350,intra_cell,150,rome:60:109-0-s40:p0,100,0.16244504919405484,,2463
22884,120,2144,True,rome,100,270.71067811865476,fine,28662,25,1350,intra_cell,150,rome:60:109-0-s40:p0,200,0.20159095666736446,,2463
22000,120,2200,True,rome,100,470.71067811865476,fine,28662,25,1350,intra_cell,150,rome:60:109-0-s40:p0,400,0.2324331867978508,,2463
,300,,False,rome,100,0.0,fine,,25,1300,cell,100,rome:60:109-0-s40:p0,0,,no feasible adversarial claim under enabled constraints,2463
25474,300,2283,True,rome,100,100.0,fine,28662,25,1300,cell,100,rome:60:109-0-s40:p0,100,0.11122740911311144,,2463
24304,300,2266,True,rome,100,200.0,fine,28662,25,1300,cell,100,rome:60:109-0-s40:p0,200,0.15204800781522573,,2463
22970,300,2297,True,rome,100,400.0,fine,28662,25,1300,cell,100,rome:60:109-0-s40:p0,400,0.19859046821575604,,2463
,300,,False,rome,100,70.71067811865476,fine,,25,1350,intra_cell,150,rome:60:109-0-s40:p0,0,,no feasible adversarial claim under enabled constraints,2463
24006,300,2144,True,rome,100,170.71067811865476,fine,28662,25,1350,intra_cell,150,rome:60:109-0-s40:p0,100,0.16244504919405484,,2463
22884,300,2144,True,rome,100,270.71067811865476,fine,28662,25,1350,intra_cell,150,rome:60:109-0-s40:p0,200,0.20159095666736446,,2463
22000,300,2200,True,rome,100,470.71067811865476,fine,28662,25,1350,intra_cell,150,rome:60:109-0-s40:p0,400,0.2324331867978508,,2463
,60,,False,rome,100,0.0,coarse,,25,1300,cell,100,rome:60:109-0-s42:p0,0,,no feasible adversarial claim under enabled constraints,2377
180288,60,2352,True,rome,100,100.0,coarse,191614,25,1300,cell,100,rome:60:109-0-s42:p0,100,0.059108415877754235,,2377
178344,60,2462,True,rome,100,200.0,coarse,191614,25,1300,cell,100,rome:60:109-0-s42:p0,200,0.06925381235191583,,2377
173268,60,2445,True,rome,100,400.0,coarse,191614,25,1300,cell,100,rome:60:109-0-s42:p0,400,0.09574456981222666,,2377
,60,,False,rome,100,70.71067811865476,coarse,,25,1350,intra_cell,150,rome:60:109-0-s42:p0,0,,no feasible adversarial claim under enabled constraints,2377
178800,60,2189,True,rome,100,170.71067811865476,coarse,191614,25,1350,intra_cell,150,rome:60:109-0-s42:p0,100,0.06687402799377916,,2377
176652,60,2330,True,rome,100,270.71067811865476,coarse,191614,25,1350,intra_cell,150,rome:60:109-0-s42:p0,200,0.07808406483868612,,2377
171576,60,2241,True,rome,100,470.71067811865476,coarse,191614,25,1350,intra_cell,150,rome:60:109-0-s42:p0,400,0.10457482229899694,,2377
,120,,False,rome,100,0.0,coarse,,25,1300,cell,100,rome:60:109-0-s42:p0,0,,no feasible adversarial claim under enabled constraints,2377
23870,120,2166,True,rome,100,100.0,coarse,26936,25,1300,cell,100,rome:60:109-0-s42:p0,100,0.11382536382536383,,2377
23216,120,2105,True,rome,100,200.0,coarse,26936,25,1300,cell,100,rome:60:109-0-s42:p0,200,0.1381051381051381,,2377
21880,120,2168,True,rome,100,400.0,coarse,26936,25,1300,cell,100,rome:60:109-0-s42:p0,400,0.1877041877041877,,2377
,120,,False,rome,100,70.71067811865476,coarse,,25,1350,intra_cell,150,rome:60:109-0-s42:p0,0,,no feasible adversarial claim under enabled constraints,2377
22806,120,2044,True,rome,100,170.71067811865476,coarse,26936,25,1350,intra_cell,150,rome:60:109-0-s42:p0,100,0.15332640332640332,,2377
22162,120,2044,True,rome,100,270.71067811865476,coarse,26936,25,1350,intra_cell,150,rome:60:109-0-s42:p0,200,0.17723492723492723,,2377
20680,120,2068,True,rome,100,470.71067811865476,coarse,26936,25,1350,intra_cell,150,rome:60:109-0-s42:p0,400,0.23225423225423225,,2377
,300,,False,rome,100,0.0,coarse,,25,1300,cell,100,rome:60:109-0-s42:p0,0,,no feasible adversarial claim under enabled constraints,2377
23870,300,2166,True,rome,100,100.0,coarse,26936,25,1300,cell,100,rome:60:109-0-s42:p0,100,0.11382536382536383,,2377
23216,300,2105,True,rome,100,200.0,coarse,26936,25,1300,cell,100,rome:60:109-0-s42:p0,200,0.1381051381051381,,2377
21880,300,2168,True,rome,100,400.0,coarse,26936,25,1300,cell,100,rome:60:109-0-s42:p0,400,0.1877041877041877,,2377
,300,,False,rome,100,70.71067811865476,coarse,,25,1350,intra_cell,150,rome:60:109-0-s42:p0,0,,no feasible adversarial claim under enabled constraints,2377
22806,300,2044,True,rome,100,170.71067811865476,coarse,26936,25,1350,intra_cell,150,rome:60:109-0-s42:p0,100,0.15332640332640332,,2377
22162,300,2044,True,rome,100,270.71067811865476,coarse,26936,25,1350,intra_cell,150,rome:60:109-0-s42:p0,200,0.17723492723492723,,2377
20680,300,2068,True,rome,100,470.71067811865476,coarse,26936,25,1350,intra_cell,150,rome:60:109-0-s42:p0,400,0.23225423225423225,,2377
,60,,False,rome,100,0.0,medium,,25,1300,cell,100,rome:60:109-0-s42:p0,0,,no feasible adversarial claim under enabled constraints,2377
180288,60,2352,True,rome,100,100.0,medium,191614,25,1300,cell,100,rome:60:109-0-s42:p0,100,0.059108415877754235,,2377
178344,60,2462,True,rome,100,200.0,medium,191614,25,1300,cell,100,rome:60:109-0-s42:p0,200,0.06925381235191583,,2377
173268,60,2445,True,rome,100,400.0,medium,191614,25,1300,cell,100,rome:60:109-0-s42:p0,400,0.09574456981222666,,2377
,60,,False,rome,100,70.71067811865476,medium,,25,1350,intra_cell,150,rome:60:109-0-s42:p0,0,,no feasible adversarial claim under enabled constraints,2377
178800,60,2189,True,rome,100,170.71067811865476,medium,191614,25,1350,intra_cell,150,rome:60:109-0-s42:p0,100,0.06687402799377916,,2377
176652,60,2330,True,rome,100,270.71067811865476,medium,191614,25,1350,intra_cell,150,rome:60:109-0-s42:p0,200,0.07808406483868612,,2377
171576,60,2241,True,rome,100,470.71067811865476,medium,191614,25,1350,intra_cell,150,rome:60:109-0-s42:p0,400,0.10457482229899694,,2377
,120,,False,rome,100,0.0,medium,,25,1300,cell,100,rome:60:109-0-s42:p0,0,,no feasible adversarial claim under enabled constraints,2377
23870,120,2166,True,rome,100,100.0,medium,26936,25,1300,cell,100,rome:60:109-0-s42:p0,100,0.11382536382536383,,2377
23436,120,2127,True,rome,100,200.0,medium,26936,25,1300,cell,100,rome:60:109-0-s42:p0,200,0.12993762993762994,,2377
21830,120,2143,True,rome,100,400.0,medium,26936,25,1300,cell,100,rome:60:109-0-s42:p0,400,0.18956043956043955,,2377
,120,,False,rome,100,70.71067811865476,medium,,25,1350,intra_cell,150,rome:60:109-0-s42:p0,0,,no feasible adversarial claim under enabled constraints,2377
22806,120,2044,True,rome,100,170.71067811865476,medium,26936,25,1350,intra_cell,150,rome:60:109-0-s42:p0,100,0.15332640332640332,,2377
22162,120,2044,True,rome,100,270.71067811865476,medium,26936,25,1350,intra_cell,150,rome:60:109-0-s42:p0,200,0.17723492723492723,,2377
20430,120,2043,True,rome,100,470.71067811865476,medium,26936,25,1350,intra_cell,150,rome:60:109-0-s42:p0,400,0.24153549153549153,,2377
,300,,False,rome,100,0.0,medium,,25,1300,cell,100,rome:60:109-0-s42:p0,0,,no feasible adversarial claim under enabled constraints,2377
23870,300,2166,True,rome,100,100.0,medium,26936,25,1300,cell,100,rome:60:109-0-s42:p0,100,0.11382536382536383,,2377
23436,300,2127,True,rome,100,200.0,medium,26936,25,1300,cell,100,rome:60:109-0-s42:p0,200,0.12993762993762994,,2377
21830,300,2143,True,rome,100,400.0,medium,26936,25,1300,cell,100,rome:60:109-0-s42:p0,400,0.18956043956043955,,2377
,300,,False,rome,100,70.71067811865476,medium,,25,1350,intra_cell,150,rome:60:109-0-s42:p0,0,,no feasible adversarial claim under enabled constraints,2377
22806,300,2044,True,rome,100,170.71067811865476,medium,26936,25,1350,intra_cell,150,rome:60:109-0-s42:p0,100,0.15332640332640332,,2377
22162,300,2044,True,rome,100,270.71067811865476,medium,26936,25,1350,intra_cell,150,rome:60:109-0-s42:p0,200,0.17723492723492723,,2377
20430,300,2043,True,rome,100,470.71067811865476,medium,26936,25,1350,intra_cell,150,rome:60:109-0-s42:p0,400,0.24153549153549153,,2377
,60,,False,rome,100,0.0,fine,,25,1300,cell,100,rome:60:109-0-s42:p0,0,,no feasible adversarial claim under enabled constraints,2377
180288,60,2352,True,rome,100,100.0,fine,191614,25,1300,cell,100,rome:60:109-0-s42:p0,100,0.059108415877754235,,2377
178344,60,2462,True,rome,100,200.0,fine,191614,25,1300,cell,100,rome:60:109-0-s42:p0,200,0.06925381235191583,,2377
173268,60,2445,True,rome,100,400.0,fine,191614,25,1300,cell,100,rome:60:109-0-s42:p0,400,0.09574456981222666,,2377
,60,,False,rome,100,70.71067811865476,fine,,25,1350,intra_cell,150,rome:60:109-0-s42:p0,0,,no feasible adversarial claim under enabled constraints,2377
178800,60,2189,True,rome,100,170.71067811865476,fine,191614,25,1350,intra_cell,150,rome:60:109-0-s42:p0,100,0.06687402799377916,,2377
176652,60,2330,True,rome,100,270.71067811865476,fine,191614,25,1350,intra_cell,150,rome:60:109-0-s42:p0,200,0.07808406483868612,,2377
171576,60,2241,True,rome,100,470.71067811865476,fine,191614,25,1350,intra_cell,150,rome:60:109-0-s42:p0,400,0.10457482229899694,,2377
,120,,False,rome,100,0.0,fine,,25,1300,cell,100,rome:60:109-0-s42:p0,0,,no feasible adversarial claim under enabled constraints,2377
23870,120,2166,True,rome,100,100.0,fine,26936,25,1300,cell,100,rome:60:109-0-s42:p0,100,0.11382536382536383,,2377
23216,120,2105,True,rome,100,200.0,fine,26936,25,1300,cell,100,rome:60:109-0-s42:p0,200,0.1381051381051381,,2377
21470,120,2127,True,rome,100,400.0,fine,26936,25,1300,cell,100,rome:60:109-0-s42:p0,400,0.20292545292545291,,2377
,120,,False,rome,100,70.71067811865476,fine,,25,1350,intra_cell,150,rome:60:109-0-s42:p0,0,,no feasible adversarial claim under enabled constraints,2377
22806,120,2044,True,rome,100,170.71067811865476,fine,26936,25,1350,intra_cell,150,rome:60:109-0-s42:p0,100,0.15332640332640332,,2377
21930,120,2093,True,rome,100,270.71067811865476,fine,26936,25,1350,intra_cell,150,rome:60:109-0-s42:p0,200,0.18584793584793585,,2377
20270,120,2027,True,rome,100,470.71067811865476,fine,26936,25,1350,intra_cell,150,rome:60:109-0-s42:p0,400,0.24747549747549746,,2377
,300,,False,rome,100,0.0,fine,,25,1300,cell,100,rome:60:109-0-s42:p0,0,,no feasible adversarial claim under enabled constraints,2377
23870,300,2166,True,rome,100,100.0,fine,26936,25,1300,cell,100,rome:60:109-0-s42:p0,100,0.11382536382536383,,2377
23216,300,2105,True,rome,100,200.0,fine,26936,25,1300,cell,100,rome:60:109-0-s42:p0,200,0.1381051381051381,,2377
21470,300,2127,True,rome,100,400.0,fine,26936,25,1300,cell,100,rome:60:109-0-s42:p0,400,0.20292545292545291,,2377
,300,,False,rome,100,70.71067811865476,fine,,25,1350,intra_cell,150,rome:60:109-0-s42:p0,0,,no feasible adversarial claim under enabled constraints,2377
22806,300,2044,True,rome,100,170.71067811865476,fine,26936,25,1350,intra_cell,150,rome:60:109-0-s42:p0,100,0.15332640332640332,,2377
21930,300,2093,True,rome,100,270.71067811865476,fine,26936,25,1350,intra_cell,150,rome:60:109-0-s42:p0,200,0.18584793584793585,,2377
20270,300,2027,True,rome,100,470.71067811865476,fine,26936,25,1350,intra_cell,150,rome:60:109-0-s42:p0,400,0.24747549747549746,,2377
259232,60,616,True,rome,100,0.0,coarse,258564,25,1300,cell,100,rome:60:11-0-s136:p0,0,0.0,,574
255680,60,565,True,rome,100,100.0,coarse,258564,25,1300,cell,100,rome:60:11-0-s136:p0,100,0.011153911604090284,,574
254440,60,565,True,rome,100,200.0,coarse,258564,25,1300,cell,100,rome:60:11-0-s136:p0,200,0.015949629492118006,,574
253440,60,589,True,rome,100,400.0,coarse,258564,25,1300,cell,100,rome:60:11-0-s136:p0,400,0.019817143917946815,,574
259232,60,616,True,rome,100,70.71067811865476,coarse,258564,25,1350,intra_cell,150,rome:60:11-0-s136:p0,0,0.0,,574
255440,60,400,True,rome,100,170.71067811865476,coarse,258564,25,1350,intra_cell,150,rome:60:11-0-s136:p0,100,0.012082115066289197,,574
253440,60,424,True,rome,100,270.71067811865476,coarse,258564,25,1350,intra_cell,150,rome:60:11-0-s136:p0,200,0.019817143917946815,,574
253440,60,416,True,rome,100,470.71067811865476,coarse,258564,25,1350,intra_cell,150,rome:60:11-0-s136:p0,400,0.019817143917946815,,574
6792,120,616,True,rome,100,0.0,coarse,6364,25,1300,cell,100,rome:60:11-0-s136:p0,0,0.0,,574
5000,120,500,True,rome,100,100.0,coarse,6364,25,1300,cell,100,rome:60:11-0-s136:p0,100,0.2143306096794469,,574
4610,120,461,True,rome,100,200.0,coarse,6364,25,1300,cell,100,rome:60:11-0-s136:p0,200,0.27561282212445004,,574
4610,120,461,True,rome,100,400.0,coarse,6364,25,1300,cell,100,rome:60:11-0-s136:p0,400,0.27561282212445004,,574
6792,120,616,True,rome,100,70.71067811865476,coarse,6364,25,1350,intra_cell,150,rome:60:11-0-s136:p0,0,0.0,,574
3830,120,383,True,rome,100,170.71067811865476,coarse,6364,25,1350,intra_cell,150,rome:60:11-0-s136:p0,100,0.39817724701445634,,574
3610,120,361,True,rome,100,270.71067811865476,coarse,6364,25,1350,intra_cell,150,rome:60:11-0-s136:p0,200,0.43274670018856065,,574
3610,120,361,True,rome,100,470.71067811865476,coarse,6364,25,1350,intra_cell,150,rome:60:11-0-s136:p0,400,0.43274670018856065,,574
6792,300,616,True,rome,100,0.0,coarse,6364,25,1300,cell,100,rome:60:11-0-s136:p0,0,0.0,,574
5000,300,500,True,rome,100,100.0,coarse,6364,25,1300,cell,100,rome:60:11-0-s136:p0,100,0.2143306096794469,,574
4610,300,461,True,rome,100,200.0,coarse,6364,25,1300,cell,100,rome:60:11-0-s136:p0,200,0.27561282212445004,,574
4610,300,461,True,rome,100,400.0,coarse,6364,25,1300,cell,100,rome:60:11-0-s136:p0,400,0.27561282212445004,,574
6792,300,616,True,rome,100,70.71067811865476,coarse,6364,25,1350,intra_cell,150,rome:60:11-0-s136:p0,0,0.0,,574
3830,300,383,True,rome,100,170.71067811865476,coarse,6364,25,1350,intra_cell,150,rome:60:11-0-s136:p0,100,0.39817724701445634,,574
3610,300,361,True,rome,100,270.71067811865476,coarse,6364,25,1350,intra_cell,150,rome:60:11-0-s136:p0,200,0.43274670018856065,,574
3610,300,361,True,rome,100,470.71067811865476,coarse,6364,25,1350,intra_cell,150,rome:60:11-0-s136:p0,400,0.43274670018856065,,574
258600,60,616,True,rome,100,0.0,medium,257940,25,1300,cell,100,rome:60:11-0-s136:p0,0,0.0,,574
255680,60,565,True,rome,100,100.0,medium,257940,25,1300,cell,100,rome:60:11-0-s136:p0,100,0.00876172753353493,,574
254440,60,565,True,rome,100,200.0,medium,257940,25,1300,cell,100,rome:60:11-0-s136:p0,200,0.013569047065208964,,574
253440,60,589,True,rome,100,400.0,medium,257940,25,1300,cell,100,rome:60:11-0-s136:p0,400,0.017445917655268667,,574
258600,60,616,True,rome,100,70.71067811865476,medium,257940,25,1350,intra_cell,150,rome:60:11-0-s136:p0,0,0.0,,574
255440,60,400,True,rome,100,170.71067811865476,medium,257940,25,1350,intra_cell,150,rome:60:11-0-s136:p0,100,0.009692176475149259,,574
253440,60,424,True,rome,100,270.71067811865476,medium,257940,25,1350,intra_cell,150,rome:60:11-0-s136:p0,200,0.017445917655268667,,574
253440,60,416,True,rome,100,470.71067811865476,medium,257940,25,1350,intra_cell,150,rome:60:11-0-s136:p0,400,0.017445917655268667,,574
6160,120,616,True,rome,100,0.0,medium,5740,25,1300,cell,100,rome:60:11-0-s136:p0,0,0.0,,574
5000,120,500,True,rome,100,100.0,medium,5740,25,1300,cell,100,rome:60:11-0-s136:p0,100,0.1289198606271777,,574
4610,120,461,True,rome,100,200.0,medium,5740,25,1300,cell,100,rome:60:11-0-s136:p0,200,0.19686411149825783,,574
4610,120,461,True,rome,100,400.0,medium,5740,25,1300,cell,100,rome:60:11-0-s136:p0,400,0.19686411149825783,,574
6160,120,616,True,rome,100,70.71067811865476,medium,5740,25,1350,intra_cell,150,rome:60:11-0-s136:p0,0,0.0,,574
3830,120,383,True,rome,100,170.71067811865476,medium,5740,25,1350,intra_cell,150,rome:60:11-0-s136:p0,100,0.3327526132404181,,574
3610,120,361,True,rome,100,270.71067811865476,medium,5740,25,1350,intra_cell,150,rome:60:11-0-s136:p0,200,0.3710801393728223,,574
3610,120,361,True,rome,100,470.71067811865476,medium,5740,25,1350,intra_cell,150,rome:60:11-0-s136:p0,400,0.3710801393728223,,574
6160,300,616,True,rome,100,0.0,medium,5740,25,1300,cell,100,rome:60:11-0-s136:p0,0,0.0,,574
5000,300,500,True,rome,100,100.0,medium,5740,25,1300,cell,100,rome:60:11-0-s136:p0,100,0.1289198606271777,,574
4610,300,461,True,rome,100,200.0,medium,5740,25,1300,cell,100,rome:60:11-0-s136:p0,200,0.19686411149825783,,574
4610,300,461,True,rome,100,400.0,medium,5740,25,1300,cell,100,rome:60:11-0-s136:p0,400,0.19686411149825783,,574
6160,300,616,True,rome,100,70.71067811865476,medium,5740,25,1350,intra_cell,150,rome:60:11-0-s136:p0,0,0.0,,574
3830,300,383,True,rome,100,170.71067811865476,medium,5740,25,1350,intra_cell,150,rome:60:11-0-s136:p0,100,0.3327526132404181,,574
3610,300,361,True,rome,100,270.71067811865476,medium,5740,25,1350,intra_cell,150,rome:60:11-0-s136:p0,200,0.3710801393728223,,574
3610,300,361,True,rome,100,470.71067811865476,medium,5740,25,1350,intra_cell,150,rome:60:11-0-s136:p0,400,0.3710801393728223,,574
258600,60,616,True,rome,100,0.0,fine,257940,25,1300,cell,100,rome:60:11-0-s136:p0,0,0.0,,574
255680,60,565,True,rome,100,100.0,fine,257940,25,1300,cell,100,rome:60:11-0-s136:p0,100,0.00876172753353493,,574
254440,60,565,True,rome,100,200.0,fine,257940,25,1300,cell,100,rome:60:11-0-s136:p0,200,0.013569047065208964,,574
253440,60,589,True,rome,100,400.0,fine,257940,25,1300,cell,100,rome:60:11-0-s136:p0,400,0.017445917655268667,,574
258600,60,616,True,rome,100,70.71067811865476,fine,257940,25,1350,intra_cell,150,rome:60:11-0-s136:p0,0,0.0,,574
255440,60,400,True,rome,100,170.71067811865476,fine,257940,25,1350,intra_cell,150,rome:60:11-0-s136:p0,100,0.009692176475149259,,574
253440,60,424,True,rome,100,270.71067811865476,fine,257940,25,1350,intra_cell,150,rome:60:11-0-s136:p0,200,0.017445917655268667,,574
253440,60,416,True,rome,100,470.71067811865476,fine,257940,25,1350,intra_cell,150,rome:60:11-0-s136:p0,400,0.017445917655268667,,574
6160,120,616,True,rome,100,0.0,fine,5740,25,1300,cell,100,rome:60:11-0-s136:p0,0,0.0,,574
4610,120,461,True,rome,100,100.0,fine,5740,25,1300,cell,100,rome:60:11-0-s136:p0,100,0.19686411149825783,,574
4610,120,461,True,rome,100,200.0,fine,5740,25,1300,cell,100,rome:60:11-0-s136:p0,200,0.19686411149825783,,574
4610,120,461,True,rome,100,400.0,fine,5740,25,1300,cell,100,rome:60:11-0-s136:p0,400,0.19686411149825783,,574
6160,120,616,True,rome,100,70.71067811865476,fine,5740,25,1350,intra_cell,150,rome:60:11-0-s136:p0,0,0.0,,574
3610,120,361,True,rome,100,170.71067811865476,fine,5740,25,1350,intra_cell,150,rome:60:11-0-s136:p0,100,0.3710801393728223,,574
3610,120,361,True,rome,100,270.71067811865476,fine,5740,25,1350,intra_cell,150,rome:60:11-0-s136:p0,200,0.3710801393728223,,574
3610,120,361,True,rome,100,470.71067811865476,fine,5740,25,1350,intra_cell,150,rome:60:11-0-s136:p0,400,0.3710801393728223,,574
6160,300,616,True,rome,100,0.0,fine,5740,25,1300,cell,100,rome:60:11-0-s136:p0,0,0.0,,574
4610,300,461,True,rome,100,100.0,fine,5740,25,1300,cell,100,rome:60:11-0-s136:p0,100,0.19686411149825783,,574
4610,300,461,True,rome,100,200.0,fine,5740,25,1300,cell,100,rome:60:11-0-s136:p0,200,0.19686411149825783,,574
4610,300,461,True,rome,100,400.0,fine,5740,25,1300,cell,100,rome:60:11-0-s136:p0,400,0.19686411149825783,,574
6160,300,616,True,rome,100,70.71067811865476,fine,5740,25,1350,intra_cell,150,rome:60:11-0-s136:p0,0,0.0,,574
3610,300,361,True,rome,100,170.71067811865476,fine,5740,25,1350,intra_cell,150,rome:60:11-0-s136:p0,100,0.3710801393728223,,574
3610,300,361,True,rome,100,270.71067811865476,fine,5740,25,1350,intra_cell,150,rome:60:11-0-s136:p0,200,0.3710801393728223,,574
3610,300,361,True,rome,100,470.71067811865476,fine,5740,25,1350,intra_cell,150,rome:60:11-0-s136:p0,400,0.3710801393728223,,574
274448,60,500,True,rome,100,0.0,coarse,276278,25,1300,cell,100,rome:60:11-0-s186:p0,0,0.006623763021304628,,568
272448,60,582,True,rome,100,100.0,coarse,276278,25,1300,cell,100,rome:60:11-0-s186:p0,100,0.013862848290490015,,568
272448,60,565,True,rome,100,200.0,coarse,276278,25,1300,cell,100,rome:60:11-0-s186:p0,200,0.013862848290490015,,568
272448,60,606,True,rome,100,400.0,coarse,276278,25,1300,cell,100,rome:60:11-0-s186:p0,400,0.013862848290490015,,568
274448,60,500,True,rome,100,70.71067811865476,coarse,276278,25,1350,intra_cell,150,rome:60:11-0-s186:p0,0,0.006623763021304628,,568
272448,60,400,True,rome,100,170.71067811865476,coarse,276278,25,1350,intra_cell,150,rome:60:11-0-s186:p0,100,0.013862848290490015,,568
272448,60,424,True,rome,100,270.71067811865476,coarse,276278,25,1350,intra_cell,150,rome:60:11-0-s186:p0,200,0.013862848290490015,,568
272448,60,400,True,rome,100,470.71067811865476,coarse,276278,25,1350,intra_cell,150,rome:60:11-0-s186:p0,400,0.013862848290490015,,568
5000,120,500,True,rome,100,0.0,coarse,5680,25,1300,cell,100,rome:60:11-0-s186:p0,0,0.11971830985915492,,568
5000,120,500,True,rome,100,100.0,coarse,5680,25,1300,cell,100,rome:60:11-0-s186:p0,100,0.11971830985915492,,568
4830,120,483,True,rome,100,200.0,coarse,5680,25,1300,cell,100,rome:60:11-0-s186:p0,200,0.14964788732394366,,568
4610,120,461,True,rome,100,400.0,coarse,5680,25,1300,cell,100,rome:60:11-0-s186:p0,400,0.18838028169014084,,568
5000,120,500,True,rome,100,70.71067811865476,coarse,5680,25,1350,intra_cell,150,rome:60:11-0-s186:p0,0,0.11971830985915492,,568
4000,120,400,True,rome,100,170.71067811865476,coarse,5680,25,1350,intra_cell,150,rome:60:11-0-s186:p0,100,0.29577464788732394,,568
3610,120,361,True,rome,100,270.71067811865476,coarse,5680,25,1350,intra_cell,150,rome:60:11-0-s186:p0,200,0.3644366197183099,,568
3610,120,361,True,rome,100,470.71067811865476,coarse,5680,25,1350,intra_cell,150,rome:60:11-0-s186:p0,400,0.3644366197183099,,568
5000,300,500,True,rome,100,0.0,coarse,5680,25,1300,cell,100,rome:60:11-0-s186:p0,0,0.11971830985915492,,568
5000,300,500,True,rome,100,100.0,coarse,5680,25,1300,cell,100,rome:60:11-0-s186:p0,100,0.11971830985915492,,568
4830,300,483,True,rome,100,200.0,coarse,5680,25,1300,cell,100,rome:60:11-0-s186:p0,200,0.14964788732394366,,568
4610,300,461,True,rome,100,400.0,coarse,5680,25,1300,cell,100,rome:60:11-0-s186:p0,400,0.18838028169014084,,568
5000,300,500,True,rome,100,70.71067811865476,coarse,5680,25,1350,intra_cell,150,rome:60:11-0-s186:p0,0,0.11971830985915492,,568
4000,300,400,True,rome,100,170.71067811865476,coarse,5680,25,1350,intra_cell,150,rome:60:11-0-s186:p0,100,0.29577464788732394,,568
3610,300,361,True,rome,100,270.71067811865476,coarse,5680,25,1350,intra_cell,150,rome:60:11-0-s186:p0,200,0.3644366197183099,,568
3610,300,361,True,rome,100,470.71067811865476,coarse,5680,25,1350,intra_cell,150,rome:60:11-0-s186:p0,400,0.3644366197183099,,568
274448,60,500,True,rome,100,0.0,medium,276278,25,1300,cell,100,rome:60:11-0-s186:p0,0,0.006623763021304628,,568
272448,60,582,True,rome,100,100.0,medium,276278,25,1300,cell,100,rome:60:11-0-s186:p0,100,0.013862848290490015,,568
272448,60,565,True,rome,100,200.0,medium,276278,25,1300,cell,100,rome:60:11-0-s186:p0,200,0.013862848290490015,,568
272448,60,606,True,rome,100,400.0,medium,276278,25,1300,cell,100,rome:60:11-0-s186:p0,400,0.013862848290490015,,568
274448,60,500,True,rome,100,70.71067811865476,medium,276278,25,1350,intra_cell,150,rome:60:11-0-s186:p0,0,0.006623763021304628,,568
272448,60,400,True,rome,100,170.71067811865476,medium,276278,25,1350,intra_cell,150,rome:60:11-0-s186:p0,100,0.013862848290490015,,568
272448,60,424,True,rome,100,270.71067811865476,medium,276278,25,1350,intra_cell,150,rome:60:11-0-s186:p0,200,0.013862848290490015,,568
272448,60,400,True,rome,100,470.71067811865476,medium,276278,25,1350,intra_cell,150,rome:60:11-0-s186:p0,400,0.013862848290490015,,568
5000,120,500,True,rome,100,0.0,medium,5680,25,1300,cell,100,rome:60:11-0-s186:p0,0,0.11971830985915492,,568
5000,120,500,True,rome,100,100.0,medium,5680,25,1300,cell,100,rome:60:11-0-s186:p0,100,0.11971830985915492,,568
4610,120,461,True,rome,100,200.0,medium,5680,25,1300,cell,100,rome:60:11-0-s186:p0,200,0.18838028169014084,,568
4610,120,461,True,rome,100,400.0,medium,5680,25,1300,cell,100,rome:60:11-0-s186:p0,400,0.18838028169014084,,568
5000,120,500,True,rome,100,70.71067811865476,medium,5680,25,1350,intra_cell,150,rome:60:11-0-s186:p0,0,0.11971830985915492,,568
4000,120,400,True,rome,100,170.71067811865476,medium,5680,25,1350,intra_cell,150,rome:60:11-0-s186:p0,100,0.29577464788732394,,568
3610,120,361,True,rome,100,270.71067811865476,medium,5680,25,1350,intra_cell,150,rome:60:11-0-s186:p0,200,0.3644366197183099,,568
3610,120,361,True,rome,100,470.71067811865476,medium,5680,25,1350,intra_cell,150,rome:60:11-0-s186:p0,400,0.3644366197183099,,568
5000,300,500,True,rome,100,0.0,medium,5680,25,1300,cell,100,rome:60:11-0-s186:p0,0,0.11971830985915492,,568
5000,300,500,True,rome,100,100.0,medium,5680,25,1300,cell,100,rome:60:11-0-s186:p0,100,0.11971830985915492,,568
4610,300,461,True,rome,100,200.0,medium,5680,25,1300,cell,100,rome:60:11-0-s186:p0,200,0.18838028169014084,,568
4610,300,461,True,rome,100,400.0,medium,5680,25,1300,cell,100,rome:60:11-0-s186:p0,400,0.18838028169014084,,568
5000,300,500,True,rome,100,70.71067811865476,medium,5680,25,1350,intra_cell,150,rome:60:11-0-s186:p0,0,0.11971830985915492,,568
4000,300,400,True,rome,100,170.71067811865476,medium,5680,25,1350,intra_cell,150,rome:60:11-0-s186:p0,100,0.29577464788732394,,568
3610,300,361,True,rome,100,270.71067811865476,medium,5680,25,1350,intra_cell,150,rome:60:11-0-s186:p0,200,0.3644366197183099,,568
3610,300,361,True,rome,100,470.71067811865476,medium,5680,25,1350,intra_cell,150,rome:60:11-0-s186:p0,400,0.3644366197183099,,568
274448,60,500,True,rome,100,0.0,fine,276278,25,1300,cell,100,rome:60:11-0-s186:p0,0,0.006623763021304628,,568
272448,60,582,True,rome,100,100.0,fine,276278,25,1300,cell,100,rome:60:11-0-s186:p0,100,0.013862848290490015,,568
272448,60,565,True,rome,100,200.0,fine,276278,25,1300,cell,100,rome:60:11-0-s186:p0,200,0.013862848290490015,,568
272448,60,606,True,rome,100,400.0,fine,276278,25,1300,cell,100,rome:60:11-0-s186:p0,400,0.013862848290490015,,568
274448,60,500,True,rome,100,70.71067811865476,fine,276278,25,1350,intra_cell,150,rome:60:11-0-s186:p0,0,0.006623763021304628,,568
272448,60,400,True,rome,100,170.71067811865476,fine,276278,25,1350,intra_cell,150,rome:60:11-0-s186:p0,100,0.013862848290490015,,568
272448,60,424,True,rome,100,270.71067811865476,fine,276278,25,1350,intra_cell,150,rome:60:11-0-s186:p0,200,0.013862848290490015,,568
272448,60,400,True,rome,100,470.71067811865476,fine,276278,25,1350,intra_cell,150,rome:60:11-0-s186:p0,400,0.013862848290490015,,568
5000,120,500,True,rome,100,0.0,fine,5680,25,1300,cell,100,rome:60:11-0-s186:p0,0,0.11971830985915492,,568
5000,120,500,True,rome,100,100.0,fine,5680,25,1300,cell,100,rome:60:11-0-s186:p0,100,0.11971830985915492,,568
4610,120,461,True,rome,100,200.0,fine,5680,25,1300,cell,100,rome:60:11-0-s186:p0,200,0.18838028169014084,,568
4610,120,461,True,rome,100,400.0,fine,5680,25,1300,cell,100,rome:60:11-0-s186:p0,400,0.18838028169014084,,568
5000,120,500,True,rome,100,70.71067811865476,fine,5680,25,1350,intra_cell,150,rome:60:11-0-s186:p0,0,0.11971830985915492,,568
4000,120,400,True,rome,100,170.71067811865476,fine,5680,25,1350,intra_cell,150,rome:60:11-0-s186:p0,100,0.29577464788732394,,568
3610,120,361,True,rome,100,270.71067811865476,fine,5680,25,1350,intra_cell,150,rome:60:11-0-s186:p0,200,0.3644366197183099,,568
3610,120,361,True,rome,100,470.71067811865476,fine,5680,25,1350,intra_cell,150,rome:60:11-0-s186:p0,400,0.3644366197183099,,568
5000,300,500,True,rome,100,0.0,fine,5680,25,1300,cell,100,rome:60:11-0-s186:p0,0,0.11971830985915492,,568
5000,300,500,True,rome,100,100.0,fine,5680,25,1300,cell,100,rome:60:11-0-s186:p0,100,0.11971830985915492,,568
4610,300,461,True,rome,100,200.0,fine,5680,25,1300,cell,100,rome:60:11-0-s186:p0,200,0.18838028169014084,,568
4610,300,461,True,rome,100,400.0,fine,5680,25,1300,cell,100,rome:60:11-0-s186:p0,400,0.18838028169014084,,568
5000,300,500,True,rome,100,70.71067811865476,fine,5680,25,1350,intra_cell,150,rome:60:11-0-s186:p0,0,0.11971830985915492,,568
4000,300,400,True,rome,100,170.71067811865476,fine,5680,25,1350,intra_cell,150,rome:60:11-0-s186:p0,100,0.29577464788732394,,568
3610,300,361,True,rome,100,270.71067811865476,fine,5680,25,1350,intra_cell,150,rome:60:11-0-s186:p0,200,0.3644366197183099,,568
3610,300,361,True,rome,100,470.71067811865476,fine,5680,25,1350,intra_cell,150,rome:60:11-0-s186:p0,400,0.3644366197183099,,568
,60,,False,rome,100,0.0,coarse,,25,1300,cell,100,rome:60:127-0-s273:p0,0,,no feasible adversarial claim under enabled constraints,1292
61068,60,1404,True,rome,100,100.0,coarse,63780,25,1300,cell,100,rome:60:127-0-s273:p0,100,0.0425211665098777,,1292
59376,60,1205,True,rome,100,200.0,coarse,63780,25,1300,cell,100,rome:60:127-0-s273:p0,200,0.06904985888993415,,1292
54312,60,1234,True,rome,100,400.0,coarse,63780,25,1300,cell,100,rome:60:127-0-s273:p0,400,0.14844778927563498,,1292
63060,60,1229,True,rome,100,70.71067811865476,coarse,63780,25,1350,intra_cell,150,rome:60:127-0-s273:p0,0,0.011288805268109126,,1292
59376,60,1122,True,rome,100,170.71067811865476,coarse,63780,25,1350,intra_cell,150,rome:60:127-0-s273:p0,100,0.06904985888993415,,1292
57684,60,1097,True,rome,100,270.71067811865476,coarse,63780,25,1350,intra_cell,150,rome:60:127-0-s273:p0,200,0.0955785512699906,,1292
52644,60,1022,True,rome,100,470.71067811865476,coarse,63780,25,1350,intra_cell,150,rome:60:127-0-s273:p0,400,0.17460018814675446,,1292
,120,,False,rome,100,0.0,coarse,,25,1300,cell,100,rome:60:127-0-s273:p0,0,,no feasible adversarial claim under enabled constraints,1292
13788,120,1149,True,rome,100,100.0,coarse,15504,25,1300,cell,100,rome:60:127-0-s273:p0,100,0.11068111455108359,,1292
12996,120,1083,True,rome,100,200.0,coarse,15504,25,1300,cell,100,rome:60:127-0-s273:p0,200,0.16176470588235295,,1292
12694,120,1105,True,rome,100,400.0,coarse,15504,25,1300,cell,100,rome:60:127-0-s273:p0,400,0.1812435500515996,,1292
14748,120,1229,True,rome,100,70.71067811865476,coarse,15504,25,1350,intra_cell,150,rome:60:127-0-s273:p0,0,0.048761609907120744,,1292
12060,120,1005,True,rome,100,170.71067811865476,coarse,15504,25,1350,intra_cell,150,rome:60:127-0-s273:p0,100,0.22213622291021673,,1292
12060,120,1005,True,rome,100,270.71067811865476,coarse,15504,25,1350,intra_cell,150,rome:60:127-0-s273:p0,200,0.22213622291021673,,1292
11338,120,1005,True,rome,100,470.71067811865476,coarse,15504,25,1350,intra_cell,150,rome:60:127-0-s273:p0,400,0.2687048503611971,,1292
,300,,False,rome,100,0.0,coarse,,25,1300,cell,100,rome:60:127-0-s273:p0,0,,no feasible adversarial claim under enabled constraints,1292
13788,300,1149,True,rome,100,100.0,coarse,15504,25,1300,cell,100,rome:60:127-0-s273:p0,100,0.11068111455108359,,1292
12996,300,1083,True,rome,100,200.0,coarse,15504,25,1300,cell,100,rome:60:127-0-s273:p0,200,0.16176470588235295,,1292
12694,300,1105,True,rome,100,400.0,coarse,15504,25,1300,cell,100,rome:60:127-0-s273:p0,400,0.1812435500515996,,1292
14748,300,1229,True,rome,100,70.71067811865476,coarse,15504,25,1350,intra_cell,150,rome:60:127-0-s273:p0,0,0.048761609907120744,,1292
12060,300,1005,True,rome,100,170.71067811865476,coarse,15504,25,1350,intra_cell,150,rome:60:127-0-s273:p0,100,0.22213622291021673,,1292
12060,300,1005,True,rome,100,270.71067811865476,coarse,15504,25,1350,intra_cell,150,rome:60:127-0-s273:p0,200,0.22213622291021673,,1292
11338,300,1005,True,rome,100,470.71067811865476,coarse,15504,25,1350,intra_cell,150,rome:60:127-0-s273:p0,400,0.2687048503611971,,1292
,60,,False,rome,100,0.0,medium,,25,1300,cell,100,rome:60:127-0-s273:p0,0,,no feasible adversarial claim under enabled constraints,1292
61068,60,1404,True,rome,100,100.0,medium,63780,25,1300,cell,100,rome:60:127-0-s273:p0,100,0.0425211665098777,,1292
59376,60,1205,True,rome,100,200.0,medium,63780,25,1300,cell,100,rome:60:127-0-s273:p0,200,0.06904985888993415,,1292
54312,60,1234,True,rome,100,400.0,medium,63780,25,1300,cell,100,rome:60:127-0-s273:p0,400,0.14844778927563498,,1292
63060,60,1229,True,rome,100,70.71067811865476,medium,63780,25,1350,intra_cell,150,rome:60:127-0-s273:p0,0,0.011288805268109126,,1292
59376,60,1122,True,rome,100,170.71067811865476,medium,63780,25,1350,intra_cell,150,rome:60:127-0-s273:p0,100,0.06904985888993415,,1292
57684,60,1097,True,rome,100,270.71067811865476,medium,63780,25,1350,intra_cell,150,rome:60:127-0-s273:p0,200,0.0955785512699906,,1292
52644,60,1022,True,rome,100,470.71067811865476,medium,63780,25,1350,intra_cell,150,rome:60:127-0-s273:p0,400,0.17460018814675446,,1292
,120,,False,rome,100,0.0,medium,,25,1300,cell,100,rome:60:127-0-s273:p0,0,,no feasible adversarial claim under enabled constraints,1292
13788,120,1149,True,rome,100,100.0,medium,15504,25,1300,cell,100,rome:60:127-0-s273:p0,100,0.11068111455108359,,1292
12996,120,1083,True,rome,100,200.0,medium,15504,25,1300,cell,100,rome:60:127-0-s273:p0,200,0.16176470588235295,,1292
12635,120,1083,True,rome,100,400.0,medium,15504,25,1300,cell,100,rome:60:127-0-s273:p0,400,0.18504901960784315,,1292
14748,120,1229,True,rome,100,70.71067811865476,medium,15504,25,1350,intra_cell,150,rome:60:127-0-s273:p0,0,0.048761609907120744,,1292
12060,120,1005,True,rome,100,170.71067811865476,medium,15504,25,1350,intra_cell,150,rome:60:127-0-s273:p0,100,0.22213622291021673,,1292
12060,120,1005,True,rome,100,270.71067811865476,medium,15504,25,1350,intra_cell,150,rome:60:127-0-s273:p0,200,0.22213622291021673,,1292
11338,120,1005,True,rome,100,470.71067811865476,medium,15504,25,1350,intra_cell,150,rome:60:127-0-s273:p0,400,0.2687048503611971,,1292
,300,,False,rome,100,0.0,medium,,25,1300,cell,100,rome:60:127-0-s273:p0,0,,no feasible adversarial claim under enabled constraints,1292
13788,300,1149,True,rome,100,100.0,medium,15504,25,1300,cell,100,rome:60:127-0-s273:p0,100,0.11068111455108359,,1292
12996,300,1083,True,rome,100,200.0,medium,15504,25,1300,cell,100,rome:60:127-0-s273:p0,200,0.16176470588235295,,1292
12635,300,1083,True,rome,100,400.0,medium,15504,25,1300,cell,100,rome:60:127-0-s273:p0,400,0.18504901960784315,,1292
14748,300,1229,True,rome,100,70.71067811865476,medium,15504,25,1350,intra_cell,150,rome:60:127-0-s273:p0,0,0.048761609907120744,,1292
12060,300,1005,True,rome,100,170.71067811865476,medium,15504,25,1350,intra_cell,150,rome:60:127-0-s273:p0,100,0.22213622291021673,,1292
12060,300,1005,True,rome,100,270.71067811865476,medium,15504,25,1350,intra_cell,150,rome:60:127-0-s273:p0,200,0.22213622291021673,,1292
11338,300,1005,True,rome,100,470.71067811865476,medium,15504,25,1350,intra_cell,150,rome:60:127-0-s273:p0,400,0.2687048503611971,,1292
,60,,False,rome,100,0.0,fine,,25,1300,cell,100,rome:60:127-0-s273:p0,0,,no feasible adversarial claim under enabled constraints,1292
61068,60,1404,True,rome,100,100.0,fine,63780,25,1300,cell,100,rome:60:127-0-s273:p0,100,0.0425211665098777,,1292
59376,60,1205,True,rome,100,200.0,fine,63780,25,1300,cell,100,rome:60:127-0-s273:p0,200,0.06904985888993415,,1292
54312,60,1234,True,rome,100,400.0,fine,63780,25,1300,cell,100,rome:60:127-0-s273:p0,400,0.14844778927563498,,1292
63060,60,1229,True,rome,100,70.71067811865476,fine,63780,25,1350,intra_cell,150,rome:60:127-0-s273:p0,0,0.011288805268109126,,1292
59376,60,1122,True,rome,100,170.71067811865476,fine,63780,25,1350,intra_cell,150,rome:60:127-0-s273:p0,100,0.06904985888993415,,1292
57684,60,1097,True,rome,100,270.71067811865476,fine,63780,25,1350,intra_cell,150,rome:60:127-0-s273:p0,200,0.0955785512699906,,1292
52644,60,1022,True,rome,100,470.71067811865476,fine,63780,25,1350,intra_cell,150,rome:60:127-0-s273:p0,400,0.17460018814675446,,1292
,120,,False,rome,100,0.0,fine,,25,1300,cell,100,rome:60:127-0-s273:p0,0,,no feasible adversarial claim under enabled constraints,1292
13788,120,1149,True,rome,100,100.0,fine,15504,25,1300,cell,100,rome:60:127-0-s273:p0,100,0.11068111455108359,,1292
12996,120,1083,True,rome,100,200.0,fine,15504,25,1300,cell,100,rome:60:127-0-s273:p0,200,0.16176470588235295,,1292
11936,120,1137,True,rome,100,400.0,fine,15504,25,1300,cell,100,rome:60:127-0-s273:p0,400,0.2301341589267286,,1292
14748,120,1229,True,rome,100,70.71067811865476,fine,15504,25,1350,intra_cell,150,rome:60:127-0-s273:p0,0,0.048761609907120744,,1292
12060,120,1005,True,rome,100,170.71067811865476,fine,15504,25,1350,intra_cell,150,rome:60:127-0-s273:p0,100,0.22213622291021673,,1292
12060,120,1005,True,rome,100,270.71067811865476,fine,15504,25,1350,intra_cell,150,rome:60:127-0-s273:p0,200,0.22213622291021673,,1292
10800,120,1060,True,rome,100,470.71067811865476,fine,15504,25,1350,intra_cell,150,rome:60:127-0-s273:p0,400,0.30340557275541796,,1292
,300,,False,rome,100,0.0,fine,,25,1300,cell,100,rome:60:127-0-s273:p0,0,,no feasible adversarial claim under enabled constraints,1292
13788,300,1149,True,rome,100,100.0,fine,15504,25,1300,cell,100,rome:60:127-0-s273:p0,100,0.11068111455108359,,1292
12996,300,1083,True,rome,100,200.0,fine,15504,25,1300,cell,100,rome:60:127-0-s273:p0,200,0.16176470588235295,,1292
11936,300,1137,True,rome,100,400.0,fine,15504,25,1300,cell,100,rome:60:127-0-s273:p0,400,0.2301341589267286,,1292
14748,300,1229,True,rome,100,70.71067811865476,fine,15504,25,1350,intra_cell,150,rome:60:127-0-s273:p0,0,0.048761609907120744,,1292
12060,300,1005,True,rome,100,170.71067811865476,fine,15504,25,1350,intra_cell,150,rome:60:127-0-s273:p0,100,0.22213622291021673,,1292
12060,300,1005,True,rome,100,270.71067811865476,fine,15504,25,1350,intra_cell,150,rome:60:127-0-s273:p0,200,0.22213622291021673,,1292
10800,300,1060,True,rome,100,470.71067811865476,fine,15504,25,1350,intra_cell,150,rome:60:127-0-s273:p0,400,0.30340557275541796,,1292
,60,,False,rome,100,0.0,coarse,,25,1300,cell,100,rome:60:128-0-s82:p0,0,,no feasible adversarial claim under enabled constraints,1752
131256,60,1788,True,rome,100,100.0,coarse,138804,25,1300,cell,100,rome:60:128-0-s82:p0,100,0.054378836344773925,,1752
128196,60,1698,True,rome,100,200.0,coarse,138804,25,1300,cell,100,rome:60:128-0-s82:p0,200,0.07642431053860119,,1752
122868,60,1724,True,rome,100,400.0,coarse,138804,25,1300,cell,100,rome:60:128-0-s82:p0,400,0.11480937148785338,,1752
137892,60,1693,True,rome,100,70.71067811865476,coarse,138804,25,1350,intra_cell,150,rome:60:128-0-s82:p0,0,0.006570415838160284,,1752
130056,60,1601,True,rome,100,170.71067811865476,coarse,138804,25,1350,intra_cell,150,rome:60:128-0-s82:p0,100,0.06302412034235325,,1752
126708,60,1551,True,rome,100,270.71067811865476,coarse,138804,25,1350,intra_cell,150,rome:60:128-0-s82:p0,200,0.08714446269559956,,1752
121176,60,1643,True,rome,100,470.71067811865476,coarse,138804,25,1350,intra_cell,150,rome:60:128-0-s82:p0,400,0.12699922192444021,,1752
,120,,False,rome,100,0.0,coarse,,25,1300,cell,100,rome:60:128-0-s82:p0,0,,no feasible adversarial claim under enabled constraints,1752
19260,120,1605,True,rome,100,100.0,coarse,21024,25,1300,cell,100,rome:60:128-0-s82:p0,100,0.0839041095890411,,1752
17996,120,1583,True,rome,100,200.0,coarse,21024,25,1300,cell,100,rome:60:128-0-s82:p0,200,0.14402587519025875,,1752
16950,120,1615,True,rome,100,400.0,coarse,21024,25,1300,cell,100,rome:60:128-0-s82:p0,400,0.1937785388127854,,1752
20316,120,1693,True,rome,100,70.71067811865476,coarse,21024,25,1350,intra_cell,150,rome:60:128-0-s82:p0,0,0.03367579908675799,,1752
17592,120,1466,True,rome,100,170.71067811865476,coarse,21024,25,1350,intra_cell,150,rome:60:128-0-s82:p0,100,0.1632420091324201,,1752
16574,120,1493,True,rome,100,270.71067811865476,coarse,21024,25,1350,intra_cell,150,rome:60:128-0-s82:p0,200,0.2116628614916286,,1752
15546,120,1498,True,rome,100,470.71067811865476,coarse,21024,25,1350,intra_cell,150,rome:60:128-0-s82:p0,400,0.2605593607305936,,1752
,300,,False,rome,100,0.0,coarse,,25,1300,cell,100,rome:60:128-0-s82:p0,0,,no feasible adversarial claim under enabled constraints,1752
19260,300,1605,True,rome,100,100.0,coarse,21024,25,1300,cell,100,rome:60:128-0-s82:p0,100,0.0839041095890411,,1752
17996,300,1583,True,rome,100,200.0,coarse,21024,25,1300,cell,100,rome:60:128-0-s82:p0,200,0.14402587519025875,,1752
16950,300,1615,True,rome,100,400.0,coarse,21024,25,1300,cell,100,rome:60:128-0-s82:p0,400,0.1937785388127854,,1752
20316,300,1693,True,rome,100,70.71067811865476,coarse,21024,25,1350,intra_cell,150,rome:60:128-0-s82:p0,0,0.03367579908675799,,1752
17592,300,1466,True,rome,100,170.71067811865476,coarse,21024,25,1350,intra_cell,150,rome:60:128-0-s82:p0,100,0.1632420091324201,,1752
16574,300,1493,True,rome,100,270.71067811865476,coarse,21024,25,1350,intra_cell,150,rome:60:128-0-s82:p0,200,0.2116628614916286,,1752
15546,300,1498,True,rome,100,470.71067811865476,coarse,21024,25,1350,intra_cell,150,rome:60:128-0-s82:p0,400,0.2605593607305936,,1752
,60,,False,rome,100,0.0,medium,,25,1300,cell,100,rome:60:128-0-s82:p0,0,,no feasible adversarial claim under enabled constraints,1752
131256,60,1788,True,rome,100,100.0,medium,138804,25,1300,cell,100,rome:60:128-0-s82:p0,100,0.054378836344773925,,1752
128196,60,1698,True,rome,100,200.0,medium,138804,25,1300,cell,100,rome:60:128-0-s82:p0,200,0.07642431053860119,,1752
122868,60,1724,True,rome,100,400.0,medium,138804,25,1300,cell,100,rome:60:128-0-s82:p0,400,0.11480937148785338,,1752
137892,60,1693,True,rome,100,70.71067811865476,medium,138804,25,1350,intra_cell,150,rome:60:128-0-s82:p0,0,0.006570415838160284,,1752
130056,60,1601,True,rome,100,170.71067811865476,medium,138804,25,1350,intra_cell,150,rome:60:128-0-s82:p0,100,0.06302412034235325,,1752
126708,60,1551,True,rome,100,270.71067811865476,medium,138804,25,1350,intra_cell,150,rome:60:128-0-s82:p0,200,0.08714446269559956,,1752
121176,60,1643,True,rome,100,470.71067811865476,medium,138804,25,1350,intra_cell,150,rome:60:128-0-s82:p0,400,0.12699922192444021,,1752
,120,,False,rome,100,0.0,medium,,25,1300,cell,100,rome:60:128-0-s82:p0,0,,no feasible adversarial claim under enabled constraints,1752
19260,120,1605,True,rome,100,100.0,medium,21024,25,1300,cell,100,rome:60:128-0-s82:p0,100,0.0839041095890411,,1752
17996,120,1583,True,rome,100,200.0,medium,21024,25,1300,cell,100,rome:60:128-0-s82:p0,200,0.14402587519025875,,1752
16950,120,1615,True,rome,100,400.0,medium,21024,25,1300,cell,100,rome:60:128-0-s82:p0,400,0.1937785388127854,,1752
20316,120,1693,True,rome,100,70.71067811865476,medium,21024,25,1350,intra_cell,150,rome:60:128-0-s82:p0,0,0.03367579908675799,,1752
17592,120,1466,True,rome,100,170.71067811865476,medium,21024,25,1350,intra_cell,150,rome:60:128-0-s82:p0,100,0.1632420091324201,,1752
16574,120,1493,True,rome,100,270.71067811865476,medium,21024,25,1350,intra_cell,150,rome:60:128-0-s82:p0,200,0.2116628614916286,,1752
15550,120,1515,True,rome,100,470.71067811865476,medium,21024,25,1350,intra_cell,150,rome:60:128-0-s82:p0,400,0.260369101978691,,1752
,300,,False,rome,100,0.0,medium,,25,1300,cell,100,rome:60:128-0-s82:p0,0,,no feasible adversarial claim under enabled constraints,1752
19260,300,1605,True,rome,100,100.0,medium,21024,25,1300,cell,100,rome:60:128-0-s82:p0,100,0.0839041095890411,,1752
17996,300,1583,True,rome,100,200.0,medium,21024,25,1300,cell,100,rome:60:128-0-s82:p0,200,0.14402587519025875,,1752
16950,300,1615,True,rome,100,400.0,medium,21024,25,1300,cell,100,rome:60:128-0-s82:p0,400,0.1937785388127854,,1752
20316,300,1693,True,rome,100,70.71067811865476,medium,21024,25,1350,intra_cell,150,rome:60:128-0-s82:p0,0,0.03367579908675799,,1752
17592,300,1466,True,rome,100,170.71067811865476,medium,21024,25,1350,intra_cell,150,rome:60:128-0-s82:p0,100,0.1632420091324201,,1752
16574,300,1493,True,rome,100,270.71067811865476,medium,21024,25,1350,intra_cell,150,rome:60:128-0-s82:p0,200,0.2116628614916286,,1752
15550,300,1515,True,rome,100,470.71067811865476,medium,21024,25,1350,intra_cell,150,rome:60:128-0-s82:p0,400,0.260369101978691,,1752
,60,,False,rome,100,0.0,fine,,25,1300,cell,100,rome:60:128-0-s82:p0,0,,no feasible adversarial claim under enabled constraints,1752
131256,60,1788,True,rome,100,100.0,fine,138804,25,1300,cell,100,rome:60:128-0-s82:p0,100,0.054378836344773925,,1752
128196,60,1698,True,rome,100,200.0,fine,138804,25,1300,cell,100,rome:60:128-0-s82:p0,200,0.07642431053860119,,1752
122868,60,1724,True,rome,100,400.0,fine,138804,25,1300,cell,100,rome:60:128-0-s82:p0,400,0.11480937148785338,,1752
137892,60,1693,True,rome,100,70.71067811865476,fine,138804,25,1350,intra_cell,150,rome:60:128-0-s82:p0,0,0.006570415838160284,,1752
130056,60,1601,True,rome,100,170.71067811865476,fine,138804,25,1350,intra_cell,150,rome:60:128-0-s82:p0,100,0.06302412034235325,,1752
126708,60,1551,True,rome,100,270.71067811865476,fine,138804,25,1350,intra_cell,150,rome:60:128-0-s82:p0,200,0.08714446269559956,,1752
121176,60,1643,True,rome,100,470.71067811865476,fine,138804,25,1350,intra_cell,150,rome:60:128-0-s82:p0,400,0.12699922192444021,,1752
,120,,False,rome,100,0.0,fine,,25,1300,cell,100,rome:60:128-0-s82:p0,0,,no feasible adversarial claim under enabled constraints,1752
19260,120,1605,True,rome,100,100.0,fine,21024,25,1300,cell,100,rome:60:128-0-s82:p0,100,0.0839041095890411,,1752
17996,120,1583,True,rome,100,200.0,fine,21024,25,1300,cell,100,rome:60:128-0-s82:p0,200,0.14402587519025875,,1752
16550,120,1615,True,rome,100,400.0,fine,21024,25,1300,cell,100,rome:60:128-0-s82:p0,400,0.21280441400304415,,1752
20316,120,1693,True,rome,100,70.71067811865476,fine,21024,25,1350,intra_cell,150,rome:60:128-0-s82:p0,0,0.03367579908675799,,1752
17364,120,1532,True,rome,100,170.71067811865476,fine,21024,25,1350,intra_cell,150,rome:60:128-0-s82:p0,100,0.1740867579908676,,1752
16574,120,1493,True,rome,100,270.71067811865476,fine,21024,25,1350,intra_cell,150,rome:60:128-0-s82:p0,200,0.2116628614916286,,1752
15350,120,1515,True,rome,100,470.71067811865476,fine,21024,25,1350,intra_cell,150,rome:60:128-0-s82:p0,400,0.2698820395738204,,1752
,300,,False,rome,100,0.0,fine,,25,1300,cell,100,rome:60:128-0-s82:p0,0,,no feasible adversarial claim under enabled constraints,1752
19260,300,1605,True,rome,100,100.0,fine,21024,25,1300,cell,100,rome:60:128-0-s82:p0,100,0.0839041095890411,,1752
17996,300,1583,True,rome,100,200.0,fine,21024,25,1300,cell,100,rome:60:128-0-s82:p0,200,0.14402587519025875,,1752
16550,300,1615,True,rome,100,400.0,fine,21024,25,1300,cell,100,rome:60:128-0-s82:p0,400,0.21280441400304415,,1752
20316,300,1693,True,rome,100,70.71067811865476,fine,21024,25,1350,intra_cell,150,rome:60:128-0-s82:p0,0,0.03367579908675799,,1752
17364,300,1532,True,rome,100,170.71067811865476,fine,21024,25,1350,intra_cell,150,rome:60:128-0-s82:p0,100,0.1740867579908676,,1752
16574,300,1493,True,rome,100,270.71067811865476,fine,21024,25,1350,intra_cell,150,rome:60:128-0-s82:p0,200,0.2116628614916286,,1752
15350,300,1515,True,rome,100,470.71067811865476,fine,21024,25,1350,intra_cell,150,rome:60:128-0-s82:p0,400,0.2698820395738204,,1752
,60,,False,rome,100,0.0,coarse,,25,1300,cell,100,rome:60:137-0-s71:p0,0,,no feasible adversarial claim under enabled constraints,1000
220092,60,989,True,rome,100,100.0,coarse,225958,25,1300,cell,100,rome:60:137-0-s71:p0,100,0.02596057674435072,,1000
218604,60,969,True,rome,100,200.0,coarse,225958,25,1300,cell,100,rome:60:137-0-s71:p0,200,0.0325458713566238,,1000
217404,60,861,True,rome,100,400.0,coarse,225958,25,1300,cell,100,rome:60:137-0-s71:p0,400,0.037856592818134346,,1000
,60,,False,rome,100,70.71067811865476,coarse,,25,1350,intra_cell,150,rome:60:137-0-s71:p0,0,,no feasible adversarial claim under enabled constraints,1000
218604,60,840,True,rome,100,170.71067811865476,coarse,225958,25,1350,intra_cell,150,rome:60:137-0-s71:p0,100,0.0325458713566238,,1000
217404,60,783,True,rome,100,270.71067811865476,coarse,225958,25,1350,intra_cell,150,rome:60:137-0-s71:p0,200,0.037856592818134346,,1000
217404,60,783,True,rome,100,470.71067811865476,coarse,225958,25,1350,intra_cell,150,rome:60:137-0-s71:p0,400,0.037856592818134346,,1000
,120,,False,rome,100,0.0,coarse,,25,1300,cell,100,rome:60:137-0-s71:p0,0,,no feasible adversarial claim under enabled constraints,1000
9162,120,844,True,rome,100,100.0,coarse,10974,25,1300,cell,100,rome:60:137-0-s71:p0,100,0.1651175505740842,,1000
8810,120,861,True,rome,100,200.0,coarse,10974,25,1300,cell,100,rome:60:137-0-s71:p0,200,0.1971933661381447,,1000
8220,120,822,True,rome,100,400.0,coarse,10974,25,1300,cell,100,rome:60:137-0-s71:p0,400,0.25095680699835976,,1000
,120,,False,rome,100,70.71067811865476,coarse,,25,1350,intra_cell,150,rome:60:137-0-s71:p0,0,,no feasible adversarial claim under enabled constraints,1000
7810,120,761,True,rome,100,170.71067811865476,coarse,10974,25,1350,intra_cell,150,rome:60:137-0-s71:p0,100,0.2883178421724075,,1000
7440,120,744,True,rome,100,270.71067811865476,coarse,10974,25,1350,intra_cell,150,rome:60:137-0-s71:p0,200,0.3220338983050847,,1000
7220,120,722,True,rome,100,470.71067811865476,coarse,10974,25,1350,intra_cell,150,rome:60:137-0-s71:p0,400,0.3420812830326226,,1000
,300,,False,rome,100,0.0,coarse,,25,1300,cell,100,rome:60:137-0-s71:p0,0,,no feasible adversarial claim under enabled constraints,1000
9162,300,844,True,rome,100,100.0,coarse,10974,25,1300,cell,100,rome:60:137-0-s71:p0,100,0.1651175505740842,,1000
8810,300,861,True,rome,100,200.0,coarse,10974,25,1300,cell,100,rome:60:137-0-s71:p0,200,0.1971933661381447,,1000
8220,300,822,True,rome,100,400.0,coarse,10974,25,1300,cell,100,rome:60:137-0-s71:p0,400,0.25095680699835976,,1000
,300,,False,rome,100,70.71067811865476,coarse,,25,1350,intra_cell,150,rome:60:137-0-s71:p0,0,,no feasible adversarial claim under enabled constraints,1000
7810,300,761,True,rome,100,170.71067811865476,coarse,10974,25,1350,intra_cell,150,rome:60:137-0-s71:p0,100,0.2883178421724075,,1000
7440,300,744,True,rome,100,270.71067811865476,coarse,10974,25,1350,intra_cell,150,rome:60:137-0-s71:p0,200,0.3220338983050847,,1000
7220,300,722,True,rome,100,470.71067811865476,coarse,10974,25,1350,intra_cell,150,rome:60:137-0-s71:p0,400,0.3420812830326226,,1000
,60,,False,rome,100,0.0,medium,,25,1300,cell,100,rome:60:137-0-s71:p0,0,,no feasible adversarial claim under enabled constraints,1000
220092,60,989,True,rome,100,100.0,medium,225958,25,1300,cell,100,rome:60:137-0-s71:p0,100,0.02596057674435072,,1000
218604,60,969,True,rome,100,200.0,medium,225958,25,1300,cell,100,rome:60:137-0-s71:p0,200,0.0325458713566238,,1000
217404,60,861,True,rome,100,400.0,medium,225958,25,1300,cell,100,rome:60:137-0-s71:p0,400,0.037856592818134346,,1000
,60,,False,rome,100,70.71067811865476,medium,,25,1350,intra_cell,150,rome:60:137-0-s71:p0,0,,no feasible adversarial claim under enabled constraints,1000
218604,60,840,True,rome,100,170.71067811865476,medium,225958,25,1350,intra_cell,150,rome:60:137-0-s71:p0,100,0.0325458713566238,,1000
217404,60,783,True,rome,100,270.71067811865476,medium,225958,25,1350,intra_cell,150,rome:60:137-0-s71:p0,200,0.037856592818134346,,1000
217404,60,783,True,rome,100,470.71067811865476,medium,225958,25,1350,intra_cell,150,rome:60:137-0-s71:p0,400,0.037856592818134346,,1000
,120,,False,rome,100,0.0,medium,,25,1300,cell,100,rome:60:137-0-s71:p0,0,,no feasible adversarial claim under enabled constraints,1000
9162,120,844,True,rome,100,100.0,medium,10974,25,1300,cell,100,rome:60:137-0-s71:p0,100,0.1651175505740842,,1000
8810,120,861,True,rome,100,200.0,medium,10974,25,1300,cell,100,rome:60:137-0-s71:p0,200,0.1971933661381447,,1000
8220,120,822,True,rome,100,400.0,medium,10974,25,1300,cell,100,rome:60:137-0-s71:p0,400,0.25095680699835976,,1000
,120,,False,rome,100,70.71067811865476,medium,,25,1350,intra_cell,150,rome:60:137-0-s71:p0,0,,no feasible adversarial claim under enabled constraints,1000
7810,120,761,True,rome,100,170.71067811865476,medium,10974,25,1350,intra_cell,150,rome:60:137-0-s71:p0,100,0.2883178421724075,,1000
7440,120,744,True,rome,100,270.71067811865476,medium,10974,25,1350,intra_cell,150,rome:60:137-0-s71:p0,200,0.3220338983050847,,1000
7220,120,722,True,rome,100,470.71067811865476,medium,10974,25,1350,intra_cell,150,rome:60:137-0-s71:p0,400,0.3420812830326226,,1000
,300,,False,rome,100,0.0,medium,,25,1300,cell,100,rome:60:137-0-s71:p0,0,,no feasible adversarial claim under enabled constraints,1000
9162,300,844,True,rome,100,100.0,medium,10974,25,1300,cell,100,rome:60:137-0-s71:p0,100,0.1651175505740842,,1000
8810,300,861,True,rome,100,200.0,medium,10974,25,1300,cell,100,rome:60:137-0-s71:p0,200,0.1971933661381447,,1000
8220,300,822,True,rome,100,400.0,medium,10974,25,1300,cell,100,rome:60:137-0-s71:p0,400,0.25095680699835976,,1000
,300,,False,rome,100,70.71067811865476,medium,,25,1350,intra_cell,150,rome:60:137-0-s71:p0,0,,no feasible adversarial claim under enabled constraints,1000
7810,300,761,True,rome,100,170.71067811865476,medium,10974,25,1350,intra_cell,150,rome:60:137-0-s71:p0,100,0.2883178421724075,,1000
7440,300,744,True,rome,100,270.71067811865476,medium,10974,25,1350,intra_cell,150,rome:60:137-0-s71:p0,200,0.3220338983050847,,1000
7220,300,722,True,rome,100,470.71067811865476,medium,10974,25,1350,intra_cell,150,rome:60:137-0-s71:p0,400,0.3420812830326226,,1000
,60,,False,rome,100,0.0,fine,,25,1300,cell,100,rome:60:137-0-s71:p0,0,,no feasible adversarial claim under enabled constraints,1000
220092,60,989,True,rome,100,100.0,fine,225958,25,1300,cell,100,rome:60:137-0-s71:p0,100,0.02596057674435072,,1000
218604,60,969,True,rome,100,200.0,fine,225958,25,1300,cell,100,rome:60:137-0-s71:p0,200,0.0325458713566238,,1000
217404,60,861,True,rome,100,400.0,fine,225958,25,1300,cell,100,rome:60:137-0-s71:p0,400,0.037856592818134346,,1000
,60,,False,rome,100,70.71067811865476,fine,,25,1350,intra_cell,150,rome:60:137-0-s71:p0,0,,no feasible adversarial claim under enabled constraints,1000
218604,60,840,True,rome,100,170.71067811865476,fine,225958,25,1350,intra_cell,150,rome:60:137-0-s71:p0,100,0.0325458713566238,,1000
217404,60,783,True,rome,100,270.71067811865476,fine,225958,25,1350,intra_cell,150,rome:60:137-0-s71:p0,200,0.037856592818134346,,1000
217404,60,783,True,rome,100,470.71067811865476,fine,225958,25,1350,intra_cell,150,rome:60:137-0-s71:p0,400,0.037856592818134346,,1000
,120,,False,rome,100,0.0,fine,,25,1300,cell,100,rome:60:137-0-s71:p0,0,,no feasible adversarial claim under enabled constraints,1000
9162,120,844,True,rome,100,100.0,fine,10974,25,1300,cell,100,rome:60:137-0-s71:p0,100,0.1651175505740842,,1000
8810,120,861,True,rome,100,200.0,fine,10974,25,1300,cell,100,rome:60:137-0-s71:p0,200,0.1971933661381447,,1000
8220,120,822,True,rome,100,400.0,fine,10974,25,1300,cell,100,rome:60:137-0-s71:p0,400,0.25095680699835976,,1000
,120,,False,rome,100,70.71067811865476,fine,,25,1350,intra_cell,150,rome:60:137-0-s71:p0,0,,no feasible adversarial claim under enabled constraints,1000
7810,120,761,True,rome,100,170.71067811865476,fine,10974,25,1350,intra_cell,150,rome:60:137-0-s71:p0,100,0.2883178421724075,,1000
7440,120,744,True,rome,100,270.71067811865476,fine,10974,25,1350,intra_cell,150,rome:60:137-0-s71:p0,200,0.3220338983050847,,1000
7220,120,722,True,rome,100,470.71067811865476,fine,10974,25,1350,intra_cell,150,rome:60:137-0-s71:p0,400,0.3420812830326226,,1000
,300,,False,rome,100,0.0,fine,,25,1300,cell,100,rome:60:137-0-s71:p0,0,,no feasible adversarial claim under enabled constraints,1000
9162,300,844,True,rome,100,100.0,fine,10974,25,1300,cell,100,rome:60:137-0-s71:p0,100,0.1651175505740842,,1000
8810,300,861,True,rome,100,200.0,fine,10974,25,1300,cell,100,rome:60:137-0-s71:p0,200,0.1971933661381447,,1000
8220,300,822,True,rome,100,400.0,fine,10974,25,1300,cell,100,rome:60:137-0-s71:p0,400,0.25095680699835976,,1000
,300,,False,rome,100,70.71067811865476,fine,,25,1350,intra_cell,150,rome:60:137-0-s71:p0,0,,no feasible adversarial claim under enabled constraints,1000
7810,300,761,True,rome,100,170.71067811865476,fine,10974,25,1350,intra_cell,150,rome:60:137-0-s71:p0,100,0.2883178421724075,,1000
7440,300,744,True,rome,100,270.71067811865476,fine,10974,25,1350,intra_cell,150,rome:60:137-0-s71:p0,200,0.3220338983050847,,1000
7220,300,722,True,rome,100,470.71067811865476,fine,10974,25,1350,intra_cell,150,rome:60:137-0-s71:p0,400,0.3420812830326226,,1000
,60,,False,rome,100,0.0,coarse,,25,1300,cell,100,rome:60:149-0-s182:p0,0,,no feasible adversarial claim under enabled constraints,889
152964,60,841,True,rome,100,100.0,coarse,159862,25,1300,cell,100,rome:60:149-0-s182:p0,100,0.04314971663059389,,889
151272,60,869,True,rome,100,200.0,coarse,159862,25,1300,cell,100,rome:60:149-0-s182:p0,200,0.05373384544169346,,889
151272,60,808,True,rome,100,400.0,coarse,159862,25,1300,cell,100,rome:60:149-0-s182:p0,400,0.05373384544169346,,889
,60,,False,rome,100,70.71067811865476,coarse,,25,1350,intra_cell,150,rome:60:149-0-s182:p0,0,,no feasible adversarial claim under enabled constraints,889
151272,60,740,True,rome,100,170.71067811865476,coarse,159862,25,1350,intra_cell,150,rome:60:149-0-s182:p0,100,0.05373384544169346,,889
151272,60,730,True,rome,100,270.71067811865476,coarse,159862,25,1350,intra_cell,150,rome:60:149-0-s182:p0,200,0.05373384544169346,,889
151272,60,700,True,rome,100,470.71067811865476,coarse,159862,25,1350,intra_cell,150,rome:60:149-0-s182:p0,400,0.05373384544169346,,889
,120,,False,rome,100,0.0,coarse,,25,1300,cell,100,rome:60:149-0-s182:p0,0,,no feasible adversarial claim under enabled constraints,889
8030,120,783,True,rome,100,100.0,coarse,9940,25,1300,cell,100,rome:60:149-0-s182:p0,100,0.1921529175050302,,889
7610,120,761,True,rome,100,200.0,coarse,9940,25,1300,cell,100,rome:60:149-0-s182:p0,200,0.23440643863179075,,889
7220,120,722,True,rome,100,400.0,coarse,9940,25,1300,cell,100,rome:60:149-0-s182:p0,400,0.27364185110663986,,889
,120,,False,rome,100,70.71067811865476,coarse,,25,1350,intra_cell,150,rome:60:149-0-s182:p0,0,,no feasible adversarial claim under enabled constraints,889
6610,120,661,True,rome,100,170.71067811865476,coarse,9940,25,1350,intra_cell,150,rome:60:149-0-s182:p0,100,0.335010060362173,,889
6440,120,644,True,rome,100,270.71067811865476,coarse,9940,25,1350,intra_cell,150,rome:60:149-0-s182:p0,200,0.352112676056338,,889
6440,120,644,True,rome,100,470.71067811865476,coarse,9940,25,1350,intra_cell,150,rome:60:149-0-s182:p0,400,0.352112676056338,,889
,300,,False,rome,100,0.0,coarse,,25,1300,cell,100,rome:60:149-0-s182:p0,0,,no feasible adversarial claim under enabled constraints,889
8030,300,783,True,rome,100,100.0,coarse,9940,25,1300,cell,100,rome:60:149-0-s182:p0,100,0.1921529175050302,,889
7610,300,761,True,rome,100,200.0,coarse,9940,25,1300,cell,100,rome:60:149-0-s182:p0,200,0.23440643863179075,,889
7220,300,722,True,rome,100,400.0,coarse,9940,25,1300,cell,100,rome:60:149-0-s182:p0,400,0.27364185110663986,,889
,300,,False,rome,100,70.71067811865476,coarse,,25,1350,intra_cell,150,rome:60:149-0-s182:p0,0,,no feasible adversarial claim under enabled constraints,889
6610,300,661,True,rome,100,170.71067811865476,coarse,9940,25,1350,intra_cell,150,rome:60:149-0-s182:p0,100,0.335010060362173,,889
6440,300,644,True,rome,100,270.71067811865476,coarse,9940,25,1350,intra_cell,150,rome:60:149-0-s182:p0,200,0.352112676056338,,889
6440,300,644,True,rome,100,470.71067811865476,coarse,9940,25,1350,intra_cell,150,rome:60:149-0-s182:p0,400,0.352112676056338,,889
,60,,False,rome,100,0.0,medium,,25,1300,cell,100,rome:60:149-0-s182:p0,0,,no feasible adversarial claim under enabled constraints,889
152964,60,841,True,rome,100,100.0,medium,159862,25,1300,cell,100,rome:60:149-0-s182:p0,100,0.04314971663059389,,889
151272,60,869,True,rome,100,200.0,medium,159862,25,1300,cell,100,rome:60:149-0-s182:p0,200,0.05373384544169346,,889
151272,60,808,True,rome,100,400.0,medium,159862,25,1300,cell,100,rome:60:149-0-s182:p0,400,0.05373384544169346,,889
,60,,False,rome,100,70.71067811865476,medium,,25,1350,intra_cell,150,rome:60:149-0-s182:p0,0,,no feasible adversarial claim under enabled constraints,889
151272,60,740,True,rome,100,170.71067811865476,medium,159862,25,1350,intra_cell,150,rome:60:149-0-s182:p0,100,0.05373384544169346,,889
151272,60,730,True,rome,100,270.71067811865476,medium,159862,25,1350,intra_cell,150,rome:60:149-0-s182:p0,200,0.05373384544169346,,889
151272,60,700,True,rome,100,470.71067811865476,medium,159862,25,1350,intra_cell,150,rome:60:149-0-s182:p0,400,0.05373384544169346,,889
,120,,False,rome,100,0.0,medium,,25,1300,cell,100,rome:60:149-0-s182:p0,0,,no feasible adversarial claim under enabled constraints,889
8030,120,783,True,rome,100,100.0,medium,9940,25,1300,cell,100,rome:60:149-0-s182:p0,100,0.1921529175050302,,889
7610,120,761,True,rome,100,200.0,medium,9940,25,1300,cell,100,rome:60:149-0-s182:p0,200,0.23440643863179075,,889
7220,120,722,True,rome,100,400.0,medium,9940,25,1300,cell,100,rome:60:149-0-s182:p0,400,0.27364185110663986,,889
,120,,False,rome,100,70.71067811865476,medium,,25,1350,intra_cell,150,rome:60:149-0-s182:p0,0,,no feasible adversarial claim under enabled constraints,889
6610,120,661,True,rome,100,170.71067811865476,medium,9940,25,1350,intra_cell,150,rome:60:149-0-s182:p0,100,0.335010060362173,,889
6440,120,644,True,rome,100,270.71067811865476,medium,9940,25,1350,intra_cell,150,rome:60:149-0-s182:p0,200,0.352112676056338,,889
6440,120,644,True,rome,100,470.71067811865476,medium,9940,25,1350,intra_cell,150,rome:60:149-0-s182:p0,400,0.352112676056338,,889
,300,,False,rome,100,0.0,medium,,25,1300,cell,100,rome:60:149-0-s182:p0,0,,no feasible adversarial claim under enabled constraints,889
8030,300,783,True,rome,100,100.0,medium,9940,25,1300,cell,100,rome:60:149-0-s182:p0,100,0.1921529175050302,,889
7610,300,761,True,rome,100,200.0,medium,9940,25,1300,cell,100,rome:60:149-0-s182:p0,200,0.23440643863179075,,889
7220,300,722,True,rome,100,400.0,medium,9940,25,1300,cell,100,rome:60:149-0-s182:p0,400,0.27364185110663986,,889
,300,,False,rome,100,70.71067811865476,medium,,25,1350,intra_cell,150,rome:60:149-0-s182:p0,0,,no feasible adversarial claim under enabled constraints,889
6610,300,661,True,rome,100,170.71067811865476,medium,9940,25,1350,intra_cell,150,rome:60:149-0-s182:p0,100,0.335010060362173,,889
6440,300,644,True,rome,100,270.71067811865476,medium,9940,25,1350,intra_cell,150,rome:60:149-0-s182:p0,200,0.352112676056338,,889
6440,300,644,True,rome,100,470.71067811865476,medium,9940,25,1350,intra_cell,150,rome:60:149-0-s182:p0,400,0.352112676056338,,889
,60,,False,rome,100,0.0,fine,,25,1300,cell,100,rome:60:149-0-s182:p0,0,,no feasible adversarial claim under enabled constraints,889
152964,60,841,True,rome,100,100.0,fine,159862,25,1300,cell,100,rome:60:149-0-s182:p0,100,0.04314971663059389,,889
151272,60,869,True,rome,100,200.0,fine,159862,25,1300,cell,100,rome:60:149-0-s182:p0,200,0.05373384544169346,,889
151272,60,808,True,rome,100,400.0,fine,159862,25,1300,cell,100,rome:60:149-0-s182:p0,400,0.05373384544169346,,889
,60,,False,rome,100,70.71067811865476,fine,,25,1350,intra_cell,150,rome:60:149-0-s182:p0,0,,no feasible adversarial claim under enabled constraints,889
151272,60,740,True,rome,100,170.71067811865476,fine,159862,25,1350,intra_cell,150,rome:60:149-0-s182:p0,100,0.05373384544169346,,889
151272,60,730,True,rome,100,270.71067811865476,fine,159862,25,1350,intra_cell,150,rome:60:149-0-s182:p0,200,0.05373384544169346,,889
151272,60,700,True,rome,100,470.71067811865476,fine,159862,25,1350,intra_cell,150,rome:60:149-0-s182:p0,400,0.05373384544169346,,889
,120,,False,rome,100,0.0,fine,,25,1300,cell,100,rome:60:149-0-s182:p0,0,,no feasible adversarial claim under enabled constraints,889
8030,120,783,True,rome,100,100.0,fine,9940,25,1300,cell,100,rome:60:149-0-s182:p0,100,0.1921529175050302,,889
7610,120,761,True,rome,100,200.0,fine,9940,25,1300,cell,100,rome:60:149-0-s182:p0,200,0.23440643863179075,,889
7220,120,722,True,rome,100,400.0,fine,9940,25,1300,cell,100,rome:60:149-0-s182:p0,400,0.27364185110663986,,889
,120,,False,rome,100,70.71067811865476,fine,,25,1350,intra_cell,150,rome:60:149-0-s182:p0,0,,no feasible adversarial claim under enabled constraints,889
6610,120,661,True,rome,100,170.71067811865476,fine,9940,25,1350,intra_cell,150,rome:60:149-0-s182:p0,100,0.335010060362173,,889
6440,120,644,True,rome,100,270.71067811865476,fine,9940,25,1350,intra_cell,150,rome:60:149-0-s182:p0,200,0.352112676056338,,889
6440,120,644,True,rome,100,470.71067811865476,fine,9940,25,1350,intra_cell,150,rome:60:149-0-s182:p0,400,0.352112676056338,,889
,300,,False,rome,100,0.0,fine,,25,1300,cell,100,rome:60:149-0-s182:p0,0,,no feasible adversarial claim under enabled constraints,889
8030,300,783,True,rome,100,100.0,fine,9940,25,1300,cell,100,rome:60:149-0-s182:p0,100,0.1921529175050302,,889
7610,300,761,True,rome,100,200.0,fine,9940,25,1300,cell,100,rome:60:149-0-s182:p0,200,0.23440643863179075,,889
7220,300,722,True,rome,100,400.0,fine,9940,25,1300,cell,100,rome:60:149-0-s182:p0,400,0.27364185110663986,,889
,300,,False,rome,100,70.71067811865476,fine,,25,1350,intra_cell,150,rome:60:149-0-s182:p0,0,,no feasible adversarial claim under enabled constraints,889
6610,300,661,True,rome,100,170.71067811865476,fine,9940,25,1350,intra_cell,150,rome:60:149-0-s182:p0,100,0.335010060362173,,889
6440,300,644,True,rome,100,270.71067811865476,fine,9940,25,1350,intra_cell,150,rome:60:149-0-s182:p0,200,0.352112676056338,,889
6440,300,644,True,rome,100,470.71067811865476,fine,9940,25,1350,intra_cell,150,rome:60:149-0-s182:p0,400,0.352112676056338,,889
,60,,False,rome,100,0.0,coarse,,25,1300,cell,100,rome:60:153-0-s15:p2,0,,no feasible adversarial claim under enabled constraints,669
217404,60,723,True,rome,100,100.0,coarse,221940,25,1300,cell,100,rome:60:153-0-s15:p2,100,0.020437956204379562,,669
217404,60,723,True,rome,100,200.0,coarse,221940,25,1300,cell,100,rome:60:153-0-s15:p2,200,0.020437956204379562,,669
217404,60,689,True,rome,100,400.0,coarse,221940,25,1300,cell,100,rome:60:153-0-s15:p2,400,0.020437956204379562,,669
221004,60,500,True,rome,100,70.71067811865476,coarse,221940,25,1350,intra_cell,150,rome:60:153-0-s15:p2,0,0.00421735604217356,,669
217404,60,500,True,rome,100,170.71067811865476,coarse,221940,25,1350,intra_cell,150,rome:60:153-0-s15:p2,100,0.020437956204379562,,669
217404,60,500,True,rome,100,270.71067811865476,coarse,221940,25,1350,intra_cell,150,rome:60:153-0-s15:p2,200,0.020437956204379562,,669
217404,60,500,True,rome,100,470.71067811865476,coarse,221940,25,1350,intra_cell,150,rome:60:153-0-s15:p2,400,0.020437956204379562,,669
,120,,False,rome,100,0.0,coarse,,25,1300,cell,100,rome:60:153-0-s15:p2,0,,no feasible adversarial claim under enabled constraints,669
6000,120,600,True,rome,100,100.0,coarse,8028,25,1300,cell,100,rome:60:153-0-s15:p2,100,0.2526158445440957,,669
5610,120,561,True,rome,100,200.0,coarse,8028,25,1300,cell,100,rome:60:153-0-s15:p2,200,0.30119581464872947,,669
5610,120,561,True,rome,100,400.0,coarse,8028,25,1300,cell,100,rome:60:153-0-s15:p2,400,0.30119581464872947,,669
6000,120,500,True,rome,100,70.71067811865476,coarse,8028,25,1350,intra_cell,150,rome:60:153-0-s15:p2,0,0.2526158445440957,,669
4610,120,461,True,rome,100,170.71067811865476,coarse,8028,25,1350,intra_cell,150,rome:60:153-0-s15:p2,100,0.42575984055804683,,669
4610,120,461,True,rome,100,270.71067811865476,coarse,8028,25,1350,intra_cell,150,rome:60:153-0-s15:p2,200,0.42575984055804683,,669
4610,120,461,True,rome,100,470.71067811865476,coarse,8028,25,1350,intra_cell,150,rome:60:153-0-s15:p2,400,0.42575984055804683,,669
,300,,False,rome,100,0.0,coarse,,25,1300,cell,100,rome:60:153-0-s15:p2,0,,no feasible adversarial claim under enabled constraints,669
6000,300,600,True,rome,100,100.0,coarse,8028,25,1300,cell,100,rome:60:153-0-s15:p2,100,0.2526158445440957,,669
5610,300,561,True,rome,100,200.0,coarse,8028,25,1300,cell,100,rome:60:153-0-s15:p2,200,0.30119581464872947,,669
5610,300,561,True,rome,100,400.0,coarse,8028,25,1300,cell,100,rome:60:153-0-s15:p2,400,0.30119581464872947,,669
6000,300,500,True,rome,100,70.71067811865476,coarse,8028,25,1350,intra_cell,150,rome:60:153-0-s15:p2,0,0.2526158445440957,,669
4610,300,461,True,rome,100,170.71067811865476,coarse,8028,25,1350,intra_cell,150,rome:60:153-0-s15:p2,100,0.42575984055804683,,669
4610,300,461,True,rome,100,270.71067811865476,coarse,8028,25,1350,intra_cell,150,rome:60:153-0-s15:p2,200,0.42575984055804683,,669
4610,300,461,True,rome,100,470.71067811865476,coarse,8028,25,1350,intra_cell,150,rome:60:153-0-s15:p2,400,0.42575984055804683,,669
,60,,False,rome,100,0.0,medium,,25,1300,cell,100,rome:60:153-0-s15:p2,0,,no feasible adversarial claim under enabled constraints,669
217404,60,723,True,rome,100,100.0,medium,221940,25,1300,cell,100,rome:60:153-0-s15:p2,100,0.020437956204379562,,669
217404,60,723,True,rome,100,200.0,medium,221940,25,1300,cell,100,rome:60:153-0-s15:p2,200,0.020437956204379562,,669
217404,60,689,True,rome,100,400.0,medium,221940,25,1300,cell,100,rome:60:153-0-s15:p2,400,0.020437956204379562,,669
221004,60,500,True,rome,100,70.71067811865476,medium,221940,25,1350,intra_cell,150,rome:60:153-0-s15:p2,0,0.00421735604217356,,669
217404,60,500,True,rome,100,170.71067811865476,medium,221940,25,1350,intra_cell,150,rome:60:153-0-s15:p2,100,0.020437956204379562,,669
217404,60,500,True,rome,100,270.71067811865476,medium,221940,25,1350,intra_cell,150,rome:60:153-0-s15:p2,200,0.020437956204379562,,669
217404,60,500,True,rome,100,470.71067811865476,medium,221940,25,1350,intra_cell,150,rome:60:153-0-s15:p2,400,0.020437956204379562,,669
,120,,False,rome,100,0.0,medium,,25,1300,cell,100,rome:60:153-0-s15:p2,0,,no feasible adversarial claim under enabled constraints,669
6000,120,600,True,rome,100,100.0,medium,8028,25,1300,cell,100,rome:60:153-0-s15:p2,100,0.2526158445440957,,669
5610,120,561,True,rome,100,200.0,medium,8028,25,1300,cell,100,rome:60:153-0-s15:p2,200,0.30119581464872947,,669
5610,120,561,True,rome,100,400.0,medium,8028,25,1300,cell,100,rome:60:153-0-s15:p2,400,0.30119581464872947,,669
6000,120,500,True,rome,100,70.71067811865476,medium,8028,25,1350,intra_cell,150,rome:60:153-0-s15:p2,0,0.2526158445440957,,669
4830,120,483,True,rome,100,170.71067811865476,medium,8028,25,1350,intra_cell,150,rome:60:153-0-s15:p2,100,0.398355754857997,,669
4610,120,461,True,rome,100,270.71067811865476,medium,8028,25,1350,intra_cell,150,rome:60:153-0-s15:p2,200,0.42575984055804683,,669
4610,120,461,True,rome,100,470.71067811865476,medium,8028,25,1350,intra_cell,150,rome:60:153-0-s15:p2,400,0.42575984055804683,,669
,300,,False,rome,100,0.0,medium,,25,1300,cell,100,rome:60:153-0-s15:p2,0,,no feasible adversarial claim under enabled constraints,669
6000,300,600,True,rome,100,100.0,medium,8028,25,1300,cell,100,rome:60:153-0-s15:p2,100,0.2526158445440957,,669
5610,300,561,True,rome,100,200.0,medium,8028,25,1300,cell,100,rome:60:153-0-s15:p2,200,0.30119581464872947,,669
5610,300,561,True,rome,100,400.0,medium,8028,25,1300,cell,100,rome:60:153-0-s15:p2,400,0.30119581464872947,,669
6000,300,500,True,rome,100,70.71067811865476,medium,8028,25,1350,intra_cell,150,rome:60:153-0-s15:p2,0,0.2526158445440957,,669
4830,300,483,True,rome,100,170.71067811865476,medium,8028,25,1350,intra_cell,150,rome:60:153-0-s15:p2,100,0.398355754857997,,669
4610,300,461,True,rome,100,270.71067811865476,medium,8028,25,1350,intra_cell,150,rome:60:153-0-s15:p2,200,0.42575984055804683,,669
4610,300,461,True,rome,100,470.71067811865476,medium,8028,25,1350,intra_cell,150,rome:60:153-0-s15:p2,400,0.42575984055804683,,669
,60,,False,rome,100,0.0,fine,,25,1300,cell,100,rome:60:153-0-s15:p2,0,,no feasible adversarial claim under enabled constraints,669
217404,60,723,True,rome,100,100.0,fine,221940,25,1300,cell,100,rome:60:153-0-s15:p2,100,0.020437956204379562,,669
217404,60,723,True,rome,100,200.0,fine,221940,25,1300,cell,100,rome:60:153-0-s15:p2,200,0.020437956204379562,,669
217404,60,689,True,rome,100,400.0,fine,221940,25,1300,cell,100,rome:60:153-0-s15:p2,400,0.020437956204379562,,669
221004,60,500,True,rome,100,70.71067811865476,fine,221940,25,1350,intra_cell,150,rome:60:153-0-s15:p2,0,0.00421735604217356,,669
217404,60,500,True,rome,100,170.71067811865476,fine,221940,25,1350,intra_cell,150,rome:60:153-0-s15:p2,100,0.020437956204379562,,669
217404,60,500,True,rome,100,270.71067811865476,fine,221940,25,1350,intra_cell,150,rome:60:153-0-s15:p2,200,0.020437956204379562,,669
217404,60,500,True,rome,100,470.71067811865476,fine,221940,25,1350,intra_cell,150,rome:60:153-0-s15:p2,400,0.020437956204379562,,669
,120,,False,rome,100,0.0,fine,,25,1300,cell,100,rome:60:153-0-s15:p2,0,,no feasible adversarial claim under enabled constraints,669
6600,120,600,True,rome,100,100.0,fine,8028,25,1300,cell,100,rome:60:153-0-s15:p2,100,0.17787742899850523,,669
5610,120,561,True,rome,100,200.0,fine,8028,25,1300,cell,100,rome:60:153-0-s15:p2,200,0.30119581464872947,,669
5610,120,561,True,rome,100,400.0,fine,8028,25,1300,cell,100,rome:60:153-0-s15:p2,400,0.30119581464872947,,669
6000,120,500,True,rome,100,70.71067811865476,fine,8028,25,1350,intra_cell,150,rome:60:153-0-s15:p2,0,0.2526158445440957,,669
5230,120,483,True,rome,100,170.71067811865476,fine,8028,25,1350,intra_cell,150,rome:60:153-0-s15:p2,100,0.34853014449427006,,669
4610,120,461,True,rome,100,270.71067811865476,fine,8028,25,1350,intra_cell,150,rome:60:153-0-s15:p2,200,0.42575984055804683,,669
4610,120,461,True,rome,100,470.71067811865476,fine,8028,25,1350,intra_cell,150,rome:60:153-0-s15:p2,400,0.42575984055804683,,669
,300,,False,rome,100,0.0,fine,,25,1300,cell,100,rome:60:153-0-s15:p2,0,,no feasible adversarial claim under enabled constraints,669
6600,300,600,True,rome,100,100.0,fine,8028,25,1300,cell,100,rome:60:153-0-s15:p2,100,0.17787742899850523,,669
5610,300,561,True,rome,100,200.0,fine,8028,25,1300,cell,100,rome:60:153-0-s15:p2,200,0.30119581464872947,,669
5610,300,561,True,rome,100,400.0,fine,8028,25,1300,cell,100,rome:60:153-0-s15:p2,400,0.30119581464872947,,669
6000,300,500,True,rome,100,70.71067811865476,fine,8028,25,1350,intra_cell,150,rome:60:153-0-s15:p2,0,0.2526158445440957,,669
5230,300,483,True,rome,100,170.71067811865476,fine,8028,25,1350,intra_cell,150,rome:60:153-0-s15:p2,100,0.34853014449427006,,669
4610,300,461,True,rome,100,270.71067811865476,fine,8028,25,1350,intra_cell,150,rome:60:153-0-s15:p2,200,0.42575984055804683,,669
4610,300,461,True,rome,100,470.71067811865476,fine,8028,25,1350,intra_cell,150,rome:60:153-0-s15:p2,400,0.42575984055804683,,669
,60,,False,rome,100,0.0,coarse,,25,1300,cell,100,rome:60:153-0-s214:p0,0,,no feasible adversarial claim under enabled constraints,706
73864,60,641,True,rome,100,100.0,coarse,79704,25,1300,cell,100,rome:60:153-0-s214:p0,100,0.07327110308140118,,706
72864,60,566,True,rome,100,200.0,coarse,79704,25,1300,cell,100,rome:60:153-0-s214:p0,200,0.08581752484191509,,706
72864,60,566,True,rome,100,400.0,coarse,79704,25,1300,cell,100,rome:60:153-0-s214:p0,400,0.08581752484191509,,706
,60,,False,rome,100,70.71067811865476,coarse,,25,1350,intra_cell,150,rome:60:153-0-s214:p0,0,,no feasible adversarial claim under enabled constraints,706
72864,60,500,True,rome,100,170.71067811865476,coarse,79704,25,1350,intra_cell,150,rome:60:153-0-s214:p0,100,0.08581752484191509,,706
72864,60,516,True,rome,100,270.71067811865476,coarse,79704,25,1350,intra_cell,150,rome:60:153-0-s214:p0,200,0.08581752484191509,,706
72864,60,500,True,rome,100,470.71067811865476,coarse,79704,25,1350,intra_cell,150,rome:60:153-0-s214:p0,400,0.08581752484191509,,706
,120,,False,rome,100,0.0,coarse,,25,1300,cell,100,rome:60:153-0-s214:p0,0,,no feasible adversarial claim under enabled constraints,706
5610,120,561,True,rome,100,100.0,coarse,7060,25,1300,cell,100,rome:60:153-0-s214:p0,100,0.20538243626062322,,706
5610,120,561,True,rome,100,200.0,coarse,7060,25,1300,cell,100,rome:60:153-0-s214:p0,200,0.20538243626062322,,706
5610,120,561,True,rome,100,400.0,coarse,7060,25,1300,cell,100,rome:60:153-0-s214:p0,400,0.20538243626062322,,706
,120,,False,rome,100,70.71067811865476,coarse,,25,1350,intra_cell,150,rome:60:153-0-s214:p0,0,,no feasible adversarial claim under enabled constraints,706
4610,120,461,True,rome,100,170.71067811865476,coarse,7060,25,1350,intra_cell,150,rome:60:153-0-s214:p0,100,0.34702549575070823,,706
4610,120,461,True,rome,100,270.71067811865476,coarse,7060,25,1350,intra_cell,150,rome:60:153-0-s214:p0,200,0.34702549575070823,,706
4610,120,461,True,rome,100,470.71067811865476,coarse,7060,25,1350,intra_cell,150,rome:60:153-0-s214:p0,400,0.34702549575070823,,706
,300,,False,rome,100,0.0,coarse,,25,1300,cell,100,rome:60:153-0-s214:p0,0,,no feasible adversarial claim under enabled constraints,706
5610,300,561,True,rome,100,100.0,coarse,7060,25,1300,cell,100,rome:60:153-0-s214:p0,100,0.20538243626062322,,706
5610,300,561,True,rome,100,200.0,coarse,7060,25,1300,cell,100,rome:60:153-0-s214:p0,200,0.20538243626062322,,706
5610,300,561,True,rome,100,400.0,coarse,7060,25,1300,cell,100,rome:60:153-0-s214:p0,400,0.20538243626062322,,706
,300,,False,rome,100,70.71067811865476,coarse,,25,1350,intra_cell,150,rome:60:153-0-s214:p0,0,,no feasible adversarial claim under enabled constraints,706
4610,300,461,True,rome,100,170.71067811865476,coarse,7060,25,1350,intra_cell,150,rome:60:153-0-s214:p0,100,0.34702549575070823,,706
4610,300,461,True,rome,100,270.71067811865476,coarse,7060,25,1350,intra_cell,150,rome:60:153-0-s214:p0,200,0.34702549575070823,,706
4610,300,461,True,rome,100,470.71067811865476,coarse,7060,25,1350,intra_cell,150,rome:60:153-0-s214:p0,400,0.34702549575070823,,706
,60,,False,rome,100,0.0,medium,,25,1300,cell,100,rome:60:153-0-s214:p0,0,,no feasible adversarial claim under enabled constraints,706
73864,60,641,True,rome,100,100.0,medium,79704,25,1300,cell,100,rome:60:153-0-s214:p0,100,0.07327110308140118,,706
72864,60,566,True,rome,100,200.0,medium,79704,25,1300,cell,100,rome:60:153-0-s214:p0,200,0.08581752484191509,,706
72864,60,566,True,rome,100,400.0,medium,79704,25,1300,cell,100,rome:60:153-0-s214:p0,400,0.08581752484191509,,706
,60,,False,rome,100,70.71067811865476,medium,,25,1350,intra_cell,150,rome:60:153-0-s214:p0,0,,no feasible adversarial claim under enabled constraints,706
72864,60,500,True,rome,100,170.71067811865476,medium,79704,25,1350,intra_cell,150,rome:60:153-0-s214:p0,100,0.08581752484191509,,706
72864,60,516,True,rome,100,270.71067811865476,medium,79704,25,1350,intra_cell,150,rome:60:153-0-s214:p0,200,0.08581752484191509,,706
72864,60,500,True,rome,100,470.71067811865476,medium,79704,25,1350,intra_cell,150,rome:60:153-0-s214:p0,400,0.08581752484191509,,706
,120,,False,rome,100,0.0,medium,,25,1300,cell,100,rome:60:153-0-s214:p0,0,,no feasible adversarial claim under enabled constraints,706
5610,120,561,True,rome,100,100.0,medium,7060,25,1300,cell,100,rome:60:153-0-s214:p0,100,0.20538243626062322,,706
5610,120,561,True,rome,100,200.0,medium,7060,25,1300,cell,100,rome:60:153-0-s214:p0,200,0.20538243626062322,,706
5610,120,561,True,rome,100,400.0,medium,7060,25,1300,cell,100,rome:60:153-0-s214:p0,400,0.20538243626062322,,706
,120,,False,rome,100,70.71067811865476,medium,,25,1350,intra_cell,150,rome:60:153-0-s214:p0,0,,no feasible adversarial claim under enabled constraints,706
4610,120,461,True,rome,100,170.71067811865476,medium,7060,25,1350,intra_cell,150,rome:60:153-0-s214:p0,100,0.34702549575070823,,706
4610,120,461,True,rome,100,270.71067811865476,medium,7060,25,1350,intra_cell,150,rome:60:153-0-s214:p0,200,0.34702549575070823,,706
4610,120,461,True,rome,100,470.71067811865476,medium,7060,25,1350,intra_cell,150,rome:60:153-0-s214:p0,400,0.34702549575070823,,706
,300,,False,rome,100,0.0,medium,,25,1300,cell,100,rome:60:153-0-s214:p0,0,,no feasible adversarial claim under enabled constraints,706
5610,300,561,True,rome,100,100.0,medium,7060,25,1300,cell,100,rome:60:153-0-s214:p0,100,0.20538243626062322,,706
5610,300,561,True,rome,100,200.0,medium,7060,25,1300,cell,100,rome:60:153-0-s214:p0,200,0.20538243626062322,,706
5610,300,561,True,rome,100,400.0,medium,7060,25,1300,cell,100,rome:60:153-0-s214:p0,400,0.20538243626062322,,706
,300,,False,rome,100,70.71067811865476,medium,,25,1350,intra_cell,150,rome:60:153-0-s214:p0,0,,no feasible adversarial claim under enabled constraints,706
4610,300,461,True,rome,100,170.71067811865476,medium,7060,25,1350,intra_cell,150,rome:60:153-0-s214:p0,100,0.34702549575070823,,706
4610,300,461,True,rome,100,270.71067811865476,medium,7060,25,1350,intra_cell,150,rome:60:153-0-s214:p0,200,0.34702549575070823,,706
4610,300,461,True,rome,100,470.71067811865476,medium,7060,25,1350,intra_cell,150,rome:60:153-0-s214:p0,400,0.34702549575070823,,706
,60,,False,rome,100,0.0,fine,,25,1300,cell,100,rome:60:153-0-s214:p0,0,,no feasible adversarial claim under enabled constraints,706
73864,60,641,True,rome,100,100.0,fine,79704,25,1300,cell,100,rome:60:153-0-s214:p0,100,0.07327110308140118,,706
72864,60,566,True,rome,100,200.0,fine,79704,25,1300,cell,100,rome:60:153-0-s214:p0,200,0.08581752484191509,,706
72864,60,566,True,rome,100,400.0,fine,79704,25,1300,cell,100,rome:60:153-0-s214:p0,400,0.08581752484191509,,706
,60,,False,rome,100,70.71067811865476,fine,,25,1350,intra_cell,150,rome:60:153-0-s214:p0,0,,no feasible adversarial claim under enabled constraints,706
72864,60,500,True,rome,100,170.71067811865476,fine,79704,25,1350,intra_cell,150,rome:60:153-0-s214:p0,100,0.08581752484191509,,706
72864,60,516,True,rome,100,270.71067811865476,fine,79704,25,1350,intra_cell,150,rome:60:153-0-s214:p0,200,0.08581752484191509,,706
72864,60,500,True,rome,100,470.71067811865476,fine,79704,25,1350,intra_cell,150,rome:60:153-0-s214:p0,400,0.08581752484191509,,706
,120,,False,rome,100,0.0,fine,,25,1300,cell,100,rome:60:153-0-s214:p0,0,,no feasible adversarial claim under enabled constraints,706
5610,120,561,True,rome,100,100.0,fine,7060,25,1300,cell,100,rome:60:153-0-s214:p0,100,0.20538243626062322,,706
5610,120,561,True,rome,100,200.0,fine,7060,25,1300,cell,100,rome:60:153-0-s214:p0,200,0.20538243626062322,,706
5610,120,561,True,rome,100,400.0,fine,7060,25,1300,cell,100,rome:60:153-0-s214:p0,400,0.20538243626062322,,706
,120,,False,rome,100,70.71067811865476,fine,,25,1350,intra_cell,150,rome:60:153-0-s214:p0,0,,no feasible adversarial claim under enabled constraints,706
4610,120,461,True,rome,100,170.71067811865476,fine,7060,25,1350,intra_cell,150,rome:60:153-0-s214:p0,100,0.34702549575070823,,706
4610,120,461,True,rome,100,270.71067811865476,fine,7060,25,1350,intra_cell,150,rome:60:153-0-s214:p0,200,0.34702549575070823,,706
4610,120,461,True,rome,100,470.71067811865476,fine,7060,25,1350,intra_cell,150,rome:60:153-0-s214:p0,400,0.34702549575070823,,706
,300,,False,rome,100,0.0,fine,,25,1300,cell,100,rome:60:153-0-s214:p0,0,,no feasible adversarial claim under enabled constraints,706
5610,300,561,True,rome,100,100.0,fine,7060,25,1300,cell,100,rome:60:153-0-s214:p0,100,0.20538243626062322,,706
5610,300,561,True,rome,100,200.0,fine,7060,25,1300,cell,100,rome:60:153-0-s214:p0,200,0.20538243626062322,,706
5610,300,561,True,rome,100,400.0,fine,7060,25,1300,cell,100,rome:60:153-0-s214:p0,400,0.20538243626062322,,706
,300,,False,rome,100,70.71067811865476,fine,,25,1350,intra_cell,150,rome:60:153-0-s214:p0,0,,no feasible adversarial claim under enabled constraints,706
4610,300,461,True,rome,100,170.71067811865476,fine,7060,25,1350,intra_cell,150,rome:60:153-0-s214:p0,100,0.34702549575070823,,706
4610,300,461,True,rome,100,270.71067811865476,fine,7060,25,1350,intra_cell,150,rome:60:153-0-s214:p0,200,0.34702549575070823,,706
4610,300,461,True,rome,100,470.71067811865476,fine,7060,25,1350,intra_cell,150,rome:60:153-0-s214:p0,400,0.34702549575070823,,706
254064,60,400,True,rome,100,0.0,coarse,255584,25,1300,cell,100,rome:60:155-0-s266:p0,0,0.005947164141730312,,514
252064,60,400,True,rome,100,100.0,coarse,255584,25,1300,cell,100,rome:60:155-0-s266:p0,100,0.013772380117691248,,514
251064,60,383,True,rome,100,200.0,coarse,255584,25,1300,cell,100,rome:60:155-0-s266:p0,200,0.017684988105671717,,514
251064,60,383,True,rome,100,400.0,coarse,255584,25,1300,cell,100,rome:60:155-0-s266:p0,400,0.017684988105671717,,514
254064,60,400,True,rome,100,70.71067811865476,coarse,255584,25,1350,intra_cell,150,rome:60:155-0-s266:p0,0,0.005947164141730312,,514
252064,60,300,True,rome,100,170.71067811865476,coarse,255584,25,1350,intra_cell,150,rome:60:155-0-s266:p0,100,0.013772380117691248,,514
251064,60,324,True,rome,100,270.71067811865476,coarse,255584,25,1350,intra_cell,150,rome:60:155-0-s266:p0,200,0.017684988105671717,,514
251064,60,324,True,rome,100,470.71067811865476,coarse,255584,25,1350,intra_cell,150,rome:60:155-0-s266:p0,400,0.017684988105671717,,514
4000,120,400,True,rome,100,0.0,coarse,5484,25,1300,cell,100,rome:60:155-0-s266:p0,0,0.27060539752005836,,514
4000,120,400,True,rome,100,100.0,coarse,5484,25,1300,cell,100,rome:60:155-0-s266:p0,100,0.27060539752005836,,514
3610,120,361,True,rome,100,200.0,coarse,5484,25,1300,cell,100,rome:60:155-0-s266:p0,200,0.34172137126185265,,514
3610,120,361,True,rome,100,400.0,coarse,5484,25,1300,cell,100,rome:60:155-0-s266:p0,400,0.34172137126185265,,514
4000,120,400,True,rome,100,70.71067811865476,coarse,5484,25,1350,intra_cell,150,rome:60:155-0-s266:p0,0,0.27060539752005836,,514
2830,120,283,True,rome,100,170.71067811865476,coarse,5484,25,1350,intra_cell,150,rome:60:155-0-s266:p0,100,0.4839533187454413,,514
2830,120,283,True,rome,100,270.71067811865476,coarse,5484,25,1350,intra_cell,150,rome:60:155-0-s266:p0,200,0.4839533187454413,,514
2830,120,283,True,rome,100,470.71067811865476,coarse,5484,25,1350,intra_cell,150,rome:60:155-0-s266:p0,400,0.4839533187454413,,514
4000,300,400,True,rome,100,0.0,coarse,5484,25,1300,cell,100,rome:60:155-0-s266:p0,0,0.27060539752005836,,514
4000,300,400,True,rome,100,100.0,coarse,5484,25,1300,cell,100,rome:60:155-0-s266:p0,100,0.27060539752005836,,514
3610,300,361,True,rome,100,200.0,coarse,5484,25,1300,cell,100,rome:60:155-0-s266:p0,200,0.34172137126185265,,514
3610,300,361,True,rome,100,400.0,coarse,5484,25,1300,cell,100,rome:60:155-0-s266:p0,400,0.34172137126185265,,514
4000,300,400,True,rome,100,70.71067811865476,coarse,5484,25,1350,intra_cell,150,rome:60:155-0-s266:p0,0,0.27060539752005836,,514
2830,300,283,True,rome,100,170.71067811865476,coarse,5484,25,1350,intra_cell,150,rome:60:155-0-s266:p0,100,0.4839533187454413,,514
2830,300,283,True,rome,100,270.71067811865476,coarse,5484,25,1350,intra_cell,150,rome:60:155-0-s266:p0,200,0.4839533187454413,,514
2830,300,283,True,rome,100,470.71067811865476,coarse,5484,25,1350,intra_cell,150,rome:60:155-0-s266:p0,400,0.4839533187454413,,514
254064,60,400,True,rome,100,0.0,medium,255469,25,1300,cell,100,rome:60:155-0-s266:p0,0,0.00549968880764398,,514
252064,60,400,True,rome,100,100.0,medium,255469,25,1300,cell,100,rome:60:155-0-s266:p0,100,0.01332842732386317,,514
251064,60,383,True,rome,100,200.0,medium,255469,25,1300,cell,100,rome:60:155-0-s266:p0,200,0.017242796581972763,,514
251064,60,383,True,rome,100,400.0,medium,255469,25,1300,cell,100,rome:60:155-0-s266:p0,400,0.017242796581972763,,514
254064,60,400,True,rome,100,70.71067811865476,medium,255469,25,1350,intra_cell,150,rome:60:155-0-s266:p0,0,0.00549968880764398,,514
252064,60,300,True,rome,100,170.71067811865476,medium,255469,25,1350,intra_cell,150,rome:60:155-0-s266:p0,100,0.01332842732386317,,514
251064,60,324,True,rome,100,270.71067811865476,medium,255469,25,1350,intra_cell,150,rome:60:155-0-s266:p0,200,0.017242796581972763,,514
251064,60,324,True,rome,100,470.71067811865476,medium,255469,25,1350,intra_cell,150,rome:60:155-0-s266:p0,400,0.017242796581972763,,514
4000,120,400,True,rome,100,0.0,medium,5312,25,1300,cell,100,rome:60:155-0-s266:p0,0,0.2469879518072289,,514
4000,120,400,True,rome,100,100.0,medium,5312,25,1300,cell,100,rome:60:155-0-s266:p0,100,0.2469879518072289,,514
3610,120,361,True,rome,100,200.0,medium,5312,25,1300,cell,100,rome:60:155-0-s266:p0,200,0.3204066265060241,,514
3610,120,361,True,rome,100,400.0,medium,5312,25,1300,cell,100,rome:60:155-0-s266:p0,400,0.3204066265060241,,514
4000,120,400,True,rome,100,70.71067811865476,medium,5312,25,1350,intra_cell,150,rome:60:155-0-s266:p0,0,0.2469879518072289,,514
2830,120,283,True,rome,100,170.71067811865476,medium,5312,25,1350,intra_cell,150,rome:60:155-0-s266:p0,100,0.46724397590361444,,514
2830,120,283,True,rome,100,270.71067811865476,medium,5312,25,1350,intra_cell,150,rome:60:155-0-s266:p0,200,0.46724397590361444,,514
2830,120,283,True,rome,100,470.71067811865476,medium,5312,25,1350,intra_cell,150,rome:60:155-0-s266:p0,400,0.46724397590361444,,514
4000,300,400,True,rome,100,0.0,medium,5312,25,1300,cell,100,rome:60:155-0-s266:p0,0,0.2469879518072289,,514
4000,300,400,True,rome,100,100.0,medium,5312,25,1300,cell,100,rome:60:155-0-s266:p0,100,0.2469879518072289,,514
3610,300,361,True,rome,100,200.0,medium,5312,25,1300,cell,100,rome:60:155-0-s266:p0,200,0.3204066265060241,,514
3610,300,361,True,rome,100,400.0,medium,5312,25,1300,cell,100,rome:60:155-0-s266:p0,400,0.3204066265060241,,514
4000,300,400,True,rome,100,70.71067811865476,medium,5312,25,1350,intra_cell,150,rome:60:155-0-s266:p0,0,0.2469879518072289,,514
2830,300,283,True,rome,100,170.71067811865476,medium,5312,25,1350,intra_cell,150,rome:60:155-0-s266:p0,100,0.46724397590361444,,514
2830,300,283,True,rome,100,270.71067811865476,medium,5312,25,1350,intra_cell,150,rome:60:155-0-s266:p0,200,0.46724397590361444,,514
2830,300,283,True,rome,100,470.71067811865476,medium,5312,25,1350,intra_cell,150,rome:60:155-0-s266:p0,400,0.46724397590361444,,514
254064,60,400,True,rome,100,0.0,fine,255354,25,1300,cell,100,rome:60:155-0-s266:p0,0,0.005051810427876595,,514
252064,60,400,True,rome,100,100.0,fine,255354,25,1300,cell,100,rome:60:155-0-s266:p0,100,0.012884074657142633,,514
251064,60,383,True,rome,100,200.0,fine,255354,25,1300,cell,100,rome:60:155-0-s266:p0,200,0.016800206771775652,,514
251064,60,383,True,rome,100,400.0,fine,255354,25,1300,cell,100,rome:60:155-0-s266:p0,400,0.016800206771775652,,514
254064,60,400,True,rome,100,70.71067811865476,fine,255354,25,1350,intra_cell,150,rome:60:155-0-s266:p0,0,0.005051810427876595,,514
252064,60,300,True,rome,100,170.71067811865476,fine,255354,25,1350,intra_cell,150,rome:60:155-0-s266:p0,100,0.012884074657142633,,514
251064,60,324,True,rome,100,270.71067811865476,fine,255354,25,1350,intra_cell,150,rome:60:155-0-s266:p0,200,0.016800206771775652,,514
251064,60,324,True,rome,100,470.71067811865476,fine,255354,25,1350,intra_cell,150,rome:60:155-0-s266:p0,400,0.016800206771775652,,514
4000,120,400,True,rome,100,0.0,fine,5140,25,1300,cell,100,rome:60:155-0-s266:p0,0,0.22178988326848248,,514
4000,120,400,True,rome,100,100.0,fine,5140,25,1300,cell,100,rome:60:155-0-s266:p0,100,0.22178988326848248,,514
3610,120,361,True,rome,100,200.0,fine,5140,25,1300,cell,100,rome:60:155-0-s266:p0,200,0.29766536964980544,,514
3610,120,361,True,rome,100,400.0,fine,5140,25,1300,cell,100,rome:60:155-0-s266:p0,400,0.29766536964980544,,514
4000,120,400,True,rome,100,70.71067811865476,fine,5140,25,1350,intra_cell,150,rome:60:155-0-s266:p0,0,0.22178988326848248,,514
2830,120,283,True,rome,100,170.71067811865476,fine,5140,25,1350,intra_cell,150,rome:60:155-0-s266:p0,100,0.4494163424124514,,514
2830,120,283,True,rome,100,270.71067811865476,fine,5140,25,1350,intra_cell,150,rome:60:155-0-s266:p0,200,0.4494163424124514,,514
2830,120,283,True,rome,100,470.71067811865476,fine,5140,25,1350,intra_cell,150,rome:60:155-0-s266:p0,400,0.4494163424124514,,514
4000,300,400,True,rome,100,0.0,fine,5140,25,1300,cell,100,rome:60:155-0-s266:p0,0,0.22178988326848248,,514
4000,300,400,True,rome,100,100.0,fine,5140,25,1300,cell,100,rome:60:155-0-s266:p0,100,0.22178988326848248,,514
3610,300,361,True,rome,100,200.0,fine,5140,25,1300,cell,100,rome:60:155-0-s266:p0,200,0.29766536964980544,,514
3610,300,361,True,rome,100,400.0,fine,5140,25,1300,cell,100,rome:60:155-0-s266:p0,400,0.29766536964980544,,514
4000,300,400,True,rome,100,70.71067811865476,fine,5140,25,1350,intra_cell,150,rome:60:155-0-s266:p0,0,0.22178988326848248,,514
2830,300,283,True,rome,100,170.71067811865476,fine,5140,25,1350,intra_cell,150,rome:60:155-0-s266:p0,100,0.4494163424124514,,514
2830,300,283,True,rome,100,270.71067811865476,fine,5140,25,1350,intra_cell,150,rome:60:155-0-s266:p0,200,0.4494163424124514,,514
2830,300,283,True,rome,100,470.71067811865476,fine,5140,25,1350,intra_cell,150,rome:60:155-0-s266:p0,400,0.4494163424124514,,514
,60,,False,rome,100,0.0,coarse,,25,1300,cell,100,rome:60:156-0-s76:p0,0,,no feasible adversarial claim under enabled constraints,1581
157128,60,1516,True,rome,100,100.0,coarse,163860,25,1300,cell,100,rome:60:156-0-s76:p0,100,0.04108385206883925,,1581
153336,60,1523,True,rome,100,200.0,coarse,163860,25,1300,cell,100,rome:60:156-0-s76:p0,200,0.0642255584035152,,1581
147336,60,1437,True,rome,100,400.0,coarse,163860,25,1300,cell,100,rome:60:156-0-s76:p0,400,0.10084218235078726,,1581
162612,60,1473,True,rome,100,70.71067811865476,coarse,163860,25,1350,intra_cell,150,rome:60:156-0-s76:p0,0,0.007616257781032589,,1581
154728,60,1440,True,rome,100,170.71067811865476,coarse,163860,25,1350,intra_cell,150,rome:60:156-0-s76:p0,100,0.05573050164774808,,1581
150936,60,1385,True,rome,100,270.71067811865476,coarse,163860,25,1350,intra_cell,150,rome:60:156-0-s76:p0,200,0.07887220798242402,,1581
144936,60,1342,True,rome,100,470.71067811865476,coarse,163860,25,1350,intra_cell,150,rome:60:156-0-s76:p0,400,0.11548883192969608,,1581
,120,,False,rome,100,0.0,coarse,,25,1300,cell,100,rome:60:156-0-s76:p0,0,,no feasible adversarial claim under enabled constraints,1581
16860,120,1405,True,rome,100,100.0,coarse,18972,25,1300,cell,100,rome:60:156-0-s76:p0,100,0.11132194813409235,,1581
16342,120,1422,True,rome,100,200.0,coarse,18972,25,1300,cell,100,rome:60:156-0-s76:p0,200,0.13862534261016235,,1581
15168,120,1388,True,rome,100,400.0,coarse,18972,25,1300,cell,100,rome:60:156-0-s76:p0,400,0.20050600885515496,,1581
17676,120,1473,True,rome,100,70.71067811865476,coarse,18972,25,1350,intra_cell,150,rome:60:156-0-s76:p0,0,0.0683111954459203,,1581
15396,120,1283,True,rome,100,170.71067811865476,coarse,18972,25,1350,intra_cell,150,rome:60:156-0-s76:p0,100,0.18848829854522453,,1581
14674,120,1283,True,rome,100,270.71067811865476,coarse,18972,25,1350,intra_cell,150,rome:60:156-0-s76:p0,200,0.22654438119333756,,1581
13752,120,1283,True,rome,100,470.71067811865476,coarse,18972,25,1350,intra_cell,150,rome:60:156-0-s76:p0,400,0.27514231499051234,,1581
,300,,False,rome,100,0.0,coarse,,25,1300,cell,100,rome:60:156-0-s76:p0,0,,no feasible adversarial claim under enabled constraints,1581
16860,300,1405,True,rome,100,100.0,coarse,18972,25,1300,cell,100,rome:60:156-0-s76:p0,100,0.11132194813409235,,1581
16342,300,1422,True,rome,100,200.0,coarse,18972,25,1300,cell,100,rome:60:156-0-s76:p0,200,0.13862534261016235,,1581
15168,300,1388,True,rome,100,400.0,coarse,18972,25,1300,cell,100,rome:60:156-0-s76:p0,400,0.20050600885515496,,1581
17676,300,1473,True,rome,100,70.71067811865476,coarse,18972,25,1350,intra_cell,150,rome:60:156-0-s76:p0,0,0.0683111954459203,,1581
15396,300,1283,True,rome,100,170.71067811865476,coarse,18972,25,1350,intra_cell,150,rome:60:156-0-s76:p0,100,0.18848829854522453,,1581
14674,300,1283,True,rome,100,270.71067811865476,coarse,18972,25,1350,intra_cell,150,rome:60:156-0-s76:p0,200,0.22654438119333756,,1581
13752,300,1283,True,rome,100,470.71067811865476,coarse,18972,25,1350,intra_cell,150,rome:60:156-0-s76:p0,400,0.27514231499051234,,1581
,60,,False,rome,100,0.0,medium,,25,1300,cell,100,rome:60:156-0-s76:p0,0,,no feasible adversarial claim under enabled constraints,1581
157128,60,1516,True,rome,100,100.0,medium,163860,25,1300,cell,100,rome:60:156-0-s76:p0,100,0.04108385206883925,,1581
153336,60,1523,True,rome,100,200.0,medium,163860,25,1300,cell,100,rome:60:156-0-s76:p0,200,0.0642255584035152,,1581
147336,60,1437,True,rome,100,400.0,medium,163860,25,1300,cell,100,rome:60:156-0-s76:p0,400,0.10084218235078726,,1581
162612,60,1473,True,rome,100,70.71067811865476,medium,163860,25,1350,intra_cell,150,rome:60:156-0-s76:p0,0,0.007616257781032589,,1581
154728,60,1440,True,rome,100,170.71067811865476,medium,163860,25,1350,intra_cell,150,rome:60:156-0-s76:p0,100,0.05573050164774808,,1581
150936,60,1385,True,rome,100,270.71067811865476,medium,163860,25,1350,intra_cell,150,rome:60:156-0-s76:p0,200,0.07887220798242402,,1581
144936,60,1342,True,rome,100,470.71067811865476,medium,163860,25,1350,intra_cell,150,rome:60:156-0-s76:p0,400,0.11548883192969608,,1581
,120,,False,rome,100,0.0,medium,,25,1300,cell,100,rome:60:156-0-s76:p0,0,,no feasible adversarial claim under enabled constraints,1581
16860,120,1405,True,rome,100,100.0,medium,18972,25,1300,cell,100,rome:60:156-0-s76:p0,100,0.11132194813409235,,1581
16342,120,1422,True,rome,100,200.0,medium,18972,25,1300,cell,100,rome:60:156-0-s76:p0,200,0.13862534261016235,,1581
15272,120,1405,True,rome,100,400.0,medium,18972,25,1300,cell,100,rome:60:156-0-s76:p0,400,0.19502424625764284,,1581
17676,120,1473,True,rome,100,70.71067811865476,medium,18972,25,1350,intra_cell,150,rome:60:156-0-s76:p0,0,0.0683111954459203,,1581
15396,120,1283,True,rome,100,170.71067811865476,medium,18972,25,1350,intra_cell,150,rome:60:156-0-s76:p0,100,0.18848829854522453,,1581
14674,120,1283,True,rome,100,270.71067811865476,medium,18972,25,1350,intra_cell,150,rome:60:156-0-s76:p0,200,0.22654438119333756,,1581
13852,120,1283,True,rome,100,470.71067811865476,medium,18972,25,1350,intra_cell,150,rome:60:156-0-s76:p0,400,0.26987138941598143,,1581
,300,,False,rome,100,0.0,medium,,25,1300,cell,100,rome:60:156-0-s76:p0,0,,no feasible adversarial claim under enabled constraints,1581
16860,300,1405,True,rome,100,100.0,medium,18972,25,1300,cell,100,rome:60:156-0-s76:p0,100,0.11132194813409235,,1581
16342,300,1422,True,rome,100,200.0,medium,18972,25,1300,cell,100,rome:60:156-0-s76:p0,200,0.13862534261016235,,1581
15272,300,1405,True,rome,100,400.0,medium,18972,25,1300,cell,100,rome:60:156-0-s76:p0,400,0.19502424625764284,,1581
17676,300,1473,True,rome,100,70.71067811865476,medium,18972,25,1350,intra_cell,150,rome:60:156-0-s76:p0,0,0.0683111954459203,,1581
15396,300,1283,True,rome,100,170.71067811865476,medium,18972,25,1350,intra_cell,150,rome:60:156-0-s76:p0,100,0.18848829854522453,,1581
14674,300,1283,True,rome,100,270.71067811865476,medium,18972,25,1350,intra_cell,150,rome:60:156-0-s76:p0,200,0.22654438119333756,,1581
13852,300,1283,True,rome,100,470.71067811865476,medium,18972,25,1350,intra_cell,150,rome:60:156-0-s76:p0,400,0.26987138941598143,,1581
,60,,False,rome,100,0.0,fine,,25,1300,cell,100,rome:60:156-0-s76:p0,0,,no feasible adversarial claim under enabled constraints,1581
157128,60,1516,True,rome,100,100.0,fine,163860,25,1300,cell,100,rome:60:156-0-s76:p0,100,0.04108385206883925,,1581
153336,60,1523,True,rome,100,200.0,fine,163860,25,1300,cell,100,rome:60:156-0-s76:p0,200,0.0642255584035152,,1581
147336,60,1437,True,rome,100,400.0,fine,163860,25,1300,cell,100,rome:60:156-0-s76:p0,400,0.10084218235078726,,1581
162612,60,1473,True,rome,100,70.71067811865476,fine,163860,25,1350,intra_cell,150,rome:60:156-0-s76:p0,0,0.007616257781032589,,1581
154728,60,1440,True,rome,100,170.71067811865476,fine,163860,25,1350,intra_cell,150,rome:60:156-0-s76:p0,100,0.05573050164774808,,1581
150936,60,1385,True,rome,100,270.71067811865476,fine,163860,25,1350,intra_cell,150,rome:60:156-0-s76:p0,200,0.07887220798242402,,1581
144936,60,1342,True,rome,100,470.71067811865476,fine,163860,25,1350,intra_cell,150,rome:60:156-0-s76:p0,400,0.11548883192969608,,1581
,120,,False,rome,100,0.0,fine,,25,1300,cell,100,rome:60:156-0-s76:p0,0,,no feasible adversarial claim under enabled constraints,1581
16860,120,1405,True,rome,100,100.0,fine,18972,25,1300,cell,100,rome:60:156-0-s76:p0,100,0.11132194813409235,,1581
15934,120,1388,True,rome,100,200.0,fine,18972,25,1300,cell,100,rome:60:156-0-s76:p0,200,0.16013071895424835,,1581
14872,120,1415,True,rome,100,400.0,fine,18972,25,1300,cell,100,rome:60:156-0-s76:p0,400,0.2161079485557664,,1581
17676,120,1473,True,rome,100,70.71067811865476,fine,18972,25,1350,intra_cell,150,rome:60:156-0-s76:p0,0,0.0683111954459203,,1581
15328,120,1344,True,rome,100,170.71067811865476,fine,18972,25,1350,intra_cell,150,rome:60:156-0-s76:p0,100,0.19207252793590554,,1581
14674,120,1283,True,rome,100,270.71067811865476,fine,18972,25,1350,intra_cell,150,rome:60:156-0-s76:p0,200,0.22654438119333756,,1581
13750,120,1355,True,rome,100,470.71067811865476,fine,18972,25,1350,intra_cell,150,rome:60:156-0-s76:p0,400,0.27524773350200293,,1581
,300,,False,rome,100,0.0,fine,,25,1300,cell,100,rome:60:156-0-s76:p0,0,,no feasible adversarial claim under enabled constraints,1581
16860,300,1405,True,rome,100,100.0,fine,18972,25,1300,cell,100,rome:60:156-0-s76:p0,100,0.11132194813409235,,1581
15934,300,1388,True,rome,100,200.0,fine,18972,25,1300,cell,100,rome:60:156-0-s76:p0,200,0.16013071895424835,,1581
14872,300,1415,True,rome,100,400.0,fine,18972,25,1300,cell,100,rome:60:156-0-s76:p0,400,0.2161079485557664,,1581
17676,300,1473,True,rome,100,70.71067811865476,fine,18972,25,1350,intra_cell,150,rome:60:156-0-s76:p0,0,0.0683111954459203,,1581
15328,300,1344,True,rome,100,170.71067811865476,fine,18972,25,1350,intra_cell,150,rome:60:156-0-s76:p0,100,0.19207252793590554,,1581
14674,300,1283,True,rome,100,270.71067811865476,fine,18972,25,1350,intra_cell,150,rome:60:156-0-s76:p0,200,0.22654438119333756,,1581
13750,300,1355,True,rome,100,470.71067811865476,fine,18972,25,1350,intra_cell,150,rome:60:156-0-s76:p0,400,0.27524773350200293,,1581
,60,,False,rome,100,0.0,coarse,,25,1300,cell,100,rome:60:162-0-s40:p0,0,,no feasible adversarial claim under enabled constraints,1257
103212,60,1200,True,rome,100,100.0,coarse,111288,25,1300,cell,100,rome:60:162-0-s40:p0,100,0.07256847099417726,,1257
100500,60,1264,True,rome,100,200.0,coarse,111288,25,1300,cell,100,rome:60:162-0-s40:p0,200,0.0969376752210481,,1257
97812,60,1181,True,rome,100,400.0,coarse,111288,25,1300,cell,100,rome:60:162-0-s40:p0,400,0.12109122277334483,,1257
,60,,False,rome,100,70.71067811865476,coarse,,25,1350,intra_cell,150,rome:60:162-0-s40:p0,0,,no feasible adversarial claim under enabled constraints,1257
101504,60,1165,True,rome,100,170.71067811865476,coarse,111288,25,1350,intra_cell,150,rome:60:162-0-s40:p0,100,0.08791603766803249,,1257
99012,60,1046,True,rome,100,270.71067811865476,coarse,111288,25,1350,intra_cell,150,rome:60:162-0-s40:p0,200,0.11030838904464094,,1257
97812,60,1062,True,rome,100,470.71067811865476,coarse,111288,25,1350,intra_cell,150,rome:60:162-0-s40:p0,400,0.12109122277334483,,1257
,120,,False,rome,100,0.0,coarse,,25,1300,cell,100,rome:60:162-0-s40:p0,0,,no feasible adversarial claim under enabled constraints,1257
12542,120,1122,True,rome,100,100.0,coarse,14136,25,1300,cell,100,rome:60:162-0-s40:p0,100,0.11276174306734578,,1257
11440,120,1144,True,rome,100,200.0,coarse,14136,25,1300,cell,100,rome:60:162-0-s40:p0,200,0.1907187323146576,,1257
10830,120,1083,True,rome,100,400.0,coarse,14136,25,1300,cell,100,rome:60:162-0-s40:p0,400,0.23387096774193547,,1257
,120,,False,rome,100,70.71067811865476,coarse,,25,1350,intra_cell,150,rome:60:162-0-s40:p0,0,,no feasible adversarial claim under enabled constraints,1257
11230,120,1083,True,rome,100,170.71067811865476,coarse,14136,25,1350,intra_cell,150,rome:60:162-0-s40:p0,100,0.20557441992076966,,1257
10220,120,1022,True,rome,100,270.71067811865476,coarse,14136,25,1350,intra_cell,150,rome:60:162-0-s40:p0,200,0.27702320316921336,,1257
10050,120,1005,True,rome,100,470.71067811865476,coarse,14136,25,1350,intra_cell,150,rome:60:162-0-s40:p0,400,0.2890492359932088,,1257
,300,,False,rome,100,0.0,coarse,,25,1300,cell,100,rome:60:162-0-s40:p0,0,,no feasible adversarial claim under enabled constraints,1257
12542,300,1122,True,rome,100,100.0,coarse,14136,25,1300,cell,100,rome:60:162-0-s40:p0,100,0.11276174306734578,,1257
11440,300,1144,True,rome,100,200.0,coarse,14136,25,1300,cell,100,rome:60:162-0-s40:p0,200,0.1907187323146576,,1257
10830,300,1083,True,rome,100,400.0,coarse,14136,25,1300,cell,100,rome:60:162-0-s40:p0,400,0.23387096774193547,,1257
,300,,False,rome,100,70.71067811865476,coarse,,25,1350,intra_cell,150,rome:60:162-0-s40:p0,0,,no feasible adversarial claim under enabled constraints,1257
11230,300,1083,True,rome,100,170.71067811865476,coarse,14136,25,1350,intra_cell,150,rome:60:162-0-s40:p0,100,0.20557441992076966,,1257
10220,300,1022,True,rome,100,270.71067811865476,coarse,14136,25,1350,intra_cell,150,rome:60:162-0-s40:p0,200,0.27702320316921336,,1257
10050,300,1005,True,rome,100,470.71067811865476,coarse,14136,25,1350,intra_cell,150,rome:60:162-0-s40:p0,400,0.2890492359932088,,1257
,60,,False,rome,100,0.0,medium,,25,1300,cell,100,rome:60:162-0-s40:p0,0,,no feasible adversarial claim under enabled constraints,1257
102812,60,1200,True,rome,100,100.0,medium,110276,25,1300,cell,100,rome:60:162-0-s40:p0,100,0.06768471834306648,,1257
100052,60,1264,True,rome,100,200.0,medium,110276,25,1300,cell,100,rome:60:162-0-s40:p0,200,0.09271282962748013,,1257
97812,60,1181,True,rome,100,400.0,medium,110276,25,1300,cell,100,rome:60:162-0-s40:p0,400,0.11302549965541006,,1257
,60,,False,rome,100,70.71067811865476,medium,,25,1350,intra_cell,150,rome:60:162-0-s40:p0,0,,no feasible adversarial claim under enabled constraints,1257
101222,60,1165,True,rome,100,170.71067811865476,medium,110276,25,1350,intra_cell,150,rome:60:162-0-s40:p0,100,0.08210308680039174,,1257
99012,60,1046,True,rome,100,270.71067811865476,medium,110276,25,1350,intra_cell,150,rome:60:162-0-s40:p0,200,0.10214371214044761,,1257
97812,60,1062,True,rome,100,470.71067811865476,medium,110276,25,1350,intra_cell,150,rome:60:162-0-s40:p0,400,0.11302549965541006,,1257
,120,,False,rome,100,0.0,medium,,25,1300,cell,100,rome:60:162-0-s40:p0,0,,no feasible adversarial claim under enabled constraints,1257
11820,120,1122,True,rome,100,100.0,medium,13124,25,1300,cell,100,rome:60:162-0-s40:p0,100,0.09935995123437977,,1257
11440,120,1144,True,rome,100,200.0,medium,13124,25,1300,cell,100,rome:60:162-0-s40:p0,200,0.12831453825053338,,1257
10830,120,1083,True,rome,100,400.0,medium,13124,25,1300,cell,100,rome:60:162-0-s40:p0,400,0.17479427003962206,,1257
,120,,False,rome,100,70.71067811865476,medium,,25,1350,intra_cell,150,rome:60:162-0-s40:p0,0,,no feasible adversarial claim under enabled constraints,1257
10616,120,1005,True,rome,100,170.71067811865476,medium,13124,25,1350,intra_cell,150,rome:60:162-0-s40:p0,100,0.19110027430661383,,1257
10220,120,1022,True,rome,100,270.71067811865476,medium,13124,25,1350,intra_cell,150,rome:60:162-0-s40:p0,200,0.22127400182871076,,1257
10050,120,1005,True,rome,100,470.71067811865476,medium,13124,25,1350,intra_cell,150,rome:60:162-0-s40:p0,400,0.23422736970435842,,1257
,300,,False,rome,100,0.0,medium,,25,1300,cell,100,rome:60:162-0-s40:p0,0,,no feasible adversarial claim under enabled constraints,1257
11820,300,1122,True,rome,100,100.0,medium,13124,25,1300,cell,100,rome:60:162-0-s40:p0,100,0.09935995123437977,,1257
11440,300,1144,True,rome,100,200.0,medium,13124,25,1300,cell,100,rome:60:162-0-s40:p0,200,0.12831453825053338,,1257
10830,300,1083,True,rome,100,400.0,medium,13124,25,1300,cell,100,rome:60:162-0-s40:p0,400,0.17479427003962206,,1257
,300,,False,rome,100,70.71067811865476,medium,,25,1350,intra_cell,150,rome:60:162-0-s40:p0,0,,no feasible adversarial claim under enabled constraints,1257
10616,300,1005,True,rome,100,170.71067811865476,medium,13124,25,1350,intra_cell,150,rome:60:162-0-s40:p0,100,0.19110027430661383,,1257
10220,300,1022,True,rome,100,270.71067811865476,medium,13124,25,1350,intra_cell,150,rome:60:162-0-s40:p0,200,0.22127400182871076,,1257
10050,300,1005,True,rome,100,470.71067811865476,medium,13124,25,1350,intra_cell,150,rome:60:162-0-s40:p0,400,0.23422736970435842,,1257
,60,,False,rome,100,0.0,fine,,25,1300,cell,100,rome:60:162-0-s40:p0,0,,no feasible adversarial claim under enabled constraints,1257
102812,60,1200,True,rome,100,100.0,fine,110276,25,1300,cell,100,rome:60:162-0-s40:p0,100,0.06768471834306648,,1257
100052,60,1264,True,rome,100,200.0,fine,110276,25,1300,cell,100,rome:60:162-0-s40:p0,200,0.09271282962748013,,1257
97812,60,1181,True,rome,100,400.0,fine,110276,25,1300,cell,100,rome:60:162-0-s40:p0,400,0.11302549965541006,,1257
,60,,False,rome,100,70.71067811865476,fine,,25,1350,intra_cell,150,rome:60:162-0-s40:p0,0,,no feasible adversarial claim under enabled constraints,1257
101222,60,1165,True,rome,100,170.71067811865476,fine,110276,25,1350,intra_cell,150,rome:60:162-0-s40:p0,100,0.08210308680039174,,1257
98812,60,1046,True,rome,100,270.71067811865476,fine,110276,25,1350,intra_cell,150,rome:60:162-0-s40:p0,200,0.10395734339294135,,1257
97812,60,1062,True,rome,100,470.71067811865476,fine,110276,25,1350,intra_cell,150,rome:60:162-0-s40:p0,400,0.11302549965541006,,1257
,120,,False,rome,100,0.0,fine,,25,1300,cell,100,rome:60:162-0-s40:p0,0,,no feasible adversarial claim under enabled constraints,1257
11820,120,1122,True,rome,100,100.0,fine,13124,25,1300,cell,100,rome:60:162-0-s40:p0,100,0.09935995123437977,,1257
11440,120,1144,True,rome,100,200.0,fine,13124,25,1300,cell,100,rome:60:162-0-s40:p0,200,0.12831453825053338,,1257
10830,120,1083,True,rome,100,400.0,fine,13124,25,1300,cell,100,rome:60:162-0-s40:p0,400,0.17479427003962206,,1257
,120,,False,rome,100,70.71067811865476,fine,,25,1350,intra_cell,150,rome:60:162-0-s40:p0,0,,no feasible adversarial claim under enabled constraints,1257
10616,120,1005,True,rome,100,170.71067811865476,fine,13124,25,1350,intra_cell,150,rome:60:162-0-s40:p0,100,0.19110027430661383,,1257
10050,120,1005,True,rome,100,270.71067811865476,fine,13124,25,1350,intra_cell,150,rome:60:162-0-s40:p0,200,0.23422736970435842,,1257
10050,120,1005,True,rome,100,470.71067811865476,fine,13124,25,1350,intra_cell,150,rome:60:162-0-s40:p0,400,0.23422736970435842,,1257
,300,,False,rome,100,0.0,fine,,25,1300,cell,100,rome:60:162-0-s40:p0,0,,no feasible adversarial claim under enabled constraints,1257
11820,300,1122,True,rome,100,100.0,fine,13124,25,1300,cell,100,rome:60:162-0-s40:p0,100,0.09935995123437977,,1257
11440,300,1144,True,rome,100,200.0,fine,13124,25,1300,cell,100,rome:60:162-0-s40:p0,200,0.12831453825053338,,1257
10830,300,1083,True,rome,100,400.0,fine,13124,25,1300,cell,100,rome:60:162-0-s40:p0,400,0.17479427003962206,,1257
,300,,False,rome,100,70.71067811865476,fine,,25,1350,intra_cell,150,rome:60:162-0-s40:p0,0,,no feasible adversarial claim under enabled constraints,1257
10616,300,1005,True,rome,100,170.71067811865476,fine,13124,25,1350,intra_cell,150,rome:60:162-0-s40:p0,100,0.19110027430661383,,1257
10050,300,1005,True,rome,100,270.71067811865476,fine,13124,25,1350,intra_cell,150,rome:60:162-0-s40:p0,200,0.23422736970435842,,1257
10050,300,1005,True,rome,100,470.71067811865476,fine,13124,25,1350,intra_cell,150,rome:60:162-0-s40:p0,400,0.23422736970435842,,1257
106212,60,766,True,rome,100,0.0,coarse,107592,25,1300,cell,100,rome:60:163-0-s105:p0,0,0.01282623243363819,,923
102108,60,824,True,rome,100,100.0,coarse,107592,25,1300,cell,100,rome:60:163-0-s105:p0,100,0.05097033236671872,,923
100416,60,766,True,rome,100,200.0,coarse,107592,25,1300,cell,100,rome:60:163-0-s105:p0,200,0.06669640865491858,,923
97020,60,761,True,rome,100,400.0,coarse,107592,25,1300,cell,100,rome:60:163-0-s105:p0,400,0.09826009368726299,,923
106212,60,766,True,rome,100,70.71067811865476,coarse,107592,25,1350,intra_cell,150,rome:60:163-0-s105:p0,0,0.01282623243363819,,923
100416,60,683,True,rome,100,170.71067811865476,coarse,107592,25,1350,intra_cell,150,rome:60:163-0-s105:p0,100,0.06669640865491858,,923
98712,60,773,True,rome,100,270.71067811865476,coarse,107592,25,1350,intra_cell,150,rome:60:163-0-s105:p0,200,0.08253401739906313,,923
97020,60,661,True,rome,100,470.71067811865476,coarse,107592,25,1350,intra_cell,150,rome:60:163-0-s105:p0,400,0.09826009368726299,,923
9192,120,766,True,rome,100,0.0,coarse,11076,25,1300,cell,100,rome:60:163-0-s105:p0,0,0.17009750812567714,,923
9192,120,766,True,rome,100,100.0,coarse,11076,25,1300,cell,100,rome:60:163-0-s105:p0,100,0.17009750812567714,,923
8626,120,766,True,rome,100,200.0,coarse,11076,25,1300,cell,100,rome:60:163-0-s105:p0,200,0.2211989888046226,,923
7942,120,722,True,rome,100,400.0,coarse,11076,25,1300,cell,100,rome:60:163-0-s105:p0,400,0.2829541350668111,,923
9192,120,766,True,rome,100,70.71067811865476,coarse,11076,25,1350,intra_cell,150,rome:60:163-0-s105:p0,0,0.17009750812567714,,923
7728,120,644,True,rome,100,170.71067811865476,coarse,11076,25,1350,intra_cell,150,rome:60:163-0-s105:p0,100,0.30227518959913324,,923
7532,120,661,True,rome,100,270.71067811865476,coarse,11076,25,1350,intra_cell,150,rome:60:163-0-s105:p0,200,0.3199711087035031,,923
7006,120,644,True,rome,100,470.71067811865476,coarse,11076,25,1350,intra_cell,150,rome:60:163-0-s105:p0,400,0.36746117732033223,,923
9192,300,766,True,rome,100,0.0,coarse,11076,25,1300,cell,100,rome:60:163-0-s105:p0,0,0.17009750812567714,,923
9192,300,766,True,rome,100,100.0,coarse,11076,25,1300,cell,100,rome:60:163-0-s105:p0,100,0.17009750812567714,,923
8626,300,766,True,rome,100,200.0,coarse,11076,25,1300,cell,100,rome:60:163-0-s105:p0,200,0.2211989888046226,,923
7942,300,722,True,rome,100,400.0,coarse,11076,25,1300,cell,100,rome:60:163-0-s105:p0,400,0.2829541350668111,,923
9192,300,766,True,rome,100,70.71067811865476,coarse,11076,25,1350,intra_cell,150,rome:60:163-0-s105:p0,0,0.17009750812567714,,923
7728,300,644,True,rome,100,170.71067811865476,coarse,11076,25,1350,intra_cell,150,rome:60:163-0-s105:p0,100,0.30227518959913324,,923
7532,300,661,True,rome,100,270.71067811865476,coarse,11076,25,1350,intra_cell,150,rome:60:163-0-s105:p0,200,0.3199711087035031,,923
7006,300,644,True,rome,100,470.71067811865476,coarse,11076,25,1350,intra_cell,150,rome:60:163-0-s105:p0,400,0.36746117732033223,,923
106212,60,766,True,rome,100,0.0,medium,107592,25,1300,cell,100,rome:60:163-0-s105:p0,0,0.01282623243363819,,923
102108,60,824,True,rome,100,100.0,medium,107592,25,1300,cell,100,rome:60:163-0-s105:p0,100,0.05097033236671872,,923
100416,60,766,True,rome,100,200.0,medium,107592,25,1300,cell,100,rome:60:163-0-s105:p0,200,0.06669640865491858,,923
97020,60,761,True,rome,100,400.0,medium,107592,25,1300,cell,100,rome:60:163-0-s105:p0,400,0.09826009368726299,,923
106212,60,766,True,rome,100,70.71067811865476,medium,107592,25,1350,intra_cell,150,rome:60:163-0-s105:p0,0,0.01282623243363819,,923
100416,60,683,True,rome,100,170.71067811865476,medium,107592,25,1350,intra_cell,150,rome:60:163-0-s105:p0,100,0.06669640865491858,,923
98712,60,773,True,rome,100,270.71067811865476,medium,107592,25,1350,intra_cell,150,rome:60:163-0-s105:p0,200,0.08253401739906313,,923
97020,60,661,True,rome,100,470.71067811865476,medium,107592,25,1350,intra_cell,150,rome:60:163-0-s105:p0,400,0.09826009368726299,,923
9192,120,766,True,rome,100,0.0,medium,11076,25,1300,cell,100,rome:60:163-0-s105:p0,0,0.17009750812567714,,923
9192,120,766,True,rome,100,100.0,medium,11076,25,1300,cell,100,rome:60:163-0-s105:p0,100,0.17009750812567714,,923
8626,120,766,True,rome,100,200.0,medium,11076,25,1300,cell,100,rome:60:163-0-s105:p0,200,0.2211989888046226,,923
7942,120,722,True,rome,100,400.0,medium,11076,25,1300,cell,100,rome:60:163-0-s105:p0,400,0.2829541350668111,,923
9192,120,766,True,rome,100,70.71067811865476,medium,11076,25,1350,intra_cell,150,rome:60:163-0-s105:p0,0,0.17009750812567714,,923
7728,120,644,True,rome,100,170.71067811865476,medium,11076,25,1350,intra_cell,150,rome:60:163-0-s105:p0,100,0.30227518959913324,,923
7532,120,661,True,rome,100,270.71067811865476,medium,11076,25,1350,intra_cell,150,rome:60:163-0-s105:p0,200,0.3199711087035031,,923
7006,120,644,True,rome,100,470.71067811865476,medium,11076,25,1350,intra_cell,150,rome:60:163-0-s105:p0,400,0.36746117732033223,,923
9192,300,766,True,rome,100,0.0,medium,11076,25,1300,cell,100,rome:60:163-0-s105:p0,0,0.17009750812567714,,923
9192,300,766,True,rome,100,100.0,medium,11076,25,1300,cell,100,rome:60:163-0-s105:p0,100,0.17009750812567714,,923
8626,300,766,True,rome,100,200.0,medium,11076,25,1300,cell,100,rome:60:163-0-s105:p0,200,0.2211989888046226,,923
7942,300,722,True,rome,100,400.0,medium,11076,25,1300,cell,100,rome:60:163-0-s105:p0,400,0.2829541350668111,,923
9192,300,766,True,rome,100,70.71067811865476,medium,11076,25,1350,intra_cell,150,rome:60:163-0-s105:p0,0,0.17009750812567714,,923
7728,300,644,True,rome,100,170.71067811865476,medium,11076,25,1350,intra_cell,150,rome:60:163-0-s105:p0,100,0.30227518959913324,,923
7532,300,661,True,rome,100,270.71067811865476,medium,11076,25,1350,intra_cell,150,rome:60:163-0-s105:p0,200,0.3199711087035031,,923
7006,300,644,True,rome,100,470.71067811865476,medium,11076,25,1350,intra_cell,150,rome:60:163-0-s105:p0,400,0.36746117732033223,,923
106212,60,766,True,rome,100,0.0,fine,107592,25,1300,cell,100,rome:60:163-0-s105:p0,0,0.01282623243363819,,923
102108,60,824,True,rome,100,100.0,fine,107592,25,1300,cell,100,rome:60:163-0-s105:p0,100,0.05097033236671872,,923
100416,60,766,True,rome,100,200.0,fine,107592,25,1300,cell,100,rome:60:163-0-s105:p0,200,0.06669640865491858,,923
97020,60,761,True,rome,100,400.0,fine,107592,25,1300,cell,100,rome:60:163-0-s105:p0,400,0.09826009368726299,,923
106212,60,766,True,rome,100,70.71067811865476,fine,107592,25,1350,intra_cell,150,rome:60:163-0-s105:p0,0,0.01282623243363819,,923
100416,60,683,True,rome,100,170.71067811865476,fine,107592,25,1350,intra_cell,150,rome:60:163-0-s105:p0,100,0.06669640865491858,,923
98712,60,773,True,rome,100,270.71067811865476,fine,107592,25,1350,intra_cell,150,rome:60:163-0-s105:p0,200,0.08253401739906313,,923
97020,60,661,True,rome,100,470.71067811865476,fine,107592,25,1350,intra_cell,150,rome:60:163-0-s105:p0,400,0.09826009368726299,,923
9192,120,766,True,rome,100,0.0,fine,11076,25,1300,cell,100,rome:60:163-0-s105:p0,0,0.17009750812567714,,923
9192,120,766,True,rome,100,100.0,fine,11076,25,1300,cell,100,rome:60:163-0-s105:p0,100,0.17009750812567714,,923
8626,120,766,True,rome,100,200.0,fine,11076,25,1300,cell,100,rome:60:163-0-s105:p0,200,0.2211989888046226,,923
7942,120,722,True,rome,100,400.0,fine,11076,25,1300,cell,100,rome:60:163-0-s105:p0,400,0.2829541350668111,,923
9192,120,766,True,rome,100,70.71067811865476,fine,11076,25,1350,intra_cell,150,rome:60:163-0-s105:p0,0,0.17009750812567714,,923
7728,120,644,True,rome,100,170.71067811865476,fine,11076,25,1350,intra_cell,150,rome:60:163-0-s105:p0,100,0.30227518959913324,,923
7532,120,661,True,rome,100,270.71067811865476,fine,11076,25,1350,intra_cell,150,rome:60:163-0-s105:p0,200,0.3199711087035031,,923
7006,120,644,True,rome,100,470.71067811865476,fine,11076,25,1350,intra_cell,150,rome:60:163-0-s105:p0,400,0.36746117732033223,,923
9192,300,766,True,rome,100,0.0,fine,11076,25,1300,cell,100,rome:60:163-0-s105:p0,0,0.17009750812567714,,923
9192,300,766,True,rome,100,100.0,fine,11076,25,1300,cell,100,rome:60:163-0-s105:p0,100,0.17009750812567714,,923
8626,300,766,True,rome,100,200.0,fine,11076,25,1300,cell,100,rome:60:163-0-s105:p0,200,0.2211989888046226,,923
7942,300,722,True,rome,100,400.0,fine,11076,25,1300,cell,100,rome:60:163-0-s105:p0,400,0.2829541350668111,,923
9192,300,766,True,rome,100,70.71067811865476,fine,11076,25,1350,intra_cell,150,rome:60:163-0-s105:p0,0,0.17009750812567714,,923
7728,300,644,True,rome,100,170.71067811865476,fine,11076,25,1350,intra_cell,150,rome:60:163-0-s105:p0,100,0.30227518959913324,,923
7532,300,661,True,rome,100,270.71067811865476,fine,11076,25,1350,intra_cell,150,rome:60:163-0-s105:p0,200,0.3199711087035031,,923
7006,300,644,True,rome,100,470.71067811865476,fine,11076,25,1350,intra_cell,150,rome:60:163-0-s105:p0,400,0.36746117732033223,,923
,60,,False,rome,100,0.0,coarse,,25,1300,cell,100,rome:60:167-0-s26:p0,0,,no feasible adversarial claim under enabled constraints,614
147624,60,565,True,rome,100,100.0,coarse,151560,25,1300,cell,100,rome:60:167-0-s26:p0,100,0.02596991290577989,,614
146136,60,557,True,rome,100,200.0,coarse,151560,25,1300,cell,100,rome:60:167-0-s26:p0,200,0.03578780680918448,,614
144936,60,512,True,rome,100,400.0,coarse,151560,25,1300,cell,100,rome:60:167-0-s26:p0,400,0.043705463182897863,,614
,60,,False,rome,100,70.71067811865476,coarse,,25,1350,intra_cell,150,rome:60:167-0-s26:p0,0,,no feasible adversarial claim under enabled constraints,614
146136,60,441,True,rome,100,170.71067811865476,coarse,151560,25,1350,intra_cell,150,rome:60:167-0-s26:p0,100,0.03578780680918448,,614
144936,60,383,True,rome,100,270.71067811865476,coarse,151560,25,1350,intra_cell,150,rome:60:167-0-s26:p0,200,0.043705463182897863,,614
144936,60,400,True,rome,100,470.71067811865476,coarse,151560,25,1350,intra_cell,150,rome:60:167-0-s26:p0,400,0.043705463182897863,,614
,120,,False,rome,100,0.0,coarse,,25,1300,cell,100,rome:60:167-0-s26:p0,0,,no feasible adversarial claim under enabled constraints,614
5532,120,461,True,rome,100,100.0,coarse,7368,25,1300,cell,100,rome:60:167-0-s26:p0,100,0.249185667752443,,614
5532,120,461,True,rome,100,200.0,coarse,7368,25,1300,cell,100,rome:60:167-0-s26:p0,200,0.249185667752443,,614
5532,120,461,True,rome,100,400.0,coarse,7368,25,1300,cell,100,rome:60:167-0-s26:p0,400,0.249185667752443,,614
,120,,False,rome,100,70.71067811865476,coarse,,25,1350,intra_cell,150,rome:60:167-0-s26:p0,0,,no feasible adversarial claim under enabled constraints,614
4332,120,361,True,rome,100,170.71067811865476,coarse,7368,25,1350,intra_cell,150,rome:60:167-0-s26:p0,100,0.41205211726384366,,614
4332,120,361,True,rome,100,270.71067811865476,coarse,7368,25,1350,intra_cell,150,rome:60:167-0-s26:p0,200,0.41205211726384366,,614
4332,120,361,True,rome,100,470.71067811865476,coarse,7368,25,1350,intra_cell,150,rome:60:167-0-s26:p0,400,0.41205211726384366,,614
,300,,False,rome,100,0.0,coarse,,25,1300,cell,100,rome:60:167-0-s26:p0,0,,no feasible adversarial claim under enabled constraints,614
5532,300,461,True,rome,100,100.0,coarse,7368,25,1300,cell,100,rome:60:167-0-s26:p0,100,0.249185667752443,,614
5532,300,461,True,rome,100,200.0,coarse,7368,25,1300,cell,100,rome:60:167-0-s26:p0,200,0.249185667752443,,614
5532,300,461,True,rome,100,400.0,coarse,7368,25,1300,cell,100,rome:60:167-0-s26:p0,400,0.249185667752443,,614
,300,,False,rome,100,70.71067811865476,coarse,,25,1350,intra_cell,150,rome:60:167-0-s26:p0,0,,no feasible adversarial claim under enabled constraints,614
4332,300,361,True,rome,100,170.71067811865476,coarse,7368,25,1350,intra_cell,150,rome:60:167-0-s26:p0,100,0.41205211726384366,,614
4332,300,361,True,rome,100,270.71067811865476,coarse,7368,25,1350,intra_cell,150,rome:60:167-0-s26:p0,200,0.41205211726384366,,614
4332,300,361,True,rome,100,470.71067811865476,coarse,7368,25,1350,intra_cell,150,rome:60:167-0-s26:p0,400,0.41205211726384366,,614
,60,,False,rome,100,0.0,medium,,25,1300,cell,100,rome:60:167-0-s26:p0,0,,no feasible adversarial claim under enabled constraints,614
147624,60,565,True,rome,100,100.0,medium,151560,25,1300,cell,100,rome:60:167-0-s26:p0,100,0.02596991290577989,,614
146136,60,557,True,rome,100,200.0,medium,151560,25,1300,cell,100,rome:60:167-0-s26:p0,200,0.03578780680918448,,614
144936,60,512,True,rome,100,400.0,medium,151560,25,1300,cell,100,rome:60:167-0-s26:p0,400,0.043705463182897863,,614
,60,,False,rome,100,70.71067811865476,medium,,25,1350,intra_cell,150,rome:60:167-0-s26:p0,0,,no feasible adversarial claim under enabled constraints,614
146136,60,441,True,rome,100,170.71067811865476,medium,151560,25,1350,intra_cell,150,rome:60:167-0-s26:p0,100,0.03578780680918448,,614
144936,60,383,True,rome,100,270.71067811865476,medium,151560,25,1350,intra_cell,150,rome:60:167-0-s26:p0,200,0.043705463182897863,,614
144936,60,400,True,rome,100,470.71067811865476,medium,151560,25,1350,intra_cell,150,rome:60:167-0-s26:p0,400,0.043705463182897863,,614
,120,,False,rome,100,0.0,medium,,25,1300,cell,100,rome:60:167-0-s26:p0,0,,no feasible adversarial claim under enabled constraints,614
5532,120,461,True,rome,100,100.0,medium,7368,25,1300,cell,100,rome:60:167-0-s26:p0,100,0.249185667752443,,614
5432,120,461,True,rome,100,200.0,medium,7368,25,1300,cell,100,rome:60:167-0-s26:p0,200,0.26275787187839306,,614
5071,120,461,True,rome,100,400.0,medium,7368,25,1300,cell,100,rome:60:167-0-s26:p0,400,0.3117535287730728,,614
,120,,False,rome,100,70.71067811865476,medium,,25,1350,intra_cell,150,rome:60:167-0-s26:p0,0,,no feasible adversarial claim under enabled constraints,614
4332,120,361,True,rome,100,170.71067811865476,medium,7368,25,1350,intra_cell,150,rome:60:167-0-s26:p0,100,0.41205211726384366,,614
4313,120,383,True,rome,100,270.71067811865476,medium,7368,25,1350,intra_cell,150,rome:60:167-0-s26:p0,200,0.4146308360477742,,614
3971,120,361,True,rome,100,470.71067811865476,medium,7368,25,1350,intra_cell,150,rome:60:167-0-s26:p0,400,0.4610477741585233,,614
,300,,False,rome,100,0.0,medium,,25,1300,cell,100,rome:60:167-0-s26:p0,0,,no feasible adversarial claim under enabled constraints,614
5532,300,461,True,rome,100,100.0,medium,7368,25,1300,cell,100,rome:60:167-0-s26:p0,100,0.249185667752443,,614
5432,300,461,True,rome,100,200.0,medium,7368,25,1300,cell,100,rome:60:167-0-s26:p0,200,0.26275787187839306,,614
5071,300,461,True,rome,100,400.0,medium,7368,25,1300,cell,100,rome:60:167-0-s26:p0,400,0.3117535287730728,,614
,300,,False,rome,100,70.71067811865476,medium,,25,1350,intra_cell,150,rome:60:167-0-s26:p0,0,,no feasible adversarial claim under enabled constraints,614
4332,300,361,True,rome,100,170.71067811865476,medium,7368,25,1350,intra_cell,150,rome:60:167-0-s26:p0,100,0.41205211726384366,,614
4313,300,383,True,rome,100,270.71067811865476,medium,7368,25,1350,intra_cell,150,rome:60:167-0-s26:p0,200,0.4146308360477742,,614
3971,300,361,True,rome,100,470.71067811865476,medium,7368,25,1350,intra_cell,150,rome:60:167-0-s26:p0,400,0.4610477741585233,,614
,60,,False,rome,100,0.0,fine,,25,1300,cell,100,rome:60:167-0-s26:p0,0,,no feasible adversarial claim under enabled constraints,614
147546,60,582,True,rome,100,100.0,fine,151560,25,1300,cell,100,rome:60:167-0-s26:p0,100,0.02648456057007126,,614
145936,60,524,True,rome,100,200.0,fine,151560,25,1300,cell,100,rome:60:167-0-s26:p0,200,0.03710741620480338,,614
144936,60,512,True,rome,100,400.0,fine,151560,25,1300,cell,100,rome:60:167-0-s26:p0,400,0.043705463182897863,,614
,60,,False,rome,100,70.71067811865476,fine,,25,1350,intra_cell,150,rome:60:167-0-s26:p0,0,,no feasible adversarial claim under enabled constraints,614
146136,60,441,True,rome,100,170.71067811865476,fine,151560,25,1350,intra_cell,150,rome:60:167-0-s26:p0,100,0.03578780680918448,,614
144936,60,383,True,rome,100,270.71067811865476,fine,151560,25,1350,intra_cell,150,rome:60:167-0-s26:p0,200,0.043705463182897863,,614
144936,60,400,True,rome,100,470.71067811865476,fine,151560,25,1350,intra_cell,150,rome:60:167-0-s26:p0,400,0.043705463182897863,,614
,120,,False,rome,100,0.0,fine,,25,1300,cell,100,rome:60:167-0-s26:p0,0,,no feasible adversarial claim under enabled constraints,614
5230,120,483,True,rome,100,100.0,fine,7368,25,1300,cell,100,rome:60:167-0-s26:p0,100,0.2901737242128122,,614
4810,120,461,True,rome,100,200.0,fine,7368,25,1300,cell,100,rome:60:167-0-s26:p0,200,0.3471769815418024,,614
4610,120,461,True,rome,100,400.0,fine,7368,25,1300,cell,100,rome:60:167-0-s26:p0,400,0.3743213897937025,,614
,120,,False,rome,100,70.71067811865476,fine,,25,1350,intra_cell,150,rome:60:167-0-s26:p0,0,,no feasible adversarial claim under enabled constraints,614
4030,120,383,True,rome,100,170.71067811865476,fine,7368,25,1350,intra_cell,150,rome:60:167-0-s26:p0,100,0.4530401737242128,,614
3610,120,361,True,rome,100,270.71067811865476,fine,7368,25,1350,intra_cell,150,rome:60:167-0-s26:p0,200,0.510043431053203,,614
3610,120,361,True,rome,100,470.71067811865476,fine,7368,25,1350,intra_cell,150,rome:60:167-0-s26:p0,400,0.510043431053203,,614
,300,,False,rome,100,0.0,fine,,25,1300,cell,100,rome:60:167-0-s26:p0,0,,no feasible adversarial claim under enabled constraints,614
5230,300,483,True,rome,100,100.0,fine,7368,25,1300,cell,100,rome:60:167-0-s26:p0,100,0.2901737242128122,,614
4810,300,461,True,rome,100,200.0,fine,7368,25,1300,cell,100,rome:60:167-0-s26:p0,200,0.3471769815418024,,614
4610,300,461,True,rome,100,400.0,fine,7368,25,1300,cell,100,rome:60:167-0-s26:p0,400,0.3743213897937025,,614
,300,,False,rome,100,70.71067811865476,fine,,25,1350,intra_cell,150,rome:60:167-0-s26:p0,0,,no feasible adversarial claim under enabled constraints,614
4030,300,383,True,rome,100,170.71067811865476,fine,7368,25,1350,intra_cell,150,rome:60:167-0-s26:p0,100,0.4530401737242128,,614
3610,300,361,True,rome,100,270.71067811865476,fine,7368,25,1350,intra_cell,150,rome:60:167-0-s26:p0,200,0.510043431053203,,614
3610,300,361,True,rome,100,470.71067811865476,fine,7368,25,1350,intra_cell,150,rome:60:167-0-s26:p0,400,0.510043431053203,,614
134714,60,1206,True,rome,100,0.0,coarse,133892,25,1300,cell,100,rome:60:178-1-s43:p0,0,0.0,,1214
126632,60,1288,True,rome,100,100.0,coarse,133892,25,1300,cell,100,rome:60:178-1-s43:p0,100,0.054222806441012156,,1214
125182,60,1085,True,rome,100,200.0,coarse,133892,25,1300,cell,100,rome:60:178-1-s43:p0,200,0.06505243031697189,,1214
121572,60,1134,True,rome,100,400.0,coarse,133892,25,1300,cell,100,rome:60:178-1-s43:p0,400,0.09201445941505093,,1214
134714,60,1206,True,rome,100,70.71067811865476,coarse,133892,25,1350,intra_cell,150,rome:60:178-1-s43:p0,0,0.0,,1214
126052,60,1072,True,rome,100,170.71067811865476,coarse,133892,25,1350,intra_cell,150,rome:60:178-1-s43:p0,100,0.05855465599139605,,1214
123812,60,1042,True,rome,100,270.71067811865476,coarse,133892,25,1350,intra_cell,150,rome:60:178-1-s43:p0,200,0.0752845577032235,,1214
121572,60,1012,True,rome,100,470.71067811865476,coarse,133892,25,1350,intra_cell,150,rome:60:178-1-s43:p0,400,0.09201445941505093,,1214
13142,120,1206,True,rome,100,0.0,coarse,13040,25,1300,cell,100,rome:60:178-1-s43:p0,0,0.0,,1214
10810,120,1061,True,rome,100,100.0,coarse,13040,25,1300,cell,100,rome:60:178-1-s43:p0,100,0.17101226993865032,,1214
10220,120,1022,True,rome,100,200.0,coarse,13040,25,1300,cell,100,rome:60:178-1-s43:p0,200,0.21625766871165644,,1214
10050,120,1005,True,rome,100,400.0,coarse,13040,25,1300,cell,100,rome:60:178-1-s43:p0,400,0.22929447852760737,,1214
13142,120,1206,True,rome,100,70.71067811865476,coarse,13040,25,1350,intra_cell,150,rome:60:178-1-s43:p0,0,0.0,,1214
9220,120,922,True,rome,100,170.71067811865476,coarse,13040,25,1350,intra_cell,150,rome:60:178-1-s43:p0,100,0.2929447852760736,,1214
9220,120,922,True,rome,100,270.71067811865476,coarse,13040,25,1350,intra_cell,150,rome:60:178-1-s43:p0,200,0.2929447852760736,,1214
9220,120,922,True,rome,100,470.71067811865476,coarse,13040,25,1350,intra_cell,150,rome:60:178-1-s43:p0,400,0.2929447852760736,,1214
13142,300,1206,True,rome,100,0.0,coarse,13040,25,1300,cell,100,rome:60:178-1-s43:p0,0,0.0,,1214
10810,300,1061,True,rome,100,100.0,coarse,13040,25,1300,cell,100,rome:60:178-1-s43:p0,100,0.17101226993865032,,1214
10220,300,1022,True,rome,100,200.0,coarse,13040,25,1300,cell,100,rome:60:178-1-s43:p0,200,0.21625766871165644,,1214
10050,300,1005,True,rome,100,400.0,coarse,13040,25,1300,cell,100,rome:60:178-1-s43:p0,400,0.22929447852760737,,1214
13142,300,1206,True,rome,100,70.71067811865476,coarse,13040,25,1350,intra_cell,150,rome:60:178-1-s43:p0,0,0.0,,1214
9220,300,922,True,rome,100,170.71067811865476,coarse,13040,25,1350,intra_cell,150,rome:60:178-1-s43:p0,100,0.2929447852760736,,1214
9220,300,922,True,rome,100,270.71067811865476,coarse,13040,25,1350,intra_cell,150,rome:60:178-1-s43:p0,200,0.2929447852760736,,1214
9220,300,922,True,rome,100,470.71067811865476,coarse,13040,25,1350,intra_cell,150,rome:60:178-1-s43:p0,400,0.2929447852760736,,1214
134714,60,1206,True,rome,100,0.0,medium,133892,25,1300,cell,100,rome:60:178-1-s43:p0,0,0.0,,1214
126632,60,1288,True,rome,100,100.0,medium,133892,25,1300,cell,100,rome:60:178-1-s43:p0,100,0.054222806441012156,,1214
125182,60,1085,True,rome,100,200.0,medium,133892,25,1300,cell,100,rome:60:178-1-s43:p0,200,0.06505243031697189,,1214
121572,60,1134,True,rome,100,400.0,medium,133892,25,1300,cell,100,rome:60:178-1-s43:p0,400,0.09201445941505093,,1214
134714,60,1206,True,rome,100,70.71067811865476,medium,133892,25,1350,intra_cell,150,rome:60:178-1-s43:p0,0,0.0,,1214
126052,60,1072,True,rome,100,170.71067811865476,medium,133892,25,1350,intra_cell,150,rome:60:178-1-s43:p0,100,0.05855465599139605,,1214
123812,60,1042,True,rome,100,270.71067811865476,medium,133892,25,1350,intra_cell,150,rome:60:178-1-s43:p0,200,0.0752845577032235,,1214
121572,60,1012,True,rome,100,470.71067811865476,medium,133892,25,1350,intra_cell,150,rome:60:178-1-s43:p0,400,0.09201445941505093,,1214
13142,120,1206,True,rome,100,0.0,medium,13040,25,1300,cell,100,rome:60:178-1-s43:p0,0,0.0,,1214
10810,120,1061,True,rome,100,100.0,medium,13040,25,1300,cell,100,rome:60:178-1-s43:p0,100,0.17101226993865032,,1214
10220,120,1022,True,rome,100,200.0,medium,13040,25,1300,cell,100,rome:60:178-1-s43:p0,200,0.21625766871165644,,1214
10050,120,1005,True,rome,100,400.0,medium,13040,25,1300,cell,100,rome:60:178-1-s43:p0,400,0.22929447852760737,,1214
13142,120,1206,True,rome,100,70.71067811865476,medium,13040,25,1350,intra_cell,150,rome:60:178-1-s43:p0,0,0.0,,1214
9220,120,922,True,rome,100,170.71067811865476,medium,13040,25,1350,intra_cell,150,rome:60:178-1-s43:p0,100,0.2929447852760736,,1214
9220,120,922,True,rome,100,270.71067811865476,medium,13040,25,1350,intra_cell,150,rome:60:178-1-s43:p0,200,0.2929447852760736,,1214
9220,120,922,True,rome,100,470.71067811865476,medium,13040,25,1350,intra_cell,150,rome:60:178-1-s43:p0,400,0.2929447852760736,,1214
13142,300,1206,True,rome,100,0.0,medium,13040,25,1300,cell,100,rome:60:178-1-s43:p0,0,0.0,,1214
10810,300,1061,True,rome,100,100.0,medium,13040,25,1300,cell,100,rome:60:178-1-s43:p0,100,0.17101226993865032,,1214
10220,300,1022,True,rome,100,200.0,medium,13040,25,1300,cell,100,rome:60:178-1-s43:p0,200,0.21625766871165644,,1214
10050,300,1005,True,rome,100,400.0,medium,13040,25,1300,cell,100,rome:60:178-1-s43:p0,400,0.22929447852760737,,1214
13142,300,1206,True,rome,100,70.71067811865476,medium,13040,25,1350,intra_cell,150,rome:60:178-1-s43:p0,0,0.0,,1214
9220,300,922,True,rome,100,170.71067811865476,medium,13040,25,1350,intra_cell,150,rome:60:178-1-s43:p0,100,0.2929447852760736,,1214
9220,300,922,True,rome,100,270.71067811865476,medium,13040,25,1350,intra_cell,150,rome:60:178-1-s43:p0,200,0.2929447852760736,,1214
9220,300,922,True,rome,100,470.71067811865476,medium,13040,25,1350,intra_cell,150,rome:60:178-1-s43:p0,400,0.2929447852760736,,1214
134714,60,1206,True,rome,100,0.0,fine,133892,25,1300,cell,100,rome:60:178-1-s43:p0,0,0.0,,1214
126632,60,1288,True,rome,100,100.0,fine,133892,25,1300,cell,100,rome:60:178-1-s43:p0,100,0.054222806441012156,,1214
125182,60,1085,True,rome,100,200.0,fine,133892,25,1300,cell,100,rome:60:178-1-s43:p0,200,0.06505243031697189,,1214
121572,60,1134,True,rome,100,400.0,fine,133892,25,1300,cell,100,rome:60:178-1-s43:p0,400,0.09201445941505093,,1214
134714,60,1206,True,rome,100,70.71067811865476,fine,133892,25,1350,intra_cell,150,rome:60:178-1-s43:p0,0,0.0,,1214
126052,60,1072,True,rome,100,170.71067811865476,fine,133892,25,1350,intra_cell,150,rome:60:178-1-s43:p0,100,0.05855465599139605,,1214
123812,60,1042,True,rome,100,270.71067811865476,fine,133892,25,1350,intra_cell,150,rome:60:178-1-s43:p0,200,0.0752845577032235,,1214
121572,60,1012,True,rome,100,470.71067811865476,fine,133892,25,1350,intra_cell,150,rome:60:178-1-s43:p0,400,0.09201445941505093,,1214
13142,120,1206,True,rome,100,0.0,fine,13040,25,1300,cell,100,rome:60:178-1-s43:p0,0,0.0,,1214
10810,120,1061,True,rome,100,100.0,fine,13040,25,1300,cell,100,rome:60:178-1-s43:p0,100,0.17101226993865032,,1214
10050,120,1005,True,rome,100,200.0,fine,13040,25,1300,cell,100,rome:60:178-1-s43:p0,200,0.22929447852760737,,1214
10050,120,1005,True,rome,100,400.0,fine,13040,25,1300,cell,100,rome:60:178-1-s43:p0,400,0.22929447852760737,,1214
13142,120,1206,True,rome,100,70.71067811865476,fine,13040,25,1350,intra_cell,150,rome:60:178-1-s43:p0,0,0.0,,1214
9220,120,922,True,rome,100,170.71067811865476,fine,13040,25,1350,intra_cell,150,rome:60:178-1-s43:p0,100,0.2929447852760736,,1214
9220,120,922,True,rome,100,270.71067811865476,fine,13040,25,1350,intra_cell,150,rome:60:178-1-s43:p0,200,0.2929447852760736,,1214
9220,120,922,True,rome,100,470.71067811865476,fine,13040,25,1350,intra_cell,150,rome:60:178-1-s43:p0,400,0.2929447852760736,,1214
13142,300,1206,True,rome,100,0.0,fine,13040,25,1300,cell,100,rome:60:178-1-s43:p0,0,0.0,,1214
10810,300,1061,True,rome,100,100.0,fine,13040,25,1300,cell,100,rome:60:178-1-s43:p0,100,0.17101226993865032,,1214
10050,300,1005,True,rome,100,200.0,fine,13040,25,1300,cell,100,rome:60:178-1-s43:p0,200,0.22929447852760737,,1214
10050,300,1005,True,rome,100,400.0,fine,13040,25,1300,cell,100,rome:60:178-1-s43:p0,400,0.22929447852760737,,1214
13142,300,1206,True,rome,100,70.71067811865476,fine,13040,25,1350,intra_cell,150,rome:60:178-1-s43:p0,0,0.0,,1214
9220,300,922,True,rome,100,170.71067811865476,fine,13040,25,1350,intra_cell,150,rome:60:178-1-s43:p0,100,0.2929447852760736,,1214
9220,300,922,True,rome,100,270.71067811865476,fine,13040,25,1350,intra_cell,150,rome:60:178-1-s43:p0,200,0.2929447852760736,,1214
9220,300,922,True,rome,100,470.71067811865476,fine,13040,25,1350,intra_cell,150,rome:60:178-1-s43:p0,400,0.2929447852760736,,1214
113228,60,1307,True,rome,100,0.0,coarse,111974,25,1300,cell,100,rome:60:185-0-s150:p0,0,0.0,,1158
106090,60,1126,True,rome,100,100.0,coarse,111974,25,1300,cell,100,rome:60:185-0-s150:p0,100,0.05254791290835373,,1158
103232,60,1164,True,rome,100,200.0,coarse,111974,25,1300,cell,100,rome:60:185-0-s150:p0,200,0.07807169521496062,,1158
99792,60,1100,True,rome,100,400.0,coarse,111974,25,1300,cell,100,rome:60:185-0-s150:p0,400,0.10879311268687374,,1158
113228,60,1307,True,rome,100,70.71067811865476,coarse,111974,25,1350,intra_cell,150,rome:60:185-0-s150:p0,0,0.0,,1158
104602,60,944,True,rome,100,170.71067811865476,coarse,111974,25,1350,intra_cell,150,rome:60:185-0-s150:p0,100,0.06583671209387894,,1158
102480,60,1007,True,rome,100,270.71067811865476,coarse,111974,25,1350,intra_cell,150,rome:60:185-0-s150:p0,200,0.08478753996463465,,1158
99792,60,971,True,rome,100,470.71067811865476,coarse,111974,25,1350,intra_cell,150,rome:60:185-0-s150:p0,400,0.10879311268687374,,1158
14636,120,1307,True,rome,100,0.0,coarse,12626,25,1300,cell,100,rome:60:185-0-s150:p0,0,0.0,,1158
10942,120,1022,True,rome,100,100.0,coarse,12626,25,1300,cell,100,rome:60:185-0-s150:p0,100,0.1333755742119436,,1158
10616,120,1005,True,rome,100,200.0,coarse,12626,25,1300,cell,100,rome:60:185-0-s150:p0,200,0.15919531126247427,,1158
10050,120,1005,True,rome,100,400.0,coarse,12626,25,1300,cell,100,rome:60:185-0-s150:p0,400,0.2040234436876287,,1158
14636,120,1307,True,rome,100,70.71067811865476,coarse,12626,25,1350,intra_cell,150,rome:60:185-0-s150:p0,0,0.0,,1158
9620,120,922,True,rome,100,170.71067811865476,coarse,12626,25,1350,intra_cell,150,rome:60:185-0-s150:p0,100,0.238080152067163,,1158
9270,120,927,True,rome,100,270.71067811865476,coarse,12626,25,1350,intra_cell,150,rome:60:185-0-s150:p0,200,0.265800728655156,,1158
9220,120,922,True,rome,100,470.71067811865476,coarse,12626,25,1350,intra_cell,150,rome:60:185-0-s150:p0,400,0.2697608110248693,,1158
14636,300,1307,True,rome,100,0.0,coarse,12626,25,1300,cell,100,rome:60:185-0-s150:p0,0,0.0,,1158
10942,300,1022,True,rome,100,100.0,coarse,12626,25,1300,cell,100,rome:60:185-0-s150:p0,100,0.1333755742119436,,1158
10616,300,1005,True,rome,100,200.0,coarse,12626,25,1300,cell,100,rome:60:185-0-s150:p0,200,0.15919531126247427,,1158
10050,300,1005,True,rome,100,400.0,coarse,12626,25,1300,cell,100,rome:60:185-0-s150:p0,400,0.2040234436876287,,1158
14636,300,1307,True,rome,100,70.71067811865476,coarse,12626,25,1350,intra_cell,150,rome:60:185-0-s150:p0,0,0.0,,1158
9620,300,922,True,rome,100,170.71067811865476,coarse,12626,25,1350,intra_cell,150,rome:60:185-0-s150:p0,100,0.238080152067163,,1158
9270,300,927,True,rome,100,270.71067811865476,coarse,12626,25,1350,intra_cell,150,rome:60:185-0-s150:p0,200,0.265800728655156,,1158
9220,300,922,True,rome,100,470.71067811865476,coarse,12626,25,1350,intra_cell,150,rome:60:185-0-s150:p0,400,0.2697608110248693,,1158
113228,60,1307,True,rome,100,0.0,medium,111974,25,1300,cell,100,rome:60:185-0-s150:p0,0,0.0,,1158
106090,60,1126,True,rome,100,100.0,medium,111974,25,1300,cell,100,rome:60:185-0-s150:p0,100,0.05254791290835373,,1158
103232,60,1164,True,rome,100,200.0,medium,111974,25,1300,cell,100,rome:60:185-0-s150:p0,200,0.07807169521496062,,1158
99792,60,1100,True,rome,100,400.0,medium,111974,25,1300,cell,100,rome:60:185-0-s150:p0,400,0.10879311268687374,,1158
113228,60,1307,True,rome,100,70.71067811865476,medium,111974,25,1350,intra_cell,150,rome:60:185-0-s150:p0,0,0.0,,1158
104602,60,944,True,rome,100,170.71067811865476,medium,111974,25,1350,intra_cell,150,rome:60:185-0-s150:p0,100,0.06583671209387894,,1158
102480,60,1007,True,rome,100,270.71067811865476,medium,111974,25,1350,intra_cell,150,rome:60:185-0-s150:p0,200,0.08478753996463465,,1158
99792,60,971,True,rome,100,470.71067811865476,medium,111974,25,1350,intra_cell,150,rome:60:185-0-s150:p0,400,0.10879311268687374,,1158
14636,120,1307,True,rome,100,0.0,medium,12626,25,1300,cell,100,rome:60:185-0-s150:p0,0,0.0,,1158
10942,120,1022,True,rome,100,100.0,medium,12626,25,1300,cell,100,rome:60:185-0-s150:p0,100,0.1333755742119436,,1158
10616,120,1005,True,rome,100,200.0,medium,12626,25,1300,cell,100,rome:60:185-0-s150:p0,200,0.15919531126247427,,1158
10050,120,1005,True,rome,100,400.0,medium,12626,25,1300,cell,100,rome:60:185-0-s150:p0,400,0.2040234436876287,,1158
14636,120,1307,True,rome,100,70.71067811865476,medium,12626,25,1350,intra_cell,150,rome:60:185-0-s150:p0,0,0.0,,1158
9620,120,922,True,rome,100,170.71067811865476,medium,12626,25,1350,intra_cell,150,rome:60:185-0-s150:p0,100,0.238080152067163,,1158
9440,120,944,True,rome,100,270.71067811865476,medium,12626,25,1350,intra_cell,150,rome:60:185-0-s150:p0,200,0.2523364485981308,,1158
9220,120,922,True,rome,100,470.71067811865476,medium,12626,25,1350,intra_cell,150,rome:60:185-0-s150:p0,400,0.2697608110248693,,1158
14636,300,1307,True,rome,100,0.0,medium,12626,25,1300,cell,100,rome:60:185-0-s150:p0,0,0.0,,1158
10942,300,1022,True,rome,100,100.0,medium,12626,25,1300,cell,100,rome:60:185-0-s150:p0,100,0.1333755742119436,,1158
10616,300,1005,True,rome,100,200.0,medium,12626,25,1300,cell,100,rome:60:185-0-s150:p0,200,0.15919531126247427,,1158
10050,300,1005,True,rome,100,400.0,medium,12626,25,1300,cell,100,rome:60:185-0-s150:p0,400,0.2040234436876287,,1158
14636,300,1307,True,rome,100,70.71067811865476,medium,12626,25,1350,intra_cell,150,rome:60:185-0-s150:p0,0,0.0,,1158
9620,300,922,True,rome,100,170.71067811865476,medium,12626,25,1350,intra_cell,150,rome:60:185-0-s150:p0,100,0.238080152067163,,1158
9440,300,944,True,rome,100,270.71067811865476,medium,12626,25,1350,intra_cell,150,rome:60:185-0-s150:p0,200,0.2523364485981308,,1158
9220,300,922,True,rome,100,470.71067811865476,medium,12626,25,1350,intra_cell,150,rome:60:185-0-s150:p0,400,0.2697608110248693,,1158
113228,60,1307,True,rome,100,0.0,fine,111974,25,1300,cell,100,rome:60:185-0-s150:p0,0,0.0,,1158
106090,60,1126,True,rome,100,100.0,fine,111974,25,1300,cell,100,rome:60:185-0-s150:p0,100,0.05254791290835373,,1158
103232,60,1164,True,rome,100,200.0,fine,111974,25,1300,cell,100,rome:60:185-0-s150:p0,200,0.07807169521496062,,1158
99792,60,1100,True,rome,100,400.0,fine,111974,25,1300,cell,100,rome:60:185-0-s150:p0,400,0.10879311268687374,,1158
113228,60,1307,True,rome,100,70.71067811865476,fine,111974,25,1350,intra_cell,150,rome:60:185-0-s150:p0,0,0.0,,1158
104602,60,944,True,rome,100,170.71067811865476,fine,111974,25,1350,intra_cell,150,rome:60:185-0-s150:p0,100,0.06583671209387894,,1158
102032,60,1007,True,rome,100,270.71067811865476,fine,111974,25,1350,intra_cell,150,rome:60:185-0-s150:p0,200,0.0887884687516745,,1158
99792,60,971,True,rome,100,470.71067811865476,fine,111974,25,1350,intra_cell,150,rome:60:185-0-s150:p0,400,0.10879311268687374,,1158
14636,120,1307,True,rome,100,0.0,fine,12626,25,1300,cell,100,rome:60:185-0-s150:p0,0,0.0,,1158
10992,120,1027,True,rome,100,100.0,fine,12626,25,1300,cell,100,rome:60:185-0-s150:p0,100,0.1294154918422303,,1158
10616,120,1005,True,rome,100,200.0,fine,12626,25,1300,cell,100,rome:60:185-0-s150:p0,200,0.15919531126247427,,1158
10050,120,1005,True,rome,100,400.0,fine,12626,25,1300,cell,100,rome:60:185-0-s150:p0,400,0.2040234436876287,,1158
14636,120,1307,True,rome,100,70.71067811865476,fine,12626,25,1350,intra_cell,150,rome:60:185-0-s150:p0,0,0.0,,1158
9620,120,922,True,rome,100,170.71067811865476,fine,12626,25,1350,intra_cell,150,rome:60:185-0-s150:p0,100,0.238080152067163,,1158
9270,120,927,True,rome,100,270.71067811865476,fine,12626,25,1350,intra_cell,150,rome:60:185-0-s150:p0,200,0.265800728655156,,1158
9220,120,922,True,rome,100,470.71067811865476,fine,12626,25,1350,intra_cell,150,rome:60:185-0-s150:p0,400,0.2697608110248693,,1158
14636,300,1307,True,rome,100,0.0,fine,12626,25,1300,cell,100,rome:60:185-0-s150:p0,0,0.0,,1158
10992,300,1027,True,rome,100,100.0,fine,12626,25,1300,cell,100,rome:60:185-0-s150:p0,100,0.1294154918422303,,1158
10616,300,1005,True,rome,100,200.0,fine,12626,25,1300,cell,100,rome:60:185-0-s150:p0,200,0.15919531126247427,,1158
10050,300,1005,True,rome,100,400.0,fine,12626,25,1300,cell,100,rome:60:185-0-s150:p0,400,0.2040234436876287,,1158
14636,300,1307,True,rome,100,70.71067811865476,fine,12626,25,1350,intra_cell,150,rome:60:185-0-s150:p0,0,0.0,,1158
9620,300,922,True,rome,100,170.71067811865476,fine,12626,25,1350,intra_cell,150,rome:60:185-0-s150:p0,100,0.238080152067163,,1158
9270,300,927,True,rome,100,270.71067811865476,fine,12626,25,1350,intra_cell,150,rome:60:185-0-s150:p0,200,0.265800728655156,,1158
9220,300,922,True,rome,100,470.71067811865476,fine,12626,25,1350,intra_cell,150,rome:60:185-0-s150:p0,400,0.2697608110248693,,1158
,60,,False,rome,100,0.0,coarse,,25,1300,cell,100,rome:60:213-0-s66:p0,0,,no feasible adversarial claim under enabled constraints,742
127032,60,665,True,rome,100,100.0,coarse,133200,25,1300,cell,100,rome:60:213-0-s66:p0,100,0.046306306306306305,,742
125544,60,648,True,rome,100,200.0,coarse,133200,25,1300,cell,100,rome:60:213-0-s66:p0,200,0.05747747747747748,,742
124344,60,624,True,rome,100,400.0,coarse,133200,25,1300,cell,100,rome:60:213-0-s66:p0,400,0.06648648648648649,,742
130488,60,512,True,rome,100,70.71067811865476,coarse,133200,25,1350,intra_cell,150,rome:60:213-0-s66:p0,0,0.02036036036036036,,742
126744,60,500,True,rome,100,170.71067811865476,coarse,133200,25,1350,intra_cell,150,rome:60:213-0-s66:p0,100,0.048468468468468466,,742
124344,60,557,True,rome,100,270.71067811865476,coarse,133200,25,1350,intra_cell,150,rome:60:213-0-s66:p0,200,0.06648648648648649,,742
124344,60,500,True,rome,100,470.71067811865476,coarse,133200,25,1350,intra_cell,150,rome:60:213-0-s66:p0,400,0.06648648648648649,,742
,120,,False,rome,100,0.0,coarse,,25,1300,cell,100,rome:60:213-0-s66:p0,0,,no feasible adversarial claim under enabled constraints,742
6732,120,561,True,rome,100,100.0,coarse,8904,25,1300,cell,100,rome:60:213-0-s66:p0,100,0.24393530997304583,,742
6732,120,561,True,rome,100,200.0,coarse,8904,25,1300,cell,100,rome:60:213-0-s66:p0,200,0.24393530997304583,,742
6010,120,561,True,rome,100,400.0,coarse,8904,25,1300,cell,100,rome:60:213-0-s66:p0,400,0.3250224618149146,,742
6144,120,512,True,rome,100,70.71067811865476,coarse,8904,25,1350,intra_cell,150,rome:60:213-0-s66:p0,0,0.30997304582210244,,742
5532,120,461,True,rome,100,170.71067811865476,coarse,8904,25,1350,intra_cell,150,rome:60:213-0-s66:p0,100,0.37870619946091644,,742
5532,120,461,True,rome,100,270.71067811865476,coarse,8904,25,1350,intra_cell,150,rome:60:213-0-s66:p0,200,0.37870619946091644,,742
5230,120,483,True,rome,100,470.71067811865476,coarse,8904,25,1350,intra_cell,150,rome:60:213-0-s66:p0,400,0.41262353998203055,,742
,300,,False,rome,100,0.0,coarse,,25,1300,cell,100,rome:60:213-0-s66:p0,0,,no feasible adversarial claim under enabled constraints,742
6732,300,561,True,rome,100,100.0,coarse,8904,25,1300,cell,100,rome:60:213-0-s66:p0,100,0.24393530997304583,,742
6732,300,561,True,rome,100,200.0,coarse,8904,25,1300,cell,100,rome:60:213-0-s66:p0,200,0.24393530997304583,,742
6010,300,561,True,rome,100,400.0,coarse,8904,25,1300,cell,100,rome:60:213-0-s66:p0,400,0.3250224618149146,,742
6144,300,512,True,rome,100,70.71067811865476,coarse,8904,25,1350,intra_cell,150,rome:60:213-0-s66:p0,0,0.30997304582210244,,742
5532,300,461,True,rome,100,170.71067811865476,coarse,8904,25,1350,intra_cell,150,rome:60:213-0-s66:p0,100,0.37870619946091644,,742
5532,300,461,True,rome,100,270.71067811865476,coarse,8904,25,1350,intra_cell,150,rome:60:213-0-s66:p0,200,0.37870619946091644,,742
5230,300,483,True,rome,100,470.71067811865476,coarse,8904,25,1350,intra_cell,150,rome:60:213-0-s66:p0,400,0.41262353998203055,,742
,60,,False,rome,100,0.0,medium,,25,1300,cell,100,rome:60:213-0-s66:p0,0,,no feasible adversarial claim under enabled constraints,742
127032,60,665,True,rome,100,100.0,medium,133200,25,1300,cell,100,rome:60:213-0-s66:p0,100,0.046306306306306305,,742
125544,60,648,True,rome,100,200.0,medium,133200,25,1300,cell,100,rome:60:213-0-s66:p0,200,0.05747747747747748,,742
124344,60,624,True,rome,100,400.0,medium,133200,25,1300,cell,100,rome:60:213-0-s66:p0,400,0.06648648648648649,,742
130488,60,512,True,rome,100,70.71067811865476,medium,133200,25,1350,intra_cell,150,rome:60:213-0-s66:p0,0,0.02036036036036036,,742
126744,60,500,True,rome,100,170.71067811865476,medium,133200,25,1350,intra_cell,150,rome:60:213-0-s66:p0,100,0.048468468468468466,,742
124344,60,557,True,rome,100,270.71067811865476,medium,133200,25,1350,intra_cell,150,rome:60:213-0-s66:p0,200,0.06648648648648649,,742
124344,60,500,True,rome,100,470.71067811865476,medium,133200,25,1350,intra_cell,150,rome:60:213-0-s66:p0,400,0.06648648648648649,,742
,120,,False,rome,100,0.0,medium,,25,1300,cell,100,rome:60:213-0-s66:p0,0,,no feasible adversarial claim under enabled constraints,742
6732,120,561,True,rome,100,100.0,medium,8904,25,1300,cell,100,rome:60:213-0-s66:p0,100,0.24393530997304583,,742
6732,120,561,True,rome,100,200.0,medium,8904,25,1300,cell,100,rome:60:213-0-s66:p0,200,0.24393530997304583,,742
6010,120,561,True,rome,100,400.0,medium,8904,25,1300,cell,100,rome:60:213-0-s66:p0,400,0.3250224618149146,,742
6144,120,512,True,rome,100,70.71067811865476,medium,8904,25,1350,intra_cell,150,rome:60:213-0-s66:p0,0,0.30997304582210244,,742
5532,120,461,True,rome,100,170.71067811865476,medium,8904,25,1350,intra_cell,150,rome:60:213-0-s66:p0,100,0.37870619946091644,,742
5532,120,461,True,rome,100,270.71067811865476,medium,8904,25,1350,intra_cell,150,rome:60:213-0-s66:p0,200,0.37870619946091644,,742
5230,120,483,True,rome,100,470.71067811865476,medium,8904,25,1350,intra_cell,150,rome:60:213-0-s66:p0,400,0.41262353998203055,,742
,300,,False,rome,100,0.0,medium,,25,1300,cell,100,rome:60:213-0-s66:p0,0,,no feasible adversarial claim under enabled constraints,742
6732,300,561,True,rome,100,100.0,medium,8904,25,1300,cell,100,rome:60:213-0-s66:p0,100,0.24393530997304583,,742
6732,300,561,True,rome,100,200.0,medium,8904,25,1300,cell,100,rome:60:213-0-s66:p0,200,0.24393530997304583,,742
6010,300,561,True,rome,100,400.0,medium,8904,25,1300,cell,100,rome:60:213-0-s66:p0,400,0.3250224618149146,,742
6144,300,512,True,rome,100,70.71067811865476,medium,8904,25,1350,intra_cell,150,rome:60:213-0-s66:p0,0,0.30997304582210244,,742
5532,300,461,True,rome,100,170.71067811865476,medium,8904,25,1350,intra_cell,150,rome:60:213-0-s66:p0,100,0.37870619946091644,,742
5532,300,461,True,rome,100,270.71067811865476,medium,8904,25,1350,intra_cell,150,rome:60:213-0-s66:p0,200,0.37870619946091644,,742
5230,300,483,True,rome,100,470.71067811865476,medium,8904,25,1350,intra_cell,150,rome:60:213-0-s66:p0,400,0.41262353998203055,,742
,60,,False,rome,100,0.0,fine,,25,1300,cell,100,rome:60:213-0-s66:p0,0,,no feasible adversarial claim under enabled constraints,742
127032,60,665,True,rome,100,100.0,fine,133200,25,1300,cell,100,rome:60:213-0-s66:p0,100,0.046306306306306305,,742
125544,60,648,True,rome,100,200.0,fine,133200,25,1300,cell,100,rome:60:213-0-s66:p0,200,0.05747747747747748,,742
124344,60,624,True,rome,100,400.0,fine,133200,25,1300,cell,100,rome:60:213-0-s66:p0,400,0.06648648648648649,,742
130488,60,512,True,rome,100,70.71067811865476,fine,133200,25,1350,intra_cell,150,rome:60:213-0-s66:p0,0,0.02036036036036036,,742
126744,60,500,True,rome,100,170.71067811865476,fine,133200,25,1350,intra_cell,150,rome:60:213-0-s66:p0,100,0.048468468468468466,,742
124344,60,557,True,rome,100,270.71067811865476,fine,133200,25,1350,intra_cell,150,rome:60:213-0-s66:p0,200,0.06648648648648649,,742
124344,60,500,True,rome,100,470.71067811865476,fine,133200,25,1350,intra_cell,150,rome:60:213-0-s66:p0,400,0.06648648648648649,,742
,120,,False,rome,100,0.0,fine,,25,1300,cell,100,rome:60:213-0-s66:p0,0,,no feasible adversarial claim under enabled constraints,742
6732,120,561,True,rome,100,100.0,fine,8904,25,1300,cell,100,rome:60:213-0-s66:p0,100,0.24393530997304583,,742
6732,120,561,True,rome,100,200.0,fine,8904,25,1300,cell,100,rome:60:213-0-s66:p0,200,0.24393530997304583,,742
6298,120,585,True,rome,100,400.0,fine,8904,25,1300,cell,100,rome:60:213-0-s66:p0,400,0.2926774483378257,,742
6144,120,512,True,rome,100,70.71067811865476,fine,8904,25,1350,intra_cell,150,rome:60:213-0-s66:p0,0,0.30997304582210244,,742
5532,120,461,True,rome,100,170.71067811865476,fine,8904,25,1350,intra_cell,150,rome:60:213-0-s66:p0,100,0.37870619946091644,,742
5532,120,461,True,rome,100,270.71067811865476,fine,8904,25,1350,intra_cell,150,rome:60:213-0-s66:p0,200,0.37870619946091644,,742
5230,120,483,True,rome,100,470.71067811865476,fine,8904,25,1350,intra_cell,150,rome:60:213-0-s66:p0,400,0.41262353998203055,,742
,300,,False,rome,100,0.0,fine,,25,1300,cell,100,rome:60:213-0-s66:p0,0,,no feasible adversarial claim under enabled constraints,742
6732,300,561,True,rome,100,100.0,fine,8904,25,1300,cell,100,rome:60:213-0-s66:p0,100,0.24393530997304583,,742
6732,300,561,True,rome,100,200.0,fine,8904,25,1300,cell,100,rome:60:213-0-s66:p0,200,0.24393530997304583,,742
6298,300,585,True,rome,100,400.0,fine,8904,25,1300,cell,100,rome:60:213-0-s66:p0,400,0.2926774483378257,,742
6144,300,512,True,rome,100,70.71067811865476,fine,8904,25,1350,intra_cell,150,rome:60:213-0-s66:p0,0,0.30997304582210244,,742
5532,300,461,True,rome,100,170.71067811865476,fine,8904,25,1350,intra_cell,150,rome:60:213-0-s66:p0,100,0.37870619946091644,,742
5532,300,461,True,rome,100,270.71067811865476,fine,8904,25,1350,intra_cell,150,rome:60:213-0-s66:p0,200,0.37870619946091644,,742
5230,300,483,True,rome,100,470.71067811865476,fine,8904,25,1350,intra_cell,150,rome:60:213-0-s66:p0,400,0.41262353998203055,,742
141168,60,940,True,rome,100,0.0,coarse,139416,25,1300,cell,100,rome:60:214-0-s203:p0,0,0.0,,861
135888,60,841,True,rome,100,100.0,coarse,139416,25,1300,cell,100,rome:60:214-0-s203:p0,100,0.02530556033740747,,861
134220,60,818,True,rome,100,200.0,coarse,139416,25,1300,cell,100,rome:60:214-0-s203:p0,200,0.03726975383026338,,861
129888,60,812,True,rome,100,400.0,coarse,139416,25,1300,cell,100,rome:60:214-0-s203:p0,400,0.06834222757789636,,861
141168,60,940,True,rome,100,70.71067811865476,coarse,139416,25,1350,intra_cell,150,rome:60:214-0-s203:p0,0,0.0,,861
134220,60,644,True,rome,100,170.71067811865476,coarse,139416,25,1350,intra_cell,150,rome:60:214-0-s203:p0,100,0.03726975383026338,,861
132576,60,765,True,rome,100,270.71067811865476,coarse,139416,25,1350,intra_cell,150,rome:60:214-0-s203:p0,200,0.04906180065415734,,861
129888,60,707,True,rome,100,470.71067811865476,coarse,139416,25,1350,intra_cell,150,rome:60:214-0-s203:p0,400,0.06834222757789636,,861
11280,120,940,True,rome,100,0.0,coarse,10332,25,1300,cell,100,rome:60:214-0-s203:p0,0,0.0,,861
9192,120,766,True,rome,100,100.0,coarse,10332,25,1300,cell,100,rome:60:214-0-s203:p0,100,0.11033681765389082,,861
8664,120,722,True,rome,100,200.0,coarse,10332,25,1300,cell,100,rome:60:214-0-s203:p0,200,0.16144018583042974,,861
8362,120,744,True,rome,100,400.0,coarse,10332,25,1300,cell,100,rome:60:214-0-s203:p0,400,0.19066976384049555,,861
11280,120,940,True,rome,100,70.71067811865476,coarse,10332,25,1350,intra_cell,150,rome:60:214-0-s203:p0,0,0.0,,861
7728,120,644,True,rome,100,170.71067811865476,coarse,10332,25,1350,intra_cell,150,rome:60:214-0-s203:p0,100,0.25203252032520324,,861
7728,120,644,True,rome,100,270.71067811865476,coarse,10332,25,1350,intra_cell,150,rome:60:214-0-s203:p0,200,0.25203252032520324,,861
7532,120,661,True,rome,100,470.71067811865476,coarse,10332,25,1350,intra_cell,150,rome:60:214-0-s203:p0,400,0.27100271002710025,,861
11280,300,940,True,rome,100,0.0,coarse,10332,25,1300,cell,100,rome:60:214-0-s203:p0,0,0.0,,861
9192,300,766,True,rome,100,100.0,coarse,10332,25,1300,cell,100,rome:60:214-0-s203:p0,100,0.11033681765389082,,861
8664,300,722,True,rome,100,200.0,coarse,10332,25,1300,cell,100,rome:60:214-0-s203:p0,200,0.16144018583042974,,861
8362,300,744,True,rome,100,400.0,coarse,10332,25,1300,cell,100,rome:60:214-0-s203:p0,400,0.19066976384049555,,861
11280,300,940,True,rome,100,70.71067811865476,coarse,10332,25,1350,intra_cell,150,rome:60:214-0-s203:p0,0,0.0,,861
7728,300,644,True,rome,100,170.71067811865476,coarse,10332,25,1350,intra_cell,150,rome:60:214-0-s203:p0,100,0.25203252032520324,,861
7728,300,644,True,rome,100,270.71067811865476,coarse,10332,25,1350,intra_cell,150,rome:60:214-0-s203:p0,200,0.25203252032520324,,861
7532,300,661,True,rome,100,470.71067811865476,coarse,10332,25,1350,intra_cell,150,rome:60:214-0-s203:p0,400,0.27100271002710025,,861
141168,60,940,True,rome,100,0.0,medium,139416,25,1300,cell,100,rome:60:214-0-s203:p0,0,0.0,,861
135888,60,841,True,rome,100,100.0,medium,139416,25,1300,cell,100,rome:60:214-0-s203:p0,100,0.02530556033740747,,861
134220,60,818,True,rome,100,200.0,medium,139416,25,1300,cell,100,rome:60:214-0-s203:p0,200,0.03726975383026338,,861
129888,60,812,True,rome,100,400.0,medium,139416,25,1300,cell,100,rome:60:214-0-s203:p0,400,0.06834222757789636,,861
141168,60,940,True,rome,100,70.71067811865476,medium,139416,25,1350,intra_cell,150,rome:60:214-0-s203:p0,0,0.0,,861
134220,60,644,True,rome,100,170.71067811865476,medium,139416,25,1350,intra_cell,150,rome:60:214-0-s203:p0,100,0.03726975383026338,,861
132576,60,765,True,rome,100,270.71067811865476,medium,139416,25,1350,intra_cell,150,rome:60:214-0-s203:p0,200,0.04906180065415734,,861
129888,60,707,True,rome,100,470.71067811865476,medium,139416,25,1350,intra_cell,150,rome:60:214-0-s203:p0,400,0.06834222757789636,,861
11280,120,940,True,rome,100,0.0,medium,10332,25,1300,cell,100,rome:60:214-0-s203:p0,0,0.0,,861
9192,120,766,True,rome,100,100.0,medium,10332,25,1300,cell,100,rome:60:214-0-s203:p0,100,0.11033681765389082,,861
8664,120,722,True,rome,100,200.0,medium,10332,25,1300,cell,100,rome:60:214-0-s203:p0,200,0.16144018583042974,,861
8303,120,722,True,rome,100,400.0,medium,10332,25,1300,cell,100,rome:60:214-0-s203:p0,400,0.19638017808749517,,861
11280,120,940,True,rome,100,70.71067811865476,medium,10332,25,1350,intra_cell,150,rome:60:214-0-s203:p0,0,0.0,,861
7728,120,644,True,rome,100,170.71067811865476,medium,10332,25,1350,intra_cell,150,rome:60:214-0-s203:p0,100,0.25203252032520324,,861
7728,120,644,True,rome,100,270.71067811865476,medium,10332,25,1350,intra_cell,150,rome:60:214-0-s203:p0,200,0.25203252032520324,,861
7367,120,644,True,rome,100,470.71067811865476,medium,10332,25,1350,intra_cell,150,rome:60:214-0-s203:p0,400,0.2869725125822687,,861
11280,300,940,True,rome,100,0.0,medium,10332,25,1300,cell,100,rome:60:214-0-s203:p0,0,0.0,,861
9192,300,766,True,rome,100,100.0,medium,10332,25,1300,cell,100,rome:60:214-0-s203:p0,100,0.11033681765389082,,861
8664,300,722,True,rome,100,200.0,medium,10332,25,1300,cell,100,rome:60:214-0-s203:p0,200,0.16144018583042974,,861
8303,300,722,True,rome,100,400.0,medium,10332,25,1300,cell,100,rome:60:214-0-s203:p0,400,0.19638017808749517,,861
11280,300,940,True,rome,100,70.71067811865476,medium,10332,25,1350,intra_cell,150,rome:60:214-0-s203:p0,0,0.0,,861
7728,300,644,True,rome,100,170.71067811865476,medium,10332,25,1350,intra_cell,150,rome:60:214-0-s203:p0,100,0.25203252032520324,,861
7728,300,644,True,rome,100,270.71067811865476,medium,10332,25,1350,intra_cell,150,rome:60:214-0-s203:p0,200,0.25203252032520324,,861
7367,300,644,True,rome,100,470.71067811865476,medium,10332,25,1350,intra_cell,150,rome:60:214-0-s203:p0,400,0.2869725125822687,,861
141168,60,940,True,rome,100,0.0,fine,139416,25,1300,cell,100,rome:60:214-0-s203:p0,0,0.0,,861
135888,60,841,True,rome,100,100.0,fine,139416,25,1300,cell,100,rome:60:214-0-s203:p0,100,0.02530556033740747,,861
134220,60,818,True,rome,100,200.0,fine,139416,25,1300,cell,100,rome:60:214-0-s203:p0,200,0.03726975383026338,,861
129888,60,812,True,rome,100,400.0,fine,139416,25,1300,cell,100,rome:60:214-0-s203:p0,400,0.06834222757789636,,861
141168,60,940,True,rome,100,70.71067811865476,fine,139416,25,1350,intra_cell,150,rome:60:214-0-s203:p0,0,0.0,,861
134220,60,644,True,rome,100,170.71067811865476,fine,139416,25,1350,intra_cell,150,rome:60:214-0-s203:p0,100,0.03726975383026338,,861
132576,60,765,True,rome,100,270.71067811865476,fine,139416,25,1350,intra_cell,150,rome:60:214-0-s203:p0,200,0.04906180065415734,,861
129888,60,707,True,rome,100,470.71067811865476,fine,139416,25,1350,intra_cell,150,rome:60:214-0-s203:p0,400,0.06834222757789636,,861
11280,120,940,True,rome,100,0.0,fine,10332,25,1300,cell,100,rome:60:214-0-s203:p0,0,0.0,,861
9192,120,766,True,rome,100,100.0,fine,10332,25,1300,cell,100,rome:60:214-0-s203:p0,100,0.11033681765389082,,861
8664,120,722,True,rome,100,200.0,fine,10332,25,1300,cell,100,rome:60:214-0-s203:p0,200,0.16144018583042974,,861
7620,120,762,True,rome,100,400.0,fine,10332,25,1300,cell,100,rome:60:214-0-s203:p0,400,0.26248548199767713,,861
11280,120,940,True,rome,100,70.71067811865476,fine,10332,25,1350,intra_cell,150,rome:60:214-0-s203:p0,0,0.0,,861
7728,120,644,True,rome,100,170.71067811865476,fine,10332,25,1350,intra_cell,150,rome:60:214-0-s203:p0,100,0.25203252032520324,,861
7728,120,644,True,rome,100,270.71067811865476,fine,10332,25,1350,intra_cell,150,rome:60:214-0-s203:p0,200,0.25203252032520324,,861
6710,120,671,True,rome,100,470.71067811865476,fine,10332,25,1350,intra_cell,150,rome:60:214-0-s203:p0,400,0.3505613627564847,,861
11280,300,940,True,rome,100,0.0,fine,10332,25,1300,cell,100,rome:60:214-0-s203:p0,0,0.0,,861
9192,300,766,True,rome,100,100.0,fine,10332,25,1300,cell,100,rome:60:214-0-s203:p0,100,0.11033681765389082,,861
8664,300,722,True,rome,100,200.0,fine,10332,25,1300,cell,100,rome:60:214-0-s203:p0,200,0.16144018583042974,,861
7620,300,762,True,rome,100,400.0,fine,10332,25,1300,cell,100,rome:60:214-0-s203:p0,400,0.26248548199767713,,861
11280,300,940,True,rome,100,70.71067811865476,fine,10332,25,1350,intra_cell,150,rome:60:214-0-s203:p0,0,0.0,,861
7728,300,644,True,rome,100,170.71067811865476,fine,10332,25,1350,intra_cell,150,rome:60:214-0-s203:p0,100,0.25203252032520324,,861
7728,300,644,True,rome,100,270.71067811865476,fine,10332,25,1350,intra_cell,150,rome:60:214-0-s203:p0,200,0.25203252032520324,,861
6710,300,671,True,rome,100,470.71067811865476,fine,10332,25,1350,intra_cell,150,rome:60:214-0-s203:p0,400,0.3505613627564847,,861
202212,60,648,True,rome,100,0.0,coarse,201936,25,1300,cell,100,rome:60:214-0-s203:p1,0,0.0,,626
197820,60,623,True,rome,100,100.0,coarse,201936,25,1300,cell,100,rome:60:214-0-s203:p1,100,0.02038269550748752,,626
196128,60,565,True,rome,100,200.0,coarse,201936,25,1300,cell,100,rome:60:214-0-s203:p1,200,0.028761587829807464,,626
194436,60,483,True,rome,100,400.0,coarse,201936,25,1300,cell,100,rome:60:214-0-s203:p1,400,0.037140480152127404,,626
202212,60,648,True,rome,100,70.71067811865476,coarse,201936,25,1350,intra_cell,150,rome:60:214-0-s203:p1,0,0.0,,626
196128,60,465,True,rome,100,170.71067811865476,coarse,201936,25,1350,intra_cell,150,rome:60:214-0-s203:p1,100,0.028761587829807464,,626
194436,60,424,True,rome,100,270.71067811865476,coarse,201936,25,1350,intra_cell,150,rome:60:214-0-s203:p1,200,0.037140480152127404,,626
194436,60,441,True,rome,100,470.71067811865476,coarse,201936,25,1350,intra_cell,150,rome:60:214-0-s203:p1,400,0.037140480152127404,,626
7776,120,648,True,rome,100,0.0,coarse,7512,25,1300,cell,100,rome:60:214-0-s203:p1,0,0.0,,626
5532,120,461,True,rome,100,100.0,coarse,7512,25,1300,cell,100,rome:60:214-0-s203:p1,100,0.26357827476038337,,626
4810,120,461,True,rome,100,200.0,coarse,7512,25,1300,cell,100,rome:60:214-0-s203:p1,200,0.3596911608093717,,626
4610,120,461,True,rome,100,400.0,coarse,7512,25,1300,cell,100,rome:60:214-0-s203:p1,400,0.38631522896698617,,626
7776,120,648,True,rome,100,70.71067811865476,coarse,7512,25,1350,intra_cell,150,rome:60:214-0-s203:p1,0,0.0,,626
4332,120,361,True,rome,100,170.71067811865476,coarse,7512,25,1350,intra_cell,150,rome:60:214-0-s203:p1,100,0.4233226837060703,,626
3610,120,361,True,rome,100,270.71067811865476,coarse,7512,25,1350,intra_cell,150,rome:60:214-0-s203:p1,200,0.5194355697550586,,626
3610,120,361,True,rome,100,470.71067811865476,coarse,7512,25,1350,intra_cell,150,rome:60:214-0-s203:p1,400,0.5194355697550586,,626
7776,300,648,True,rome,100,0.0,coarse,7512,25,1300,cell,100,rome:60:214-0-s203:p1,0,0.0,,626
5532,300,461,True,rome,100,100.0,coarse,7512,25,1300,cell,100,rome:60:214-0-s203:p1,100,0.26357827476038337,,626
4810,300,461,True,rome,100,200.0,coarse,7512,25,1300,cell,100,rome:60:214-0-s203:p1,200,0.3596911608093717,,626
4610,300,461,True,rome,100,400.0,coarse,7512,25,1300,cell,100,rome:60:214-0-s203:p1,400,0.38631522896698617,,626
7776,300,648,True,rome,100,70.71067811865476,coarse,7512,25,1350,intra_cell,150,rome:60:214-0-s203:p1,0,0.0,,626
4332,300,361,True,rome,100,170.71067811865476,coarse,7512,25,1350,intra_cell,150,rome:60:214-0-s203:p1,100,0.4233226837060703,,626
3610,300,361,True,rome,100,270.71067811865476,coarse,7512,25,1350,intra_cell,150,rome:60:214-0-s203:p1,200,0.5194355697550586,,626
3610,300,361,True,rome,100,470.71067811865476,coarse,7512,25,1350,intra_cell,150,rome:60:214-0-s203:p1,400,0.5194355697550586,,626
202212,60,648,True,rome,100,0.0,medium,201936,25,1300,cell,100,rome:60:214-0-s203:p1,0,0.0,,626
197820,60,623,True,rome,100,100.0,medium,201936,25,1300,cell,100,rome:60:214-0-s203:p1,100,0.02038269550748752,,626
196128,60,565,True,rome,100,200.0,medium,201936,25,1300,cell,100,rome:60:214-0-s203:p1,200,0.028761587829807464,,626
194436,60,483,True,rome,100,400.0,medium,201936,25,1300,cell,100,rome:60:214-0-s203:p1,400,0.037140480152127404,,626
202212,60,648,True,rome,100,70.71067811865476,medium,201936,25,1350,intra_cell,150,rome:60:214-0-s203:p1,0,0.0,,626
196128,60,465,True,rome,100,170.71067811865476,medium,201936,25,1350,intra_cell,150,rome:60:214-0-s203:p1,100,0.028761587829807464,,626
194436,60,424,True,rome,100,270.71067811865476,medium,201936,25,1350,intra_cell,150,rome:60:214-0-s203:p1,200,0.037140480152127404,,626
194436,60,441,True,rome,100,470.71067811865476,medium,201936,25,1350,intra_cell,150,rome:60:214-0-s203:p1,400,0.037140480152127404,,626
7776,120,648,True,rome,100,0.0,medium,7512,25,1300,cell,100,rome:60:214-0-s203:p1,0,0.0,,626
5532,120,461,True,rome,100,100.0,medium,7512,25,1300,cell,100,rome:60:214-0-s203:p1,100,0.26357827476038337,,626
4810,120,461,True,rome,100,200.0,medium,7512,25,1300,cell,100,rome:60:214-0-s203:p1,200,0.3596911608093717,,626
4610,120,461,True,rome,100,400.0,medium,7512,25,1300,cell,100,rome:60:214-0-s203:p1,400,0.38631522896698617,,626
7776,120,648,True,rome,100,70.71067811865476,medium,7512,25,1350,intra_cell,150,rome:60:214-0-s203:p1,0,0.0,,626
4332,120,361,True,rome,100,170.71067811865476,medium,7512,25,1350,intra_cell,150,rome:60:214-0-s203:p1,100,0.4233226837060703,,626
3610,120,361,True,rome,100,270.71067811865476,medium,7512,25,1350,intra_cell,150,rome:60:214-0-s203:p1,200,0.5194355697550586,,626
3610,120,361,True,rome,100,470.71067811865476,medium,7512,25,1350,intra_cell,150,rome:60:214-0-s203:p1,400,0.5194355697550586,,626
7776,300,648,True,rome,100,0.0,medium,7512,25,1300,cell,100,rome:60:214-0-s203:p1,0,0.0,,626
5532,300,461,True,rome,100,100.0,medium,7512,25,1300,cell,100,rome:60:214-0-s203:p1,100,0.26357827476038337,,626
4810,300,461,True,rome,100,200.0,medium,7512,25,1300,cell,100,rome:60:214-0-s203:p1,200,0.3596911608093717,,626
4610,300,461,True,rome,100,400.0,medium,7512,25,1300,cell,100,rome:60:214-0-s203:p1,400,0.38631522896698617,,626
7776,300,648,True,rome,100,70.71067811865476,medium,7512,25,1350,intra_cell,150,rome:60:214-0-s203:p1,0,0.0,,626
4332,300,361,True,rome,100,170.71067811865476,medium,7512,25,1350,intra_cell,150,rome:60:214-0-s203:p1,100,0.4233226837060703,,626
3610,300,361,True,rome,100,270.71067811865476,medium,7512,25,1350,intra_cell,150,rome:60:214-0-s203:p1,200,0.5194355697550586,,626
3610,300,361,True,rome,100,470.71067811865476,medium,7512,25,1350,intra_cell,150,rome:60:214-0-s203:p1,400,0.5194355697550586,,626
202212,60,648,True,rome,100,0.0,fine,201936,25,1300,cell,100,rome:60:214-0-s203:p1,0,0.0,,626
197820,60,623,True,rome,100,100.0,fine,201936,25,1300,cell,100,rome:60:214-0-s203:p1,100,0.02038269550748752,,626
196128,60,565,True,rome,100,200.0,fine,201936,25,1300,cell,100,rome:60:214-0-s203:p1,200,0.028761587829807464,,626
194436,60,483,True,rome,100,400.0,fine,201936,25,1300,cell,100,rome:60:214-0-s203:p1,400,0.037140480152127404,,626
202212,60,648,True,rome,100,70.71067811865476,fine,201936,25,1350,intra_cell,150,rome:60:214-0-s203:p1,0,0.0,,626
196128,60,465,True,rome,100,170.71067811865476,fine,201936,25,1350,intra_cell,150,rome:60:214-0-s203:p1,100,0.028761587829807464,,626
194436,60,424,True,rome,100,270.71067811865476,fine,201936,25,1350,intra_cell,150,rome:60:214-0-s203:p1,200,0.037140480152127404,,626
194436,60,441,True,rome,100,470.71067811865476,fine,201936,25,1350,intra_cell,150,rome:60:214-0-s203:p1,400,0.037140480152127404,,626
7776,120,648,True,rome,100,0.0,fine,7512,25,1300,cell,100,rome:60:214-0-s203:p1,0,0.0,,626
5532,120,461,True,rome,100,100.0,fine,7512,25,1300,cell,100,rome:60:214-0-s203:p1,100,0.26357827476038337,,626
4810,120,461,True,rome,100,200.0,fine,7512,25,1300,cell,100,rome:60:214-0-s203:p1,200,0.3596911608093717,,626
4610,120,461,True,rome,100,400.0,fine,7512,25,1300,cell,100,rome:60:214-0-s203:p1,400,0.38631522896698617,,626
7776,120,648,True,rome,100,70.71067811865476,fine,7512,25,1350,intra_cell,150,rome:60:214-0-s203:p1,0,0.0,,626
4332,120,361,True,rome,100,170.71067811865476,fine,7512,25,1350,intra_cell,150,rome:60:214-0-s203:p1,100,0.4233226837060703,,626
3610,120,361,True,rome,100,270.71067811865476,fine,7512,25,1350,intra_cell,150,rome:60:214-0-s203:p1,200,0.5194355697550586,,626
3610,120,361,True,rome,100,470.71067811865476,fine,7512,25,1350,intra_cell,150,rome:60:214-0-s203:p1,400,0.5194355697550586,,626
7776,300,648,True,rome,100,0.0,fine,7512,25,1300,cell,100,rome:60:214-0-s203:p1,0,0.0,,626
5532,300,461,True,rome,100,100.0,fine,7512,25,1300,cell,100,rome:60:214-0-s203:p1,100,0.26357827476038337,,626
4810,300,461,True,rome,100,200.0,fine,7512,25,1300,cell,100,rome:60:214-0-s203:p1,200,0.3596911608093717,,626
4610,300,461,True,rome,100,400.0,fine,7512,25,1300,cell,100,rome:60:214-0-s203:p1,400,0.38631522896698617,,626
7776,300,648,True,rome,100,70.71067811865476,fine,7512,25,1350,intra_cell,150,rome:60:214-0-s203:p1,0,0.0,,626
4332,300,361,True,rome,100,170.71067811865476,fine,7512,25,1350,intra_cell,150,rome:60:214-0-s203:p1,100,0.4233226837060703,,626
3610,300,361,True,rome,100,270.71067811865476,fine,7512,25,1350,intra_cell,150,rome:60:214-0-s203:p1,200,0.5194355697550586,,626
3610,300,361,True,rome,100,470.71067811865476,fine,7512,25,1350,intra_cell,150,rome:60:214-0-s203:p1,400,0.5194355697550586,,626
59400,60,924,True,rome,100,0.0,coarse,58776,25,1300,cell,100,rome:60:214-0-s220:p0,0,0.0,,872
53676,60,847,True,rome,100,100.0,coarse,58776,25,1300,cell,100,rome:60:214-0-s220:p0,100,0.08677011024908125,,872
51708,60,799,True,rome,100,200.0,coarse,58776,25,1300,cell,100,rome:60:214-0-s220:p0,200,0.12025316455696203,,872
48312,60,761,True,rome,100,400.0,coarse,58776,25,1300,cell,100,rome:60:214-0-s220:p0,400,0.17803184973458555,,872
59400,60,924,True,rome,100,70.71067811865476,coarse,58776,25,1350,intra_cell,150,rome:60:214-0-s220:p0,0,0.0,,872
52644,60,761,True,rome,100,170.71067811865476,coarse,58776,25,1350,intra_cell,150,rome:60:214-0-s220:p0,100,0.10432829726418946,,872
50004,60,773,True,rome,100,270.71067811865476,coarse,58776,25,1350,intra_cell,150,rome:60:214-0-s220:p0,200,0.14924458962841977,,872
48312,60,661,True,rome,100,470.71067811865476,coarse,58776,25,1350,intra_cell,150,rome:60:214-0-s220:p0,400,0.17803184973458555,,872
11088,120,924,True,rome,100,0.0,coarse,10464,25,1300,cell,100,rome:60:214-0-s220:p0,0,0.0,,872
9192,120,766,True,rome,100,100.0,coarse,10464,25,1300,cell,100,rome:60:214-0-s220:p0,100,0.12155963302752294,,872
8664,120,722,True,rome,100,200.0,coarse,10464,25,1300,cell,100,rome:60:214-0-s220:p0,200,0.1720183486238532,,872
7942,120,722,True,rome,100,400.0,coarse,10464,25,1300,cell,100,rome:60:214-0-s220:p0,400,0.24101681957186544,,872
11088,120,924,True,rome,100,70.71067811865476,coarse,10464,25,1350,intra_cell,150,rome:60:214-0-s220:p0,0,0.0,,872
7728,120,644,True,rome,100,170.71067811865476,coarse,10464,25,1350,intra_cell,150,rome:60:214-0-s220:p0,100,0.26146788990825687,,872
7728,120,644,True,rome,100,270.71067811865476,coarse,10464,25,1350,intra_cell,150,rome:60:214-0-s220:p0,200,0.26146788990825687,,872
7162,120,644,True,rome,100,470.71067811865476,coarse,10464,25,1350,intra_cell,150,rome:60:214-0-s220:p0,400,0.3155581039755352,,872
11088,300,924,True,rome,100,0.0,coarse,10464,25,1300,cell,100,rome:60:214-0-s220:p0,0,0.0,,872
9192,300,766,True,rome,100,100.0,coarse,10464,25,1300,cell,100,rome:60:214-0-s220:p0,100,0.12155963302752294,,872
8664,300,722,True,rome,100,200.0,coarse,10464,25,1300,cell,100,rome:60:214-0-s220:p0,200,0.1720183486238532,,872
7942,300,722,True,rome,100,400.0,coarse,10464,25,1300,cell,100,rome:60:214-0-s220:p0,400,0.24101681957186544,,872
11088,300,924,True,rome,100,70.71067811865476,coarse,10464,25,1350,intra_cell,150,rome:60:214-0-s220:p0,0,0.0,,872
7728,300,644,True,rome,100,170.71067811865476,coarse,10464,25,1350,intra_cell,150,rome:60:214-0-s220:p0,100,0.26146788990825687,,872
7728,300,644,True,rome,100,270.71067811865476,coarse,10464,25,1350,intra_cell,150,rome:60:214-0-s220:p0,200,0.26146788990825687,,872
7162,300,644,True,rome,100,470.71067811865476,coarse,10464,25,1350,intra_cell,150,rome:60:214-0-s220:p0,400,0.3155581039755352,,872
59400,60,924,True,rome,100,0.0,medium,58776,25,1300,cell,100,rome:60:214-0-s220:p0,0,0.0,,872
53676,60,847,True,rome,100,100.0,medium,58776,25,1300,cell,100,rome:60:214-0-s220:p0,100,0.08677011024908125,,872
51708,60,799,True,rome,100,200.0,medium,58776,25,1300,cell,100,rome:60:214-0-s220:p0,200,0.12025316455696203,,872
48312,60,761,True,rome,100,400.0,medium,58776,25,1300,cell,100,rome:60:214-0-s220:p0,400,0.17803184973458555,,872
59400,60,924,True,rome,100,70.71067811865476,medium,58776,25,1350,intra_cell,150,rome:60:214-0-s220:p0,0,0.0,,872
52644,60,761,True,rome,100,170.71067811865476,medium,58776,25,1350,intra_cell,150,rome:60:214-0-s220:p0,100,0.10432829726418946,,872
50004,60,773,True,rome,100,270.71067811865476,medium,58776,25,1350,intra_cell,150,rome:60:214-0-s220:p0,200,0.14924458962841977,,872
48312,60,661,True,rome,100,470.71067811865476,medium,58776,25,1350,intra_cell,150,rome:60:214-0-s220:p0,400,0.17803184973458555,,872
11088,120,924,True,rome,100,0.0,medium,10464,25,1300,cell,100,rome:60:214-0-s220:p0,0,0.0,,872
9192,120,766,True,rome,100,100.0,medium,10464,25,1300,cell,100,rome:60:214-0-s220:p0,100,0.12155963302752294,,872
8664,120,722,True,rome,100,200.0,medium,10464,25,1300,cell,100,rome:60:214-0-s220:p0,200,0.1720183486238532,,872
8210,120,761,True,rome,100,400.0,medium,10464,25,1300,cell,100,rome:60:214-0-s220:p0,400,0.2154051987767584,,872
11088,120,924,True,rome,100,70.71067811865476,medium,10464,25,1350,intra_cell,150,rome:60:214-0-s220:p0,0,0.0,,872
7728,120,644,True,rome,100,170.71067811865476,medium,10464,25,1350,intra_cell,150,rome:60:214-0-s220:p0,100,0.26146788990825687,,872
7728,120,644,True,rome,100,270.71067811865476,medium,10464,25,1350,intra_cell,150,rome:60:214-0-s220:p0,200,0.26146788990825687,,872
7162,120,644,True,rome,100,470.71067811865476,medium,10464,25,1350,intra_cell,150,rome:60:214-0-s220:p0,400,0.3155581039755352,,872
11088,300,924,True,rome,100,0.0,medium,10464,25,1300,cell,100,rome:60:214-0-s220:p0,0,0.0,,872
9192,300,766,True,rome,100,100.0,medium,10464,25,1300,cell,100,rome:60:214-0-s220:p0,100,0.12155963302752294,,872
8664,300,722,True,rome,100,200.0,medium,10464,25,1300,cell,100,rome:60:214-0-s220:p0,200,0.1720183486238532,,872
8210,300,761,True,rome,100,400.0,medium,10464,25,1300,cell,100,rome:60:214-0-s220:p0,400,0.2154051987767584,,872
11088,300,924,True,rome,100,70.71067811865476,medium,10464,25,1350,intra_cell,150,rome:60:214-0-s220:p0,0,0.0,,872
7728,300,644,True,rome,100,170.71067811865476,medium,10464,25,1350,intra_cell,150,rome:60:214-0-s220:p0,100,0.26146788990825687,,872
7728,300,644,True,rome,100,270.71067811865476,medium,10464,25,1350,intra_cell,150,rome:60:214-0-s220:p0,200,0.26146788990825687,,872
7162,300,644,True,rome,100,470.71067811865476,medium,10464,25,1350,intra_cell,150,rome:60:214-0-s220:p0,400,0.3155581039755352,,872
59400,60,924,True,rome,100,0.0,fine,58776,25,1300,cell,100,rome:60:214-0-s220:p0,0,0.0,,872
53676,60,847,True,rome,100,100.0,fine,58776,25,1300,cell,100,rome:60:214-0-s220:p0,100,0.08677011024908125,,872
51708,60,799,True,rome,100,200.0,fine,58776,25,1300,cell,100,rome:60:214-0-s220:p0,200,0.12025316455696203,,872
48312,60,761,True,rome,100,400.0,fine,58776,25,1300,cell,100,rome:60:214-0-s220:p0,400,0.17803184973458555,,872
59400,60,924,True,rome,100,70.71067811865476,fine,58776,25,1350,intra_cell,150,rome:60:214-0-s220:p0,0,0.0,,872
52644,60,761,True,rome,100,170.71067811865476,fine,58776,25,1350,intra_cell,150,rome:60:214-0-s220:p0,100,0.10432829726418946,,872
50004,60,773,True,rome,100,270.71067811865476,fine,58776,25,1350,intra_cell,150,rome:60:214-0-s220:p0,200,0.14924458962841977,,872
48312,60,661,True,rome,100,470.71067811865476,fine,58776,25,1350,intra_cell,150,rome:60:214-0-s220:p0,400,0.17803184973458555,,872
11088,120,924,True,rome,100,0.0,fine,10464,25,1300,cell,100,rome:60:214-0-s220:p0,0,0.0,,872
9192,120,766,True,rome,100,100.0,fine,10464,25,1300,cell,100,rome:60:214-0-s220:p0,100,0.12155963302752294,,872
8664,120,722,True,rome,100,200.0,fine,10464,25,1300,cell,100,rome:60:214-0-s220:p0,200,0.1720183486238532,,872
8362,120,744,True,rome,100,400.0,fine,10464,25,1300,cell,100,rome:60:214-0-s220:p0,400,0.20087920489296637,,872
11088,120,924,True,rome,100,70.71067811865476,fine,10464,25,1350,intra_cell,150,rome:60:214-0-s220:p0,0,0.0,,872
7728,120,644,True,rome,100,170.71067811865476,fine,10464,25,1350,intra_cell,150,rome:60:214-0-s220:p0,100,0.26146788990825687,,872
7728,120,644,True,rome,100,270.71067811865476,fine,10464,25,1350,intra_cell,150,rome:60:214-0-s220:p0,200,0.26146788990825687,,872
7030,120,683,True,rome,100,470.71067811865476,fine,10464,25,1350,intra_cell,150,rome:60:214-0-s220:p0,400,0.32817278287461776,,872
11088,300,924,True,rome,100,0.0,fine,10464,25,1300,cell,100,rome:60:214-0-s220:p0,0,0.0,,872
9192,300,766,True,rome,100,100.0,fine,10464,25,1300,cell,100,rome:60:214-0-s220:p0,100,0.12155963302752294,,872
8664,300,722,True,rome,100,200.0,fine,10464,25,1300,cell,100,rome:60:214-0-s220:p0,200,0.1720183486238532,,872
8362,300,744,True,rome,100,400.0,fine,10464,25,1300,cell,100,rome:60:214-0-s220:p0,400,0.20087920489296637,,872
11088,300,924,True,rome,100,70.71067811865476,fine,10464,25,1350,intra_cell,150,rome:60:214-0-s220:p0,0,0.0,,872
7728,300,644,True,rome,100,170.71067811865476,fine,10464,25,1350,intra_cell,150,rome:60:214-0-s220:p0,100,0.26146788990825687,,872
7728,300,644,True,rome,100,270.71067811865476,fine,10464,25,1350,intra_cell,150,rome:60:214-0-s220:p0,200,0.26146788990825687,,872
7030,300,683,True,rome,100,470.71067811865476,fine,10464,25,1350,intra_cell,150,rome:60:214-0-s220:p0,400,0.32817278287461776,,872
,60,,False,rome,100,0.0,coarse,,25,1300,cell,100,rome:60:229-0-s172:p0,0,,no feasible adversarial claim under enabled constraints,755
262152,60,806,True,rome,100,100.0,coarse,266986,25,1300,cell,100,rome:60:229-0-s172:p0,100,0.01810581828260658,,755
262152,60,806,True,rome,100,200.0,coarse,266986,25,1300,cell,100,rome:60:229-0-s172:p0,200,0.01810581828260658,,755
262152,60,830,True,rome,100,400.0,coarse,266986,25,1300,cell,100,rome:60:229-0-s172:p0,400,0.01810581828260658,,755
,60,,False,rome,100,70.71067811865476,coarse,,25,1350,intra_cell,150,rome:60:229-0-s172:p0,0,,no feasible adversarial claim under enabled constraints,755
262152,60,616,True,rome,100,170.71067811865476,coarse,266986,25,1350,intra_cell,150,rome:60:229-0-s172:p0,100,0.01810581828260658,,755
262152,60,665,True,rome,100,270.71067811865476,coarse,266986,25,1350,intra_cell,150,rome:60:229-0-s172:p0,200,0.01810581828260658,,755
262152,60,665,True,rome,100,470.71067811865476,coarse,266986,25,1350,intra_cell,150,rome:60:229-0-s172:p0,400,0.01810581828260658,,755
,120,,False,rome,100,0.0,coarse,,25,1300,cell,100,rome:60:229-0-s172:p0,0,,no feasible adversarial claim under enabled constraints,755
7532,120,661,True,rome,100,100.0,coarse,8836,25,1300,cell,100,rome:60:229-0-s172:p0,100,0.14757808963331825,,755
7010,120,661,True,rome,100,200.0,coarse,8836,25,1300,cell,100,rome:60:229-0-s172:p0,200,0.2066545948392938,,755
6440,120,644,True,rome,100,400.0,coarse,8836,25,1300,cell,100,rome:60:229-0-s172:p0,400,0.27116342236306024,,755
,120,,False,rome,100,70.71067811865476,coarse,,25,1350,intra_cell,150,rome:60:229-0-s172:p0,0,,no feasible adversarial claim under enabled constraints,755
6332,120,561,True,rome,100,170.71067811865476,coarse,8836,25,1350,intra_cell,150,rome:60:229-0-s172:p0,100,0.2833861475780896,,755
6010,120,561,True,rome,100,270.71067811865476,coarse,8836,25,1350,intra_cell,150,rome:60:229-0-s172:p0,200,0.3198279764599366,,755
5610,120,561,True,rome,100,470.71067811865476,coarse,8836,25,1350,intra_cell,150,rome:60:229-0-s172:p0,400,0.36509732910819376,,755
,300,,False,rome,100,0.0,coarse,,25,1300,cell,100,rome:60:229-0-s172:p0,0,,no feasible adversarial claim under enabled constraints,755
7532,300,661,True,rome,100,100.0,coarse,8836,25,1300,cell,100,rome:60:229-0-s172:p0,100,0.14757808963331825,,755
7010,300,661,True,rome,100,200.0,coarse,8836,25,1300,cell,100,rome:60:229-0-s172:p0,200,0.2066545948392938,,755
6440,300,644,True,rome,100,400.0,coarse,8836,25,1300,cell,100,rome:60:229-0-s172:p0,400,0.27116342236306024,,755
,300,,False,rome,100,70.71067811865476,coarse,,25,1350,intra_cell,150,rome:60:229-0-s172:p0,0,,no feasible adversarial claim under enabled constraints,755
6332,300,561,True,rome,100,170.71067811865476,coarse,8836,25,1350,intra_cell,150,rome:60:229-0-s172:p0,100,0.2833861475780896,,755
6010,300,561,True,rome,100,270.71067811865476,coarse,8836,25,1350,intra_cell,150,rome:60:229-0-s172:p0,200,0.3198279764599366,,755
5610,300,561,True,rome,100,470.71067811865476,coarse,8836,25,1350,intra_cell,150,rome:60:229-0-s172:p0,400,0.36509732910819376,,755
,60,,False,rome,100,0.0,medium,,25,1300,cell,100,rome:60:229-0-s172:p0,0,,no feasible adversarial claim under enabled constraints,755
262152,60,806,True,rome,100,100.0,medium,266629,25,1300,cell,100,rome:60:229-0-s172:p0,100,0.016791121745946616,,755
262152,60,806,True,rome,100,200.0,medium,266629,25,1300,cell,100,rome:60:229-0-s172:p0,200,0.016791121745946616,,755
262152,60,830,True,rome,100,400.0,medium,266629,25,1300,cell,100,rome:60:229-0-s172:p0,400,0.016791121745946616,,755
,60,,False,rome,100,70.71067811865476,medium,,25,1350,intra_cell,150,rome:60:229-0-s172:p0,0,,no feasible adversarial claim under enabled constraints,755
262152,60,616,True,rome,100,170.71067811865476,medium,266629,25,1350,intra_cell,150,rome:60:229-0-s172:p0,100,0.016791121745946616,,755
262152,60,665,True,rome,100,270.71067811865476,medium,266629,25,1350,intra_cell,150,rome:60:229-0-s172:p0,200,0.016791121745946616,,755
262152,60,665,True,rome,100,470.71067811865476,medium,266629,25,1350,intra_cell,150,rome:60:229-0-s172:p0,400,0.016791121745946616,,755
,120,,False,rome,100,0.0,medium,,25,1300,cell,100,rome:60:229-0-s172:p0,0,,no feasible adversarial claim under enabled constraints,755
7313,120,683,True,rome,100,100.0,medium,8357,25,1300,cell,100,rome:60:229-0-s172:p0,100,0.1249252123967931,,755
6801,120,644,True,rome,100,200.0,medium,8357,25,1300,cell,100,rome:60:229-0-s172:p0,200,0.18619121694387938,,755
6440,120,644,True,rome,100,400.0,medium,8357,25,1300,cell,100,rome:60:229-0-s172:p0,400,0.22938853655618044,,755
,120,,False,rome,100,70.71067811865476,medium,,25,1350,intra_cell,150,rome:60:229-0-s172:p0,0,,no feasible adversarial claim under enabled constraints,755
6171,120,561,True,rome,100,170.71067811865476,medium,8357,25,1350,intra_cell,150,rome:60:229-0-s172:p0,100,0.26157712097642694,,755
5810,120,561,True,rome,100,270.71067811865476,medium,8357,25,1350,intra_cell,150,rome:60:229-0-s172:p0,200,0.304774440588728,,755
5610,120,561,True,rome,100,470.71067811865476,medium,8357,25,1350,intra_cell,150,rome:60:229-0-s172:p0,400,0.3287064736149336,,755
,300,,False,rome,100,0.0,medium,,25,1300,cell,100,rome:60:229-0-s172:p0,0,,no feasible adversarial claim under enabled constraints,755
7313,300,683,True,rome,100,100.0,medium,8357,25,1300,cell,100,rome:60:229-0-s172:p0,100,0.1249252123967931,,755
6801,300,644,True,rome,100,200.0,medium,8357,25,1300,cell,100,rome:60:229-0-s172:p0,200,0.18619121694387938,,755
6440,300,644,True,rome,100,400.0,medium,8357,25,1300,cell,100,rome:60:229-0-s172:p0,400,0.22938853655618044,,755
,300,,False,rome,100,70.71067811865476,medium,,25,1350,intra_cell,150,rome:60:229-0-s172:p0,0,,no feasible adversarial claim under enabled constraints,755
6171,300,561,True,rome,100,170.71067811865476,medium,8357,25,1350,intra_cell,150,rome:60:229-0-s172:p0,100,0.26157712097642694,,755
5810,300,561,True,rome,100,270.71067811865476,medium,8357,25,1350,intra_cell,150,rome:60:229-0-s172:p0,200,0.304774440588728,,755
5610,300,561,True,rome,100,470.71067811865476,medium,8357,25,1350,intra_cell,150,rome:60:229-0-s172:p0,400,0.3287064736149336,,755
,60,,False,rome,100,0.0,fine,,25,1300,cell,100,rome:60:229-0-s172:p0,0,,no feasible adversarial claim under enabled constraints,755
262152,60,806,True,rome,100,100.0,fine,266698,25,1300,cell,100,rome:60:229-0-s172:p0,100,0.017045497154084394,,755
262152,60,806,True,rome,100,200.0,fine,266698,25,1300,cell,100,rome:60:229-0-s172:p0,200,0.017045497154084394,,755
262152,60,830,True,rome,100,400.0,fine,266698,25,1300,cell,100,rome:60:229-0-s172:p0,400,0.017045497154084394,,755
,60,,False,rome,100,70.71067811865476,fine,,25,1350,intra_cell,150,rome:60:229-0-s172:p0,0,,no feasible adversarial claim under enabled constraints,755
262152,60,616,True,rome,100,170.71067811865476,fine,266698,25,1350,intra_cell,150,rome:60:229-0-s172:p0,100,0.017045497154084394,,755
262152,60,665,True,rome,100,270.71067811865476,fine,266698,25,1350,intra_cell,150,rome:60:229-0-s172:p0,200,0.017045497154084394,,755
262152,60,665,True,rome,100,470.71067811865476,fine,266698,25,1350,intra_cell,150,rome:60:229-0-s172:p0,400,0.017045497154084394,,755
,120,,False,rome,100,0.0,fine,,25,1300,cell,100,rome:60:229-0-s172:p0,0,,no feasible adversarial claim under enabled constraints,755
7332,120,661,True,rome,100,100.0,fine,8304,25,1300,cell,100,rome:60:229-0-s172:p0,100,0.11705202312138728,,755
6810,120,661,True,rome,100,200.0,fine,8304,25,1300,cell,100,rome:60:229-0-s172:p0,200,0.17991329479768786,,755
6440,120,644,True,rome,100,400.0,fine,8304,25,1300,cell,100,rome:60:229-0-s172:p0,400,0.22447013487475914,,755
,120,,False,rome,100,70.71067811865476,fine,,25,1350,intra_cell,150,rome:60:229-0-s172:p0,0,,no feasible adversarial claim under enabled constraints,755
6230,120,583,True,rome,100,170.71067811865476,fine,8304,25,1350,intra_cell,150,rome:60:229-0-s172:p0,100,0.2497591522157996,,755
5810,120,561,True,rome,100,270.71067811865476,fine,8304,25,1350,intra_cell,150,rome:60:229-0-s172:p0,200,0.3003371868978805,,755
5610,120,561,True,rome,100,470.71067811865476,fine,8304,25,1350,intra_cell,150,rome:60:229-0-s172:p0,400,0.32442196531791906,,755
,300,,False,rome,100,0.0,fine,,25,1300,cell,100,rome:60:229-0-s172:p0,0,,no feasible adversarial claim under enabled constraints,755
7332,300,661,True,rome,100,100.0,fine,8304,25,1300,cell,100,rome:60:229-0-s172:p0,100,0.11705202312138728,,755
6810,300,661,True,rome,100,200.0,fine,8304,25,1300,cell,100,rome:60:229-0-s172:p0,200,0.17991329479768786,,755
6440,300,644,True,rome,100,400.0,fine,8304,25,1300,cell,100,rome:60:229-0-s172:p0,400,0.22447013487475914,,755
,300,,False,rome,100,70.71067811865476,fine,,25,1350,intra_cell,150,rome:60:229-0-s172:p0,0,,no feasible adversarial claim under enabled constraints,755
6230,300,583,True,rome,100,170.71067811865476,fine,8304,25,1350,intra_cell,150,rome:60:229-0-s172:p0,100,0.2497591522157996,,755
5810,300,561,True,rome,100,270.71067811865476,fine,8304,25,1350,intra_cell,150,rome:60:229-0-s172:p0,200,0.3003371868978805,,755
5610,300,561,True,rome,100,470.71067811865476,fine,8304,25,1350,intra_cell,150,rome:60:229-0-s172:p0,400,0.32442196531791906,,755
,60,,False,rome,100,0.0,coarse,,25,1300,cell,100,rome:60:234-0-s260:p0,0,,no feasible adversarial claim under enabled constraints,882
171728,60,906,True,rome,100,100.0,coarse,176998,25,1300,cell,100,rome:60:234-0-s260:p0,100,0.029774347732742745,,882
170488,60,783,True,rome,100,200.0,coarse,176998,25,1300,cell,100,rome:60:234-0-s260:p0,200,0.036780076611035155,,882
169488,60,722,True,rome,100,400.0,coarse,176998,25,1300,cell,100,rome:60:234-0-s260:p0,400,0.042429857964496775,,882
,60,,False,rome,100,70.71067811865476,coarse,,25,1350,intra_cell,150,rome:60:234-0-s260:p0,0,,no feasible adversarial claim under enabled constraints,882
170488,60,700,True,rome,100,170.71067811865476,coarse,176998,25,1350,intra_cell,150,rome:60:234-0-s260:p0,100,0.036780076611035155,,882
169488,60,644,True,rome,100,270.71067811865476,coarse,176998,25,1350,intra_cell,150,rome:60:234-0-s260:p0,200,0.042429857964496775,,882
169488,60,661,True,rome,100,470.71067811865476,coarse,176998,25,1350,intra_cell,150,rome:60:234-0-s260:p0,400,0.042429857964496775,,882
,120,,False,rome,100,0.0,coarse,,25,1300,cell,100,rome:60:234-0-s260:p0,0,,no feasible adversarial claim under enabled constraints,882
7610,120,761,True,rome,100,100.0,coarse,8820,25,1300,cell,100,rome:60:234-0-s260:p0,100,0.13718820861678005,,882
7440,120,744,True,rome,100,200.0,coarse,8820,25,1300,cell,100,rome:60:234-0-s260:p0,200,0.1564625850340136,,882
7220,120,722,True,rome,100,400.0,coarse,8820,25,1300,cell,100,rome:60:234-0-s260:p0,400,0.18140589569160998,,882
,120,,False,rome,100,70.71067811865476,coarse,,25,1350,intra_cell,150,rome:60:234-0-s260:p0,0,,no feasible adversarial claim under enabled constraints,882
6610,120,661,True,rome,100,170.71067811865476,coarse,8820,25,1350,intra_cell,150,rome:60:234-0-s260:p0,100,0.25056689342403626,,882
6440,120,644,True,rome,100,270.71067811865476,coarse,8820,25,1350,intra_cell,150,rome:60:234-0-s260:p0,200,0.2698412698412698,,882
6440,120,644,True,rome,100,470.71067811865476,coarse,8820,25,1350,intra_cell,150,rome:60:234-0-s260:p0,400,0.2698412698412698,,882
,300,,False,rome,100,0.0,coarse,,25,1300,cell,100,rome:60:234-0-s260:p0,0,,no feasible adversarial claim under enabled constraints,882
7610,300,761,True,rome,100,100.0,coarse,8820,25,1300,cell,100,rome:60:234-0-s260:p0,100,0.13718820861678005,,882
7440,300,744,True,rome,100,200.0,coarse,8820,25,1300,cell,100,rome:60:234-0-s260:p0,200,0.1564625850340136,,882
7220,300,722,True,rome,100,400.0,coarse,8820,25,1300,cell,100,rome:60:234-0-s260:p0,400,0.18140589569160998,,882
,300,,False,rome,100,70.71067811865476,coarse,,25,1350,intra_cell,150,rome:60:234-0-s260:p0,0,,no feasible adversarial claim under enabled constraints,882
6610,300,661,True,rome,100,170.71067811865476,coarse,8820,25,1350,intra_cell,150,rome:60:234-0-s260:p0,100,0.25056689342403626,,882
6440,300,644,True,rome,100,270.71067811865476,coarse,8820,25,1350,intra_cell,150,rome:60:234-0-s260:p0,200,0.2698412698412698,,882
6440,300,644,True,rome,100,470.71067811865476,coarse,8820,25,1350,intra_cell,150,rome:60:234-0-s260:p0,400,0.2698412698412698,,882
,60,,False,rome,100,0.0,medium,,25,1300,cell,100,rome:60:234-0-s260:p0,0,,no feasible adversarial claim under enabled constraints,882
171952,60,906,True,rome,100,100.0,medium,177526,25,1300,cell,100,rome:60:234-0-s260:p0,100,0.031398217725854244,,882
170488,60,783,True,rome,100,200.0,medium,177526,25,1300,cell,100,rome:60:234-0-s260:p0,200,0.03964489708549734,,882
169488,60,722,True,rome,100,400.0,medium,177526,25,1300,cell,100,rome:60:234-0-s260:p0,400,0.045277874790171584,,882
,60,,False,rome,100,70.71067811865476,medium,,25,1350,intra_cell,150,rome:60:234-0-s260:p0,0,,no feasible adversarial claim under enabled constraints,882
170588,60,700,True,rome,100,170.71067811865476,medium,177526,25,1350,intra_cell,150,rome:60:234-0-s260:p0,100,0.03908159931502991,,882
169488,60,644,True,rome,100,270.71067811865476,medium,177526,25,1350,intra_cell,150,rome:60:234-0-s260:p0,200,0.045277874790171584,,882
169488,60,661,True,rome,100,470.71067811865476,medium,177526,25,1350,intra_cell,150,rome:60:234-0-s260:p0,400,0.045277874790171584,,882
,120,,False,rome,100,0.0,medium,,25,1300,cell,100,rome:60:234-0-s260:p0,0,,no feasible adversarial claim under enabled constraints,882
7971,120,761,True,rome,100,100.0,medium,9348,25,1300,cell,100,rome:60:234-0-s260:p0,100,0.14730423620025673,,882
7440,120,744,True,rome,100,200.0,medium,9348,25,1300,cell,100,rome:60:234-0-s260:p0,200,0.20410783055198972,,882
7220,120,722,True,rome,100,400.0,medium,9348,25,1300,cell,100,rome:60:234-0-s260:p0,400,0.22764227642276422,,882
,120,,False,rome,100,70.71067811865476,medium,,25,1350,intra_cell,150,rome:60:234-0-s260:p0,0,,no feasible adversarial claim under enabled constraints,882
6971,120,661,True,rome,100,170.71067811865476,medium,9348,25,1350,intra_cell,150,rome:60:234-0-s260:p0,100,0.2542789901583226,,882
6440,120,644,True,rome,100,270.71067811865476,medium,9348,25,1350,intra_cell,150,rome:60:234-0-s260:p0,200,0.3110825845100556,,882
6440,120,644,True,rome,100,470.71067811865476,medium,9348,25,1350,intra_cell,150,rome:60:234-0-s260:p0,400,0.3110825845100556,,882
,300,,False,rome,100,0.0,medium,,25,1300,cell,100,rome:60:234-0-s260:p0,0,,no feasible adversarial claim under enabled constraints,882
7971,300,761,True,rome,100,100.0,medium,9348,25,1300,cell,100,rome:60:234-0-s260:p0,100,0.14730423620025673,,882
7440,300,744,True,rome,100,200.0,medium,9348,25,1300,cell,100,rome:60:234-0-s260:p0,200,0.20410783055198972,,882
7220,300,722,True,rome,100,400.0,medium,9348,25,1300,cell,100,rome:60:234-0-s260:p0,400,0.22764227642276422,,882
,300,,False,rome,100,70.71067811865476,medium,,25,1350,intra_cell,150,rome:60:234-0-s260:p0,0,,no feasible adversarial claim under enabled constraints,882
6971,300,661,True,rome,100,170.71067811865476,medium,9348,25,1350,intra_cell,150,rome:60:234-0-s260:p0,100,0.2542789901583226,,882
6440,300,644,True,rome,100,270.71067811865476,medium,9348,25,1350,intra_cell,150,rome:60:234-0-s260:p0,200,0.3110825845100556,,882
6440,300,644,True,rome,100,470.71067811865476,medium,9348,25,1350,intra_cell,150,rome:60:234-0-s260:p0,400,0.3110825845100556,,882
,60,,False,rome,100,0.0,fine,,25,1300,cell,100,rome:60:234-0-s260:p0,0,,no feasible adversarial claim under enabled constraints,882
171728,60,906,True,rome,100,100.0,fine,178054,25,1300,cell,100,rome:60:234-0-s260:p0,100,0.0355285475192919,,882
170488,60,783,True,rome,100,200.0,fine,178054,25,1300,cell,100,rome:60:234-0-s260:p0,200,0.042492726925539445,,882
169488,60,722,True,rome,100,400.0,fine,178054,25,1300,cell,100,rome:60:234-0-s260:p0,400,0.0481090006402552,,882
,60,,False,rome,100,70.71067811865476,fine,,25,1350,intra_cell,150,rome:60:234-0-s260:p0,0,,no feasible adversarial claim under enabled constraints,882
170488,60,700,True,rome,100,170.71067811865476,fine,178054,25,1350,intra_cell,150,rome:60:234-0-s260:p0,100,0.042492726925539445,,882
169488,60,644,True,rome,100,270.71067811865476,fine,178054,25,1350,intra_cell,150,rome:60:234-0-s260:p0,200,0.0481090006402552,,882
169488,60,661,True,rome,100,470.71067811865476,fine,178054,25,1350,intra_cell,150,rome:60:234-0-s260:p0,400,0.0481090006402552,,882
,120,,False,rome,100,0.0,fine,,25,1300,cell,100,rome:60:234-0-s260:p0,0,,no feasible adversarial claim under enabled constraints,882
7610,120,761,True,rome,100,100.0,fine,9876,25,1300,cell,100,rome:60:234-0-s260:p0,100,0.22944511948157148,,882
7440,120,744,True,rome,100,200.0,fine,9876,25,1300,cell,100,rome:60:234-0-s260:p0,200,0.24665856622114216,,882
7220,120,722,True,rome,100,400.0,fine,9876,25,1300,cell,100,rome:60:234-0-s260:p0,400,0.2689347914135277,,882
,120,,False,rome,100,70.71067811865476,fine,,25,1350,intra_cell,150,rome:60:234-0-s260:p0,0,,no feasible adversarial claim under enabled constraints,882
6610,120,661,True,rome,100,170.71067811865476,fine,9876,25,1350,intra_cell,150,rome:60:234-0-s260:p0,100,0.3307006885378696,,882
6440,120,644,True,rome,100,270.71067811865476,fine,9876,25,1350,intra_cell,150,rome:60:234-0-s260:p0,200,0.34791413527744025,,882
6440,120,644,True,rome,100,470.71067811865476,fine,9876,25,1350,intra_cell,150,rome:60:234-0-s260:p0,400,0.34791413527744025,,882
,300,,False,rome,100,0.0,fine,,25,1300,cell,100,rome:60:234-0-s260:p0,0,,no feasible adversarial claim under enabled constraints,882
7610,300,761,True,rome,100,100.0,fine,9876,25,1300,cell,100,rome:60:234-0-s260:p0,100,0.22944511948157148,,882
7440,300,744,True,rome,100,200.0,fine,9876,25,1300,cell,100,rome:60:234-0-s260:p0,200,0.24665856622114216,,882
7220,300,722,True,rome,100,400.0,fine,9876,25,1300,cell,100,rome:60:234-0-s260:p0,400,0.2689347914135277,,882
,300,,False,rome,100,70.71067811865476,fine,,25,1350,intra_cell,150,rome:60:234-0-s260:p0,0,,no feasible adversarial claim under enabled constraints,882
6610,300,661,True,rome,100,170.71067811865476,fine,9876,25,1350,intra_cell,150,rome:60:234-0-s260:p0,100,0.3307006885378696,,882
6440,300,644,True,rome,100,270.71067811865476,fine,9876,25,1350,intra_cell,150,rome:60:234-0-s260:p0,200,0.34791413527744025,,882
6440,300,644,True,rome,100,470.71067811865476,fine,9876,25,1350,intra_cell,150,rome:60:234-0-s260:p0,400,0.34791413527744025,,882
,60,,False,rome,100,0.0,coarse,,25,1300,cell,100,rome:60:24-0-s50:p0,0,,no feasible adversarial claim under enabled constraints,872
295332,60,865,True,rome,100,100.0,coarse,299532,25,1300,cell,100,rome:60:24-0-s50:p0,100,0.014021874123632868,,872
293844,60,800,True,rome,100,200.0,coarse,299532,25,1300,cell,100,rome:60:24-0-s50:p0,200,0.01898962381314851,,872
292644,60,761,True,rome,100,400.0,coarse,299532,25,1300,cell,100,rome:60:24-0-s50:p0,400,0.022995873562757903,,872
,60,,False,rome,100,70.71067811865476,coarse,,25,1350,intra_cell,150,rome:60:24-0-s50:p0,0,,no feasible adversarial claim under enabled constraints,872
295044,60,741,True,rome,100,170.71067811865476,coarse,299532,25,1350,intra_cell,150,rome:60:24-0-s50:p0,100,0.01498337406353912,,872
292644,60,683,True,rome,100,270.71067811865476,coarse,299532,25,1350,intra_cell,150,rome:60:24-0-s50:p0,200,0.022995873562757903,,872
292644,60,716,True,rome,100,470.71067811865476,coarse,299532,25,1350,intra_cell,150,rome:60:24-0-s50:p0,400,0.022995873562757903,,872
,120,,False,rome,100,0.0,coarse,,25,1300,cell,100,rome:60:24-0-s50:p0,0,,no feasible adversarial claim under enabled constraints,872
8332,120,761,True,rome,100,100.0,coarse,10302,25,1300,cell,100,rome:60:24-0-s50:p0,100,0.19122500485342653,,872
7942,120,722,True,rome,100,200.0,coarse,10302,25,1300,cell,100,rome:60:24-0-s50:p0,200,0.22908173170258203,,872
7220,120,722,True,rome,100,400.0,coarse,10302,25,1300,cell,100,rome:60:24-0-s50:p0,400,0.29916521063871093,,872
,120,,False,rome,100,70.71067811865476,coarse,,25,1350,intra_cell,150,rome:60:24-0-s50:p0,0,,no feasible adversarial claim under enabled constraints,872
7162,120,644,True,rome,100,170.71067811865476,coarse,10302,25,1350,intra_cell,150,rome:60:24-0-s50:p0,100,0.304795185400893,,872
7006,120,644,True,rome,100,270.71067811865476,coarse,10302,25,1350,intra_cell,150,rome:60:24-0-s50:p0,200,0.31993787614055524,,872
6440,120,644,True,rome,100,470.71067811865476,coarse,10302,25,1350,intra_cell,150,rome:60:24-0-s50:p0,400,0.37487866433702194,,872
,300,,False,rome,100,0.0,coarse,,25,1300,cell,100,rome:60:24-0-s50:p0,0,,no feasible adversarial claim under enabled constraints,872
8332,300,761,True,rome,100,100.0,coarse,10302,25,1300,cell,100,rome:60:24-0-s50:p0,100,0.19122500485342653,,872
7942,300,722,True,rome,100,200.0,coarse,10302,25,1300,cell,100,rome:60:24-0-s50:p0,200,0.22908173170258203,,872
7220,300,722,True,rome,100,400.0,coarse,10302,25,1300,cell,100,rome:60:24-0-s50:p0,400,0.29916521063871093,,872
,300,,False,rome,100,70.71067811865476,coarse,,25,1350,intra_cell,150,rome:60:24-0-s50:p0,0,,no feasible adversarial claim under enabled constraints,872
7162,300,644,True,rome,100,170.71067811865476,coarse,10302,25,1350,intra_cell,150,rome:60:24-0-s50:p0,100,0.304795185400893,,872
7006,300,644,True,rome,100,270.71067811865476,coarse,10302,25,1350,intra_cell,150,rome:60:24-0-s50:p0,200,0.31993787614055524,,872
6440,300,644,True,rome,100,470.71067811865476,coarse,10302,25,1350,intra_cell,150,rome:60:24-0-s50:p0,400,0.37487866433702194,,872
,60,,False,rome,100,0.0,medium,,25,1300,cell,100,rome:60:24-0-s50:p0,0,,no feasible adversarial claim under enabled constraints,872
295332,60,865,True,rome,100,100.0,medium,299322,25,1300,cell,100,rome:60:24-0-s50:p0,100,0.013330126084951991,,872
293744,60,800,True,rome,100,200.0,medium,299322,25,1300,cell,100,rome:60:24-0-s50:p0,200,0.018635449449088272,,872
292644,60,761,True,rome,100,400.0,medium,299322,25,1300,cell,100,rome:60:24-0-s50:p0,400,0.022310421552709122,,872
,60,,False,rome,100,70.71067811865476,medium,,25,1350,intra_cell,150,rome:60:24-0-s50:p0,0,,no feasible adversarial claim under enabled constraints,872
295044,60,741,True,rome,100,170.71067811865476,medium,299322,25,1350,intra_cell,150,rome:60:24-0-s50:p0,100,0.01429230059935454,,872
292644,60,683,True,rome,100,270.71067811865476,medium,299322,25,1350,intra_cell,150,rome:60:24-0-s50:p0,200,0.022310421552709122,,872
292644,60,716,True,rome,100,470.71067811865476,medium,299322,25,1350,intra_cell,150,rome:60:24-0-s50:p0,400,0.022310421552709122,,872
,120,,False,rome,100,0.0,medium,,25,1300,cell,100,rome:60:24-0-s50:p0,0,,no feasible adversarial claim under enabled constraints,872
8332,120,761,True,rome,100,100.0,medium,9875,25,1300,cell,100,rome:60:24-0-s50:p0,100,0.15625316455696203,,872
7723,120,744,True,rome,100,200.0,medium,9875,25,1300,cell,100,rome:60:24-0-s50:p0,200,0.2179240506329114,,872
7220,120,722,True,rome,100,400.0,medium,9875,25,1300,cell,100,rome:60:24-0-s50:p0,400,0.2688607594936709,,872
,120,,False,rome,100,70.71067811865476,medium,,25,1350,intra_cell,150,rome:60:24-0-s50:p0,0,,no feasible adversarial claim under enabled constraints,872
7162,120,644,True,rome,100,170.71067811865476,medium,9875,25,1350,intra_cell,150,rome:60:24-0-s50:p0,100,0.2747341772151899,,872
6723,120,644,True,rome,100,270.71067811865476,medium,9875,25,1350,intra_cell,150,rome:60:24-0-s50:p0,200,0.31918987341772154,,872
6440,120,644,True,rome,100,470.71067811865476,medium,9875,25,1350,intra_cell,150,rome:60:24-0-s50:p0,400,0.3478481012658228,,872
,300,,False,rome,100,0.0,medium,,25,1300,cell,100,rome:60:24-0-s50:p0,0,,no feasible adversarial claim under enabled constraints,872
8332,300,761,True,rome,100,100.0,medium,9875,25,1300,cell,100,rome:60:24-0-s50:p0,100,0.15625316455696203,,872
7723,300,744,True,rome,100,200.0,medium,9875,25,1300,cell,100,rome:60:24-0-s50:p0,200,0.2179240506329114,,872
7220,300,722,True,rome,100,400.0,medium,9875,25,1300,cell,100,rome:60:24-0-s50:p0,400,0.2688607594936709,,872
,300,,False,rome,100,70.71067811865476,medium,,25,1350,intra_cell,150,rome:60:24-0-s50:p0,0,,no feasible adversarial claim under enabled constraints,872
7162,300,644,True,rome,100,170.71067811865476,medium,9875,25,1350,intra_cell,150,rome:60:24-0-s50:p0,100,0.2747341772151899,,872
6723,300,644,True,rome,100,270.71067811865476,medium,9875,25,1350,intra_cell,150,rome:60:24-0-s50:p0,200,0.31918987341772154,,872
6440,300,644,True,rome,100,470.71067811865476,medium,9875,25,1350,intra_cell,150,rome:60:24-0-s50:p0,400,0.3478481012658228,,872
,60,,False,rome,100,0.0,fine,,25,1300,cell,100,rome:60:24-0-s50:p0,0,,no feasible adversarial claim under enabled constraints,872
295332,60,865,True,rome,100,100.0,fine,299112,25,1300,cell,100,rome:60:24-0-s50:p0,100,0.012637406723902752,,872
293844,60,800,True,rome,100,200.0,fine,299112,25,1300,cell,100,rome:60:24-0-s50:p0,200,0.017612131910454947,,872
292644,60,761,True,rome,100,400.0,fine,299112,25,1300,cell,100,rome:60:24-0-s50:p0,400,0.021624007060900265,,872
,60,,False,rome,100,70.71067811865476,fine,,25,1350,intra_cell,150,rome:60:24-0-s50:p0,0,,no feasible adversarial claim under enabled constraints,872
295044,60,741,True,rome,100,170.71067811865476,fine,299112,25,1350,intra_cell,150,rome:60:24-0-s50:p0,100,0.013600256760009628,,872
292644,60,683,True,rome,100,270.71067811865476,fine,299112,25,1350,intra_cell,150,rome:60:24-0-s50:p0,200,0.021624007060900265,,872
292644,60,716,True,rome,100,470.71067811865476,fine,299112,25,1350,intra_cell,150,rome:60:24-0-s50:p0,400,0.021624007060900265,,872
,120,,False,rome,100,0.0,fine,,25,1300,cell,100,rome:60:24-0-s50:p0,0,,no feasible adversarial claim under enabled constraints,872
8332,120,761,True,rome,100,100.0,fine,9448,25,1300,cell,100,rome:60:24-0-s50:p0,100,0.11812023708721422,,872
7640,120,744,True,rome,100,200.0,fine,9448,25,1300,cell,100,rome:60:24-0-s50:p0,200,0.1913632514817951,,872
7220,120,722,True,rome,100,400.0,fine,9448,25,1300,cell,100,rome:60:24-0-s50:p0,400,0.23581710414902624,,872
,120,,False,rome,100,70.71067811865476,fine,,25,1350,intra_cell,150,rome:60:24-0-s50:p0,0,,no feasible adversarial claim under enabled constraints,872
7162,120,644,True,rome,100,170.71067811865476,fine,9448,25,1350,intra_cell,150,rome:60:24-0-s50:p0,100,0.24195596951735818,,872
6710,120,671,True,rome,100,270.71067811865476,fine,9448,25,1350,intra_cell,150,rome:60:24-0-s50:p0,200,0.28979678238780693,,872
6440,120,644,True,rome,100,470.71067811865476,fine,9448,25,1350,intra_cell,150,rome:60:24-0-s50:p0,400,0.31837425910245554,,872
,300,,False,rome,100,0.0,fine,,25,1300,cell,100,rome:60:24-0-s50:p0,0,,no feasible adversarial claim under enabled constraints,872
8332,300,761,True,rome,100,100.0,fine,9448,25,1300,cell,100,rome:60:24-0-s50:p0,100,0.11812023708721422,,872
7640,300,744,True,rome,100,200.0,fine,9448,25,1300,cell,100,rome:60:24-0-s50:p0,200,0.1913632514817951,,872
7220,300,722,True,rome,100,400.0,fine,9448,25,1300,cell,100,rome:60:24-0-s50:p0,400,0.23581710414902624,,872
,300,,False,rome,100,70.71067811865476,fine,,25,1350,intra_cell,150,rome:60:24-0-s50:p0,0,,no feasible adversarial claim under enabled constraints,872
7162,300,644,True,rome,100,170.71067811865476,fine,9448,25,1350,intra_cell,150,rome:60:24-0-s50:p0,100,0.24195596951735818,,872
6710,300,671,True,rome,100,270.71067811865476,fine,9448,25,1350,intra_cell,150,rome:60:24-0-s50:p0,200,0.28979678238780693,,872
6440,300,644,True,rome,100,470.71067811865476,fine,9448,25,1350,intra_cell,150,rome:60:24-0-s50:p0,400,0.31837425910245554,,872
,60,,False,rome,100,0.0,coarse,,25,1300,cell,100,rome:60:243-0-s91:p0,0,,no feasible adversarial claim under enabled constraints,750
29488,60,661,True,rome,100,100.0,coarse,32520,25,1300,cell,100,rome:60:243-0-s91:p0,100,0.0932349323493235,,750
28156,60,683,True,rome,100,200.0,coarse,32520,25,1300,cell,100,rome:60:243-0-s91:p0,200,0.13419434194341942,,750
25156,60,683,True,rome,100,400.0,coarse,32520,25,1300,cell,100,rome:60:243-0-s91:p0,400,0.22644526445264454,,750
,60,,False,rome,100,70.71067811865476,coarse,,25,1350,intra_cell,150,rome:60:243-0-s91:p0,0,,no feasible adversarial claim under enabled constraints,750
28356,60,600,True,rome,100,170.71067811865476,coarse,32520,25,1350,intra_cell,150,rome:60:243-0-s91:p0,100,0.12804428044280441,,750
26156,60,561,True,rome,100,270.71067811865476,coarse,32520,25,1350,intra_cell,150,rome:60:243-0-s91:p0,200,0.19569495694956948,,750
24156,60,566,True,rome,100,470.71067811865476,coarse,32520,25,1350,intra_cell,150,rome:60:243-0-s91:p0,400,0.25719557195571957,,750
,120,,False,rome,100,0.0,coarse,,25,1300,cell,100,rome:60:243-0-s91:p0,0,,no feasible adversarial claim under enabled constraints,750
7332,120,661,True,rome,100,100.0,coarse,8364,25,1300,cell,100,rome:60:243-0-s91:p0,100,0.12338593974175036,,750
6610,120,661,True,rome,100,200.0,coarse,8364,25,1300,cell,100,rome:60:243-0-s91:p0,200,0.20970827355332378,,750
6440,120,644,True,rome,100,400.0,coarse,8364,25,1300,cell,100,rome:60:243-0-s91:p0,400,0.2300334768053563,,750
,120,,False,rome,100,70.71067811865476,coarse,,25,1350,intra_cell,150,rome:60:243-0-s91:p0,0,,no feasible adversarial claim under enabled constraints,750
5810,120,561,True,rome,100,170.71067811865476,coarse,8364,25,1350,intra_cell,150,rome:60:243-0-s91:p0,100,0.3053562888570062,,750
5610,120,561,True,rome,100,270.71067811865476,coarse,8364,25,1350,intra_cell,150,rome:60:243-0-s91:p0,200,0.32926829268292684,,750
5610,120,561,True,rome,100,470.71067811865476,coarse,8364,25,1350,intra_cell,150,rome:60:243-0-s91:p0,400,0.32926829268292684,,750
,300,,False,rome,100,0.0,coarse,,25,1300,cell,100,rome:60:243-0-s91:p0,0,,no feasible adversarial claim under enabled constraints,750
7332,300,661,True,rome,100,100.0,coarse,8364,25,1300,cell,100,rome:60:243-0-s91:p0,100,0.12338593974175036,,750
6610,300,661,True,rome,100,200.0,coarse,8364,25,1300,cell,100,rome:60:243-0-s91:p0,200,0.20970827355332378,,750
6440,300,644,True,rome,100,400.0,coarse,8364,25,1300,cell,100,rome:60:243-0-s91:p0,400,0.2300334768053563,,750
,300,,False,rome,100,70.71067811865476,coarse,,25,1350,intra_cell,150,rome:60:243-0-s91:p0,0,,no feasible adversarial claim under enabled constraints,750
5810,300,561,True,rome,100,170.71067811865476,coarse,8364,25,1350,intra_cell,150,rome:60:243-0-s91:p0,100,0.3053562888570062,,750
5610,300,561,True,rome,100,270.71067811865476,coarse,8364,25,1350,intra_cell,150,rome:60:243-0-s91:p0,200,0.32926829268292684,,750
5610,300,561,True,rome,100,470.71067811865476,coarse,8364,25,1350,intra_cell,150,rome:60:243-0-s91:p0,400,0.32926829268292684,,750
,60,,False,rome,100,0.0,medium,,25,1300,cell,100,rome:60:243-0-s91:p0,0,,no feasible adversarial claim under enabled constraints,750
29156,60,700,True,rome,100,100.0,medium,32272,25,1300,cell,100,rome:60:243-0-s91:p0,100,0.09655428854734754,,750
28156,60,716,True,rome,100,200.0,medium,32272,25,1300,cell,100,rome:60:243-0-s91:p0,200,0.12754090233019336,,750
25156,60,666,True,rome,100,400.0,medium,32272,25,1300,cell,100,rome:60:243-0-s91:p0,400,0.2205007436787308,,750
,60,,False,rome,100,70.71067811865476,medium,,25,1350,intra_cell,150,rome:60:243-0-s91:p0,0,,no feasible adversarial claim under enabled constraints,750
28156,60,600,True,rome,100,170.71067811865476,medium,32272,25,1350,intra_cell,150,rome:60:243-0-s91:p0,100,0.12754090233019336,,750
26156,60,561,True,rome,100,270.71067811865476,medium,32272,25,1350,intra_cell,150,rome:60:243-0-s91:p0,200,0.18951412989588498,,750
24156,60,566,True,rome,100,470.71067811865476,medium,32272,25,1350,intra_cell,150,rome:60:243-0-s91:p0,400,0.2514873574615766,,750
,120,,False,rome,100,0.0,medium,,25,1300,cell,100,rome:60:243-0-s91:p0,0,,no feasible adversarial claim under enabled constraints,750
6990,120,699,True,rome,100,100.0,medium,8116,25,1300,cell,100,rome:60:243-0-s91:p0,100,0.13873829472646623,,750
6440,120,644,True,rome,100,200.0,medium,8116,25,1300,cell,100,rome:60:243-0-s91:p0,200,0.20650566781665844,,750
6440,120,644,True,rome,100,400.0,medium,8116,25,1300,cell,100,rome:60:243-0-s91:p0,400,0.20650566781665844,,750
,120,,False,rome,100,70.71067811865476,medium,,25,1350,intra_cell,150,rome:60:243-0-s91:p0,0,,no feasible adversarial claim under enabled constraints,750
5810,120,561,True,rome,100,170.71067811865476,medium,8116,25,1350,intra_cell,150,rome:60:243-0-s91:p0,100,0.28413011335633315,,750
5610,120,561,True,rome,100,270.71067811865476,medium,8116,25,1350,intra_cell,150,rome:60:243-0-s91:p0,200,0.3087727944800394,,750
5610,120,561,True,rome,100,470.71067811865476,medium,8116,25,1350,intra_cell,150,rome:60:243-0-s91:p0,400,0.3087727944800394,,750
,300,,False,rome,100,0.0,medium,,25,1300,cell,100,rome:60:243-0-s91:p0,0,,no feasible adversarial claim under enabled constraints,750
6990,300,699,True,rome,100,100.0,medium,8116,25,1300,cell,100,rome:60:243-0-s91:p0,100,0.13873829472646623,,750
6440,300,644,True,rome,100,200.0,medium,8116,25,1300,cell,100,rome:60:243-0-s91:p0,200,0.20650566781665844,,750
6440,300,644,True,rome,100,400.0,medium,8116,25,1300,cell,100,rome:60:243-0-s91:p0,400,0.20650566781665844,,750
,300,,False,rome,100,70.71067811865476,medium,,25,1350,intra_cell,150,rome:60:243-0-s91:p0,0,,no feasible adversarial claim under enabled constraints,750
5810,300,561,True,rome,100,170.71067811865476,medium,8116,25,1350,intra_cell,150,rome:60:243-0-s91:p0,100,0.28413011335633315,,750
5610,300,561,True,rome,100,270.71067811865476,medium,8116,25,1350,intra_cell,150,rome:60:243-0-s91:p0,200,0.3087727944800394,,750
5610,300,561,True,rome,100,470.71067811865476,medium,8116,25,1350,intra_cell,150,rome:60:243-0-s91:p0,400,0.3087727944800394,,750
,60,,False,rome,100,0.0,fine,,25,1300,cell,100,rome:60:243-0-s91:p0,0,,no feasible adversarial claim under enabled constraints,750
28986,60,683,True,rome,100,100.0,fine,32272,25,1300,cell,100,rome:60:243-0-s91:p0,100,0.10182201289043133,,750
27986,60,666,True,rome,100,200.0,fine,32272,25,1300,cell,100,rome:60:243-0-s91:p0,200,0.13280862667327714,,750
25156,60,666,True,rome,100,400.0,fine,32272,25,1300,cell,100,rome:60:243-0-s91:p0,400,0.2205007436787308,,750
,60,,False,rome,100,70.71067811865476,fine,,25,1350,intra_cell,150,rome:60:243-0-s91:p0,0,,no feasible adversarial claim under enabled constraints,750
27986,60,607,True,rome,100,170.71067811865476,fine,32272,25,1350,intra_cell,150,rome:60:243-0-s91:p0,100,0.13280862667327714,,750
26156,60,561,True,rome,100,270.71067811865476,fine,32272,25,1350,intra_cell,150,rome:60:243-0-s91:p0,200,0.18951412989588498,,750
24156,60,566,True,rome,100,470.71067811865476,fine,32272,25,1350,intra_cell,150,rome:60:243-0-s91:p0,400,0.2514873574615766,,750
,120,,False,rome,100,0.0,fine,,25,1300,cell,100,rome:60:243-0-s91:p0,0,,no feasible adversarial claim under enabled constraints,750
6830,120,683,True,rome,100,100.0,fine,8116,25,1300,cell,100,rome:60:243-0-s91:p0,100,0.15845243962543124,,750
6440,120,644,True,rome,100,200.0,fine,8116,25,1300,cell,100,rome:60:243-0-s91:p0,200,0.20650566781665844,,750
6440,120,644,True,rome,100,400.0,fine,8116,25,1300,cell,100,rome:60:243-0-s91:p0,400,0.20650566781665844,,750
,120,,False,rome,100,70.71067811865476,fine,,25,1350,intra_cell,150,rome:60:243-0-s91:p0,0,,no feasible adversarial claim under enabled constraints,750
5610,120,561,True,rome,100,170.71067811865476,fine,8116,25,1350,intra_cell,150,rome:60:243-0-s91:p0,100,0.3087727944800394,,750
5610,120,561,True,rome,100,270.71067811865476,fine,8116,25,1350,intra_cell,150,rome:60:243-0-s91:p0,200,0.3087727944800394,,750
5610,120,561,True,rome,100,470.71067811865476,fine,8116,25,1350,intra_cell,150,rome:60:243-0-s91:p0,400,0.3087727944800394,,750
,300,,False,rome,100,0.0,fine,,25,1300,cell,100,rome:60:243-0-s91:p0,0,,no feasible adversarial claim under enabled constraints,750
6830,300,683,True,rome,100,100.0,fine,8116,25,1300,cell,100,rome:60:243-0-s91:p0,100,0.15845243962543124,,750
6440,300,644,True,rome,100,200.0,fine,8116,25,1300,cell,100,rome:60:243-0-s91:p0,200,0.20650566781665844,,750
6440,300,644,True,rome,100,400.0,fine,8116,25,1300,cell,100,rome:60:243-0-s91:p0,400,0.20650566781665844,,750
,300,,False,rome,100,70.71067811865476,fine,,25,1350,intra_cell,150,rome:60:243-0-s91:p0,0,,no feasible adversarial claim under enabled constraints,750
5610,300,561,True,rome,100,170.71067811865476,fine,8116,25,1350,intra_cell,150,rome:60:243-0-s91:p0,100,0.3087727944800394,,750
5610,300,561,True,rome,100,270.71067811865476,fine,8116,25,1350,intra_cell,150,rome:60:243-0-s91:p0,200,0.3087727944800394,,750
5610,300,561,True,rome,100,470.71067811865476,fine,8116,25,1350,intra_cell,150,rome:60:243-0-s91:p0,400,0.3087727944800394,,750
,60,,False,rome,100,0.0,coarse,,25,1300,cell,100,rome:60:243-0-s94:p0,0,,no feasible adversarial claim under enabled constraints,780
77376,60,905,True,rome,100,100.0,coarse,81350,25,1300,cell,100,rome:60:243-0-s94:p0,100,0.048850645359557465,,780
75966,60,823,True,rome,100,200.0,coarse,81350,25,1300,cell,100,rome:60:243-0-s94:p0,200,0.06618315918869085,,780
72864,60,677,True,rome,100,400.0,coarse,81350,25,1300,cell,100,rome:60:243-0-s94:p0,400,0.10431468961278427,,780
,60,,False,rome,100,70.71067811865476,coarse,,25,1350,intra_cell,150,rome:60:243-0-s94:p0,0,,no feasible adversarial claim under enabled constraints,780
76304,60,665,True,rome,100,170.71067811865476,coarse,81350,25,1350,intra_cell,150,rome:60:243-0-s94:p0,100,0.06202827289489859,,780
74274,60,665,True,rome,100,270.71067811865476,coarse,81350,25,1350,intra_cell,150,rome:60:243-0-s94:p0,200,0.08698217578365089,,780
72864,60,647,True,rome,100,470.71067811865476,coarse,81350,25,1350,intra_cell,150,rome:60:243-0-s94:p0,400,0.10431468961278427,,780
,120,,False,rome,100,0.0,coarse,,25,1300,cell,100,rome:60:243-0-s94:p0,0,,no feasible adversarial claim under enabled constraints,780
7226,120,666,True,rome,100,100.0,coarse,8756,25,1300,cell,100,rome:60:243-0-s94:p0,100,0.174737322978529,,780
6810,120,661,True,rome,100,200.0,coarse,8756,25,1300,cell,100,rome:60:243-0-s94:p0,200,0.22224760164458657,,780
6440,120,644,True,rome,100,400.0,coarse,8756,25,1300,cell,100,rome:60:243-0-s94:p0,400,0.2645043398812243,,780
,120,,False,rome,100,70.71067811865476,coarse,,25,1350,intra_cell,150,rome:60:243-0-s94:p0,0,,no feasible adversarial claim under enabled constraints,780
5810,120,561,True,rome,100,170.71067811865476,coarse,8756,25,1350,intra_cell,150,rome:60:243-0-s94:p0,100,0.336455002284148,,780
5610,120,561,True,rome,100,270.71067811865476,coarse,8756,25,1350,intra_cell,150,rome:60:243-0-s94:p0,200,0.3592964824120603,,780
5610,120,561,True,rome,100,470.71067811865476,coarse,8756,25,1350,intra_cell,150,rome:60:243-0-s94:p0,400,0.3592964824120603,,780
,300,,False,rome,100,0.0,coarse,,25,1300,cell,100,rome:60:243-0-s94:p0,0,,no feasible adversarial claim under enabled constraints,780
7226,300,666,True,rome,100,100.0,coarse,8756,25,1300,cell,100,rome:60:243-0-s94:p0,100,0.174737322978529,,780
6810,300,661,True,rome,100,200.0,coarse,8756,25,1300,cell,100,rome:60:243-0-s94:p0,200,0.22224760164458657,,780
6440,300,644,True,rome,100,400.0,coarse,8756,25,1300,cell,100,rome:60:243-0-s94:p0,400,0.2645043398812243,,780
,300,,False,rome,100,70.71067811865476,coarse,,25,1350,intra_cell,150,rome:60:243-0-s94:p0,0,,no feasible adversarial claim under enabled constraints,780
5810,300,561,True,rome,100,170.71067811865476,coarse,8756,25,1350,intra_cell,150,rome:60:243-0-s94:p0,100,0.336455002284148,,780
5610,300,561,True,rome,100,270.71067811865476,coarse,8756,25,1350,intra_cell,150,rome:60:243-0-s94:p0,200,0.3592964824120603,,780
5610,300,561,True,rome,100,470.71067811865476,coarse,8756,25,1350,intra_cell,150,rome:60:243-0-s94:p0,400,0.3592964824120603,,780
,60,,False,rome,100,0.0,medium,,25,1300,cell,100,rome:60:243-0-s94:p0,0,,no feasible adversarial claim under enabled constraints,780
77376,60,905,True,rome,100,100.0,medium,81350,25,1300,cell,100,rome:60:243-0-s94:p0,100,0.048850645359557465,,780
75966,60,823,True,rome,100,200.0,medium,81350,25,1300,cell,100,rome:60:243-0-s94:p0,200,0.06618315918869085,,780
72864,60,677,True,rome,100,400.0,medium,81350,25,1300,cell,100,rome:60:243-0-s94:p0,400,0.10431468961278427,,780
,60,,False,rome,100,70.71067811865476,medium,,25,1350,intra_cell,150,rome:60:243-0-s94:p0,0,,no feasible adversarial claim under enabled constraints,780
76304,60,665,True,rome,100,170.71067811865476,medium,81350,25,1350,intra_cell,150,rome:60:243-0-s94:p0,100,0.06202827289489859,,780
74274,60,665,True,rome,100,270.71067811865476,medium,81350,25,1350,intra_cell,150,rome:60:243-0-s94:p0,200,0.08698217578365089,,780
72864,60,647,True,rome,100,470.71067811865476,medium,81350,25,1350,intra_cell,150,rome:60:243-0-s94:p0,400,0.10431468961278427,,780
,120,,False,rome,100,0.0,medium,,25,1300,cell,100,rome:60:243-0-s94:p0,0,,no feasible adversarial claim under enabled constraints,780
7226,120,666,True,rome,100,100.0,medium,8756,25,1300,cell,100,rome:60:243-0-s94:p0,100,0.174737322978529,,780
6810,120,661,True,rome,100,200.0,medium,8756,25,1300,cell,100,rome:60:243-0-s94:p0,200,0.22224760164458657,,780
6440,120,644,True,rome,100,400.0,medium,8756,25,1300,cell,100,rome:60:243-0-s94:p0,400,0.2645043398812243,,780
,120,,False,rome,100,70.71067811865476,medium,,25,1350,intra_cell,150,rome:60:243-0-s94:p0,0,,no feasible adversarial claim under enabled constraints,780
5810,120,561,True,rome,100,170.71067811865476,medium,8756,25,1350,intra_cell,150,rome:60:243-0-s94:p0,100,0.336455002284148,,780
5610,120,561,True,rome,100,270.71067811865476,medium,8756,25,1350,intra_cell,150,rome:60:243-0-s94:p0,200,0.3592964824120603,,780
5610,120,561,True,rome,100,470.71067811865476,medium,8756,25,1350,intra_cell,150,rome:60:243-0-s94:p0,400,0.3592964824120603,,780
,300,,False,rome,100,0.0,medium,,25,1300,cell,100,rome:60:243-0-s94:p0,0,,no feasible adversarial claim under enabled constraints,780
7226,300,666,True,rome,100,100.0,medium,8756,25,1300,cell,100,rome:60:243-0-s94:p0,100,0.174737322978529,,780
6810,300,661,True,rome,100,200.0,medium,8756,25,1300,cell,100,rome:60:243-0-s94:p0,200,0.22224760164458657,,780
6440,300,644,True,rome,100,400.0,medium,8756,25,1300,cell,100,rome:60:243-0-s94:p0,400,0.2645043398812243,,780
,300,,False,rome,100,70.71067811865476,medium,,25,1350,intra_cell,150,rome:60:243-0-s94:p0,0,,no feasible adversarial claim under enabled constraints,780
5810,300,561,True,rome,100,170.71067811865476,medium,8756,25,1350,intra_cell,150,rome:60:243-0-s94:p0,100,0.336455002284148,,780
5610,300,561,True,rome,100,270.71067811865476,medium,8756,25,1350,intra_cell,150,rome:60:243-0-s94:p0,200,0.3592964824120603,,780
5610,300,561,True,rome,100,470.71067811865476,medium,8756,25,1350,intra_cell,150,rome:60:243-0-s94:p0,400,0.3592964824120603,,780
,60,,False,rome,100,0.0,fine,,25,1300,cell,100,rome:60:243-0-s94:p0,0,,no feasible adversarial claim under enabled constraints,780
77376,60,905,True,rome,100,100.0,fine,81350,25,1300,cell,100,rome:60:243-0-s94:p0,100,0.048850645359557465,,780
75966,60,823,True,rome,100,200.0,fine,81350,25,1300,cell,100,rome:60:243-0-s94:p0,200,0.06618315918869085,,780
72864,60,677,True,rome,100,400.0,fine,81350,25,1300,cell,100,rome:60:243-0-s94:p0,400,0.10431468961278427,,780
,60,,False,rome,100,70.71067811865476,fine,,25,1350,intra_cell,150,rome:60:243-0-s94:p0,0,,no feasible adversarial claim under enabled constraints,780
76304,60,665,True,rome,100,170.71067811865476,fine,81350,25,1350,intra_cell,150,rome:60:243-0-s94:p0,100,0.06202827289489859,,780
74274,60,665,True,rome,100,270.71067811865476,fine,81350,25,1350,intra_cell,150,rome:60:243-0-s94:p0,200,0.08698217578365089,,780
72864,60,647,True,rome,100,470.71067811865476,fine,81350,25,1350,intra_cell,150,rome:60:243-0-s94:p0,400,0.10431468961278427,,780
,120,,False,rome,100,0.0,fine,,25,1300,cell,100,rome:60:243-0-s94:p0,0,,no feasible adversarial claim under enabled constraints,780
7226,120,666,True,rome,100,100.0,fine,8756,25,1300,cell,100,rome:60:243-0-s94:p0,100,0.174737322978529,,780
6810,120,661,True,rome,100,200.0,fine,8756,25,1300,cell,100,rome:60:243-0-s94:p0,200,0.22224760164458657,,780
6440,120,644,True,rome,100,400.0,fine,8756,25,1300,cell,100,rome:60:243-0-s94:p0,400,0.2645043398812243,,780
,120,,False,rome,100,70.71067811865476,fine,,25,1350,intra_cell,150,rome:60:243-0-s94:p0,0,,no feasible adversarial claim under enabled constraints,780
5810,120,561,True,rome,100,170.71067811865476,fine,8756,25,1350,intra_cell,150,rome:60:243-0-s94:p0,100,0.336455002284148,,780
5610,120,561,True,rome,100,270.71067811865476,fine,8756,25,1350,intra_cell,150,rome:60:243-0-s94:p0,200,0.3592964824120603,,780
5610,120,561,True,rome,100,470.71067811865476,fine,8756,25,1350,intra_cell,150,rome:60:243-0-s94:p0,400,0.3592964824120603,,780
,300,,False,rome,100,0.0,fine,,25,1300,cell,100,rome:60:243-0-s94:p0,0,,no feasible adversarial claim under enabled constraints,780
7226,300,666,True,rome,100,100.0,fine,8756,25,1300,cell,100,rome:60:243-0-s94:p0,100,0.174737322978529,,780
6810,300,661,True,rome,100,200.0,fine,8756,25,1300,cell,100,rome:60:243-0-s94:p0,200,0.22224760164458657,,780
6440,300,644,True,rome,100,400.0,fine,8756,25,1300,cell,100,rome:60:243-0-s94:p0,400,0.2645043398812243,,780
,300,,False,rome,100,70.71067811865476,fine,,25,1350,intra_cell,150,rome:60:243-0-s94:p0,0,,no feasible adversarial claim under enabled constraints,780
5810,300,561,True,rome,100,170.71067811865476,fine,8756,25,1350,intra_cell,150,rome:60:243-0-s94:p0,100,0.336455002284148,,780
5610,300,561,True,rome,100,270.71067811865476,fine,8756,25,1350,intra_cell,150,rome:60:243-0-s94:p0,200,0.3592964824120603,,780
5610,300,561,True,rome,100,470.71067811865476,fine,8756,25,1350,intra_cell,150,rome:60:243-0-s94:p0,400,0.3592964824120603,,780
,60,,False,rome,100,0.0,coarse,,25,1300,cell,100,rome:60:249-0-s139:p0,0,,no feasible adversarial claim under enabled constraints,2591
137074,60,2557,True,rome,100,100.0,coarse,146550,25,1300,cell,100,rome:60:249-0-s139:p0,100,0.06466052541794609,,2591
129744,60,2490,True,rome,100,200.0,coarse,146550,25,1300,cell,100,rome:60:249-0-s139:p0,200,0.11467758444216991,,2591
123180,60,2496,True,rome,100,400.0,coarse,146550,25,1300,cell,100,rome:60:249-0-s139:p0,400,0.15946775844421698,,2591
,60,,False,rome,100,70.71067811865476,coarse,,25,1350,intra_cell,150,rome:60:249-0-s139:p0,0,,no feasible adversarial claim under enabled constraints,2591
131256,60,2385,True,rome,100,170.71067811865476,coarse,146550,25,1350,intra_cell,150,rome:60:249-0-s139:p0,100,0.10436028659160695,,2591
126900,60,2356,True,rome,100,270.71067811865476,coarse,146550,25,1350,intra_cell,150,rome:60:249-0-s139:p0,200,0.13408393039918118,,2591
121980,60,2367,True,rome,100,470.71067811865476,coarse,146550,25,1350,intra_cell,150,rome:60:249-0-s139:p0,400,0.1676560900716479,,2591
,120,,False,rome,100,0.0,coarse,,25,1300,cell,100,rome:60:249-0-s139:p0,0,,no feasible adversarial claim under enabled constraints,2591
26602,120,2327,True,rome,100,100.0,coarse,29622,25,1300,cell,100,rome:60:249-0-s139:p0,100,0.10195125244750523,,2591
24940,120,2293,True,rome,100,200.0,coarse,29622,25,1300,cell,100,rome:60:249-0-s139:p0,200,0.15805819998649653,,2591
23382,120,2266,True,rome,100,400.0,coarse,29622,25,1300,cell,100,rome:60:249-0-s139:p0,400,0.21065424346769293,,2591
,120,,False,rome,100,70.71067811865476,coarse,,25,1350,intra_cell,150,rome:60:249-0-s139:p0,0,,no feasible adversarial claim under enabled constraints,2591
24938,120,2205,True,rome,100,170.71067811865476,coarse,29622,25,1350,intra_cell,150,rome:60:249-0-s139:p0,100,0.15812571737222333,,2591
23544,120,2210,True,rome,100,270.71067811865476,coarse,29622,25,1350,intra_cell,150,rome:60:249-0-s139:p0,200,0.20518533522382013,,2591
22382,120,2166,True,rome,100,470.71067811865476,coarse,29622,25,1350,intra_cell,150,rome:60:249-0-s139:p0,400,0.24441293633110525,,2591
,300,,False,rome,100,0.0,coarse,,25,1300,cell,100,rome:60:249-0-s139:p0,0,,no feasible adversarial claim under enabled constraints,2591
26602,300,2327,True,rome,100,100.0,coarse,29622,25,1300,cell,100,rome:60:249-0-s139:p0,100,0.10195125244750523,,2591
24940,300,2293,True,rome,100,200.0,coarse,29622,25,1300,cell,100,rome:60:249-0-s139:p0,200,0.15805819998649653,,2591
23382,300,2266,True,rome,100,400.0,coarse,29622,25,1300,cell,100,rome:60:249-0-s139:p0,400,0.21065424346769293,,2591
,300,,False,rome,100,70.71067811865476,coarse,,25,1350,intra_cell,150,rome:60:249-0-s139:p0,0,,no feasible adversarial claim under enabled constraints,2591
24938,300,2205,True,rome,100,170.71067811865476,coarse,29622,25,1350,intra_cell,150,rome:60:249-0-s139:p0,100,0.15812571737222333,,2591
23544,300,2210,True,rome,100,270.71067811865476,coarse,29622,25,1350,intra_cell,150,rome:60:249-0-s139:p0,200,0.20518533522382013,,2591
22382,300,2166,True,rome,100,470.71067811865476,coarse,29622,25,1350,intra_cell,150,rome:60:249-0-s139:p0,400,0.24441293633110525,,2591
,60,,False,rome,100,0.0,medium,,25,1300,cell,100,rome:60:249-0-s139:p0,0,,no feasible adversarial claim under enabled constraints,2591
136874,60,2557,True,rome,100,100.0,medium,145817,25,1300,cell,100,rome:60:249-0-s139:p0,100,0.061330297564755824,,2591
129444,60,2490,True,rome,100,200.0,medium,145817,25,1300,cell,100,rome:60:249-0-s139:p0,200,0.11228457587249772,,2591
123180,60,2496,True,rome,100,400.0,medium,145817,25,1300,cell,100,rome:60:249-0-s139:p0,400,0.15524253002050514,,2591
,60,,False,rome,100,70.71067811865476,medium,,25,1350,intra_cell,150,rome:60:249-0-s139:p0,0,,no feasible adversarial claim under enabled constraints,2591
130792,60,2389,True,rome,100,170.71067811865476,medium,145817,25,1350,intra_cell,150,rome:60:249-0-s139:p0,100,0.1030401119211066,,2591
126390,60,2356,True,rome,100,270.71067811865476,medium,145817,25,1350,intra_cell,150,rome:60:249-0-s139:p0,200,0.1332286358929343,,2591
121980,60,2367,True,rome,100,470.71067811865476,medium,145817,25,1350,intra_cell,150,rome:60:249-0-s139:p0,400,0.16347202315230736,,2591
,120,,False,rome,100,0.0,medium,,25,1300,cell,100,rome:60:249-0-s139:p0,0,,no feasible adversarial claim under enabled constraints,2591
25615,120,2310,True,rome,100,100.0,medium,28889,25,1300,cell,100,rome:60:249-0-s139:p0,100,0.11333033334487175,,2591
24431,120,2327,True,rome,100,200.0,medium,28889,25,1300,cell,100,rome:60:249-0-s139:p0,200,0.1543147910969573,,2591
23060,120,2306,True,rome,100,400.0,medium,28889,25,1300,cell,100,rome:60:249-0-s139:p0,400,0.20177230087576586,,2591
,120,,False,rome,100,70.71067811865476,medium,,25,1350,intra_cell,150,rome:60:249-0-s139:p0,0,,no feasible adversarial claim under enabled constraints,2591
23794,120,2205,True,rome,100,170.71067811865476,medium,28889,25,1350,intra_cell,150,rome:60:249-0-s139:p0,100,0.1763647062895912,,2591
23042,120,2232,True,rome,100,270.71067811865476,medium,28889,25,1350,intra_cell,150,rome:60:249-0-s139:p0,200,0.2023953754024023,,2591
22060,120,2206,True,rome,100,470.71067811865476,medium,28889,25,1350,intra_cell,150,rome:60:249-0-s139:p0,400,0.23638755235556785,,2591
,300,,False,rome,100,0.0,medium,,25,1300,cell,100,rome:60:249-0-s139:p0,0,,no feasible adversarial claim under enabled constraints,2591
25615,300,2310,True,rome,100,100.0,medium,28889,25,1300,cell,100,rome:60:249-0-s139:p0,100,0.11333033334487175,,2591
24431,300,2327,True,rome,100,200.0,medium,28889,25,1300,cell,100,rome:60:249-0-s139:p0,200,0.1543147910969573,,2591
23060,300,2306,True,rome,100,400.0,medium,28889,25,1300,cell,100,rome:60:249-0-s139:p0,400,0.20177230087576586,,2591
,300,,False,rome,100,70.71067811865476,medium,,25,1350,intra_cell,150,rome:60:249-0-s139:p0,0,,no feasible adversarial claim under enabled constraints,2591
23794,300,2205,True,rome,100,170.71067811865476,medium,28889,25,1350,intra_cell,150,rome:60:249-0-s139:p0,100,0.1763647062895912,,2591
23042,300,2232,True,rome,100,270.71067811865476,medium,28889,25,1350,intra_cell,150,rome:60:249-0-s139:p0,200,0.2023953754024023,,2591
22060,300,2206,True,rome,100,470.71067811865476,medium,28889,25,1350,intra_cell,150,rome:60:249-0-s139:p0,400,0.23638755235556785,,2591
,60,,False,rome,100,0.0,fine,,25,1300,cell,100,rome:60:249-0-s139:p0,0,,no feasible adversarial claim under enabled constraints,2591
136412,60,2646,True,rome,100,100.0,fine,145964,25,1300,cell,100,rome:60:249-0-s139:p0,100,0.06544079362034474,,2591
128942,60,2607,True,rome,100,200.0,fine,145964,25,1300,cell,100,rome:60:249-0-s139:p0,200,0.11661779616891836,,2591
123180,60,2496,True,rome,100,400.0,fine,145964,25,1300,cell,100,rome:60:249-0-s139:p0,400,0.15609328327532818,,2591
,60,,False,rome,100,70.71067811865476,fine,,25,1350,intra_cell,150,rome:60:249-0-s139:p0,0,,no feasible adversarial claim under enabled constraints,2591
130280,60,2389,True,rome,100,170.71067811865476,fine,145964,25,1350,intra_cell,150,rome:60:249-0-s139:p0,100,0.10745115233893289,,2591
126170,60,2427,True,rome,100,270.71067811865476,fine,145964,25,1350,intra_cell,150,rome:60:249-0-s139:p0,200,0.13560878024718423,,2591
121980,60,2367,True,rome,100,470.71067811865476,fine,145964,25,1350,intra_cell,150,rome:60:249-0-s139:p0,400,0.1643144885040147,,2591
,120,,False,rome,100,0.0,fine,,25,1300,cell,100,rome:60:249-0-s139:p0,0,,no feasible adversarial claim under enabled constraints,2591
25680,120,2327,True,rome,100,100.0,fine,29036,25,1300,cell,100,rome:60:249-0-s139:p0,100,0.11558065849290536,,2591
24172,120,2305,True,rome,100,200.0,fine,29036,25,1300,cell,100,rome:60:249-0-s139:p0,200,0.1675161868025899,,2591
23060,120,2306,True,rome,100,400.0,fine,29036,25,1300,cell,100,rome:60:249-0-s139:p0,400,0.20581347293015567,,2591
,120,,False,rome,100,70.71067811865476,fine,,25,1350,intra_cell,150,rome:60:249-0-s139:p0,0,,no feasible adversarial claim under enabled constraints,2591
24056,120,2249,True,rome,100,170.71067811865476,fine,29036,25,1350,intra_cell,150,rome:60:249-0-s139:p0,100,0.1715112274417964,,2591
22500,120,2210,True,rome,100,270.71067811865476,fine,29036,25,1350,intra_cell,150,rome:60:249-0-s139:p0,200,0.22509987601598017,,2591
22060,120,2206,True,rome,100,470.71067811865476,fine,29036,25,1350,intra_cell,150,rome:60:249-0-s139:p0,400,0.24025347844055656,,2591
,300,,False,rome,100,0.0,fine,,25,1300,cell,100,rome:60:249-0-s139:p0,0,,no feasible adversarial claim under enabled constraints,2591
25680,300,2327,True,rome,100,100.0,fine,29036,25,1300,cell,100,rome:60:249-0-s139:p0,100,0.11558065849290536,,2591
24172,300,2305,True,rome,100,200.0,fine,29036,25,1300,cell,100,rome:60:249-0-s139:p0,200,0.1675161868025899,,2591
23060,300,2306,True,rome,100,400.0,fine,29036,25,1300,cell,100,rome:60:249-0-s139:p0,400,0.20581347293015567,,2591
,300,,False,rome,100,70.71067811865476,fine,,25,1350,intra_cell,150,rome:60:249-0-s139:p0,0,,no feasible adversarial claim under enabled constraints,2591
24056,300,2249,True,rome,100,170.71067811865476,fine,29036,25,1350,intra_cell,150,rome:60:249-0-s139:p0,100,0.1715112274417964,,2591
22500,300,2210,True,rome,100,270.71067811865476,fine,29036,25,1350,intra_cell,150,rome:60:249-0-s139:p0,200,0.22509987601598017,,2591
22060,300,2206,True,rome,100,470.71067811865476,fine,29036,25,1350,intra_cell,150,rome:60:249-0-s139:p0,400,0.24025347844055656,,2591
200534,60,765,True,rome,100,0.0,coarse,200664,25,1300,cell,100,rome:60:254-0-s329:p0,0,0.0006478491408523702,,767
195636,60,782,True,rome,100,100.0,coarse,200664,25,1300,cell,100,rome:60:254-0-s329:p0,100,0.025056811386197822,,767
194436,60,712,True,rome,100,200.0,coarse,200664,25,1300,cell,100,rome:60:254-0-s329:p0,200,0.031036957301758164,,767
194436,60,700,True,rome,100,400.0,coarse,200664,25,1300,cell,100,rome:60:254-0-s329:p0,400,0.031036957301758164,,767
200534,60,765,True,rome,100,70.71067811865476,coarse,200664,25,1350,intra_cell,150,rome:60:254-0-s329:p0,0,0.0006478491408523702,,767
194436,60,616,True,rome,100,170.71067811865476,coarse,200664,25,1350,intra_cell,150,rome:60:254-0-s329:p0,100,0.031036957301758164,,767
194436,60,600,True,rome,100,270.71067811865476,coarse,200664,25,1350,intra_cell,150,rome:60:254-0-s329:p0,200,0.031036957301758164,,767
194436,60,561,True,rome,100,470.71067811865476,coarse,200664,25,1350,intra_cell,150,rome:60:254-0-s329:p0,400,0.031036957301758164,,767
8098,120,765,True,rome,100,0.0,coarse,8368,25,1300,cell,100,rome:60:254-0-s329:p0,0,0.032265774378585084,,767
7200,120,700,True,rome,100,100.0,coarse,8368,25,1300,cell,100,rome:60:254-0-s329:p0,100,0.13957934990439771,,767
6440,120,644,True,rome,100,200.0,coarse,8368,25,1300,cell,100,rome:60:254-0-s329:p0,200,0.2304015296367113,,767
6440,120,644,True,rome,100,400.0,coarse,8368,25,1300,cell,100,rome:60:254-0-s329:p0,400,0.2304015296367113,,767
8098,120,765,True,rome,100,70.71067811865476,coarse,8368,25,1350,intra_cell,150,rome:60:254-0-s329:p0,0,0.032265774378585084,,767
6030,120,583,True,rome,100,170.71067811865476,coarse,8368,25,1350,intra_cell,150,rome:60:254-0-s329:p0,100,0.2793977055449331,,767
5610,120,561,True,rome,100,270.71067811865476,coarse,8368,25,1350,intra_cell,150,rome:60:254-0-s329:p0,200,0.3295889101338432,,767
5610,120,561,True,rome,100,470.71067811865476,coarse,8368,25,1350,intra_cell,150,rome:60:254-0-s329:p0,400,0.3295889101338432,,767
8098,300,765,True,rome,100,0.0,coarse,8368,25,1300,cell,100,rome:60:254-0-s329:p0,0,0.032265774378585084,,767
7200,300,700,True,rome,100,100.0,coarse,8368,25,1300,cell,100,rome:60:254-0-s329:p0,100,0.13957934990439771,,767
6440,300,644,True,rome,100,200.0,coarse,8368,25,1300,cell,100,rome:60:254-0-s329:p0,200,0.2304015296367113,,767
6440,300,644,True,rome,100,400.0,coarse,8368,25,1300,cell,100,rome:60:254-0-s329:p0,400,0.2304015296367113,,767
8098,300,765,True,rome,100,70.71067811865476,coarse,8368,25,1350,intra_cell,150,rome:60:254-0-s329:p0,0,0.032265774378585084,,767
6030,300,583,True,rome,100,170.71067811865476,coarse,8368,25,1350,intra_cell,150,rome:60:254-0-s329:p0,100,0.2793977055449331,,767
5610,300,561,True,rome,100,270.71067811865476,coarse,8368,25,1350,intra_cell,150,rome:60:254-0-s329:p0,200,0.3295889101338432,,767
5610,300,561,True,rome,100,470.71067811865476,coarse,8368,25,1350,intra_cell,150,rome:60:254-0-s329:p0,400,0.3295889101338432,,767
200086,60,765,True,rome,100,0.0,medium,199966,25,1300,cell,100,rome:60:254-0-s329:p0,0,0.0,,767
195436,60,782,True,rome,100,100.0,medium,199966,25,1300,cell,100,rome:60:254-0-s329:p0,100,0.0226538511546963,,767
194436,60,712,True,rome,100,200.0,medium,199966,25,1300,cell,100,rome:60:254-0-s329:p0,200,0.027654701299220867,,767
194436,60,700,True,rome,100,400.0,medium,199966,25,1300,cell,100,rome:60:254-0-s329:p0,400,0.027654701299220867,,767
200086,60,765,True,rome,100,70.71067811865476,medium,199966,25,1350,intra_cell,150,rome:60:254-0-s329:p0,0,0.0,,767
194436,60,616,True,rome,100,170.71067811865476,medium,199966,25,1350,intra_cell,150,rome:60:254-0-s329:p0,100,0.027654701299220867,,767
194436,60,600,True,rome,100,270.71067811865476,medium,199966,25,1350,intra_cell,150,rome:60:254-0-s329:p0,200,0.027654701299220867,,767
194436,60,561,True,rome,100,470.71067811865476,medium,199966,25,1350,intra_cell,150,rome:60:254-0-s329:p0,400,0.027654701299220867,,767
7650,120,765,True,rome,100,0.0,medium,7670,25,1300,cell,100,rome:60:254-0-s329:p0,0,0.002607561929595828,,767
6830,120,683,True,rome,100,100.0,medium,7670,25,1300,cell,100,rome:60:254-0-s329:p0,100,0.10951760104302477,,767
6440,120,644,True,rome,100,200.0,medium,7670,25,1300,cell,100,rome:60:254-0-s329:p0,200,0.16036505867014342,,767
6440,120,644,True,rome,100,400.0,medium,7670,25,1300,cell,100,rome:60:254-0-s329:p0,400,0.16036505867014342,,767
7650,120,765,True,rome,100,70.71067811865476,medium,7670,25,1350,intra_cell,150,rome:60:254-0-s329:p0,0,0.002607561929595828,,767
5610,120,561,True,rome,100,170.71067811865476,medium,7670,25,1350,intra_cell,150,rome:60:254-0-s329:p0,100,0.2685788787483703,,767
5610,120,561,True,rome,100,270.71067811865476,medium,7670,25,1350,intra_cell,150,rome:60:254-0-s329:p0,200,0.2685788787483703,,767
5610,120,561,True,rome,100,470.71067811865476,medium,7670,25,1350,intra_cell,150,rome:60:254-0-s329:p0,400,0.2685788787483703,,767
7650,300,765,True,rome,100,0.0,medium,7670,25,1300,cell,100,rome:60:254-0-s329:p0,0,0.002607561929595828,,767
6830,300,683,True,rome,100,100.0,medium,7670,25,1300,cell,100,rome:60:254-0-s329:p0,100,0.10951760104302477,,767
6440,300,644,True,rome,100,200.0,medium,7670,25,1300,cell,100,rome:60:254-0-s329:p0,200,0.16036505867014342,,767
6440,300,644,True,rome,100,400.0,medium,7670,25,1300,cell,100,rome:60:254-0-s329:p0,400,0.16036505867014342,,767
7650,300,765,True,rome,100,70.71067811865476,medium,7670,25,1350,intra_cell,150,rome:60:254-0-s329:p0,0,0.002607561929595828,,767
5610,300,561,True,rome,100,170.71067811865476,medium,7670,25,1350,intra_cell,150,rome:60:254-0-s329:p0,100,0.2685788787483703,,767
5610,300,561,True,rome,100,270.71067811865476,medium,7670,25,1350,intra_cell,150,rome:60:254-0-s329:p0,200,0.2685788787483703,,767
5610,300,561,True,rome,100,470.71067811865476,medium,7670,25,1350,intra_cell,150,rome:60:254-0-s329:p0,400,0.2685788787483703,,767
200086,60,765,True,rome,100,0.0,fine,199966,25,1300,cell,100,rome:60:254-0-s329:p0,0,0.0,,767
195436,60,782,True,rome,100,100.0,fine,199966,25,1300,cell,100,rome:60:254-0-s329:p0,100,0.0226538511546963,,767
194436,60,712,True,rome,100,200.0,fine,199966,25,1300,cell,100,rome:60:254-0-s329:p0,200,0.027654701299220867,,767
194436,60,700,True,rome,100,400.0,fine,199966,25,1300,cell,100,rome:60:254-0-s329:p0,400,0.027654701299220867,,767
200086,60,765,True,rome,100,70.71067811865476,fine,199966,25,1350,intra_cell,150,rome:60:254-0-s329:p0,0,0.0,,767
194436,60,616,True,rome,100,170.71067811865476,fine,199966,25,1350,intra_cell,150,rome:60:254-0-s329:p0,100,0.027654701299220867,,767
194436,60,600,True,rome,100,270.71067811865476,fine,199966,25,1350,intra_cell,150,rome:60:254-0-s329:p0,200,0.027654701299220867,,767
194436,60,561,True,rome,100,470.71067811865476,fine,199966,25,1350,intra_cell,150,rome:60:254-0-s329:p0,400,0.027654701299220867,,767
7650,120,765,True,rome,100,0.0,fine,7670,25,1300,cell,100,rome:60:254-0-s329:p0,0,0.002607561929595828,,767
6610,120,661,True,rome,100,100.0,fine,7670,25,1300,cell,100,rome:60:254-0-s329:p0,100,0.13820078226857888,,767
6440,120,644,True,rome,100,200.0,fine,7670,25,1300,cell,100,rome:60:254-0-s329:p0,200,0.16036505867014342,,767
6440,120,644,True,rome,100,400.0,fine,7670,25,1300,cell,100,rome:60:254-0-s329:p0,400,0.16036505867014342,,767
7650,120,765,True,rome,100,70.71067811865476,fine,7670,25,1350,intra_cell,150,rome:60:254-0-s329:p0,0,0.002607561929595828,,767
5610,120,561,True,rome,100,170.71067811865476,fine,7670,25,1350,intra_cell,150,rome:60:254-0-s329:p0,100,0.2685788787483703,,767
5610,120,561,True,rome,100,270.71067811865476,fine,7670,25,1350,intra_cell,150,rome:60:254-0-s329:p0,200,0.2685788787483703,,767
5610,120,561,True,rome,100,470.71067811865476,fine,7670,25,1350,intra_cell,150,rome:60:254-0-s329:p0,400,0.2685788787483703,,767
7650,300,765,True,rome,100,0.0,fine,7670,25,1300,cell,100,rome:60:254-0-s329:p0,0,0.002607561929595828,,767
6610,300,661,True,rome,100,100.0,fine,7670,25,1300,cell,100,rome:60:254-0-s329:p0,100,0.13820078226857888,,767
6440,300,644,True,rome,100,200.0,fine,7670,25,1300,cell,100,rome:60:254-0-s329:p0,200,0.16036505867014342,,767
6440,300,644,True,rome,100,400.0,fine,7670,25,1300,cell,100,rome:60:254-0-s329:p0,400,0.16036505867014342,,767
7650,300,765,True,rome,100,70.71067811865476,fine,7670,25,1350,intra_cell,150,rome:60:254-0-s329:p0,0,0.002607561929595828,,767
5610,300,561,True,rome,100,170.71067811865476,fine,7670,25,1350,intra_cell,150,rome:60:254-0-s329:p0,100,0.2685788787483703,,767
5610,300,561,True,rome,100,270.71067811865476,fine,7670,25,1350,intra_cell,150,rome:60:254-0-s329:p0,200,0.2685788787483703,,767
5610,300,561,True,rome,100,470.71067811865476,fine,7670,25,1350,intra_cell,150,rome:60:254-0-s329:p0,400,0.2685788787483703,,767
,60,,False,rome,100,0.0,coarse,,25,1300,cell,100,rome:60:256-0-s375:p0,0,,no feasible adversarial claim under enabled constraints,745
122376,60,682,True,rome,100,100.0,coarse,128820,25,1300,cell,100,rome:60:256-0-s375:p0,100,0.05002328830926875,,745
121176,60,682,True,rome,100,200.0,coarse,128820,25,1300,cell,100,rome:60:256-0-s375:p0,200,0.05933861201676758,,745
121176,60,600,True,rome,100,400.0,coarse,128820,25,1300,cell,100,rome:60:256-0-s375:p0,400,0.05933861201676758,,745
,60,,False,rome,100,70.71067811865476,coarse,,25,1350,intra_cell,150,rome:60:256-0-s375:p0,0,,no feasible adversarial claim under enabled constraints,745
121176,60,582,True,rome,100,170.71067811865476,coarse,128820,25,1350,intra_cell,150,rome:60:256-0-s375:p0,100,0.05933861201676758,,745
121176,60,541,True,rome,100,270.71067811865476,coarse,128820,25,1350,intra_cell,150,rome:60:256-0-s375:p0,200,0.05933861201676758,,745
121176,60,500,True,rome,100,470.71067811865476,coarse,128820,25,1350,intra_cell,150,rome:60:256-0-s375:p0,400,0.05933861201676758,,745
,120,,False,rome,100,0.0,coarse,,25,1300,cell,100,rome:60:256-0-s375:p0,0,,no feasible adversarial claim under enabled constraints,745
6996,120,583,True,rome,100,100.0,coarse,8940,25,1300,cell,100,rome:60:256-0-s375:p0,100,0.2174496644295302,,745
6732,120,561,True,rome,100,200.0,coarse,8940,25,1300,cell,100,rome:60:256-0-s375:p0,200,0.24697986577181208,,745
6732,120,561,True,rome,100,400.0,coarse,8940,25,1300,cell,100,rome:60:256-0-s375:p0,400,0.24697986577181208,,745
,120,,False,rome,100,70.71067811865476,coarse,,25,1350,intra_cell,150,rome:60:256-0-s375:p0,0,,no feasible adversarial claim under enabled constraints,745
5532,120,461,True,rome,100,170.71067811865476,coarse,8940,25,1350,intra_cell,150,rome:60:256-0-s375:p0,100,0.3812080536912752,,745
5532,120,461,True,rome,100,270.71067811865476,coarse,8940,25,1350,intra_cell,150,rome:60:256-0-s375:p0,200,0.3812080536912752,,745
5532,120,461,True,rome,100,470.71067811865476,coarse,8940,25,1350,intra_cell,150,rome:60:256-0-s375:p0,400,0.3812080536912752,,745
,300,,False,rome,100,0.0,coarse,,25,1300,cell,100,rome:60:256-0-s375:p0,0,,no feasible adversarial claim under enabled constraints,745
6996,300,583,True,rome,100,100.0,coarse,8940,25,1300,cell,100,rome:60:256-0-s375:p0,100,0.2174496644295302,,745
6732,300,561,True,rome,100,200.0,coarse,8940,25,1300,cell,100,rome:60:256-0-s375:p0,200,0.24697986577181208,,745
6732,300,561,True,rome,100,400.0,coarse,8940,25,1300,cell,100,rome:60:256-0-s375:p0,400,0.24697986577181208,,745
,300,,False,rome,100,70.71067811865476,coarse,,25,1350,intra_cell,150,rome:60:256-0-s375:p0,0,,no feasible adversarial claim under enabled constraints,745
5532,300,461,True,rome,100,170.71067811865476,coarse,8940,25,1350,intra_cell,150,rome:60:256-0-s375:p0,100,0.3812080536912752,,745
5532,300,461,True,rome,100,270.71067811865476,coarse,8940,25,1350,intra_cell,150,rome:60:256-0-s375:p0,200,0.3812080536912752,,745
5532,300,461,True,rome,100,470.71067811865476,coarse,8940,25,1350,intra_cell,150,rome:60:256-0-s375:p0,400,0.3812080536912752,,745
,60,,False,rome,100,0.0,medium,,25,1300,cell,100,rome:60:256-0-s375:p0,0,,no feasible adversarial claim under enabled constraints,745
122376,60,682,True,rome,100,100.0,medium,128804,25,1300,cell,100,rome:60:256-0-s375:p0,100,0.04990528244464457,,745
121176,60,682,True,rome,100,200.0,medium,128804,25,1300,cell,100,rome:60:256-0-s375:p0,200,0.05922176329927642,,745
121176,60,600,True,rome,100,400.0,medium,128804,25,1300,cell,100,rome:60:256-0-s375:p0,400,0.05922176329927642,,745
,60,,False,rome,100,70.71067811865476,medium,,25,1350,intra_cell,150,rome:60:256-0-s375:p0,0,,no feasible adversarial claim under enabled constraints,745
121176,60,582,True,rome,100,170.71067811865476,medium,128804,25,1350,intra_cell,150,rome:60:256-0-s375:p0,100,0.05922176329927642,,745
121176,60,541,True,rome,100,270.71067811865476,medium,128804,25,1350,intra_cell,150,rome:60:256-0-s375:p0,200,0.05922176329927642,,745
121176,60,500,True,rome,100,470.71067811865476,medium,128804,25,1350,intra_cell,150,rome:60:256-0-s375:p0,400,0.05922176329927642,,745
,120,,False,rome,100,0.0,medium,,25,1300,cell,100,rome:60:256-0-s375:p0,0,,no feasible adversarial claim under enabled constraints,745
6800,120,600,True,rome,100,100.0,medium,8924,25,1300,cell,100,rome:60:256-0-s375:p0,100,0.23800986104885702,,745
6171,120,561,True,rome,100,200.0,medium,8924,25,1300,cell,100,rome:60:256-0-s375:p0,200,0.30849394890183773,,745
6171,120,561,True,rome,100,400.0,medium,8924,25,1300,cell,100,rome:60:256-0-s375:p0,400,0.30849394890183773,,745
,120,,False,rome,100,70.71067811865476,medium,,25,1350,intra_cell,150,rome:60:256-0-s375:p0,0,,no feasible adversarial claim under enabled constraints,745
5413,120,483,True,rome,100,170.71067811865476,medium,8924,25,1350,intra_cell,150,rome:60:256-0-s375:p0,100,0.3934334379202151,,745
5071,120,461,True,rome,100,270.71067811865476,medium,8924,25,1350,intra_cell,150,rome:60:256-0-s375:p0,200,0.43175705961452265,,745
5071,120,461,True,rome,100,470.71067811865476,medium,8924,25,1350,intra_cell,150,rome:60:256-0-s375:p0,400,0.43175705961452265,,745
,300,,False,rome,100,0.0,medium,,25,1300,cell,100,rome:60:256-0-s375:p0,0,,no feasible adversarial claim under enabled constraints,745
6800,300,600,True,rome,100,100.0,medium,8924,25,1300,cell,100,rome:60:256-0-s375:p0,100,0.23800986104885702,,745
6171,300,561,True,rome,100,200.0,medium,8924,25,1300,cell,100,rome:60:256-0-s375:p0,200,0.30849394890183773,,745
6171,300,561,True,rome,100,400.0,medium,8924,25,1300,cell,100,rome:60:256-0-s375:p0,400,0.30849394890183773,,745
,300,,False,rome,100,70.71067811865476,medium,,25,1350,intra_cell,150,rome:60:256-0-s375:p0,0,,no feasible adversarial claim under enabled constraints,745
5413,300,483,True,rome,100,170.71067811865476,medium,8924,25,1350,intra_cell,150,rome:60:256-0-s375:p0,100,0.3934334379202151,,745
5071,300,461,True,rome,100,270.71067811865476,medium,8924,25,1350,intra_cell,150,rome:60:256-0-s375:p0,200,0.43175705961452265,,745
5071,300,461,True,rome,100,470.71067811865476,medium,8924,25,1350,intra_cell,150,rome:60:256-0-s375:p0,400,0.43175705961452265,,745
,60,,False,rome,100,0.0,fine,,25,1300,cell,100,rome:60:256-0-s375:p0,0,,no feasible adversarial claim under enabled constraints,745
122376,60,682,True,rome,100,100.0,fine,128820,25,1300,cell,100,rome:60:256-0-s375:p0,100,0.05002328830926875,,745
121176,60,682,True,rome,100,200.0,fine,128820,25,1300,cell,100,rome:60:256-0-s375:p0,200,0.05933861201676758,,745
121176,60,600,True,rome,100,400.0,fine,128820,25,1300,cell,100,rome:60:256-0-s375:p0,400,0.05933861201676758,,745
,60,,False,rome,100,70.71067811865476,fine,,25,1350,intra_cell,150,rome:60:256-0-s375:p0,0,,no feasible adversarial claim under enabled constraints,745
121176,60,582,True,rome,100,170.71067811865476,fine,128820,25,1350,intra_cell,150,rome:60:256-0-s375:p0,100,0.05933861201676758,,745
121176,60,541,True,rome,100,270.71067811865476,fine,128820,25,1350,intra_cell,150,rome:60:256-0-s375:p0,200,0.05933861201676758,,745
121176,60,500,True,rome,100,470.71067811865476,fine,128820,25,1350,intra_cell,150,rome:60:256-0-s375:p0,400,0.05933861201676758,,745
,120,,False,rome,100,0.0,fine,,25,1300,cell,100,rome:60:256-0-s375:p0,0,,no feasible adversarial claim under enabled constraints,745
6400,120,600,True,rome,100,100.0,fine,8940,25,1300,cell,100,rome:60:256-0-s375:p0,100,0.2841163310961969,,745
5610,120,561,True,rome,100,200.0,fine,8940,25,1300,cell,100,rome:60:256-0-s375:p0,200,0.3724832214765101,,745
5610,120,561,True,rome,100,400.0,fine,8940,25,1300,cell,100,rome:60:256-0-s375:p0,400,0.3724832214765101,,745
,120,,False,rome,100,70.71067811865476,fine,,25,1350,intra_cell,150,rome:60:256-0-s375:p0,0,,no feasible adversarial claim under enabled constraints,745
4810,120,461,True,rome,100,170.71067811865476,fine,8940,25,1350,intra_cell,150,rome:60:256-0-s375:p0,100,0.46196868008948544,,745
4610,120,461,True,rome,100,270.71067811865476,fine,8940,25,1350,intra_cell,150,rome:60:256-0-s375:p0,200,0.4843400447427293,,745
4610,120,461,True,rome,100,470.71067811865476,fine,8940,25,1350,intra_cell,150,rome:60:256-0-s375:p0,400,0.4843400447427293,,745
,300,,False,rome,100,0.0,fine,,25,1300,cell,100,rome:60:256-0-s375:p0,0,,no feasible adversarial claim under enabled constraints,745
6400,300,600,True,rome,100,100.0,fine,8940,25,1300,cell,100,rome:60:256-0-s375:p0,100,0.2841163310961969,,745
5610,300,561,True,rome,100,200.0,fine,8940,25,1300,cell,100,rome:60:256-0-s375:p0,200,0.3724832214765101,,745
5610,300,561,True,rome,100,400.0,fine,8940,25,1300,cell,100,rome:60:256-0-s375:p0,400,0.3724832214765101,,745
,300,,False,rome,100,70.71067811865476,fine,,25,1350,intra_cell,150,rome:60:256-0-s375:p0,0,,no feasible adversarial claim under enabled constraints,745
4810,300,461,True,rome,100,170.71067811865476,fine,8940,25,1350,intra_cell,150,rome:60:256-0-s375:p0,100,0.46196868008948544,,745
4610,300,461,True,rome,100,270.71067811865476,fine,8940,25,1350,intra_cell,150,rome:60:256-0-s375:p0,200,0.4843400447427293,,745
4610,300,461,True,rome,100,470.71067811865476,fine,8940,25,1350,intra_cell,150,rome:60:256-0-s375:p0,400,0.4843400447427293,,745
152280,60,753,True,rome,100,0.0,coarse,152076,25,1300,cell,100,rome:60:257-0-s123:p0,0,0.0,,652
147624,60,706,True,rome,100,100.0,coarse,152076,25,1300,cell,100,rome:60:257-0-s123:p0,100,0.02927483626607749,,652
146136,60,583,True,rome,100,200.0,coarse,152076,25,1300,cell,100,rome:60:257-0-s123:p0,200,0.039059417659591256,,652
144936,60,583,True,rome,100,400.0,coarse,152076,25,1300,cell,100,rome:60:257-0-s123:p0,400,0.04695020910597333,,652
152280,60,753,True,rome,100,70.71067811865476,coarse,152076,25,1350,intra_cell,150,rome:60:257-0-s123:p0,0,0.0,,652
147336,60,500,True,rome,100,170.71067811865476,coarse,152076,25,1350,intra_cell,150,rome:60:257-0-s123:p0,100,0.031168626213209184,,652
144936,60,500,True,rome,100,270.71067811865476,coarse,152076,25,1350,intra_cell,150,rome:60:257-0-s123:p0,200,0.04695020910597333,,652
144936,60,500,True,rome,100,470.71067811865476,coarse,152076,25,1350,intra_cell,150,rome:60:257-0-s123:p0,400,0.04695020910597333,,652
9036,120,753,True,rome,100,0.0,coarse,7824,25,1300,cell,100,rome:60:257-0-s123:p0,0,0.0,,652
6732,120,561,True,rome,100,100.0,coarse,7824,25,1300,cell,100,rome:60:257-0-s123:p0,100,0.13957055214723926,,652
6732,120,561,True,rome,100,200.0,coarse,7824,25,1300,cell,100,rome:60:257-0-s123:p0,200,0.13957055214723926,,652
6732,120,561,True,rome,100,400.0,coarse,7824,25,1300,cell,100,rome:60:257-0-s123:p0,400,0.13957055214723926,,652
9036,120,753,True,rome,100,70.71067811865476,coarse,7824,25,1350,intra_cell,150,rome:60:257-0-s123:p0,0,0.0,,652
5532,120,461,True,rome,100,170.71067811865476,coarse,7824,25,1350,intra_cell,150,rome:60:257-0-s123:p0,100,0.2929447852760736,,652
5532,120,461,True,rome,100,270.71067811865476,coarse,7824,25,1350,intra_cell,150,rome:60:257-0-s123:p0,200,0.2929447852760736,,652
5532,120,461,True,rome,100,470.71067811865476,coarse,7824,25,1350,intra_cell,150,rome:60:257-0-s123:p0,400,0.2929447852760736,,652
9036,300,753,True,rome,100,0.0,coarse,7824,25,1300,cell,100,rome:60:257-0-s123:p0,0,0.0,,652
6732,300,561,True,rome,100,100.0,coarse,7824,25,1300,cell,100,rome:60:257-0-s123:p0,100,0.13957055214723926,,652
6732,300,561,True,rome,100,200.0,coarse,7824,25,1300,cell,100,rome:60:257-0-s123:p0,200,0.13957055214723926,,652
6732,300,561,True,rome,100,400.0,coarse,7824,25,1300,cell,100,rome:60:257-0-s123:p0,400,0.13957055214723926,,652
9036,300,753,True,rome,100,70.71067811865476,coarse,7824,25,1350,intra_cell,150,rome:60:257-0-s123:p0,0,0.0,,652
5532,300,461,True,rome,100,170.71067811865476,coarse,7824,25,1350,intra_cell,150,rome:60:257-0-s123:p0,100,0.2929447852760736,,652
5532,300,461,True,rome,100,270.71067811865476,coarse,7824,25,1350,intra_cell,150,rome:60:257-0-s123:p0,200,0.2929447852760736,,652
5532,300,461,True,rome,100,470.71067811865476,coarse,7824,25,1350,intra_cell,150,rome:60:257-0-s123:p0,400,0.2929447852760736,,652
152280,60,753,True,rome,100,0.0,medium,152076,25,1300,cell,100,rome:60:257-0-s123:p0,0,0.0,,652
147624,60,706,True,rome,100,100.0,medium,152076,25,1300,cell,100,rome:60:257-0-s123:p0,100,0.02927483626607749,,652
146136,60,583,True,rome,100,200.0,medium,152076,25,1300,cell,100,rome:60:257-0-s123:p0,200,0.039059417659591256,,652
144936,60,583,True,rome,100,400.0,medium,152076,25,1300,cell,100,rome:60:257-0-s123:p0,400,0.04695020910597333,,652
152280,60,753,True,rome,100,70.71067811865476,medium,152076,25,1350,intra_cell,150,rome:60:257-0-s123:p0,0,0.0,,652
147336,60,500,True,rome,100,170.71067811865476,medium,152076,25,1350,intra_cell,150,rome:60:257-0-s123:p0,100,0.031168626213209184,,652
144936,60,500,True,rome,100,270.71067811865476,medium,152076,25,1350,intra_cell,150,rome:60:257-0-s123:p0,200,0.04695020910597333,,652
144936,60,500,True,rome,100,470.71067811865476,medium,152076,25,1350,intra_cell,150,rome:60:257-0-s123:p0,400,0.04695020910597333,,652
9036,120,753,True,rome,100,0.0,medium,7824,25,1300,cell,100,rome:60:257-0-s123:p0,0,0.0,,652
6732,120,561,True,rome,100,100.0,medium,7824,25,1300,cell,100,rome:60:257-0-s123:p0,100,0.13957055214723926,,652
6732,120,561,True,rome,100,200.0,medium,7824,25,1300,cell,100,rome:60:257-0-s123:p0,200,0.13957055214723926,,652
6732,120,561,True,rome,100,400.0,medium,7824,25,1300,cell,100,rome:60:257-0-s123:p0,400,0.13957055214723926,,652
9036,120,753,True,rome,100,70.71067811865476,medium,7824,25,1350,intra_cell,150,rome:60:257-0-s123:p0,0,0.0,,652
5532,120,461,True,rome,100,170.71067811865476,medium,7824,25,1350,intra_cell,150,rome:60:257-0-s123:p0,100,0.2929447852760736,,652
5532,120,461,True,rome,100,270.71067811865476,medium,7824,25,1350,intra_cell,150,rome:60:257-0-s123:p0,200,0.2929447852760736,,652
5500,120,500,True,rome,100,470.71067811865476,medium,7824,25,1350,intra_cell,150,rome:60:257-0-s123:p0,400,0.29703476482617586,,652
9036,300,753,True,rome,100,0.0,medium,7824,25,1300,cell,100,rome:60:257-0-s123:p0,0,0.0,,652
6732,300,561,True,rome,100,100.0,medium,7824,25,1300,cell,100,rome:60:257-0-s123:p0,100,0.13957055214723926,,652
6732,300,561,True,rome,100,200.0,medium,7824,25,1300,cell,100,rome:60:257-0-s123:p0,200,0.13957055214723926,,652
6732,300,561,True,rome,100,400.0,medium,7824,25,1300,cell,100,rome:60:257-0-s123:p0,400,0.13957055214723926,,652
9036,300,753,True,rome,100,70.71067811865476,medium,7824,25,1350,intra_cell,150,rome:60:257-0-s123:p0,0,0.0,,652
5532,300,461,True,rome,100,170.71067811865476,medium,7824,25,1350,intra_cell,150,rome:60:257-0-s123:p0,100,0.2929447852760736,,652
5532,300,461,True,rome,100,270.71067811865476,medium,7824,25,1350,intra_cell,150,rome:60:257-0-s123:p0,200,0.2929447852760736,,652
5500,300,500,True,rome,100,470.71067811865476,medium,7824,25,1350,intra_cell,150,rome:60:257-0-s123:p0,400,0.29703476482617586,,652
152280,60,753,True,rome,100,0.0,fine,152076,25,1300,cell,100,rome:60:257-0-s123:p0,0,0.0,,652
147624,60,706,True,rome,100,100.0,fine,152076,25,1300,cell,100,rome:60:257-0-s123:p0,100,0.02927483626607749,,652
146136,60,583,True,rome,100,200.0,fine,152076,25,1300,cell,100,rome:60:257-0-s123:p0,200,0.039059417659591256,,652
144936,60,583,True,rome,100,400.0,fine,152076,25,1300,cell,100,rome:60:257-0-s123:p0,400,0.04695020910597333,,652
152280,60,753,True,rome,100,70.71067811865476,fine,152076,25,1350,intra_cell,150,rome:60:257-0-s123:p0,0,0.0,,652
147336,60,500,True,rome,100,170.71067811865476,fine,152076,25,1350,intra_cell,150,rome:60:257-0-s123:p0,100,0.031168626213209184,,652
144936,60,500,True,rome,100,270.71067811865476,fine,152076,25,1350,intra_cell,150,rome:60:257-0-s123:p0,200,0.04695020910597333,,652
144936,60,500,True,rome,100,470.71067811865476,fine,152076,25,1350,intra_cell,150,rome:60:257-0-s123:p0,400,0.04695020910597333,,652
9036,120,753,True,rome,100,0.0,fine,7824,25,1300,cell,100,rome:60:257-0-s123:p0,0,0.0,,652
6732,120,561,True,rome,100,100.0,fine,7824,25,1300,cell,100,rome:60:257-0-s123:p0,100,0.13957055214723926,,652
6732,120,561,True,rome,100,200.0,fine,7824,25,1300,cell,100,rome:60:257-0-s123:p0,200,0.13957055214723926,,652
5660,120,566,True,rome,100,400.0,fine,7824,25,1300,cell,100,rome:60:257-0-s123:p0,400,0.2765848670756646,,652
9036,120,753,True,rome,100,70.71067811865476,fine,7824,25,1350,intra_cell,150,rome:60:257-0-s123:p0,0,0.0,,652
5532,120,461,True,rome,100,170.71067811865476,fine,7824,25,1350,intra_cell,150,rome:60:257-0-s123:p0,100,0.2929447852760736,,652
5532,120,461,True,rome,100,270.71067811865476,fine,7824,25,1350,intra_cell,150,rome:60:257-0-s123:p0,200,0.2929447852760736,,652
4810,120,461,True,rome,100,470.71067811865476,fine,7824,25,1350,intra_cell,150,rome:60:257-0-s123:p0,400,0.3852249488752556,,652
9036,300,753,True,rome,100,0.0,fine,7824,25,1300,cell,100,rome:60:257-0-s123:p0,0,0.0,,652
6732,300,561,True,rome,100,100.0,fine,7824,25,1300,cell,100,rome:60:257-0-s123:p0,100,0.13957055214723926,,652
6732,300,561,True,rome,100,200.0,fine,7824,25,1300,cell,100,rome:60:257-0-s123:p0,200,0.13957055214723926,,652
5660,300,566,True,rome,100,400.0,fine,7824,25,1300,cell,100,rome:60:257-0-s123:p0,400,0.2765848670756646,,652
9036,300,753,True,rome,100,70.71067811865476,fine,7824,25,1350,intra_cell,150,rome:60:257-0-s123:p0,0,0.0,,652
5532,300,461,True,rome,100,170.71067811865476,fine,7824,25,1350,intra_cell,150,rome:60:257-0-s123:p0,100,0.2929447852760736,,652
5532,300,461,True,rome,100,270.71067811865476,fine,7824,25,1350,intra_cell,150,rome:60:257-0-s123:p0,200,0.2929447852760736,,652
4810,300,461,True,rome,100,470.71067811865476,fine,7824,25,1350,intra_cell,150,rome:60:257-0-s123:p0,400,0.3852249488752556,,652
,60,,False,rome,100,0.0,coarse,,25,1300,cell,100,rome:60:257-0-s123:p1,0,,no feasible adversarial claim under enabled constraints,1304
250332,60,1224,True,rome,100,100.0,coarse,258456,25,1300,cell,100,rome:60:257-0-s123:p1,100,0.03143281641749466,,1304
247932,60,1216,True,rome,100,200.0,coarse,258456,25,1300,cell,100,rome:60:257-0-s123:p1,200,0.04071872968706472,,1304
244332,60,1232,True,rome,100,400.0,coarse,258456,25,1300,cell,100,rome:60:257-0-s123:p1,400,0.054647599591419814,,1304
,60,,False,rome,100,70.71067811865476,coarse,,25,1350,intra_cell,150,rome:60:257-0-s123:p1,0,,no feasible adversarial claim under enabled constraints,1304
250332,60,1100,True,rome,100,170.71067811865476,coarse,258456,25,1350,intra_cell,150,rome:60:257-0-s123:p1,100,0.03143281641749466,,1304
247932,60,1132,True,rome,100,270.71067811865476,coarse,258456,25,1350,intra_cell,150,rome:60:257-0-s123:p1,200,0.04071872968706472,,1304
244332,60,1100,True,rome,100,470.71067811865476,coarse,258456,25,1350,intra_cell,150,rome:60:257-0-s123:p1,400,0.054647599591419814,,1304
,120,,False,rome,100,0.0,coarse,,25,1300,cell,100,rome:60:257-0-s123:p1,0,,no feasible adversarial claim under enabled constraints,1304
62148,120,1122,True,rome,100,100.0,coarse,66708,25,1300,cell,100,rome:60:257-0-s123:p1,100,0.06835761827666846,,1304
59748,120,1122,True,rome,100,200.0,coarse,66708,25,1300,cell,100,rome:60:257-0-s123:p1,200,0.10433531210649398,,1304
56616,120,1132,True,rome,100,400.0,coarse,66708,25,1300,cell,100,rome:60:257-0-s123:p1,400,0.15128620255441627,,1304
,120,,False,rome,100,70.71067811865476,coarse,,25,1350,intra_cell,150,rome:60:257-0-s123:p1,0,,no feasible adversarial claim under enabled constraints,1304
59748,120,1005,True,rome,100,170.71067811865476,coarse,66708,25,1350,intra_cell,150,rome:60:257-0-s123:p1,100,0.10433531210649398,,1304
58812,120,1005,True,rome,100,270.71067811865476,coarse,66708,25,1350,intra_cell,150,rome:60:257-0-s123:p1,200,0.11836661270012593,,1304
53484,120,1060,True,rome,100,470.71067811865476,coarse,66708,25,1350,intra_cell,150,rome:60:257-0-s123:p1,400,0.19823709300233855,,1304
,300,,False,rome,100,0.0,coarse,,25,1300,cell,100,rome:60:257-0-s123:p1,0,,no feasible adversarial claim under enabled constraints,1304
13464,300,1122,True,rome,100,100.0,coarse,15648,25,1300,cell,100,rome:60:257-0-s123:p1,100,0.13957055214723926,,1304
13260,300,1105,True,rome,100,200.0,coarse,15648,25,1300,cell,100,rome:60:257-0-s123:p1,200,0.1526073619631902,,1304
12996,300,1083,True,rome,100,400.0,coarse,15648,25,1300,cell,100,rome:60:257-0-s123:p1,400,0.16947852760736196,,1304
,300,,False,rome,100,70.71067811865476,coarse,,25,1350,intra_cell,150,rome:60:257-0-s123:p1,0,,no feasible adversarial claim under enabled constraints,1304
12060,300,1005,True,rome,100,170.71067811865476,coarse,15648,25,1350,intra_cell,150,rome:60:257-0-s123:p1,100,0.22929447852760737,,1304
12060,300,1005,True,rome,100,270.71067811865476,coarse,15648,25,1350,intra_cell,150,rome:60:257-0-s123:p1,200,0.22929447852760737,,1304
12060,300,1005,True,rome,100,470.71067811865476,coarse,15648,25,1350,intra_cell,150,rome:60:257-0-s123:p1,400,0.22929447852760737,,1304
,60,,False,rome,100,0.0,medium,,25,1300,cell,100,rome:60:257-0-s123:p1,0,,no feasible adversarial claim under enabled constraints,1304
250332,60,1224,True,rome,100,100.0,medium,258456,25,1300,cell,100,rome:60:257-0-s123:p1,100,0.03143281641749466,,1304
247932,60,1216,True,rome,100,200.0,medium,258456,25,1300,cell,100,rome:60:257-0-s123:p1,200,0.04071872968706472,,1304
244332,60,1232,True,rome,100,400.0,medium,258456,25,1300,cell,100,rome:60:257-0-s123:p1,400,0.054647599591419814,,1304
,60,,False,rome,100,70.71067811865476,medium,,25,1350,intra_cell,150,rome:60:257-0-s123:p1,0,,no feasible adversarial claim under enabled constraints,1304
250232,60,1100,True,rome,100,170.71067811865476,medium,258456,25,1350,intra_cell,150,rome:60:257-0-s123:p1,100,0.03181972947039342,,1304
247932,60,1132,True,rome,100,270.71067811865476,medium,258456,25,1350,intra_cell,150,rome:60:257-0-s123:p1,200,0.04071872968706472,,1304
244332,60,1100,True,rome,100,470.71067811865476,medium,258456,25,1350,intra_cell,150,rome:60:257-0-s123:p1,400,0.054647599591419814,,1304
,120,,False,rome,100,0.0,medium,,25,1300,cell,100,rome:60:257-0-s123:p1,0,,no feasible adversarial claim under enabled constraints,1304
62148,120,1122,True,rome,100,100.0,medium,66708,25,1300,cell,100,rome:60:257-0-s123:p1,100,0.06835761827666846,,1304
59387,120,1122,True,rome,100,200.0,medium,66708,25,1300,cell,100,rome:60:257-0-s123:p1,200,0.10974695688673022,,1304
56516,120,1132,True,rome,100,400.0,medium,66708,25,1300,cell,100,rome:60:257-0-s123:p1,400,0.15278527313065898,,1304
,120,,False,rome,100,70.71067811865476,medium,,25,1350,intra_cell,150,rome:60:257-0-s123:p1,0,,no feasible adversarial claim under enabled constraints,1304
59748,120,1005,True,rome,100,170.71067811865476,medium,66708,25,1350,intra_cell,150,rome:60:257-0-s123:p1,100,0.10433531210649398,,1304
58529,120,1005,True,rome,100,270.71067811865476,medium,66708,25,1350,intra_cell,150,rome:60:257-0-s123:p1,200,0.12260898243089284,,1304
53384,120,1060,True,rome,100,470.71067811865476,medium,66708,25,1350,intra_cell,150,rome:60:257-0-s123:p1,400,0.1997361635785813,,1304
,300,,False,rome,100,0.0,medium,,25,1300,cell,100,rome:60:257-0-s123:p1,0,,no feasible adversarial claim under enabled constraints,1304
13464,300,1122,True,rome,100,100.0,medium,15648,25,1300,cell,100,rome:60:257-0-s123:p1,100,0.13957055214723926,,1304
12899,300,1105,True,rome,100,200.0,medium,15648,25,1300,cell,100,rome:60:257-0-s123:p1,200,0.1756774028629857,,1304
12635,300,1083,True,rome,100,400.0,medium,15648,25,1300,cell,100,rome:60:257-0-s123:p1,400,0.19254856850715746,,1304
,300,,False,rome,100,70.71067811865476,medium,,25,1350,intra_cell,150,rome:60:257-0-s123:p1,0,,no feasible adversarial claim under enabled constraints,1304
12023,300,1032,True,rome,100,170.71067811865476,medium,15648,25,1350,intra_cell,150,rome:60:257-0-s123:p1,100,0.23165899795501022,,1304
11699,300,1005,True,rome,100,270.71067811865476,medium,15648,25,1350,intra_cell,150,rome:60:257-0-s123:p1,200,0.25236451942740284,,1304
11699,300,1005,True,rome,100,470.71067811865476,medium,15648,25,1350,intra_cell,150,rome:60:257-0-s123:p1,400,0.25236451942740284,,1304
,60,,False,rome,100,0.0,fine,,25,1300,cell,100,rome:60:257-0-s123:p1,0,,no feasible adversarial claim under enabled constraints,1304
250332,60,1224,True,rome,100,100.0,fine,258456,25,1300,cell,100,rome:60:257-0-s123:p1,100,0.03143281641749466,,1304
247932,60,1216,True,rome,100,200.0,fine,258456,25,1300,cell,100,rome:60:257-0-s123:p1,200,0.04071872968706472,,1304
244332,60,1232,True,rome,100,400.0,fine,258456,25,1300,cell,100,rome:60:257-0-s123:p1,400,0.054647599591419814,,1304
,60,,False,rome,100,70.71067811865476,fine,,25,1350,intra_cell,150,rome:60:257-0-s123:p1,0,,no feasible adversarial claim under enabled constraints,1304
250332,60,1100,True,rome,100,170.71067811865476,fine,258456,25,1350,intra_cell,150,rome:60:257-0-s123:p1,100,0.03143281641749466,,1304
247932,60,1132,True,rome,100,270.71067811865476,fine,258456,25,1350,intra_cell,150,rome:60:257-0-s123:p1,200,0.04071872968706472,,1304
244332,60,1100,True,rome,100,470.71067811865476,fine,258456,25,1350,intra_cell,150,rome:60:257-0-s123:p1,400,0.054647599591419814,,1304
,120,,False,rome,100,0.0,fine,,25,1300,cell,100,rome:60:257-0-s123:p1,0,,no feasible adversarial claim under enabled constraints,1304
61426,120,1122,True,rome,100,100.0,fine,66708,25,1300,cell,100,rome:60:257-0-s123:p1,100,0.07918090783714098,,1304
59026,120,1122,True,rome,100,200.0,fine,66708,25,1300,cell,100,rome:60:257-0-s123:p1,200,0.11515860166696648,,1304
55894,120,1132,True,rome,100,400.0,fine,66708,25,1300,cell,100,rome:60:257-0-s123:p1,400,0.16210949211488876,,1304
,120,,False,rome,100,70.71067811865476,fine,,25,1350,intra_cell,150,rome:60:257-0-s123:p1,0,,no feasible adversarial claim under enabled constraints,1304
59446,120,1027,True,rome,100,170.71067811865476,fine,66708,25,1350,intra_cell,150,rome:60:257-0-s123:p1,100,0.10886250524674701,,1304
58090,120,1005,True,rome,100,270.71067811865476,fine,66708,25,1350,intra_cell,150,rome:60:257-0-s123:p1,200,0.12918990226059843,,1304
53084,120,1060,True,rome,100,470.71067811865476,fine,66708,25,1350,intra_cell,150,rome:60:257-0-s123:p1,400,0.20423337530730948,,1304
,300,,False,rome,100,0.0,fine,,25,1300,cell,100,rome:60:257-0-s123:p1,0,,no feasible adversarial claim under enabled constraints,1304
12742,300,1122,True,rome,100,100.0,fine,15648,25,1300,cell,100,rome:60:257-0-s123:p1,100,0.18571063394683027,,1304
12538,300,1105,True,rome,100,200.0,fine,15648,25,1300,cell,100,rome:60:257-0-s123:p1,200,0.1987474437627812,,1304
12242,300,1132,True,rome,100,400.0,fine,15648,25,1300,cell,100,rome:60:257-0-s123:p1,400,0.2176635991820041,,1304
,300,,False,rome,100,70.71067811865476,fine,,25,1350,intra_cell,150,rome:60:257-0-s123:p1,0,,no feasible adversarial claim under enabled constraints,1304
11542,300,1022,True,rome,100,170.71067811865476,fine,15648,25,1350,intra_cell,150,rome:60:257-0-s123:p1,100,0.2623977505112474,,1304
11192,300,1027,True,rome,100,270.71067811865476,fine,15648,25,1350,intra_cell,150,rome:60:257-0-s123:p1,200,0.2847648261758691,,1304
10772,300,1005,True,rome,100,470.71067811865476,fine,15648,25,1350,intra_cell,150,rome:60:257-0-s123:p1,400,0.31160531697341515,,1304
,60,,False,rome,100,0.0,coarse,,25,1300,cell,100,rome:60:260-0-s115:p0,0,,no feasible adversarial claim under enabled constraints,2391
232496,60,2336,True,rome,100,100.0,coarse,242872,25,1300,cell,100,rome:60:260-0-s115:p0,100,0.04272209229553016,,2391
228264,60,2382,True,rome,100,200.0,coarse,242872,25,1300,cell,100,rome:60:260-0-s115:p0,200,0.060146908659705525,,2391
223006,60,2222,True,rome,100,400.0,coarse,242872,25,1300,cell,100,rome:60:260-0-s115:p0,400,0.08179617246944892,,2391
,60,,False,rome,100,70.71067811865476,coarse,,25,1350,intra_cell,150,rome:60:260-0-s115:p0,0,,no feasible adversarial claim under enabled constraints,2391
230856,60,2162,True,rome,100,170.71067811865476,coarse,242872,25,1350,intra_cell,150,rome:60:260-0-s115:p0,100,0.04947462037616522,,2391
226836,60,2115,True,rome,100,270.71067811865476,coarse,242872,25,1350,intra_cell,150,rome:60:260-0-s115:p0,200,0.06602654896406338,,2391
221376,60,2171,True,rome,100,470.71067811865476,coarse,242872,25,1350,intra_cell,150,rome:60:260-0-s115:p0,400,0.0885075265983728,,2391
,120,,False,rome,100,0.0,coarse,,25,1300,cell,100,rome:60:260-0-s115:p0,0,,no feasible adversarial claim under enabled constraints,2391
23792,120,2203,True,rome,100,100.0,coarse,26718,25,1300,cell,100,rome:60:260-0-s115:p0,100,0.1095141851935025,,2391
22060,120,2186,True,rome,100,200.0,coarse,26718,25,1300,cell,100,rome:60:260-0-s115:p0,200,0.17433939666142675,,2391
21100,120,2110,True,rome,100,400.0,coarse,26718,25,1300,cell,100,rome:60:260-0-s115:p0,400,0.21027022980762033,,2391
,120,,False,rome,100,70.71067811865476,coarse,,25,1350,intra_cell,150,rome:60:260-0-s115:p0,0,,no feasible adversarial claim under enabled constraints,2391
22272,120,2095,True,rome,100,170.71067811865476,coarse,26718,25,1350,intra_cell,150,rome:60:260-0-s115:p0,100,0.166404671008309,,2391
20430,120,2043,True,rome,100,270.71067811865476,coarse,26718,25,1350,intra_cell,150,rome:60:260-0-s115:p0,200,0.23534695710756792,,2391
20050,120,2005,True,rome,100,470.71067811865476,coarse,26718,25,1350,intra_cell,150,rome:60:260-0-s115:p0,400,0.24956957856126954,,2391
,300,,False,rome,100,0.0,coarse,,25,1300,cell,100,rome:60:260-0-s115:p0,0,,no feasible adversarial claim under enabled constraints,2391
23792,300,2203,True,rome,100,100.0,coarse,26718,25,1300,cell,100,rome:60:260-0-s115:p0,100,0.1095141851935025,,2391
22060,300,2186,True,rome,100,200.0,coarse,26718,25,1300,cell,100,rome:60:260-0-s115:p0,200,0.17433939666142675,,2391
21100,300,2110,True,rome,100,400.0,coarse,26718,25,1300,cell,100,rome:60:260-0-s115:p0,400,0.21027022980762033,,2391
,300,,False,rome,100,70.71067811865476,coarse,,25,1350,intra_cell,150,rome:60:260-0-s115:p0,0,,no feasible adversarial claim under enabled constraints,2391
22272,300,2095,True,rome,100,170.71067811865476,coarse,26718,25,1350,intra_cell,150,rome:60:260-0-s115:p0,100,0.166404671008309,,2391
20430,300,2043,True,rome,100,270.71067811865476,coarse,26718,25,1350,intra_cell,150,rome:60:260-0-s115:p0,200,0.23534695710756792,,2391
20050,300,2005,True,rome,100,470.71067811865476,coarse,26718,25,1350,intra_cell,150,rome:60:260-0-s115:p0,400,0.24956957856126954,,2391
,60,,False,rome,100,0.0,medium,,25,1300,cell,100,rome:60:260-0-s115:p0,0,,no feasible adversarial claim under enabled constraints,2391
232496,60,2336,True,rome,100,100.0,medium,242872,25,1300,cell,100,rome:60:260-0-s115:p0,100,0.04272209229553016,,2391
228264,60,2382,True,rome,100,200.0,medium,242872,25,1300,cell,100,rome:60:260-0-s115:p0,200,0.060146908659705525,,2391
223006,60,2222,True,rome,100,400.0,medium,242872,25,1300,cell,100,rome:60:260-0-s115:p0,400,0.08179617246944892,,2391
,60,,False,rome,100,70.71067811865476,medium,,25,1350,intra_cell,150,rome:60:260-0-s115:p0,0,,no feasible adversarial claim under enabled constraints,2391
230856,60,2162,True,rome,100,170.71067811865476,medium,242872,25,1350,intra_cell,150,rome:60:260-0-s115:p0,100,0.04947462037616522,,2391
227264,60,2151,True,rome,100,270.71067811865476,medium,242872,25,1350,intra_cell,150,rome:60:260-0-s115:p0,200,0.06426430383082447,,2391
221376,60,2171,True,rome,100,470.71067811865476,medium,242872,25,1350,intra_cell,150,rome:60:260-0-s115:p0,400,0.0885075265983728,,2391
,120,,False,rome,100,0.0,medium,,25,1300,cell,100,rome:60:260-0-s115:p0,0,,no feasible adversarial claim under enabled constraints,2391
23792,120,2203,True,rome,100,100.0,medium,26718,25,1300,cell,100,rome:60:260-0-s115:p0,100,0.1095141851935025,,2391
22841,120,2186,True,rome,100,200.0,medium,26718,25,1300,cell,100,rome:60:260-0-s115:p0,200,0.14510816677895053,,2391
21100,120,2110,True,rome,100,400.0,medium,26718,25,1300,cell,100,rome:60:260-0-s115:p0,400,0.21027022980762033,,2391
,120,,False,rome,100,70.71067811865476,medium,,25,1350,intra_cell,150,rome:60:260-0-s115:p0,0,,no feasible adversarial claim under enabled constraints,2391
22472,120,2093,True,rome,100,170.71067811865476,medium,26718,25,1350,intra_cell,150,rome:60:260-0-s115:p0,100,0.1589190807695187,,2391
21290,120,2043,True,rome,100,270.71067811865476,medium,26718,25,1350,intra_cell,150,rome:60:260-0-s115:p0,200,0.20315891908076952,,2391
20050,120,2005,True,rome,100,470.71067811865476,medium,26718,25,1350,intra_cell,150,rome:60:260-0-s115:p0,400,0.24956957856126954,,2391
,300,,False,rome,100,0.0,medium,,25,1300,cell,100,rome:60:260-0-s115:p0,0,,no feasible adversarial claim under enabled constraints,2391
23792,300,2203,True,rome,100,100.0,medium,26718,25,1300,cell,100,rome:60:260-0-s115:p0,100,0.1095141851935025,,2391
22841,300,2186,True,rome,100,200.0,medium,26718,25,1300,cell,100,rome:60:260-0-s115:p0,200,0.14510816677895053,,2391
21100,300,2110,True,rome,100,400.0,medium,26718,25,1300,cell,100,rome:60:260-0-s115:p0,400,0.21027022980762033,,2391
,300,,False,rome,100,70.71067811865476,medium,,25,1350,intra_cell,150,rome:60:260-0-s115:p0,0,,no feasible adversarial claim under enabled constraints,2391
22472,300,2093,True,rome,100,170.71067811865476,medium,26718,25,1350,intra_cell,150,rome:60:260-0-s115:p0,100,0.1589190807695187,,2391
21290,300,2043,True,rome,100,270.71067811865476,medium,26718,25,1350,intra_cell,150,rome:60:260-0-s115:p0,200,0.20315891908076952,,2391
20050,300,2005,True,rome,100,470.71067811865476,medium,26718,25,1350,intra_cell,150,rome:60:260-0-s115:p0,400,0.24956957856126954,,2391
,60,,False,rome,100,0.0,fine,,25,1300,cell,100,rome:60:260-0-s115:p0,0,,no feasible adversarial claim under enabled constraints,2391
232496,60,2336,True,rome,100,100.0,fine,242872,25,1300,cell,100,rome:60:260-0-s115:p0,100,0.04272209229553016,,2391
228264,60,2382,True,rome,100,200.0,fine,242872,25,1300,cell,100,rome:60:260-0-s115:p0,200,0.060146908659705525,,2391
223006,60,2222,True,rome,100,400.0,fine,242872,25,1300,cell,100,rome:60:260-0-s115:p0,400,0.08179617246944892,,2391
,60,,False,rome,100,70.71067811865476,fine,,25,1350,intra_cell,150,rome:60:260-0-s115:p0,0,,no feasible adversarial claim under enabled constraints,2391
230856,60,2162,True,rome,100,170.71067811865476,fine,242872,25,1350,intra_cell,150,rome:60:260-0-s115:p0,100,0.04947462037616522,,2391
227264,60,2151,True,rome,100,270.71067811865476,fine,242872,25,1350,intra_cell,150,rome:60:260-0-s115:p0,200,0.06426430383082447,,2391
221376,60,2171,True,rome,100,470.71067811865476,fine,242872,25,1350,intra_cell,150,rome:60:260-0-s115:p0,400,0.0885075265983728,,2391
,120,,False,rome,100,0.0,fine,,25,1300,cell,100,rome:60:260-0-s115:p0,0,,no feasible adversarial claim under enabled constraints,2391
23792,120,2203,True,rome,100,100.0,fine,26718,25,1300,cell,100,rome:60:260-0-s115:p0,100,0.1095141851935025,,2391
22452,120,2132,True,rome,100,200.0,fine,26718,25,1300,cell,100,rome:60:260-0-s115:p0,200,0.1596676397933977,,2391
21100,120,2110,True,rome,100,400.0,fine,26718,25,1300,cell,100,rome:60:260-0-s115:p0,400,0.21027022980762033,,2391
,120,,False,rome,100,70.71067811865476,fine,,25,1350,intra_cell,150,rome:60:260-0-s115:p0,0,,no feasible adversarial claim under enabled constraints,2391
22372,120,2105,True,rome,100,170.71067811865476,fine,26718,25,1350,intra_cell,150,rome:60:260-0-s115:p0,100,0.16266187588891384,,2391
21440,120,2044,True,rome,100,270.71067811865476,fine,26718,25,1350,intra_cell,150,rome:60:260-0-s115:p0,200,0.19754472640167678,,2391
20050,120,2005,True,rome,100,470.71067811865476,fine,26718,25,1350,intra_cell,150,rome:60:260-0-s115:p0,400,0.24956957856126954,,2391
,300,,False,rome,100,0.0,fine,,25,1300,cell,100,rome:60:260-0-s115:p0,0,,no feasible adversarial claim under enabled constraints,2391
23792,300,2203,True,rome,100,100.0,fine,26718,25,1300,cell,100,rome:60:260-0-s115:p0,100,0.1095141851935025,,2391
22452,300,2132,True,rome,100,200.0,fine,26718,25,1300,cell,100,rome:60:260-0-s115:p0,200,0.1596676397933977,,2391
21100,300,2110,True,rome,100,400.0,fine,26718,25,1300,cell,100,rome:60:260-0-s115:p0,400,0.21027022980762033,,2391
,300,,False,rome,100,70.71067811865476,fine,,25,1350,intra_cell,150,rome:60:260-0-s115:p0,0,,no feasible adversarial claim under enabled constraints,2391
22372,300,2105,True,rome,100,170.71067811865476,fine,26718,25,1350,intra_cell,150,rome:60:260-0-s115:p0,100,0.16266187588891384,,2391
21440,300,2044,True,rome,100,270.71067811865476,fine,26718,25,1350,intra_cell,150,rome:60:260-0-s115:p0,200,0.19754472640167678,,2391
20050,300,2005,True,rome,100,470.71067811865476,fine,26718,25,1350,intra_cell,150,rome:60:260-0-s115:p0,400,0.24956957856126954,,2391
,60,,False,rome,100,0.0,coarse,,25,1300,cell,100,rome:60:268-0-s46:p0,0,,no feasible adversarial claim under enabled constraints,780
122376,60,741,True,rome,100,100.0,coarse,130512,25,1300,cell,100,rome:60:268-0-s46:p0,100,0.06233909525560868,,780
121176,60,724,True,rome,100,200.0,coarse,130512,25,1300,cell,100,rome:60:268-0-s46:p0,200,0.07153365207796984,,780
121176,60,683,True,rome,100,400.0,coarse,130512,25,1300,cell,100,rome:60:268-0-s46:p0,400,0.07153365207796984,,780
,60,,False,rome,100,70.71067811865476,coarse,,25,1350,intra_cell,150,rome:60:268-0-s46:p0,0,,no feasible adversarial claim under enabled constraints,780
122376,60,624,True,rome,100,170.71067811865476,coarse,130512,25,1350,intra_cell,150,rome:60:268-0-s46:p0,100,0.06233909525560868,,780
121176,60,624,True,rome,100,270.71067811865476,coarse,130512,25,1350,intra_cell,150,rome:60:268-0-s46:p0,200,0.07153365207796984,,780
121176,60,600,True,rome,100,470.71067811865476,coarse,130512,25,1350,intra_cell,150,rome:60:268-0-s46:p0,400,0.07153365207796984,,780
,120,,False,rome,100,0.0,coarse,,25,1300,cell,100,rome:60:268-0-s46:p0,0,,no feasible adversarial claim under enabled constraints,780
8196,120,683,True,rome,100,100.0,coarse,9360,25,1300,cell,100,rome:60:268-0-s46:p0,100,0.12435897435897436,,780
7728,120,644,True,rome,100,200.0,coarse,9360,25,1300,cell,100,rome:60:268-0-s46:p0,200,0.17435897435897435,,780
7728,120,644,True,rome,100,400.0,coarse,9360,25,1300,cell,100,rome:60:268-0-s46:p0,400,0.17435897435897435,,780
,120,,False,rome,100,70.71067811865476,coarse,,25,1350,intra_cell,150,rome:60:268-0-s46:p0,0,,no feasible adversarial claim under enabled constraints,780
6732,120,561,True,rome,100,170.71067811865476,coarse,9360,25,1350,intra_cell,150,rome:60:268-0-s46:p0,100,0.28076923076923077,,780
6732,120,561,True,rome,100,270.71067811865476,coarse,9360,25,1350,intra_cell,150,rome:60:268-0-s46:p0,200,0.28076923076923077,,780
6732,120,561,True,rome,100,470.71067811865476,coarse,9360,25,1350,intra_cell,150,rome:60:268-0-s46:p0,400,0.28076923076923077,,780
,300,,False,rome,100,0.0,coarse,,25,1300,cell,100,rome:60:268-0-s46:p0,0,,no feasible adversarial claim under enabled constraints,780
8196,300,683,True,rome,100,100.0,coarse,9360,25,1300,cell,100,rome:60:268-0-s46:p0,100,0.12435897435897436,,780
7728,300,644,True,rome,100,200.0,coarse,9360,25,1300,cell,100,rome:60:268-0-s46:p0,200,0.17435897435897435,,780
7728,300,644,True,rome,100,400.0,coarse,9360,25,1300,cell,100,rome:60:268-0-s46:p0,400,0.17435897435897435,,780
,300,,False,rome,100,70.71067811865476,coarse,,25,1350,intra_cell,150,rome:60:268-0-s46:p0,0,,no feasible adversarial claim under enabled constraints,780
6732,300,561,True,rome,100,170.71067811865476,coarse,9360,25,1350,intra_cell,150,rome:60:268-0-s46:p0,100,0.28076923076923077,,780
6732,300,561,True,rome,100,270.71067811865476,coarse,9360,25,1350,intra_cell,150,rome:60:268-0-s46:p0,200,0.28076923076923077,,780
6732,300,561,True,rome,100,470.71067811865476,coarse,9360,25,1350,intra_cell,150,rome:60:268-0-s46:p0,400,0.28076923076923077,,780
,60,,False,rome,100,0.0,medium,,25,1300,cell,100,rome:60:268-0-s46:p0,0,,no feasible adversarial claim under enabled constraints,780
122376,60,741,True,rome,100,100.0,medium,130512,25,1300,cell,100,rome:60:268-0-s46:p0,100,0.06233909525560868,,780
121176,60,724,True,rome,100,200.0,medium,130512,25,1300,cell,100,rome:60:268-0-s46:p0,200,0.07153365207796984,,780
121176,60,683,True,rome,100,400.0,medium,130512,25,1300,cell,100,rome:60:268-0-s46:p0,400,0.07153365207796984,,780
,60,,False,rome,100,70.71067811865476,medium,,25,1350,intra_cell,150,rome:60:268-0-s46:p0,0,,no feasible adversarial claim under enabled constraints,780
122376,60,624,True,rome,100,170.71067811865476,medium,130512,25,1350,intra_cell,150,rome:60:268-0-s46:p0,100,0.06233909525560868,,780
121176,60,624,True,rome,100,270.71067811865476,medium,130512,25,1350,intra_cell,150,rome:60:268-0-s46:p0,200,0.07153365207796984,,780
121176,60,600,True,rome,100,470.71067811865476,medium,130512,25,1350,intra_cell,150,rome:60:268-0-s46:p0,400,0.07153365207796984,,780
,120,,False,rome,100,0.0,medium,,25,1300,cell,100,rome:60:268-0-s46:p0,0,,no feasible adversarial claim under enabled constraints,780
8196,120,683,True,rome,100,100.0,medium,9360,25,1300,cell,100,rome:60:268-0-s46:p0,100,0.12435897435897436,,780
7367,120,644,True,rome,100,200.0,medium,9360,25,1300,cell,100,rome:60:268-0-s46:p0,200,0.21292735042735042,,780
7271,120,661,True,rome,100,400.0,medium,9360,25,1300,cell,100,rome:60:268-0-s46:p0,400,0.2231837606837607,,780
,120,,False,rome,100,70.71067811865476,medium,,25,1350,intra_cell,150,rome:60:268-0-s46:p0,0,,no feasible adversarial claim under enabled constraints,780
6632,120,561,True,rome,100,170.71067811865476,medium,9360,25,1350,intra_cell,150,rome:60:268-0-s46:p0,100,0.2914529914529915,,780
6171,120,561,True,rome,100,270.71067811865476,medium,9360,25,1350,intra_cell,150,rome:60:268-0-s46:p0,200,0.3407051282051282,,780
6171,120,561,True,rome,100,470.71067811865476,medium,9360,25,1350,intra_cell,150,rome:60:268-0-s46:p0,400,0.3407051282051282,,780
,300,,False,rome,100,0.0,medium,,25,1300,cell,100,rome:60:268-0-s46:p0,0,,no feasible adversarial claim under enabled constraints,780
8196,300,683,True,rome,100,100.0,medium,9360,25,1300,cell,100,rome:60:268-0-s46:p0,100,0.12435897435897436,,780
7367,300,644,True,rome,100,200.0,medium,9360,25,1300,cell,100,rome:60:268-0-s46:p0,200,0.21292735042735042,,780
7271,300,661,True,rome,100,400.0,medium,9360,25,1300,cell,100,rome:60:268-0-s46:p0,400,0.2231837606837607,,780
,300,,False,rome,100,70.71067811865476,medium,,25,1350,intra_cell,150,rome:60:268-0-s46:p0,0,,no feasible adversarial claim under enabled constraints,780
6632,300,561,True,rome,100,170.71067811865476,medium,9360,25,1350,intra_cell,150,rome:60:268-0-s46:p0,100,0.2914529914529915,,780
6171,300,561,True,rome,100,270.71067811865476,medium,9360,25,1350,intra_cell,150,rome:60:268-0-s46:p0,200,0.3407051282051282,,780
6171,300,561,True,rome,100,470.71067811865476,medium,9360,25,1350,intra_cell,150,rome:60:268-0-s46:p0,400,0.3407051282051282,,780
,60,,False,rome,100,0.0,fine,,25,1300,cell,100,rome:60:268-0-s46:p0,0,,no feasible adversarial claim under enabled constraints,780
122376,60,741,True,rome,100,100.0,fine,130512,25,1300,cell,100,rome:60:268-0-s46:p0,100,0.06233909525560868,,780
121176,60,724,True,rome,100,200.0,fine,130512,25,1300,cell,100,rome:60:268-0-s46:p0,200,0.07153365207796984,,780
121176,60,683,True,rome,100,400.0,fine,130512,25,1300,cell,100,rome:60:268-0-s46:p0,400,0.07153365207796984,,780
,60,,False,rome,100,70.71067811865476,fine,,25,1350,intra_cell,150,rome:60:268-0-s46:p0,0,,no feasible adversarial claim under enabled constraints,780
122376,60,624,True,rome,100,170.71067811865476,fine,130512,25,1350,intra_cell,150,rome:60:268-0-s46:p0,100,0.06233909525560868,,780
121176,60,624,True,rome,100,270.71067811865476,fine,130512,25,1350,intra_cell,150,rome:60:268-0-s46:p0,200,0.07153365207796984,,780
121176,60,600,True,rome,100,470.71067811865476,fine,130512,25,1350,intra_cell,150,rome:60:268-0-s46:p0,400,0.07153365207796984,,780
,120,,False,rome,100,0.0,fine,,25,1300,cell,100,rome:60:268-0-s46:p0,0,,no feasible adversarial claim under enabled constraints,780
8196,120,683,True,rome,100,100.0,fine,9360,25,1300,cell,100,rome:60:268-0-s46:p0,100,0.12435897435897436,,780
7630,120,683,True,rome,100,200.0,fine,9360,25,1300,cell,100,rome:60:268-0-s46:p0,200,0.18482905982905984,,780
6610,120,661,True,rome,100,400.0,fine,9360,25,1300,cell,100,rome:60:268-0-s46:p0,400,0.2938034188034188,,780
,120,,False,rome,100,70.71067811865476,fine,,25,1350,intra_cell,150,rome:60:268-0-s46:p0,0,,no feasible adversarial claim under enabled constraints,780
6732,120,561,True,rome,100,170.71067811865476,fine,9360,25,1350,intra_cell,150,rome:60:268-0-s46:p0,100,0.28076923076923077,,780
6010,120,561,True,rome,100,270.71067811865476,fine,9360,25,1350,intra_cell,150,rome:60:268-0-s46:p0,200,0.3579059829059829,,780
5610,120,561,True,rome,100,470.71067811865476,fine,9360,25,1350,intra_cell,150,rome:60:268-0-s46:p0,400,0.40064102564102566,,780
,300,,False,rome,100,0.0,fine,,25,1300,cell,100,rome:60:268-0-s46:p0,0,,no feasible adversarial claim under enabled constraints,780
8196,300,683,True,rome,100,100.0,fine,9360,25,1300,cell,100,rome:60:268-0-s46:p0,100,0.12435897435897436,,780
7630,300,683,True,rome,100,200.0,fine,9360,25,1300,cell,100,rome:60:268-0-s46:p0,200,0.18482905982905984,,780
6610,300,661,True,rome,100,400.0,fine,9360,25,1300,cell,100,rome:60:268-0-s46:p0,400,0.2938034188034188,,780
,300,,False,rome,100,70.71067811865476,fine,,25,1350,intra_cell,150,rome:60:268-0-s46:p0,0,,no feasible adversarial claim under enabled constraints,780
6732,300,561,True,rome,100,170.71067811865476,fine,9360,25,1350,intra_cell,150,rome:60:268-0-s46:p0,100,0.28076923076923077,,780
6010,300,561,True,rome,100,270.71067811865476,fine,9360,25,1350,intra_cell,150,rome:60:268-0-s46:p0,200,0.3579059829059829,,780
5610,300,561,True,rome,100,470.71067811865476,fine,9360,25,1350,intra_cell,150,rome:60:268-0-s46:p0,400,0.40064102564102566,,780
,60,,False,rome,100,0.0,coarse,,25,1300,cell,100,rome:60:275-0-s235:p0,0,,no feasible adversarial claim under enabled constraints,665
28344,60,616,True,rome,100,100.0,coarse,31896,25,1300,cell,100,rome:60:275-0-s235:p0,100,0.11136192626034612,,665
26952,60,561,True,rome,100,200.0,coarse,31896,25,1300,cell,100,rome:60:275-0-s235:p0,200,0.15500376222723852,,665
24552,60,583,True,rome,100,400.0,coarse,31896,25,1300,cell,100,rome:60:275-0-s235:p0,400,0.23024830699774265,,665
,60,,False,rome,100,70.71067811865476,coarse,,25,1350,intra_cell,150,rome:60:275-0-s235:p0,0,,no feasible adversarial claim under enabled constraints,665
26952,60,483,True,rome,100,170.71067811865476,coarse,31896,25,1350,intra_cell,150,rome:60:275-0-s235:p0,100,0.15500376222723852,,665
25752,60,500,True,rome,100,270.71067811865476,coarse,31896,25,1350,intra_cell,150,rome:60:275-0-s235:p0,200,0.1926260346124906,,665
24552,60,500,True,rome,100,470.71067811865476,coarse,31896,25,1350,intra_cell,150,rome:60:275-0-s235:p0,400,0.23024830699774265,,665
,120,,False,rome,100,0.0,coarse,,25,1300,cell,100,rome:60:275-0-s235:p0,0,,no feasible adversarial claim under enabled constraints,665
6732,120,561,True,rome,100,100.0,coarse,7980,25,1300,cell,100,rome:60:275-0-s235:p0,100,0.15639097744360902,,665
6732,120,561,True,rome,100,200.0,coarse,7980,25,1300,cell,100,rome:60:275-0-s235:p0,200,0.15639097744360902,,665
6732,120,561,True,rome,100,400.0,coarse,7980,25,1300,cell,100,rome:60:275-0-s235:p0,400,0.15639097744360902,,665
,120,,False,rome,100,70.71067811865476,coarse,,25,1350,intra_cell,150,rome:60:275-0-s235:p0,0,,no feasible adversarial claim under enabled constraints,665
5532,120,461,True,rome,100,170.71067811865476,coarse,7980,25,1350,intra_cell,150,rome:60:275-0-s235:p0,100,0.3067669172932331,,665
5532,120,461,True,rome,100,270.71067811865476,coarse,7980,25,1350,intra_cell,150,rome:60:275-0-s235:p0,200,0.3067669172932331,,665
5532,120,461,True,rome,100,470.71067811865476,coarse,7980,25,1350,intra_cell,150,rome:60:275-0-s235:p0,400,0.3067669172932331,,665
,300,,False,rome,100,0.0,coarse,,25,1300,cell,100,rome:60:275-0-s235:p0,0,,no feasible adversarial claim under enabled constraints,665
6732,300,561,True,rome,100,100.0,coarse,7980,25,1300,cell,100,rome:60:275-0-s235:p0,100,0.15639097744360902,,665
6732,300,561,True,rome,100,200.0,coarse,7980,25,1300,cell,100,rome:60:275-0-s235:p0,200,0.15639097744360902,,665
6732,300,561,True,rome,100,400.0,coarse,7980,25,1300,cell,100,rome:60:275-0-s235:p0,400,0.15639097744360902,,665
,300,,False,rome,100,70.71067811865476,coarse,,25,1350,intra_cell,150,rome:60:275-0-s235:p0,0,,no feasible adversarial claim under enabled constraints,665
5532,300,461,True,rome,100,170.71067811865476,coarse,7980,25,1350,intra_cell,150,rome:60:275-0-s235:p0,100,0.3067669172932331,,665
5532,300,461,True,rome,100,270.71067811865476,coarse,7980,25,1350,intra_cell,150,rome:60:275-0-s235:p0,200,0.3067669172932331,,665
5532,300,461,True,rome,100,470.71067811865476,coarse,7980,25,1350,intra_cell,150,rome:60:275-0-s235:p0,400,0.3067669172932331,,665
,60,,False,rome,100,0.0,medium,,25,1300,cell,100,rome:60:275-0-s235:p0,0,,no feasible adversarial claim under enabled constraints,665
28344,60,616,True,rome,100,100.0,medium,31896,25,1300,cell,100,rome:60:275-0-s235:p0,100,0.11136192626034612,,665
26952,60,561,True,rome,100,200.0,medium,31896,25,1300,cell,100,rome:60:275-0-s235:p0,200,0.15500376222723852,,665
24552,60,583,True,rome,100,400.0,medium,31896,25,1300,cell,100,rome:60:275-0-s235:p0,400,0.23024830699774265,,665
,60,,False,rome,100,70.71067811865476,medium,,25,1350,intra_cell,150,rome:60:275-0-s235:p0,0,,no feasible adversarial claim under enabled constraints,665
26952,60,483,True,rome,100,170.71067811865476,medium,31896,25,1350,intra_cell,150,rome:60:275-0-s235:p0,100,0.15500376222723852,,665
25752,60,500,True,rome,100,270.71067811865476,medium,31896,25,1350,intra_cell,150,rome:60:275-0-s235:p0,200,0.1926260346124906,,665
24552,60,500,True,rome,100,470.71067811865476,medium,31896,25,1350,intra_cell,150,rome:60:275-0-s235:p0,400,0.23024830699774265,,665
,120,,False,rome,100,0.0,medium,,25,1300,cell,100,rome:60:275-0-s235:p0,0,,no feasible adversarial claim under enabled constraints,665
6732,120,561,True,rome,100,100.0,medium,7980,25,1300,cell,100,rome:60:275-0-s235:p0,100,0.15639097744360902,,665
6732,120,561,True,rome,100,200.0,medium,7980,25,1300,cell,100,rome:60:275-0-s235:p0,200,0.15639097744360902,,665
6732,120,561,True,rome,100,400.0,medium,7980,25,1300,cell,100,rome:60:275-0-s235:p0,400,0.15639097744360902,,665
,120,,False,rome,100,70.71067811865476,medium,,25,1350,intra_cell,150,rome:60:275-0-s235:p0,0,,no feasible adversarial claim under enabled constraints,665
5532,120,461,True,rome,100,170.71067811865476,medium,7980,25,1350,intra_cell,150,rome:60:275-0-s235:p0,100,0.3067669172932331,,665
5532,120,461,True,rome,100,270.71067811865476,medium,7980,25,1350,intra_cell,150,rome:60:275-0-s235:p0,200,0.3067669172932331,,665
5532,120,461,True,rome,100,470.71067811865476,medium,7980,25,1350,intra_cell,150,rome:60:275-0-s235:p0,400,0.3067669172932331,,665
,300,,False,rome,100,0.0,medium,,25,1300,cell,100,rome:60:275-0-s235:p0,0,,no feasible adversarial claim under enabled constraints,665
6732,300,561,True,rome,100,100.0,medium,7980,25,1300,cell,100,rome:60:275-0-s235:p0,100,0.15639097744360902,,665
6732,300,561,True,rome,100,200.0,medium,7980,25,1300,cell,100,rome:60:275-0-s235:p0,200,0.15639097744360902,,665
6732,300,561,True,rome,100,400.0,medium,7980,25,1300,cell,100,rome:60:275-0-s235:p0,400,0.15639097744360902,,665
,300,,False,rome,100,70.71067811865476,medium,,25,1350,intra_cell,150,rome:60:275-0-s235:p0,0,,no feasible adversarial claim under enabled constraints,665
5532,300,461,True,rome,100,170.71067811865476,medium,7980,25,1350,intra_cell,150,rome:60:275-0-s235:p0,100,0.3067669172932331,,665
5532,300,461,True,rome,100,270.71067811865476,medium,7980,25,1350,intra_cell,150,rome:60:275-0-s235:p0,200,0.3067669172932331,,665
5532,300,461,True,rome,100,470.71067811865476,medium,7980,25,1350,intra_cell,150,rome:60:275-0-s235:p0,400,0.3067669172932331,,665
,60,,False,rome,100,0.0,fine,,25,1300,cell,100,rome:60:275-0-s235:p0,0,,no feasible adversarial claim under enabled constraints,665
28344,60,616,True,rome,100,100.0,fine,31896,25,1300,cell,100,rome:60:275-0-s235:p0,100,0.11136192626034612,,665
26952,60,561,True,rome,100,200.0,fine,31896,25,1300,cell,100,rome:60:275-0-s235:p0,200,0.15500376222723852,,665
24552,60,583,True,rome,100,400.0,fine,31896,25,1300,cell,100,rome:60:275-0-s235:p0,400,0.23024830699774265,,665
,60,,False,rome,100,70.71067811865476,fine,,25,1350,intra_cell,150,rome:60:275-0-s235:p0,0,,no feasible adversarial claim under enabled constraints,665
26952,60,483,True,rome,100,170.71067811865476,fine,31896,25,1350,intra_cell,150,rome:60:275-0-s235:p0,100,0.15500376222723852,,665
25752,60,500,True,rome,100,270.71067811865476,fine,31896,25,1350,intra_cell,150,rome:60:275-0-s235:p0,200,0.1926260346124906,,665
24552,60,500,True,rome,100,470.71067811865476,fine,31896,25,1350,intra_cell,150,rome:60:275-0-s235:p0,400,0.23024830699774265,,665
,120,,False,rome,100,0.0,fine,,25,1300,cell,100,rome:60:275-0-s235:p0,0,,no feasible adversarial claim under enabled constraints,665
6732,120,561,True,rome,100,100.0,fine,7980,25,1300,cell,100,rome:60:275-0-s235:p0,100,0.15639097744360902,,665
6732,120,561,True,rome,100,200.0,fine,7980,25,1300,cell,100,rome:60:275-0-s235:p0,200,0.15639097744360902,,665
6732,120,561,True,rome,100,400.0,fine,7980,25,1300,cell,100,rome:60:275-0-s235:p0,400,0.15639097744360902,,665
,120,,False,rome,100,70.71067811865476,fine,,25,1350,intra_cell,150,rome:60:275-0-s235:p0,0,,no feasible adversarial claim under enabled constraints,665
5532,120,461,True,rome,100,170.71067811865476,fine,7980,25,1350,intra_cell,150,rome:60:275-0-s235:p0,100,0.3067669172932331,,665
5532,120,461,True,rome,100,270.71067811865476,fine,7980,25,1350,intra_cell,150,rome:60:275-0-s235:p0,200,0.3067669172932331,,665
5332,120,461,True,rome,100,470.71067811865476,fine,7980,25,1350,intra_cell,150,rome:60:275-0-s235:p0,400,0.3318295739348371,,665
,300,,False,rome,100,0.0,fine,,25,1300,cell,100,rome:60:275-0-s235:p0,0,,no feasible adversarial claim under enabled constraints,665
6732,300,561,True,rome,100,100.0,fine,7980,25,1300,cell,100,rome:60:275-0-s235:p0,100,0.15639097744360902,,665
6732,300,561,True,rome,100,200.0,fine,7980,25,1300,cell,100,rome:60:275-0-s235:p0,200,0.15639097744360902,,665
6732,300,561,True,rome,100,400.0,fine,7980,25,1300,cell,100,rome:60:275-0-s235:p0,400,0.15639097744360902,,665
,300,,False,rome,100,70.71067811865476,fine,,25,1350,intra_cell,150,rome:60:275-0-s235:p0,0,,no feasible adversarial claim under enabled constraints,665
5532,300,461,True,rome,100,170.71067811865476,fine,7980,25,1350,intra_cell,150,rome:60:275-0-s235:p0,100,0.3067669172932331,,665
5532,300,461,True,rome,100,270.71067811865476,fine,7980,25,1350,intra_cell,150,rome:60:275-0-s235:p0,200,0.3067669172932331,,665
5332,300,461,True,rome,100,470.71067811865476,fine,7980,25,1350,intra_cell,150,rome:60:275-0-s235:p0,400,0.3318295739348371,,665
,60,,False,rome,100,0.0,coarse,,25,1300,cell,100,rome:60:275-0-s376:p0,0,,no feasible adversarial claim under enabled constraints,1968
88860,60,1900,True,rome,100,100.0,coarse,95940,25,1300,cell,100,rome:60:275-0-s376:p0,100,0.07379612257661038,,1968
82656,60,1899,True,rome,100,200.0,coarse,95940,25,1300,cell,100,rome:60:275-0-s376:p0,200,0.13846153846153847,,1968
73260,60,1886,True,rome,100,400.0,coarse,95940,25,1300,cell,100,rome:60:275-0-s376:p0,400,0.23639774859287055,,1968
,60,,False,rome,100,70.71067811865476,coarse,,25,1350,intra_cell,150,rome:60:275-0-s376:p0,0,,no feasible adversarial claim under enabled constraints,1968
84984,60,1743,True,rome,100,170.71067811865476,coarse,95940,25,1350,intra_cell,150,rome:60:275-0-s376:p0,100,0.1141963727329581,,1968
79992,60,1695,True,rome,100,270.71067811865476,coarse,95940,25,1350,intra_cell,150,rome:60:275-0-s376:p0,200,0.16622889305816135,,1968
73260,60,1802,True,rome,100,470.71067811865476,coarse,95940,25,1350,intra_cell,150,rome:60:275-0-s376:p0,400,0.23639774859287055,,1968
,120,,False,rome,100,0.0,coarse,,25,1300,cell,100,rome:60:275-0-s376:p0,0,,no feasible adversarial claim under enabled constraints,1968
21864,120,1822,True,rome,100,100.0,coarse,23616,25,1300,cell,100,rome:60:275-0-s376:p0,100,0.0741869918699187,,1968
21048,120,1754,True,rome,100,200.0,coarse,23616,25,1300,cell,100,rome:60:275-0-s376:p0,200,0.10873983739837398,,1968
20724,120,1727,True,rome,100,400.0,coarse,23616,25,1300,cell,100,rome:60:275-0-s376:p0,400,0.12245934959349593,,1968
,120,,False,rome,100,70.71067811865476,coarse,,25,1350,intra_cell,150,rome:60:275-0-s376:p0,0,,no feasible adversarial claim under enabled constraints,1968
19992,120,1666,True,rome,100,170.71067811865476,coarse,23616,25,1350,intra_cell,150,rome:60:275-0-s376:p0,100,0.15345528455284552,,1968
19728,120,1644,True,rome,100,270.71067811865476,coarse,23616,25,1350,intra_cell,150,rome:60:275-0-s376:p0,200,0.16463414634146342,,1968
19728,120,1644,True,rome,100,470.71067811865476,coarse,23616,25,1350,intra_cell,150,rome:60:275-0-s376:p0,400,0.16463414634146342,,1968
,300,,False,rome,100,0.0,coarse,,25,1300,cell,100,rome:60:275-0-s376:p0,0,,no feasible adversarial claim under enabled constraints,1968
21864,300,1822,True,rome,100,100.0,coarse,23616,25,1300,cell,100,rome:60:275-0-s376:p0,100,0.0741869918699187,,1968
21048,300,1754,True,rome,100,200.0,coarse,23616,25,1300,cell,100,rome:60:275-0-s376:p0,200,0.10873983739837398,,1968
20724,300,1727,True,rome,100,400.0,coarse,23616,25,1300,cell,100,rome:60:275-0-s376:p0,400,0.12245934959349593,,1968
,300,,False,rome,100,70.71067811865476,coarse,,25,1350,intra_cell,150,rome:60:275-0-s376:p0,0,,no feasible adversarial claim under enabled constraints,1968
19992,300,1666,True,rome,100,170.71067811865476,coarse,23616,25,1350,intra_cell,150,rome:60:275-0-s376:p0,100,0.15345528455284552,,1968
19728,300,1644,True,rome,100,270.71067811865476,coarse,23616,25,1350,intra_cell,150,rome:60:275-0-s376:p0,200,0.16463414634146342,,1968
19728,300,1644,True,rome,100,470.71067811865476,coarse,23616,25,1350,intra_cell,150,rome:60:275-0-s376:p0,400,0.16463414634146342,,1968
,60,,False,rome,100,0.0,medium,,25,1300,cell,100,rome:60:275-0-s376:p0,0,,no feasible adversarial claim under enabled constraints,1968
88860,60,1900,True,rome,100,100.0,medium,95940,25,1300,cell,100,rome:60:275-0-s376:p0,100,0.07379612257661038,,1968
82656,60,1899,True,rome,100,200.0,medium,95940,25,1300,cell,100,rome:60:275-0-s376:p0,200,0.13846153846153847,,1968
73260,60,1886,True,rome,100,400.0,medium,95940,25,1300,cell,100,rome:60:275-0-s376:p0,400,0.23639774859287055,,1968
,60,,False,rome,100,70.71067811865476,medium,,25,1350,intra_cell,150,rome:60:275-0-s376:p0,0,,no feasible adversarial claim under enabled constraints,1968
84984,60,1743,True,rome,100,170.71067811865476,medium,95940,25,1350,intra_cell,150,rome:60:275-0-s376:p0,100,0.1141963727329581,,1968
79992,60,1695,True,rome,100,270.71067811865476,medium,95940,25,1350,intra_cell,150,rome:60:275-0-s376:p0,200,0.16622889305816135,,1968
73260,60,1802,True,rome,100,470.71067811865476,medium,95940,25,1350,intra_cell,150,rome:60:275-0-s376:p0,400,0.23639774859287055,,1968
,120,,False,rome,100,0.0,medium,,25,1300,cell,100,rome:60:275-0-s376:p0,0,,no feasible adversarial claim under enabled constraints,1968
21503,120,1822,True,rome,100,100.0,medium,23616,25,1300,cell,100,rome:60:275-0-s376:p0,100,0.08947323848238482,,1968
20831,120,1766,True,rome,100,200.0,medium,23616,25,1300,cell,100,rome:60:275-0-s376:p0,200,0.11792852303523035,,1968
20258,120,1776,True,rome,100,400.0,medium,23616,25,1300,cell,100,rome:60:275-0-s376:p0,400,0.14219173441734417,,1968
,120,,False,rome,100,70.71067811865476,medium,,25,1350,intra_cell,150,rome:60:275-0-s376:p0,0,,no feasible adversarial claim under enabled constraints,1968
19835,120,1683,True,rome,100,170.71067811865476,medium,23616,25,1350,intra_cell,150,rome:60:275-0-s376:p0,100,0.16010331978319783,,1968
19446,120,1684,True,rome,100,270.71067811865476,medium,23616,25,1350,intra_cell,150,rome:60:275-0-s376:p0,200,0.17657520325203252,,1968
19158,120,1676,True,rome,100,470.71067811865476,medium,23616,25,1350,intra_cell,150,rome:60:275-0-s376:p0,400,0.18877032520325204,,1968
,300,,False,rome,100,0.0,medium,,25,1300,cell,100,rome:60:275-0-s376:p0,0,,no feasible adversarial claim under enabled constraints,1968
21503,300,1822,True,rome,100,100.0,medium,23616,25,1300,cell,100,rome:60:275-0-s376:p0,100,0.08947323848238482,,1968
20831,300,1766,True,rome,100,200.0,medium,23616,25,1300,cell,100,rome:60:275-0-s376:p0,200,0.11792852303523035,,1968
20258,300,1776,True,rome,100,400.0,medium,23616,25,1300,cell,100,rome:60:275-0-s376:p0,400,0.14219173441734417,,1968
,300,,False,rome,100,70.71067811865476,medium,,25,1350,intra_cell,150,rome:60:275-0-s376:p0,0,,no feasible adversarial claim under enabled constraints,1968
19835,300,1683,True,rome,100,170.71067811865476,medium,23616,25,1350,intra_cell,150,rome:60:275-0-s376:p0,100,0.16010331978319783,,1968
19446,300,1684,True,rome,100,270.71067811865476,medium,23616,25,1350,intra_cell,150,rome:60:275-0-s376:p0,200,0.17657520325203252,,1968
19158,300,1676,True,rome,100,470.71067811865476,medium,23616,25,1350,intra_cell,150,rome:60:275-0-s376:p0,400,0.18877032520325204,,1968
,60,,False,rome,100,0.0,fine,,25,1300,cell,100,rome:60:275-0-s376:p0,0,,no feasible adversarial claim under enabled constraints,1968
88564,60,1928,True,rome,100,100.0,fine,95354,25,1300,cell,100,rome:60:275-0-s376:p0,100,0.07120833945088827,,1968
82656,60,1899,True,rome,100,200.0,fine,95354,25,1300,cell,100,rome:60:275-0-s376:p0,200,0.13316693583908384,,1968
73260,60,1886,True,rome,100,400.0,fine,95354,25,1300,cell,100,rome:60:275-0-s376:p0,400,0.23170501499674895,,1968
,60,,False,rome,100,70.71067811865476,fine,,25,1350,intra_cell,150,rome:60:275-0-s376:p0,0,,no feasible adversarial claim under enabled constraints,1968
84984,60,1743,True,rome,100,170.71067811865476,fine,95354,25,1350,intra_cell,150,rome:60:275-0-s376:p0,100,0.10875264802735071,,1968
79992,60,1695,True,rome,100,270.71067811865476,fine,95354,25,1350,intra_cell,150,rome:60:275-0-s376:p0,200,0.1611049352937475,,1968
73260,60,1802,True,rome,100,470.71067811865476,fine,95354,25,1350,intra_cell,150,rome:60:275-0-s376:p0,400,0.23170501499674895,,1968
,120,,False,rome,100,0.0,fine,,25,1300,cell,100,rome:60:275-0-s376:p0,0,,no feasible adversarial claim under enabled constraints,1968
21142,120,1822,True,rome,100,100.0,fine,23030,25,1300,cell,100,rome:60:275-0-s376:p0,100,0.08198002605297439,,1968
20470,120,1766,True,rome,100,200.0,fine,23030,25,1300,cell,100,rome:60:275-0-s376:p0,200,0.11115935735996527,,1968
19204,120,1776,True,rome,100,400.0,fine,23030,25,1300,cell,100,rome:60:275-0-s376:p0,400,0.1661311333043856,,1968
,120,,False,rome,100,70.71067811865476,fine,,25,1350,intra_cell,150,rome:60:275-0-s376:p0,0,,no feasible adversarial claim under enabled constraints,1968
19474,120,1683,True,rome,100,170.71067811865476,fine,23030,25,1350,intra_cell,150,rome:60:275-0-s376:p0,100,0.15440729483282675,,1968
19006,120,1644,True,rome,100,270.71067811865476,fine,23030,25,1350,intra_cell,150,rome:60:275-0-s376:p0,200,0.1747286148501954,,1968
17884,120,1644,True,rome,100,470.71067811865476,fine,23030,25,1350,intra_cell,150,rome:60:275-0-s376:p0,400,0.22344767694311768,,1968
,300,,False,rome,100,0.0,fine,,25,1300,cell,100,rome:60:275-0-s376:p0,0,,no feasible adversarial claim under enabled constraints,1968
21142,300,1822,True,rome,100,100.0,fine,23030,25,1300,cell,100,rome:60:275-0-s376:p0,100,0.08198002605297439,,1968
20470,300,1766,True,rome,100,200.0,fine,23030,25,1300,cell,100,rome:60:275-0-s376:p0,200,0.11115935735996527,,1968
19204,300,1776,True,rome,100,400.0,fine,23030,25,1300,cell,100,rome:60:275-0-s376:p0,400,0.1661311333043856,,1968
,300,,False,rome,100,70.71067811865476,fine,,25,1350,intra_cell,150,rome:60:275-0-s376:p0,0,,no feasible adversarial claim under enabled constraints,1968
19474,300,1683,True,rome,100,170.71067811865476,fine,23030,25,1350,intra_cell,150,rome:60:275-0-s376:p0,100,0.15440729483282675,,1968
19006,300,1644,True,rome,100,270.71067811865476,fine,23030,25,1350,intra_cell,150,rome:60:275-0-s376:p0,200,0.1747286148501954,,1968
17884,300,1644,True,rome,100,470.71067811865476,fine,23030,25,1350,intra_cell,150,rome:60:275-0-s376:p0,400,0.22344767694311768,,1968
,60,,False,rome,100,0.0,coarse,,25,1300,cell,100,rome:60:289-0-s12:p0,0,,no feasible adversarial claim under enabled constraints,890
173952,60,841,True,rome,100,100.0,coarse,180900,25,1300,cell,100,rome:60:289-0-s12:p0,100,0.03840796019900498,,890
172260,60,783,True,rome,100,200.0,coarse,180900,25,1300,cell,100,rome:60:289-0-s12:p0,200,0.04776119402985075,,890
172260,60,766,True,rome,100,400.0,coarse,180900,25,1300,cell,100,rome:60:289-0-s12:p0,400,0.04776119402985075,,890
,60,,False,rome,100,70.71067811865476,coarse,,25,1350,intra_cell,150,rome:60:289-0-s12:p0,0,,no feasible adversarial claim under enabled constraints,890
173460,60,661,True,rome,100,170.71067811865476,coarse,180900,25,1350,intra_cell,150,rome:60:289-0-s12:p0,100,0.041127694859038146,,890
172260,60,734,True,rome,100,270.71067811865476,coarse,180900,25,1350,intra_cell,150,rome:60:289-0-s12:p0,200,0.04776119402985075,,890
172260,60,700,True,rome,100,470.71067811865476,coarse,180900,25,1350,intra_cell,150,rome:60:289-0-s12:p0,400,0.04776119402985075,,890
,120,,False,rome,100,0.0,coarse,,25,1300,cell,100,rome:60:289-0-s12:p0,0,,no feasible adversarial claim under enabled constraints,890
9132,120,761,True,rome,100,100.0,coarse,10680,25,1300,cell,100,rome:60:289-0-s12:p0,100,0.1449438202247191,,890
8664,120,722,True,rome,100,200.0,coarse,10680,25,1300,cell,100,rome:60:289-0-s12:p0,200,0.18876404494382024,,890
8664,120,722,True,rome,100,400.0,coarse,10680,25,1300,cell,100,rome:60:289-0-s12:p0,400,0.18876404494382024,,890
,120,,False,rome,100,70.71067811865476,coarse,,25,1350,intra_cell,150,rome:60:289-0-s12:p0,0,,no feasible adversarial claim under enabled constraints,890
7728,120,644,True,rome,100,170.71067811865476,coarse,10680,25,1350,intra_cell,150,rome:60:289-0-s12:p0,100,0.27640449438202247,,890
7728,120,644,True,rome,100,270.71067811865476,coarse,10680,25,1350,intra_cell,150,rome:60:289-0-s12:p0,200,0.27640449438202247,,890
7728,120,644,True,rome,100,470.71067811865476,coarse,10680,25,1350,intra_cell,150,rome:60:289-0-s12:p0,400,0.27640449438202247,,890
,300,,False,rome,100,0.0,coarse,,25,1300,cell,100,rome:60:289-0-s12:p0,0,,no feasible adversarial claim under enabled constraints,890
9132,300,761,True,rome,100,100.0,coarse,10680,25,1300,cell,100,rome:60:289-0-s12:p0,100,0.1449438202247191,,890
8664,300,722,True,rome,100,200.0,coarse,10680,25,1300,cell,100,rome:60:289-0-s12:p0,200,0.18876404494382024,,890
8664,300,722,True,rome,100,400.0,coarse,10680,25,1300,cell,100,rome:60:289-0-s12:p0,400,0.18876404494382024,,890
,300,,False,rome,100,70.71067811865476,coarse,,25,1350,intra_cell,150,rome:60:289-0-s12:p0,0,,no feasible adversarial claim under enabled constraints,890
7728,300,644,True,rome,100,170.71067811865476,coarse,10680,25,1350,intra_cell,150,rome:60:289-0-s12:p0,100,0.27640449438202247,,890
7728,300,644,True,rome,100,270.71067811865476,coarse,10680,25,1350,intra_cell,150,rome:60:289-0-s12:p0,200,0.27640449438202247,,890
7728,300,644,True,rome,100,470.71067811865476,coarse,10680,25,1350,intra_cell,150,rome:60:289-0-s12:p0,400,0.27640449438202247,,890
,60,,False,rome,100,0.0,medium,,25,1300,cell,100,rome:60:289-0-s12:p0,0,,no feasible adversarial claim under enabled constraints,890
173952,60,841,True,rome,100,100.0,medium,180900,25,1300,cell,100,rome:60:289-0-s12:p0,100,0.03840796019900498,,890
172260,60,783,True,rome,100,200.0,medium,180900,25,1300,cell,100,rome:60:289-0-s12:p0,200,0.04776119402985075,,890
172260,60,766,True,rome,100,400.0,medium,180900,25,1300,cell,100,rome:60:289-0-s12:p0,400,0.04776119402985075,,890
,60,,False,rome,100,70.71067811865476,medium,,25,1350,intra_cell,150,rome:60:289-0-s12:p0,0,,no feasible adversarial claim under enabled constraints,890
173460,60,661,True,rome,100,170.71067811865476,medium,180900,25,1350,intra_cell,150,rome:60:289-0-s12:p0,100,0.041127694859038146,,890
172260,60,734,True,rome,100,270.71067811865476,medium,180900,25,1350,intra_cell,150,rome:60:289-0-s12:p0,200,0.04776119402985075,,890
172260,60,700,True,rome,100,470.71067811865476,medium,180900,25,1350,intra_cell,150,rome:60:289-0-s12:p0,400,0.04776119402985075,,890
,120,,False,rome,100,0.0,medium,,25,1300,cell,100,rome:60:289-0-s12:p0,0,,no feasible adversarial claim under enabled constraints,890
9132,120,761,True,rome,100,100.0,medium,10680,25,1300,cell,100,rome:60:289-0-s12:p0,100,0.1449438202247191,,890
8664,120,722,True,rome,100,200.0,medium,10680,25,1300,cell,100,rome:60:289-0-s12:p0,200,0.18876404494382024,,890
8303,120,722,True,rome,100,400.0,medium,10680,25,1300,cell,100,rome:60:289-0-s12:p0,400,0.22256554307116105,,890
,120,,False,rome,100,70.71067811865476,medium,,25,1350,intra_cell,150,rome:60:289-0-s12:p0,0,,no feasible adversarial claim under enabled constraints,890
7728,120,644,True,rome,100,170.71067811865476,medium,10680,25,1350,intra_cell,150,rome:60:289-0-s12:p0,100,0.27640449438202247,,890
7728,120,644,True,rome,100,270.71067811865476,medium,10680,25,1350,intra_cell,150,rome:60:289-0-s12:p0,200,0.27640449438202247,,890
7367,120,644,True,rome,100,470.71067811865476,medium,10680,25,1350,intra_cell,150,rome:60:289-0-s12:p0,400,0.3102059925093633,,890
,300,,False,rome,100,0.0,medium,,25,1300,cell,100,rome:60:289-0-s12:p0,0,,no feasible adversarial claim under enabled constraints,890
9132,300,761,True,rome,100,100.0,medium,10680,25,1300,cell,100,rome:60:289-0-s12:p0,100,0.1449438202247191,,890
8664,300,722,True,rome,100,200.0,medium,10680,25,1300,cell,100,rome:60:289-0-s12:p0,200,0.18876404494382024,,890
8303,300,722,True,rome,100,400.0,medium,10680,25,1300,cell,100,rome:60:289-0-s12:p0,400,0.22256554307116105,,890
,300,,False,rome,100,70.71067811865476,medium,,25,1350,intra_cell,150,rome:60:289-0-s12:p0,0,,no feasible adversarial claim under enabled constraints,890
7728,300,644,True,rome,100,170.71067811865476,medium,10680,25,1350,intra_cell,150,rome:60:289-0-s12:p0,100,0.27640449438202247,,890
7728,300,644,True,rome,100,270.71067811865476,medium,10680,25,1350,intra_cell,150,rome:60:289-0-s12:p0,200,0.27640449438202247,,890
7367,300,644,True,rome,100,470.71067811865476,medium,10680,25,1350,intra_cell,150,rome:60:289-0-s12:p0,400,0.3102059925093633,,890
,60,,False,rome,100,0.0,fine,,25,1300,cell,100,rome:60:289-0-s12:p0,0,,no feasible adversarial claim under enabled constraints,890
173952,60,841,True,rome,100,100.0,fine,180900,25,1300,cell,100,rome:60:289-0-s12:p0,100,0.03840796019900498,,890
172260,60,783,True,rome,100,200.0,fine,180900,25,1300,cell,100,rome:60:289-0-s12:p0,200,0.04776119402985075,,890
172260,60,766,True,rome,100,400.0,fine,180900,25,1300,cell,100,rome:60:289-0-s12:p0,400,0.04776119402985075,,890
,60,,False,rome,100,70.71067811865476,fine,,25,1350,intra_cell,150,rome:60:289-0-s12:p0,0,,no feasible adversarial claim under enabled constraints,890
173460,60,661,True,rome,100,170.71067811865476,fine,180900,25,1350,intra_cell,150,rome:60:289-0-s12:p0,100,0.041127694859038146,,890
172260,60,734,True,rome,100,270.71067811865476,fine,180900,25,1350,intra_cell,150,rome:60:289-0-s12:p0,200,0.04776119402985075,,890
172260,60,700,True,rome,100,470.71067811865476,fine,180900,25,1350,intra_cell,150,rome:60:289-0-s12:p0,400,0.04776119402985075,,890
,120,,False,rome,100,0.0,fine,,25,1300,cell,100,rome:60:289-0-s12:p0,0,,no feasible adversarial claim under enabled constraints,890
9132,120,761,True,rome,100,100.0,fine,10680,25,1300,cell,100,rome:60:289-0-s12:p0,100,0.1449438202247191,,890
8664,120,722,True,rome,100,200.0,fine,10680,25,1300,cell,100,rome:60:289-0-s12:p0,200,0.18876404494382024,,890
7620,120,762,True,rome,100,400.0,fine,10680,25,1300,cell,100,rome:60:289-0-s12:p0,400,0.28651685393258425,,890
,120,,False,rome,100,70.71067811865476,fine,,25,1350,intra_cell,150,rome:60:289-0-s12:p0,0,,no feasible adversarial claim under enabled constraints,890
7728,120,644,True,rome,100,170.71067811865476,fine,10680,25,1350,intra_cell,150,rome:60:289-0-s12:p0,100,0.27640449438202247,,890
7728,120,644,True,rome,100,270.71067811865476,fine,10680,25,1350,intra_cell,150,rome:60:289-0-s12:p0,200,0.27640449438202247,,890
6660,120,666,True,rome,100,470.71067811865476,fine,10680,25,1350,intra_cell,150,rome:60:289-0-s12:p0,400,0.37640449438202245,,890
,300,,False,rome,100,0.0,fine,,25,1300,cell,100,rome:60:289-0-s12:p0,0,,no feasible adversarial claim under enabled constraints,890
9132,300,761,True,rome,100,100.0,fine,10680,25,1300,cell,100,rome:60:289-0-s12:p0,100,0.1449438202247191,,890
8664,300,722,True,rome,100,200.0,fine,10680,25,1300,cell,100,rome:60:289-0-s12:p0,200,0.18876404494382024,,890
7620,300,762,True,rome,100,400.0,fine,10680,25,1300,cell,100,rome:60:289-0-s12:p0,400,0.28651685393258425,,890
,300,,False,rome,100,70.71067811865476,fine,,25,1350,intra_cell,150,rome:60:289-0-s12:p0,0,,no feasible adversarial claim under enabled constraints,890
7728,300,644,True,rome,100,170.71067811865476,fine,10680,25,1350,intra_cell,150,rome:60:289-0-s12:p0,100,0.27640449438202247,,890
7728,300,644,True,rome,100,270.71067811865476,fine,10680,25,1350,intra_cell,150,rome:60:289-0-s12:p0,200,0.27640449438202247,,890
6660,300,666,True,rome,100,470.71067811865476,fine,10680,25,1350,intra_cell,150,rome:60:289-0-s12:p0,400,0.37640449438202245,,890
,60,,False,rome,100,0.0,coarse,,25,1300,cell,100,rome:60:289-0-s77:p0,0,,no feasible adversarial claim under enabled constraints,1207
176868,60,1222,True,rome,100,100.0,coarse,183696,25,1300,cell,100,rome:60:289-0-s77:p0,100,0.037170107133524956,,1207
173076,60,1066,True,rome,100,200.0,coarse,183696,25,1300,cell,100,rome:60:289-0-s77:p0,200,0.057812908283250586,,1207
170676,60,1100,True,rome,100,400.0,coarse,183696,25,1300,cell,100,rome:60:289-0-s77:p0,400,0.07087797230206427,,1207
181788,60,1026,True,rome,100,70.71067811865476,coarse,183696,25,1350,intra_cell,150,rome:60:289-0-s77:p0,0,0.010386725894956886,,1207
175476,60,1048,True,rome,100,170.71067811865476,coarse,183696,25,1350,intra_cell,150,rome:60:289-0-s77:p0,100,0.0447478442644369,,1207
171876,60,985,True,rome,100,270.71067811865476,coarse,183696,25,1350,intra_cell,150,rome:60:289-0-s77:p0,200,0.06434544029265743,,1207
170676,60,1000,True,rome,100,470.71067811865476,coarse,183696,25,1350,intra_cell,150,rome:60:289-0-s77:p0,400,0.07087797230206427,,1207
,120,,False,rome,100,0.0,coarse,,25,1300,cell,100,rome:60:289-0-s77:p0,0,,no feasible adversarial claim under enabled constraints,1207
12732,120,1061,True,rome,100,100.0,coarse,14484,25,1300,cell,100,rome:60:289-0-s77:p0,100,0.12096106048053024,,1207
12060,120,1005,True,rome,100,200.0,coarse,14484,25,1300,cell,100,rome:60:289-0-s77:p0,200,0.16735708367854185,,1207
12060,120,1005,True,rome,100,400.0,coarse,14484,25,1300,cell,100,rome:60:289-0-s77:p0,400,0.16735708367854185,,1207
12312,120,1026,True,rome,100,70.71067811865476,coarse,14484,25,1350,intra_cell,150,rome:60:289-0-s77:p0,0,0.1499585749792875,,1207
11328,120,944,True,rome,100,170.71067811865476,coarse,14484,25,1350,intra_cell,150,rome:60:289-0-s77:p0,100,0.21789560894780446,,1207
11064,120,922,True,rome,100,270.71067811865476,coarse,14484,25,1350,intra_cell,150,rome:60:289-0-s77:p0,200,0.23612261806130902,,1207
11064,120,922,True,rome,100,470.71067811865476,coarse,14484,25,1350,intra_cell,150,rome:60:289-0-s77:p0,400,0.23612261806130902,,1207
,300,,False,rome,100,0.0,coarse,,25,1300,cell,100,rome:60:289-0-s77:p0,0,,no feasible adversarial claim under enabled constraints,1207
12732,300,1061,True,rome,100,100.0,coarse,14484,25,1300,cell,100,rome:60:289-0-s77:p0,100,0.12096106048053024,,1207
12060,300,1005,True,rome,100,200.0,coarse,14484,25,1300,cell,100,rome:60:289-0-s77:p0,200,0.16735708367854185,,1207
12060,300,1005,True,rome,100,400.0,coarse,14484,25,1300,cell,100,rome:60:289-0-s77:p0,400,0.16735708367854185,,1207
12312,300,1026,True,rome,100,70.71067811865476,coarse,14484,25,1350,intra_cell,150,rome:60:289-0-s77:p0,0,0.1499585749792875,,1207
11328,300,944,True,rome,100,170.71067811865476,coarse,14484,25,1350,intra_cell,150,rome:60:289-0-s77:p0,100,0.21789560894780446,,1207
11064,300,922,True,rome,100,270.71067811865476,coarse,14484,25,1350,intra_cell,150,rome:60:289-0-s77:p0,200,0.23612261806130902,,1207
11064,300,922,True,rome,100,470.71067811865476,coarse,14484,25,1350,intra_cell,150,rome:60:289-0-s77:p0,400,0.23612261806130902,,1207
,60,,False,rome,100,0.0,medium,,25,1300,cell,100,rome:60:289-0-s77:p0,0,,no feasible adversarial claim under enabled constraints,1207
176868,60,1222,True,rome,100,100.0,medium,183696,25,1300,cell,100,rome:60:289-0-s77:p0,100,0.037170107133524956,,1207
173076,60,1066,True,rome,100,200.0,medium,183696,25,1300,cell,100,rome:60:289-0-s77:p0,200,0.057812908283250586,,1207
170676,60,1100,True,rome,100,400.0,medium,183696,25,1300,cell,100,rome:60:289-0-s77:p0,400,0.07087797230206427,,1207
181788,60,1026,True,rome,100,70.71067811865476,medium,183696,25,1350,intra_cell,150,rome:60:289-0-s77:p0,0,0.010386725894956886,,1207
175476,60,1048,True,rome,100,170.71067811865476,medium,183696,25,1350,intra_cell,150,rome:60:289-0-s77:p0,100,0.0447478442644369,,1207
171876,60,985,True,rome,100,270.71067811865476,medium,183696,25,1350,intra_cell,150,rome:60:289-0-s77:p0,200,0.06434544029265743,,1207
170676,60,1000,True,rome,100,470.71067811865476,medium,183696,25,1350,intra_cell,150,rome:60:289-0-s77:p0,400,0.07087797230206427,,1207
,120,,False,rome,100,0.0,medium,,25,1300,cell,100,rome:60:289-0-s77:p0,0,,no feasible adversarial claim under enabled constraints,1207
12696,120,1083,True,rome,100,100.0,medium,14484,25,1300,cell,100,rome:60:289-0-s77:p0,100,0.12344656172328086,,1207
11699,120,1005,True,rome,100,200.0,medium,14484,25,1300,cell,100,rome:60:289-0-s77:p0,200,0.19228113780723557,,1207
11338,120,1005,True,rome,100,400.0,medium,14484,25,1300,cell,100,rome:60:289-0-s77:p0,400,0.2172051919359293,,1207
12312,120,1026,True,rome,100,70.71067811865476,medium,14484,25,1350,intra_cell,150,rome:60:289-0-s77:p0,0,0.1499585749792875,,1207
11045,120,944,True,rome,100,170.71067811865476,medium,14484,25,1350,intra_cell,150,rome:60:289-0-s77:p0,100,0.23743441038387186,,1207
10503,120,922,True,rome,100,270.71067811865476,medium,14484,25,1350,intra_cell,150,rome:60:289-0-s77:p0,200,0.2748550124275062,,1207
10242,120,922,True,rome,100,470.71067811865476,medium,14484,25,1350,intra_cell,150,rome:60:289-0-s77:p0,400,0.29287489643744824,,1207
,300,,False,rome,100,0.0,medium,,25,1300,cell,100,rome:60:289-0-s77:p0,0,,no feasible adversarial claim under enabled constraints,1207
12696,300,1083,True,rome,100,100.0,medium,14484,25,1300,cell,100,rome:60:289-0-s77:p0,100,0.12344656172328086,,1207
11699,300,1005,True,rome,100,200.0,medium,14484,25,1300,cell,100,rome:60:289-0-s77:p0,200,0.19228113780723557,,1207
11338,300,1005,True,rome,100,400.0,medium,14484,25,1300,cell,100,rome:60:289-0-s77:p0,400,0.2172051919359293,,1207
12312,300,1026,True,rome,100,70.71067811865476,medium,14484,25,1350,intra_cell,150,rome:60:289-0-s77:p0,0,0.1499585749792875,,1207
11045,300,944,True,rome,100,170.71067811865476,medium,14484,25,1350,intra_cell,150,rome:60:289-0-s77:p0,100,0.23743441038387186,,1207
10503,300,922,True,rome,100,270.71067811865476,medium,14484,25,1350,intra_cell,150,rome:60:289-0-s77:p0,200,0.2748550124275062,,1207
10242,300,922,True,rome,100,470.71067811865476,medium,14484,25,1350,intra_cell,150,rome:60:289-0-s77:p0,400,0.29287489643744824,,1207
,60,,False,rome,100,0.0,fine,,25,1300,cell,100,rome:60:289-0-s77:p0,0,,no feasible adversarial claim under enabled constraints,1207
176868,60,1222,True,rome,100,100.0,fine,183696,25,1300,cell,100,rome:60:289-0-s77:p0,100,0.037170107133524956,,1207
173076,60,1066,True,rome,100,200.0,fine,183696,25,1300,cell,100,rome:60:289-0-s77:p0,200,0.057812908283250586,,1207
170676,60,1100,True,rome,100,400.0,fine,183696,25,1300,cell,100,rome:60:289-0-s77:p0,400,0.07087797230206427,,1207
181788,60,1026,True,rome,100,70.71067811865476,fine,183696,25,1350,intra_cell,150,rome:60:289-0-s77:p0,0,0.010386725894956886,,1207
175476,60,1048,True,rome,100,170.71067811865476,fine,183696,25,1350,intra_cell,150,rome:60:289-0-s77:p0,100,0.0447478442644369,,1207
171876,60,985,True,rome,100,270.71067811865476,fine,183696,25,1350,intra_cell,150,rome:60:289-0-s77:p0,200,0.06434544029265743,,1207
170676,60,1000,True,rome,100,470.71067811865476,fine,183696,25,1350,intra_cell,150,rome:60:289-0-s77:p0,400,0.07087797230206427,,1207
,120,,False,rome,100,0.0,fine,,25,1300,cell,100,rome:60:289-0-s77:p0,0,,no feasible adversarial claim under enabled constraints,1207
12196,120,1083,True,rome,100,100.0,fine,14484,25,1300,cell,100,rome:60:289-0-s77:p0,100,0.15796741231703948,,1207
10942,120,1022,True,rome,100,200.0,fine,14484,25,1300,cell,100,rome:60:289-0-s77:p0,200,0.24454570560618613,,1207
10540,120,1054,True,rome,100,400.0,fine,14484,25,1300,cell,100,rome:60:289-0-s77:p0,400,0.27230046948356806,,1207
12312,120,1026,True,rome,100,70.71067811865476,fine,14484,25,1350,intra_cell,150,rome:60:289-0-s77:p0,0,0.1499585749792875,,1207
10652,120,973,True,rome,100,170.71067811865476,fine,14484,25,1350,intra_cell,150,rome:60:289-0-s77:p0,100,0.26456779895056615,,1207
9810,120,961,True,rome,100,270.71067811865476,fine,14484,25,1350,intra_cell,150,rome:60:289-0-s77:p0,200,0.3227009113504557,,1207
9540,120,954,True,rome,100,470.71067811865476,fine,14484,25,1350,intra_cell,150,rome:60:289-0-s77:p0,400,0.34134217067108535,,1207
,300,,False,rome,100,0.0,fine,,25,1300,cell,100,rome:60:289-0-s77:p0,0,,no feasible adversarial claim under enabled constraints,1207
12196,300,1083,True,rome,100,100.0,fine,14484,25,1300,cell,100,rome:60:289-0-s77:p0,100,0.15796741231703948,,1207
10942,300,1022,True,rome,100,200.0,fine,14484,25,1300,cell,100,rome:60:289-0-s77:p0,200,0.24454570560618613,,1207
10540,300,1054,True,rome,100,400.0,fine,14484,25,1300,cell,100,rome:60:289-0-s77:p0,400,0.27230046948356806,,1207
12312,300,1026,True,rome,100,70.71067811865476,fine,14484,25,1350,intra_cell,150,rome:60:289-0-s77:p0,0,0.1499585749792875,,1207
10652,300,973,True,rome,100,170.71067811865476,fine,14484,25,1350,intra_cell,150,rome:60:289-0-s77:p0,100,0.26456779895056615,,1207
9810,300,961,True,rome,100,270.71067811865476,fine,14484,25,1350,intra_cell,150,rome:60:289-0-s77:p0,200,0.3227009113504557,,1207
9540,300,954,True,rome,100,470.71067811865476,fine,14484,25,1350,intra_cell,150,rome:60:289-0-s77:p0,400,0.34134217067108535,,1207
,60,,False,rome,100,0.0,coarse,,25,1300,cell,100,rome:60:289-0-s94:p0,0,,no feasible adversarial claim under enabled constraints,1681
177888,60,1698,True,rome,100,100.0,coarse,186180,25,1300,cell,100,rome:60:289-0-s94:p0,100,0.044537544311956175,,1681
173088,60,1594,True,rome,100,200.0,coarse,186180,25,1300,cell,100,rome:60:289-0-s94:p0,200,0.07031904608443441,,1681
169488,60,1583,True,rome,100,400.0,coarse,186180,25,1300,cell,100,rome:60:289-0-s94:p0,400,0.0896551724137931,,1681
,60,,False,rome,100,70.71067811865476,coarse,,25,1350,intra_cell,150,rome:60:289-0-s94:p0,0,,no feasible adversarial claim under enabled constraints,1681
175488,60,1564,True,rome,100,170.71067811865476,coarse,186180,25,1350,intra_cell,150,rome:60:289-0-s94:p0,100,0.0574282951981953,,1681
170688,60,1569,True,rome,100,270.71067811865476,coarse,186180,25,1350,intra_cell,150,rome:60:289-0-s94:p0,200,0.08320979697067354,,1681
169488,60,1481,True,rome,100,470.71067811865476,coarse,186180,25,1350,intra_cell,150,rome:60:289-0-s94:p0,400,0.0896551724137931,,1681
,120,,False,rome,100,0.0,coarse,,25,1300,cell,100,rome:60:289-0-s94:p0,0,,no feasible adversarial claim under enabled constraints,1681
18060,120,1505,True,rome,100,100.0,coarse,20172,25,1300,cell,100,rome:60:289-0-s94:p0,100,0.10469958358120167,,1681
17328,120,1444,True,rome,100,200.0,coarse,20172,25,1300,cell,100,rome:60:289-0-s94:p0,200,0.14098750743604996,,1681
17328,120,1444,True,rome,100,400.0,coarse,20172,25,1300,cell,100,rome:60:289-0-s94:p0,400,0.14098750743604996,,1681
,120,,False,rome,100,70.71067811865476,coarse,,25,1350,intra_cell,150,rome:60:289-0-s94:p0,0,,no feasible adversarial claim under enabled constraints,1681
16596,120,1383,True,rome,100,170.71067811865476,coarse,20172,25,1350,intra_cell,150,rome:60:289-0-s94:p0,100,0.17727543129089826,,1681
16392,120,1366,True,rome,100,270.71067811865476,coarse,20172,25,1350,intra_cell,150,rome:60:289-0-s94:p0,200,0.18738845925044617,,1681
16392,120,1366,True,rome,100,470.71067811865476,coarse,20172,25,1350,intra_cell,150,rome:60:289-0-s94:p0,400,0.18738845925044617,,1681
,300,,False,rome,100,0.0,coarse,,25,1300,cell,100,rome:60:289-0-s94:p0,0,,no feasible adversarial claim under enabled constraints,1681
18060,300,1505,True,rome,100,100.0,coarse,20172,25,1300,cell,100,rome:60:289-0-s94:p0,100,0.10469958358120167,,1681
17328,300,1444,True,rome,100,200.0,coarse,20172,25,1300,cell,100,rome:60:289-0-s94:p0,200,0.14098750743604996,,1681
17328,300,1444,True,rome,100,400.0,coarse,20172,25,1300,cell,100,rome:60:289-0-s94:p0,400,0.14098750743604996,,1681
,300,,False,rome,100,70.71067811865476,coarse,,25,1350,intra_cell,150,rome:60:289-0-s94:p0,0,,no feasible adversarial claim under enabled constraints,1681
16596,300,1383,True,rome,100,170.71067811865476,coarse,20172,25,1350,intra_cell,150,rome:60:289-0-s94:p0,100,0.17727543129089826,,1681
16392,300,1366,True,rome,100,270.71067811865476,coarse,20172,25,1350,intra_cell,150,rome:60:289-0-s94:p0,200,0.18738845925044617,,1681
16392,300,1366,True,rome,100,470.71067811865476,coarse,20172,25,1350,intra_cell,150,rome:60:289-0-s94:p0,400,0.18738845925044617,,1681
,60,,False,rome,100,0.0,medium,,25,1300,cell,100,rome:60:289-0-s94:p0,0,,no feasible adversarial claim under enabled constraints,1681
177888,60,1698,True,rome,100,100.0,medium,186180,25,1300,cell,100,rome:60:289-0-s94:p0,100,0.044537544311956175,,1681
173088,60,1594,True,rome,100,200.0,medium,186180,25,1300,cell,100,rome:60:289-0-s94:p0,200,0.07031904608443441,,1681
169488,60,1583,True,rome,100,400.0,medium,186180,25,1300,cell,100,rome:60:289-0-s94:p0,400,0.0896551724137931,,1681
,60,,False,rome,100,70.71067811865476,medium,,25,1350,intra_cell,150,rome:60:289-0-s94:p0,0,,no feasible adversarial claim under enabled constraints,1681
175488,60,1564,True,rome,100,170.71067811865476,medium,186180,25,1350,intra_cell,150,rome:60:289-0-s94:p0,100,0.0574282951981953,,1681
170688,60,1569,True,rome,100,270.71067811865476,medium,186180,25,1350,intra_cell,150,rome:60:289-0-s94:p0,200,0.08320979697067354,,1681
169488,60,1481,True,rome,100,470.71067811865476,medium,186180,25,1350,intra_cell,150,rome:60:289-0-s94:p0,400,0.0896551724137931,,1681
,120,,False,rome,100,0.0,medium,,25,1300,cell,100,rome:60:289-0-s94:p0,0,,no feasible adversarial claim under enabled constraints,1681
17699,120,1505,True,rome,100,100.0,medium,20172,25,1300,cell,100,rome:60:289-0-s94:p0,100,0.12259567717628396,,1681
17231,120,1466,True,rome,100,200.0,medium,20172,25,1300,cell,100,rome:60:289-0-s94:p0,200,0.14579615308348207,,1681
16948,120,1466,True,rome,100,400.0,medium,20172,25,1300,cell,100,rome:60:289-0-s94:p0,400,0.15982550069403134,,1681
,120,,False,rome,100,70.71067811865476,medium,,25,1350,intra_cell,150,rome:60:289-0-s94:p0,0,,no feasible adversarial claim under enabled constraints,1681
16596,120,1383,True,rome,100,170.71067811865476,medium,20172,25,1350,intra_cell,150,rome:60:289-0-s94:p0,100,0.17727543129089826,,1681
16135,120,1383,True,rome,100,270.71067811865476,medium,20172,25,1350,intra_cell,150,rome:60:289-0-s94:p0,200,0.20012889153281777,,1681
15935,120,1383,True,rome,100,470.71067811865476,medium,20172,25,1350,intra_cell,150,rome:60:289-0-s94:p0,400,0.21004362482649216,,1681
,300,,False,rome,100,0.0,medium,,25,1300,cell,100,rome:60:289-0-s94:p0,0,,no feasible adversarial claim under enabled constraints,1681
17699,300,1505,True,rome,100,100.0,medium,20172,25,1300,cell,100,rome:60:289-0-s94:p0,100,0.12259567717628396,,1681
17231,300,1466,True,rome,100,200.0,medium,20172,25,1300,cell,100,rome:60:289-0-s94:p0,200,0.14579615308348207,,1681
16948,300,1466,True,rome,100,400.0,medium,20172,25,1300,cell,100,rome:60:289-0-s94:p0,400,0.15982550069403134,,1681
,300,,False,rome,100,70.71067811865476,medium,,25,1350,intra_cell,150,rome:60:289-0-s94:p0,0,,no feasible adversarial claim under enabled constraints,1681
16596,300,1383,True,rome,100,170.71067811865476,medium,20172,25,1350,intra_cell,150,rome:60:289-0-s94:p0,100,0.17727543129089826,,1681
16135,300,1383,True,rome,100,270.71067811865476,medium,20172,25,1350,intra_cell,150,rome:60:289-0-s94:p0,200,0.20012889153281777,,1681
15935,300,1383,True,rome,100,470.71067811865476,medium,20172,25,1350,intra_cell,150,rome:60:289-0-s94:p0,400,0.21004362482649216,,1681
,60,,False,rome,100,0.0,fine,,25,1300,cell,100,rome:60:289-0-s94:p0,0,,no feasible adversarial claim under enabled constraints,1681
177888,60,1698,True,rome,100,100.0,fine,186180,25,1300,cell,100,rome:60:289-0-s94:p0,100,0.044537544311956175,,1681
173088,60,1594,True,rome,100,200.0,fine,186180,25,1300,cell,100,rome:60:289-0-s94:p0,200,0.07031904608443441,,1681
169488,60,1583,True,rome,100,400.0,fine,186180,25,1300,cell,100,rome:60:289-0-s94:p0,400,0.0896551724137931,,1681
,60,,False,rome,100,70.71067811865476,fine,,25,1350,intra_cell,150,rome:60:289-0-s94:p0,0,,no feasible adversarial claim under enabled constraints,1681
175488,60,1564,True,rome,100,170.71067811865476,fine,186180,25,1350,intra_cell,150,rome:60:289-0-s94:p0,100,0.0574282951981953,,1681
170688,60,1569,True,rome,100,270.71067811865476,fine,186180,25,1350,intra_cell,150,rome:60:289-0-s94:p0,200,0.08320979697067354,,1681
169488,60,1481,True,rome,100,470.71067811865476,fine,186180,25,1350,intra_cell,150,rome:60:289-0-s94:p0,400,0.0896551724137931,,1681
,120,,False,rome,100,0.0,fine,,25,1300,cell,100,rome:60:289-0-s94:p0,0,,no feasible adversarial claim under enabled constraints,1681
17338,120,1505,True,rome,100,100.0,fine,20172,25,1300,cell,100,rome:60:289-0-s94:p0,100,0.14049177077136624,,1681
16738,120,1505,True,rome,100,200.0,fine,20172,25,1300,cell,100,rome:60:289-0-s94:p0,200,0.17023597065238946,,1681
16132,120,1521,True,rome,100,400.0,fine,20172,25,1300,cell,100,rome:60:289-0-s94:p0,400,0.20027761253222287,,1681
,120,,False,rome,100,70.71067811865476,fine,,25,1350,intra_cell,150,rome:60:289-0-s94:p0,0,,no feasible adversarial claim under enabled constraints,1681
15874,120,1383,True,rome,100,170.71067811865476,fine,20172,25,1350,intra_cell,150,rome:60:289-0-s94:p0,100,0.21306761848106287,,1681
15338,120,1405,True,rome,100,270.71067811865476,fine,20172,25,1350,intra_cell,150,rome:60:289-0-s94:p0,200,0.23963910370811026,,1681
14872,120,1415,True,rome,100,470.71067811865476,fine,20172,25,1350,intra_cell,150,rome:60:289-0-s94:p0,400,0.2627404322823716,,1681
,300,,False,rome,100,0.0,fine,,25,1300,cell,100,rome:60:289-0-s94:p0,0,,no feasible adversarial claim under enabled constraints,1681
17338,300,1505,True,rome,100,100.0,fine,20172,25,1300,cell,100,rome:60:289-0-s94:p0,100,0.14049177077136624,,1681
16738,300,1505,True,rome,100,200.0,fine,20172,25,1300,cell,100,rome:60:289-0-s94:p0,200,0.17023597065238946,,1681
16132,300,1521,True,rome,100,400.0,fine,20172,25,1300,cell,100,rome:60:289-0-s94:p0,400,0.20027761253222287,,1681
,300,,False,rome,100,70.71067811865476,fine,,25,1350,intra_cell,150,rome:60:289-0-s94:p0,0,,no feasible adversarial claim under enabled constraints,1681
15874,300,1383,True,rome,100,170.71067811865476,fine,20172,25,1350,intra_cell,150,rome:60:289-0-s94:p0,100,0.21306761848106287,,1681
15338,300,1405,True,rome,100,270.71067811865476,fine,20172,25,1350,intra_cell,150,rome:60:289-0-s94:p0,200,0.23963910370811026,,1681
14872,300,1415,True,rome,100,470.71067811865476,fine,20172,25,1350,intra_cell,150,rome:60:289-0-s94:p0,400,0.2627404322823716,,1681
,60,,False,rome,100,0.0,coarse,,25,1300,cell,100,rome:60:290-0-s103:p0,0,,no feasible adversarial claim under enabled constraints,2060
88920,60,1971,True,rome,100,100.0,coarse,96852,25,1300,cell,100,rome:60:290-0-s103:p0,100,0.08189815388427704,,2060
83556,60,2007,True,rome,100,200.0,coarse,96852,25,1300,cell,100,rome:60:290-0-s103:p0,200,0.13728162557303927,,2060
78588,60,1971,True,rome,100,400.0,coarse,96852,25,1300,cell,100,rome:60:290-0-s103:p0,400,0.1885763845867922,,2060
,60,,False,rome,100,70.71067811865476,coarse,,25,1350,intra_cell,150,rome:60:290-0-s103:p0,0,,no feasible adversarial claim under enabled constraints,2060
86868,60,1931,True,rome,100,170.71067811865476,coarse,96852,25,1350,intra_cell,150,rome:60:290-0-s103:p0,100,0.10308511956387065,,2060
83412,60,1897,True,rome,100,270.71067811865476,coarse,96852,25,1350,intra_cell,150,rome:60:290-0-s103:p0,200,0.13876843018213356,,2060
78468,60,1842,True,rome,100,470.71067811865476,coarse,96852,25,1350,intra_cell,150,rome:60:290-0-s103:p0,400,0.18981538842770412,,2060
,120,,False,rome,100,0.0,coarse,,25,1300,cell,100,rome:60:290-0-s103:p0,0,,no feasible adversarial claim under enabled constraints,2060
22716,120,1893,True,rome,100,100.0,coarse,24720,25,1300,cell,100,rome:60:290-0-s103:p0,100,0.08106796116504854,,2060
20600,120,1859,True,rome,100,200.0,coarse,24720,25,1300,cell,100,rome:60:290-0-s103:p0,200,0.16666666666666666,,2060
20192,120,1907,True,rome,100,400.0,coarse,24720,25,1300,cell,100,rome:60:290-0-s103:p0,400,0.1831715210355987,,2060
,120,,False,rome,100,70.71067811865476,coarse,,25,1350,intra_cell,150,rome:60:290-0-s103:p0,0,,no feasible adversarial claim under enabled constraints,2060
21048,120,1754,True,rome,100,170.71067811865476,coarse,24720,25,1350,intra_cell,150,rome:60:290-0-s103:p0,100,0.14854368932038836,,2060
19604,120,1776,True,rome,100,270.71067811865476,coarse,24720,25,1350,intra_cell,150,rome:60:290-0-s103:p0,200,0.206957928802589,,2060
18992,120,1807,True,rome,100,470.71067811865476,coarse,24720,25,1350,intra_cell,150,rome:60:290-0-s103:p0,400,0.23171521035598705,,2060
,300,,False,rome,100,0.0,coarse,,25,1300,cell,100,rome:60:290-0-s103:p0,0,,no feasible adversarial claim under enabled constraints,2060
22716,300,1893,True,rome,100,100.0,coarse,24720,25,1300,cell,100,rome:60:290-0-s103:p0,100,0.08106796116504854,,2060
20600,300,1859,True,rome,100,200.0,coarse,24720,25,1300,cell,100,rome:60:290-0-s103:p0,200,0.16666666666666666,,2060
20192,300,1907,True,rome,100,400.0,coarse,24720,25,1300,cell,100,rome:60:290-0-s103:p0,400,0.1831715210355987,,2060
,300,,False,rome,100,70.71067811865476,coarse,,25,1350,intra_cell,150,rome:60:290-0-s103:p0,0,,no feasible adversarial claim under enabled constraints,2060
21048,300,1754,True,rome,100,170.71067811865476,coarse,24720,25,1350,intra_cell,150,rome:60:290-0-s103:p0,100,0.14854368932038836,,2060
19604,300,1776,True,rome,100,270.71067811865476,coarse,24720,25,1350,intra_cell,150,rome:60:290-0-s103:p0,200,0.206957928802589,,2060
18992,300,1807,True,rome,100,470.71067811865476,coarse,24720,25,1350,intra_cell,150,rome:60:290-0-s103:p0,400,0.23171521035598705,,2060
,60,,False,rome,100,0.0,medium,,25,1300,cell,100,rome:60:290-0-s103:p0,0,,no feasible adversarial claim under enabled constraints,2060
88840,60,2017,True,rome,100,100.0,medium,96852,25,1300,cell,100,rome:60:290-0-s103:p0,100,0.08272415644488498,,2060
83556,60,2007,True,rome,100,200.0,medium,96852,25,1300,cell,100,rome:60:290-0-s103:p0,200,0.13728162557303927,,2060
78588,60,1971,True,rome,100,400.0,medium,96852,25,1300,cell,100,rome:60:290-0-s103:p0,400,0.1885763845867922,,2060
,60,,False,rome,100,70.71067811865476,medium,,25,1350,intra_cell,150,rome:60:290-0-s103:p0,0,,no feasible adversarial claim under enabled constraints,2060
86797,60,1970,True,rome,100,170.71067811865476,medium,96852,25,1350,intra_cell,150,rome:60:290-0-s103:p0,100,0.10381819683641019,,2060
83412,60,1897,True,rome,100,270.71067811865476,medium,96852,25,1350,intra_cell,150,rome:60:290-0-s103:p0,200,0.13876843018213356,,2060
78468,60,1842,True,rome,100,470.71067811865476,medium,96852,25,1350,intra_cell,150,rome:60:290-0-s103:p0,400,0.18981538842770412,,2060
,120,,False,rome,100,0.0,medium,,25,1300,cell,100,rome:60:290-0-s103:p0,0,,no feasible adversarial claim under enabled constraints,2060
22369,120,1921,True,rome,100,100.0,medium,24720,25,1300,cell,100,rome:60:290-0-s103:p0,100,0.09510517799352751,,2060
20600,120,1859,True,rome,100,200.0,medium,24720,25,1300,cell,100,rome:60:290-0-s103:p0,200,0.16666666666666666,,2060
19938,120,1865,True,rome,100,400.0,medium,24720,25,1300,cell,100,rome:60:290-0-s103:p0,400,0.19344660194174756,,2060
,120,,False,rome,100,70.71067811865476,medium,,25,1350,intra_cell,150,rome:60:290-0-s103:p0,0,,no feasible adversarial claim under enabled constraints,2060
20687,120,1754,True,rome,100,170.71067811865476,medium,24720,25,1350,intra_cell,150,rome:60:290-0-s103:p0,100,0.1631472491909385,,2060
19333,120,1794,True,rome,100,270.71067811865476,medium,24720,25,1350,intra_cell,150,rome:60:290-0-s103:p0,200,0.21792071197411003,,2060
18942,120,1782,True,rome,100,470.71067811865476,medium,24720,25,1350,intra_cell,150,rome:60:290-0-s103:p0,400,0.23373786407766992,,2060
,300,,False,rome,100,0.0,medium,,25,1300,cell,100,rome:60:290-0-s103:p0,0,,no feasible adversarial claim under enabled constraints,2060
22369,300,1921,True,rome,100,100.0,medium,24720,25,1300,cell,100,rome:60:290-0-s103:p0,100,0.09510517799352751,,2060
20600,300,1859,True,rome,100,200.0,medium,24720,25,1300,cell,100,rome:60:290-0-s103:p0,200,0.16666666666666666,,2060
19938,300,1865,True,rome,100,400.0,medium,24720,25,1300,cell,100,rome:60:290-0-s103:p0,400,0.19344660194174756,,2060
,300,,False,rome,100,70.71067811865476,medium,,25,1350,intra_cell,150,rome:60:290-0-s103:p0,0,,no feasible adversarial claim under enabled constraints,2060
20687,300,1754,True,rome,100,170.71067811865476,medium,24720,25,1350,intra_cell,150,rome:60:290-0-s103:p0,100,0.1631472491909385,,2060
19333,300,1794,True,rome,100,270.71067811865476,medium,24720,25,1350,intra_cell,150,rome:60:290-0-s103:p0,200,0.21792071197411003,,2060
18942,300,1782,True,rome,100,470.71067811865476,medium,24720,25,1350,intra_cell,150,rome:60:290-0-s103:p0,400,0.23373786407766992,,2060
,60,,False,rome,100,0.0,fine,,25,1300,cell,100,rome:60:290-0-s103:p0,0,,no feasible adversarial claim under enabled constraints,2060
87968,60,1993,True,rome,100,100.0,fine,95908,25,1300,cell,100,rome:60:290-0-s103:p0,100,0.0827876715185386,,2060
83556,60,2007,True,rome,100,200.0,fine,95908,25,1300,cell,100,rome:60:290-0-s103:p0,200,0.1287900905033991,,2060
78588,60,1971,True,rome,100,400.0,fine,95908,25,1300,cell,100,rome:60:290-0-s103:p0,400,0.18058973182633356,,2060
,60,,False,rome,100,70.71067811865476,fine,,25,1350,intra_cell,150,rome:60:290-0-s103:p0,0,,no feasible adversarial claim under enabled constraints,2060
86868,60,1931,True,rome,100,170.71067811865476,fine,95908,25,1350,intra_cell,150,rome:60:290-0-s103:p0,100,0.09425699628810943,,2060
83412,60,1897,True,rome,100,270.71067811865476,fine,95908,25,1350,intra_cell,150,rome:60:290-0-s103:p0,200,0.13029152938232472,,2060
78468,60,1842,True,rome,100,470.71067811865476,fine,95908,25,1350,intra_cell,150,rome:60:290-0-s103:p0,400,0.18184093089210493,,2060
,120,,False,rome,100,0.0,fine,,25,1300,cell,100,rome:60:290-0-s103:p0,0,,no feasible adversarial claim under enabled constraints,2060
21814,120,1915,True,rome,100,100.0,fine,23776,25,1300,cell,100,rome:60:290-0-s103:p0,100,0.08252018842530283,,2060
20126,120,1916,True,rome,100,200.0,fine,23776,25,1300,cell,100,rome:60:290-0-s103:p0,200,0.15351615074024227,,2060
19280,120,1908,True,rome,100,400.0,fine,23776,25,1300,cell,100,rome:60:290-0-s103:p0,400,0.18909825033647376,,2060
,120,,False,rome,100,70.71067811865476,fine,,25,1350,intra_cell,150,rome:60:290-0-s103:p0,0,,no feasible adversarial claim under enabled constraints,2060
19744,120,1830,True,rome,100,170.71067811865476,fine,23776,25,1350,intra_cell,150,rome:60:290-0-s103:p0,100,0.1695827725437416,,2060
18636,120,1807,True,rome,100,270.71067811865476,fine,23776,25,1350,intra_cell,150,rome:60:290-0-s103:p0,200,0.21618438761776582,,2060
18240,120,1824,True,rome,100,470.71067811865476,fine,23776,25,1350,intra_cell,150,rome:60:290-0-s103:p0,400,0.23283983849259757,,2060
,300,,False,rome,100,0.0,fine,,25,1300,cell,100,rome:60:290-0-s103:p0,0,,no feasible adversarial claim under enabled constraints,2060
21814,300,1915,True,rome,100,100.0,fine,23776,25,1300,cell,100,rome:60:290-0-s103:p0,100,0.08252018842530283,,2060
20126,300,1916,True,rome,100,200.0,fine,23776,25,1300,cell,100,rome:60:290-0-s103:p0,200,0.15351615074024227,,2060
19280,300,1908,True,rome,100,400.0,fine,23776,25,1300,cell,100,rome:60:290-0-s103:p0,400,0.18909825033647376,,2060
,300,,False,rome,100,70.71067811865476,fine,,25,1350,intra_cell,150,rome:60:290-0-s103:p0,0,,no feasible adversarial claim under enabled constraints,2060
19744,300,1830,True,rome,100,170.71067811865476,fine,23776,25,1350,intra_cell,150,rome:60:290-0-s103:p0,100,0.1695827725437416,,2060
18636,300,1807,True,rome,100,270.71067811865476,fine,23776,25,1350,intra_cell,150,rome:60:290-0-s103:p0,200,0.21618438761776582,,2060
18240,300,1824,True,rome,100,470.71067811865476,fine,23776,25,1350,intra_cell,150,rome:60:290-0-s103:p0,400,0.23283983849259757,,2060
,60,,False,rome,100,0.0,coarse,,25,1300,cell,100,rome:60:297-1-s52:p0,0,,no feasible adversarial claim under enabled constraints,592
325512,60,582,True,rome,100,100.0,coarse,330084,25,1300,cell,100,rome:60:297-1-s52:p0,100,0.013851019740429708,,592
325512,60,507,True,rome,100,200.0,coarse,330084,25,1300,cell,100,rome:60:297-1-s52:p0,200,0.013851019740429708,,592
325512,60,461,True,rome,100,400.0,coarse,330084,25,1300,cell,100,rome:60:297-1-s52:p0,400,0.013851019740429708,,592
,60,,False,rome,100,70.71067811865476,coarse,,25,1350,intra_cell,150,rome:60:297-1-s52:p0,0,,no feasible adversarial claim under enabled constraints,592
325512,60,424,True,rome,100,170.71067811865476,coarse,330084,25,1350,intra_cell,150,rome:60:297-1-s52:p0,100,0.013851019740429708,,592
325512,60,416,True,rome,100,270.71067811865476,coarse,330084,25,1350,intra_cell,150,rome:60:297-1-s52:p0,200,0.013851019740429708,,592
325512,60,400,True,rome,100,470.71067811865476,coarse,330084,25,1350,intra_cell,150,rome:60:297-1-s52:p0,400,0.013851019740429708,,592
,120,,False,rome,100,0.0,coarse,,25,1300,cell,100,rome:60:297-1-s52:p0,0,,no feasible adversarial claim under enabled constraints,592
5796,120,483,True,rome,100,100.0,coarse,7104,25,1300,cell,100,rome:60:297-1-s52:p0,100,0.18412162162162163,,592
5532,120,461,True,rome,100,200.0,coarse,7104,25,1300,cell,100,rome:60:297-1-s52:p0,200,0.22128378378378377,,592
5230,120,483,True,rome,100,400.0,coarse,7104,25,1300,cell,100,rome:60:297-1-s52:p0,400,0.26379504504504503,,592
,120,,False,rome,100,70.71067811865476,coarse,,25,1350,intra_cell,150,rome:60:297-1-s52:p0,0,,no feasible adversarial claim under enabled constraints,592
4332,120,361,True,rome,100,170.71067811865476,coarse,7104,25,1350,intra_cell,150,rome:60:297-1-s52:p0,100,0.3902027027027027,,592
4332,120,361,True,rome,100,270.71067811865476,coarse,7104,25,1350,intra_cell,150,rome:60:297-1-s52:p0,200,0.3902027027027027,,592
4332,120,361,True,rome,100,470.71067811865476,coarse,7104,25,1350,intra_cell,150,rome:60:297-1-s52:p0,400,0.3902027027027027,,592
,300,,False,rome,100,0.0,coarse,,25,1300,cell,100,rome:60:297-1-s52:p0,0,,no feasible adversarial claim under enabled constraints,592
5796,300,483,True,rome,100,100.0,coarse,7104,25,1300,cell,100,rome:60:297-1-s52:p0,100,0.18412162162162163,,592
5532,300,461,True,rome,100,200.0,coarse,7104,25,1300,cell,100,rome:60:297-1-s52:p0,200,0.22128378378378377,,592
5230,300,483,True,rome,100,400.0,coarse,7104,25,1300,cell,100,rome:60:297-1-s52:p0,400,0.26379504504504503,,592
,300,,False,rome,100,70.71067811865476,coarse,,25,1350,intra_cell,150,rome:60:297-1-s52:p0,0,,no feasible adversarial claim under enabled constraints,592
4332,300,361,True,rome,100,170.71067811865476,coarse,7104,25,1350,intra_cell,150,rome:60:297-1-s52:p0,100,0.3902027027027027,,592
4332,300,361,True,rome,100,270.71067811865476,coarse,7104,25,1350,intra_cell,150,rome:60:297-1-s52:p0,200,0.3902027027027027,,592
4332,300,361,True,rome,100,470.71067811865476,coarse,7104,25,1350,intra_cell,150,rome:60:297-1-s52:p0,400,0.3902027027027027,,592
,60,,False,rome,100,0.0,medium,,25,1300,cell,100,rome:60:297-1-s52:p0,0,,no feasible adversarial claim under enabled constraints,592
325512,60,582,True,rome,100,100.0,medium,330084,25,1300,cell,100,rome:60:297-1-s52:p0,100,0.013851019740429708,,592
325512,60,507,True,rome,100,200.0,medium,330084,25,1300,cell,100,rome:60:297-1-s52:p0,200,0.013851019740429708,,592
325512,60,461,True,rome,100,400.0,medium,330084,25,1300,cell,100,rome:60:297-1-s52:p0,400,0.013851019740429708,,592
,60,,False,rome,100,70.71067811865476,medium,,25,1350,intra_cell,150,rome:60:297-1-s52:p0,0,,no feasible adversarial claim under enabled constraints,592
325512,60,424,True,rome,100,170.71067811865476,medium,330084,25,1350,intra_cell,150,rome:60:297-1-s52:p0,100,0.013851019740429708,,592
325512,60,416,True,rome,100,270.71067811865476,medium,330084,25,1350,intra_cell,150,rome:60:297-1-s52:p0,200,0.013851019740429708,,592
325512,60,400,True,rome,100,470.71067811865476,medium,330084,25,1350,intra_cell,150,rome:60:297-1-s52:p0,400,0.013851019740429708,,592
,120,,False,rome,100,0.0,medium,,25,1300,cell,100,rome:60:297-1-s52:p0,0,,no feasible adversarial claim under enabled constraints,592
5796,120,483,True,rome,100,100.0,medium,7104,25,1300,cell,100,rome:60:297-1-s52:p0,100,0.18412162162162163,,592
5532,120,461,True,rome,100,200.0,medium,7104,25,1300,cell,100,rome:60:297-1-s52:p0,200,0.22128378378378377,,592
5230,120,483,True,rome,100,400.0,medium,7104,25,1300,cell,100,rome:60:297-1-s52:p0,400,0.26379504504504503,,592
,120,,False,rome,100,70.71067811865476,medium,,25,1350,intra_cell,150,rome:60:297-1-s52:p0,0,,no feasible adversarial claim under enabled constraints,592
4332,120,361,True,rome,100,170.71067811865476,medium,7104,25,1350,intra_cell,150,rome:60:297-1-s52:p0,100,0.3902027027027027,,592
4332,120,361,True,rome,100,270.71067811865476,medium,7104,25,1350,intra_cell,150,rome:60:297-1-s52:p0,200,0.3902027027027027,,592
4332,120,361,True,rome,100,470.71067811865476,medium,7104,25,1350,intra_cell,150,rome:60:297-1-s52:p0,400,0.3902027027027027,,592
,300,,False,rome,100,0.0,medium,,25,1300,cell,100,rome:60:297-1-s52:p0,0,,no feasible adversarial claim under enabled constraints,592
5796,300,483,True,rome,100,100.0,medium,7104,25,1300,cell,100,rome:60:297-1-s52:p0,100,0.18412162162162163,,592
5532,300,461,True,rome,100,200.0,medium,7104,25,1300,cell,100,rome:60:297-1-s52:p0,200,0.22128378378378377,,592
5230,300,483,True,rome,100,400.0,medium,7104,25,1300,cell,100,rome:60:297-1-s52:p0,400,0.26379504504504503,,592
,300,,False,rome,100,70.71067811865476,medium,,25,1350,intra_cell,150,rome:60:297-1-s52:p0,0,,no feasible adversarial claim under enabled constraints,592
4332,300,361,True,rome,100,170.71067811865476,medium,7104,25,1350,intra_cell,150,rome:60:297-1-s52:p0,100,0.3902027027027027,,592
4332,300,361,True,rome,100,270.71067811865476,medium,7104,25,1350,intra_cell,150,rome:60:297-1-s52:p0,200,0.3902027027027027,,592
4332,300,361,True,rome,100,470.71067811865476,medium,7104,25,1350,intra_cell,150,rome:60:297-1-s52:p0,400,0.3902027027027027,,592
,60,,False,rome,100,0.0,fine,,25,1300,cell,100,rome:60:297-1-s52:p0,0,,no feasible adversarial claim under enabled constraints,592
325512,60,582,True,rome,100,100.0,fine,330084,25,1300,cell,100,rome:60:297-1-s52:p0,100,0.013851019740429708,,592
325512,60,507,True,rome,100,200.0,fine,330084,25,1300,cell,100,rome:60:297-1-s52:p0,200,0.013851019740429708,,592
325512,60,461,True,rome,100,400.0,fine,330084,25,1300,cell,100,rome:60:297-1-s52:p0,400,0.013851019740429708,,592
,60,,False,rome,100,70.71067811865476,fine,,25,1350,intra_cell,150,rome:60:297-1-s52:p0,0,,no feasible adversarial claim under enabled constraints,592
325512,60,424,True,rome,100,170.71067811865476,fine,330084,25,1350,intra_cell,150,rome:60:297-1-s52:p0,100,0.013851019740429708,,592
325512,60,416,True,rome,100,270.71067811865476,fine,330084,25,1350,intra_cell,150,rome:60:297-1-s52:p0,200,0.013851019740429708,,592
325512,60,400,True,rome,100,470.71067811865476,fine,330084,25,1350,intra_cell,150,rome:60:297-1-s52:p0,400,0.013851019740429708,,592
,120,,False,rome,100,0.0,fine,,25,1300,cell,100,rome:60:297-1-s52:p0,0,,no feasible adversarial claim under enabled constraints,592
5796,120,483,True,rome,100,100.0,fine,7104,25,1300,cell,100,rome:60:297-1-s52:p0,100,0.18412162162162163,,592
5532,120,461,True,rome,100,200.0,fine,7104,25,1300,cell,100,rome:60:297-1-s52:p0,200,0.22128378378378377,,592
5230,120,483,True,rome,100,400.0,fine,7104,25,1300,cell,100,rome:60:297-1-s52:p0,400,0.26379504504504503,,592
,120,,False,rome,100,70.71067811865476,fine,,25,1350,intra_cell,150,rome:60:297-1-s52:p0,0,,no feasible adversarial claim under enabled constraints,592
4332,120,361,True,rome,100,170.71067811865476,fine,7104,25,1350,intra_cell,150,rome:60:297-1-s52:p0,100,0.3902027027027027,,592
4332,120,361,True,rome,100,270.71067811865476,fine,7104,25,1350,intra_cell,150,rome:60:297-1-s52:p0,200,0.3902027027027027,,592
4332,120,361,True,rome,100,470.71067811865476,fine,7104,25,1350,intra_cell,150,rome:60:297-1-s52:p0,400,0.3902027027027027,,592
,300,,False,rome,100,0.0,fine,,25,1300,cell,100,rome:60:297-1-s52:p0,0,,no feasible adversarial claim under enabled constraints,592
5796,300,483,True,rome,100,100.0,fine,7104,25,1300,cell,100,rome:60:297-1-s52:p0,100,0.18412162162162163,,592
5532,300,461,True,rome,100,200.0,fine,7104,25,1300,cell,100,rome:60:297-1-s52:p0,200,0.22128378378378377,,592
5230,300,483,True,rome,100,400.0,fine,7104,25,1300,cell,100,rome:60:297-1-s52:p0,400,0.26379504504504503,,592
,300,,False,rome,100,70.71067811865476,fine,,25,1350,intra_cell,150,rome:60:297-1-s52:p0,0,,no feasible adversarial claim under enabled constraints,592
4332,300,361,True,rome,100,170.71067811865476,fine,7104,25,1350,intra_cell,150,rome:60:297-1-s52:p0,100,0.3902027027027027,,592
4332,300,361,True,rome,100,270.71067811865476,fine,7104,25,1350,intra_cell,150,rome:60:297-1-s52:p0,200,0.3902027027027027,,592
4332,300,361,True,rome,100,470.71067811865476,fine,7104,25,1350,intra_cell,150,rome:60:297-1-s52:p0,400,0.3902027027027027,,592
,60,,False,rome,100,0.0,coarse,,25,1300,cell,100,rome:60:306-0-s25:p0,0,,no feasible adversarial claim under enabled constraints,2635
178620,60,2484,True,rome,100,100.0,coarse,193440,25,1300,cell,100,rome:60:306-0-s25:p0,100,0.07661290322580645,,2635
173868,60,2663,True,rome,100,200.0,coarse,193440,25,1300,cell,100,rome:60:306-0-s25:p0,200,0.10117866004962779,,2635
169488,60,2567,True,rome,100,400.0,coarse,193440,25,1300,cell,100,rome:60:306-0-s25:p0,400,0.12382133995037221,,2635
,60,,False,rome,100,70.71067811865476,coarse,,25,1350,intra_cell,150,rome:60:306-0-s25:p0,0,,no feasible adversarial claim under enabled constraints,2635
175776,60,2329,True,rome,100,170.71067811865476,coarse,193440,25,1350,intra_cell,150,rome:60:306-0-s25:p0,100,0.0913151364764268,,2635
170688,60,2363,True,rome,100,270.71067811865476,coarse,193440,25,1350,intra_cell,150,rome:60:306-0-s25:p0,200,0.11761786600496278,,2635
169488,60,2338,True,rome,100,470.71067811865476,coarse,193440,25,1350,intra_cell,150,rome:60:306-0-s25:p0,400,0.12382133995037221,,2635
,120,,False,rome,100,0.0,coarse,,25,1300,cell,100,rome:60:306-0-s25:p0,0,,no feasible adversarial claim under enabled constraints,2635
28044,120,2337,True,rome,100,100.0,coarse,31620,25,1300,cell,100,rome:60:306-0-s25:p0,100,0.11309297912713473,,2635
27192,120,2266,True,rome,100,200.0,coarse,31620,25,1300,cell,100,rome:60:306-0-s25:p0,200,0.14003795066413663,,2635
25226,120,2306,True,rome,100,400.0,coarse,31620,25,1300,cell,100,rome:60:306-0-s25:p0,400,0.20221378874130297,,2635
,120,,False,rome,100,70.71067811865476,coarse,,25,1350,intra_cell,150,rome:60:306-0-s25:p0,0,,no feasible adversarial claim under enabled constraints,2635
25992,120,2166,True,rome,100,170.71067811865476,coarse,31620,25,1350,intra_cell,150,rome:60:306-0-s25:p0,100,0.177988614800759,,2635
25270,120,2166,True,rome,100,270.71067811865476,coarse,31620,25,1350,intra_cell,150,rome:60:306-0-s25:p0,200,0.20082226438962683,,2635
23814,120,2237,True,rome,100,470.71067811865476,coarse,31620,25,1350,intra_cell,150,rome:60:306-0-s25:p0,400,0.24686907020872864,,2635
,300,,False,rome,100,0.0,coarse,,25,1300,cell,100,rome:60:306-0-s25:p0,0,,no feasible adversarial claim under enabled constraints,2635
28044,300,2337,True,rome,100,100.0,coarse,31620,25,1300,cell,100,rome:60:306-0-s25:p0,100,0.11309297912713473,,2635
27192,300,2266,True,rome,100,200.0,coarse,31620,25,1300,cell,100,rome:60:306-0-s25:p0,200,0.14003795066413663,,2635
25226,300,2306,True,rome,100,400.0,coarse,31620,25,1300,cell,100,rome:60:306-0-s25:p0,400,0.20221378874130297,,2635
,300,,False,rome,100,70.71067811865476,coarse,,25,1350,intra_cell,150,rome:60:306-0-s25:p0,0,,no feasible adversarial claim under enabled constraints,2635
25992,300,2166,True,rome,100,170.71067811865476,coarse,31620,25,1350,intra_cell,150,rome:60:306-0-s25:p0,100,0.177988614800759,,2635
25270,300,2166,True,rome,100,270.71067811865476,coarse,31620,25,1350,intra_cell,150,rome:60:306-0-s25:p0,200,0.20082226438962683,,2635
23814,300,2237,True,rome,100,470.71067811865476,coarse,31620,25,1350,intra_cell,150,rome:60:306-0-s25:p0,400,0.24686907020872864,,2635
,60,,False,rome,100,0.0,medium,,25,1300,cell,100,rome:60:306-0-s25:p0,0,,no feasible adversarial claim under enabled constraints,2635
178620,60,2484,True,rome,100,100.0,medium,193440,25,1300,cell,100,rome:60:306-0-s25:p0,100,0.07661290322580645,,2635
173868,60,2663,True,rome,100,200.0,medium,193440,25,1300,cell,100,rome:60:306-0-s25:p0,200,0.10117866004962779,,2635
169488,60,2567,True,rome,100,400.0,medium,193440,25,1300,cell,100,rome:60:306-0-s25:p0,400,0.12382133995037221,,2635
,60,,False,rome,100,70.71067811865476,medium,,25,1350,intra_cell,150,rome:60:306-0-s25:p0,0,,no feasible adversarial claim under enabled constraints,2635
175776,60,2329,True,rome,100,170.71067811865476,medium,193440,25,1350,intra_cell,150,rome:60:306-0-s25:p0,100,0.0913151364764268,,2635
170688,60,2363,True,rome,100,270.71067811865476,medium,193440,25,1350,intra_cell,150,rome:60:306-0-s25:p0,200,0.11761786600496278,,2635
169488,60,2338,True,rome,100,470.71067811865476,medium,193440,25,1350,intra_cell,150,rome:60:306-0-s25:p0,400,0.12382133995037221,,2635
,120,,False,rome,100,0.0,medium,,25,1300,cell,100,rome:60:306-0-s25:p0,0,,no feasible adversarial claim under enabled constraints,2635
28044,120,2337,True,rome,100,100.0,medium,31620,25,1300,cell,100,rome:60:306-0-s25:p0,100,0.11309297912713473,,2635
26831,120,2266,True,rome,100,200.0,medium,31620,25,1300,cell,100,rome:60:306-0-s25:p0,200,0.15145477545857053,,2635
24865,120,2306,True,rome,100,400.0,medium,31620,25,1300,cell,100,rome:60:306-0-s25:p0,400,0.21363061353573687,,2635
,120,,False,rome,100,70.71067811865476,medium,,25,1350,intra_cell,150,rome:60:306-0-s25:p0,0,,no feasible adversarial claim under enabled constraints,2635
25992,120,2166,True,rome,100,170.71067811865476,medium,31620,25,1350,intra_cell,150,rome:60:306-0-s25:p0,100,0.177988614800759,,2635
24968,120,2188,True,rome,100,270.71067811865476,medium,31620,25,1350,intra_cell,150,rome:60:306-0-s25:p0,200,0.2103731815306768,,2635
23849,120,2220,True,rome,100,470.71067811865476,medium,31620,25,1350,intra_cell,150,rome:60:306-0-s25:p0,400,0.24576217583807716,,2635
,300,,False,rome,100,0.0,medium,,25,1300,cell,100,rome:60:306-0-s25:p0,0,,no feasible adversarial claim under enabled constraints,2635
28044,300,2337,True,rome,100,100.0,medium,31620,25,1300,cell,100,rome:60:306-0-s25:p0,100,0.11309297912713473,,2635
26831,300,2266,True,rome,100,200.0,medium,31620,25,1300,cell,100,rome:60:306-0-s25:p0,200,0.15145477545857053,,2635
24865,300,2306,True,rome,100,400.0,medium,31620,25,1300,cell,100,rome:60:306-0-s25:p0,400,0.21363061353573687,,2635
,300,,False,rome,100,70.71067811865476,medium,,25,1350,intra_cell,150,rome:60:306-0-s25:p0,0,,no feasible adversarial claim under enabled constraints,2635
25992,300,2166,True,rome,100,170.71067811865476,medium,31620,25,1350,intra_cell,150,rome:60:306-0-s25:p0,100,0.177988614800759,,2635
24968,300,2188,True,rome,100,270.71067811865476,medium,31620,25,1350,intra_cell,150,rome:60:306-0-s25:p0,200,0.2103731815306768,,2635
23849,300,2220,True,rome,100,470.71067811865476,medium,31620,25,1350,intra_cell,150,rome:60:306-0-s25:p0,400,0.24576217583807716,,2635
,60,,False,rome,100,0.0,fine,,25,1300,cell,100,rome:60:306-0-s25:p0,0,,no feasible adversarial claim under enabled constraints,2635
178620,60,2484,True,rome,100,100.0,fine,193440,25,1300,cell,100,rome:60:306-0-s25:p0,100,0.07661290322580645,,2635
173868,60,2663,True,rome,100,200.0,fine,193440,25,1300,cell,100,rome:60:306-0-s25:p0,200,0.10117866004962779,,2635
169488,60,2567,True,rome,100,400.0,fine,193440,25,1300,cell,100,rome:60:306-0-s25:p0,400,0.12382133995037221,,2635
,60,,False,rome,100,70.71067811865476,fine,,25,1350,intra_cell,150,rome:60:306-0-s25:p0,0,,no feasible adversarial claim under enabled constraints,2635
175776,60,2329,True,rome,100,170.71067811865476,fine,193440,25,1350,intra_cell,150,rome:60:306-0-s25:p0,100,0.0913151364764268,,2635
170688,60,2363,True,rome,100,270.71067811865476,fine,193440,25,1350,intra_cell,150,rome:60:306-0-s25:p0,200,0.11761786600496278,,2635
169488,60,2338,True,rome,100,470.71067811865476,fine,193440,25,1350,intra_cell,150,rome:60:306-0-s25:p0,400,0.12382133995037221,,2635
,120,,False,rome,100,0.0,fine,,25,1300,cell,100,rome:60:306-0-s25:p0,0,,no feasible adversarial claim under enabled constraints,2635
28044,120,2337,True,rome,100,100.0,fine,31620,25,1300,cell,100,rome:60:306-0-s25:p0,100,0.11309297912713473,,2635
27192,120,2266,True,rome,100,200.0,fine,31620,25,1300,cell,100,rome:60:306-0-s25:p0,200,0.14003795066413663,,2635
24272,120,2355,True,rome,100,400.0,fine,31620,25,1300,cell,100,rome:60:306-0-s25:p0,400,0.23238456672991778,,2635
,120,,False,rome,100,70.71067811865476,fine,,25,1350,intra_cell,150,rome:60:306-0-s25:p0,0,,no feasible adversarial claim under enabled constraints,2635
25992,120,2166,True,rome,100,170.71067811865476,fine,31620,25,1350,intra_cell,150,rome:60:306-0-s25:p0,100,0.177988614800759,,2635
25270,120,2166,True,rome,100,270.71067811865476,fine,31620,25,1350,intra_cell,150,rome:60:306-0-s25:p0,200,0.20082226438962683,,2635
23166,120,2260,True,rome,100,470.71067811865476,fine,31620,25,1350,intra_cell,150,rome:60:306-0-s25:p0,400,0.2673624288425047,,2635
,300,,False,rome,100,0.0,fine,,25,1300,cell,100,rome:60:306-0-s25:p0,0,,no feasible adversarial claim under enabled constraints,2635
28044,300,2337,True,rome,100,100.0,fine,31620,25,1300,cell,100,rome:60:306-0-s25:p0,100,0.11309297912713473,,2635
27192,300,2266,True,rome,100,200.0,fine,31620,25,1300,cell,100,rome:60:306-0-s25:p0,200,0.14003795066413663,,2635
24272,300,2355,True,rome,100,400.0,fine,31620,25,1300,cell,100,rome:60:306-0-s25:p0,400,0.23238456672991778,,2635
,300,,False,rome,100,70.71067811865476,fine,,25,1350,intra_cell,150,rome:60:306-0-s25:p0,0,,no feasible adversarial claim under enabled constraints,2635
25992,300,2166,True,rome,100,170.71067811865476,fine,31620,25,1350,intra_cell,150,rome:60:306-0-s25:p0,100,0.177988614800759,,2635
25270,300,2166,True,rome,100,270.71067811865476,fine,31620,25,1350,intra_cell,150,rome:60:306-0-s25:p0,200,0.20082226438962683,,2635
23166,300,2260,True,rome,100,470.71067811865476,fine,31620,25,1350,intra_cell,150,rome:60:306-0-s25:p0,400,0.2673624288425047,,2635
156600,60,1606,True,rome,100,0.0,coarse,155784,25,1300,cell,100,rome:60:306-0-s68:p0,0,0.0,,1413
148128,60,1283,True,rome,100,100.0,coarse,155784,25,1300,cell,100,rome:60:306-0-s68:p0,100,0.04914496995840394,,1413
145728,60,1365,True,rome,100,200.0,coarse,155784,25,1300,cell,100,rome:60:306-0-s68:p0,200,0.06455091665382838,,1413
145728,60,1324,True,rome,100,400.0,coarse,155784,25,1300,cell,100,rome:60:306-0-s68:p0,400,0.06455091665382838,,1413
156600,60,1606,True,rome,100,70.71067811865476,coarse,155784,25,1350,intra_cell,150,rome:60:306-0-s68:p0,0,0.0,,1413
146928,60,1177,True,rome,100,170.71067811865476,coarse,155784,25,1350,intra_cell,150,rome:60:306-0-s68:p0,100,0.05684794330611616,,1413
145728,60,1247,True,rome,100,270.71067811865476,coarse,155784,25,1350,intra_cell,150,rome:60:306-0-s68:p0,200,0.06455091665382838,,1413
145728,60,1168,True,rome,100,470.71067811865476,coarse,155784,25,1350,intra_cell,150,rome:60:306-0-s68:p0,400,0.06455091665382838,,1413
19272,120,1606,True,rome,100,0.0,coarse,16956,25,1300,cell,100,rome:60:306-0-s68:p0,0,0.0,,1413
14664,120,1222,True,rome,100,100.0,coarse,16956,25,1300,cell,100,rome:60:306-0-s68:p0,100,0.13517338995046002,,1413
13738,120,1205,True,rome,100,200.0,coarse,16956,25,1300,cell,100,rome:60:306-0-s68:p0,200,0.18978532672800189,,1413
12752,120,1183,True,rome,100,400.0,coarse,16956,25,1300,cell,100,rome:60:306-0-s68:p0,400,0.24793583392309507,,1413
19272,120,1606,True,rome,100,70.71067811865476,coarse,16956,25,1350,intra_cell,150,rome:60:306-0-s68:p0,0,0.0,,1413
13260,120,1105,True,rome,100,170.71067811865476,coarse,16956,25,1350,intra_cell,150,rome:60:306-0-s68:p0,100,0.21797593772116064,,1413
12274,120,1083,True,rome,100,270.71067811865476,coarse,16956,25,1350,intra_cell,150,rome:60:306-0-s68:p0,200,0.2761264449162538,,1413
11552,120,1083,True,rome,100,470.71067811865476,coarse,16956,25,1350,intra_cell,150,rome:60:306-0-s68:p0,400,0.3187072422741212,,1413
19272,300,1606,True,rome,100,0.0,coarse,16956,25,1300,cell,100,rome:60:306-0-s68:p0,0,0.0,,1413
14664,300,1222,True,rome,100,100.0,coarse,16956,25,1300,cell,100,rome:60:306-0-s68:p0,100,0.13517338995046002,,1413
13738,300,1205,True,rome,100,200.0,coarse,16956,25,1300,cell,100,rome:60:306-0-s68:p0,200,0.18978532672800189,,1413
12752,300,1183,True,rome,100,400.0,coarse,16956,25,1300,cell,100,rome:60:306-0-s68:p0,400,0.24793583392309507,,1413
19272,300,1606,True,rome,100,70.71067811865476,coarse,16956,25,1350,intra_cell,150,rome:60:306-0-s68:p0,0,0.0,,1413
13260,300,1105,True,rome,100,170.71067811865476,coarse,16956,25,1350,intra_cell,150,rome:60:306-0-s68:p0,100,0.21797593772116064,,1413
12274,300,1083,True,rome,100,270.71067811865476,coarse,16956,25,1350,intra_cell,150,rome:60:306-0-s68:p0,200,0.2761264449162538,,1413
11552,300,1083,True,rome,100,470.71067811865476,coarse,16956,25,1350,intra_cell,150,rome:60:306-0-s68:p0,400,0.3187072422741212,,1413
156600,60,1606,True,rome,100,0.0,medium,155784,25,1300,cell,100,rome:60:306-0-s68:p0,0,0.0,,1413
148128,60,1283,True,rome,100,100.0,medium,155784,25,1300,cell,100,rome:60:306-0-s68:p0,100,0.04914496995840394,,1413
145728,60,1365,True,rome,100,200.0,medium,155784,25,1300,cell,100,rome:60:306-0-s68:p0,200,0.06455091665382838,,1413
145728,60,1324,True,rome,100,400.0,medium,155784,25,1300,cell,100,rome:60:306-0-s68:p0,400,0.06455091665382838,,1413
156600,60,1606,True,rome,100,70.71067811865476,medium,155784,25,1350,intra_cell,150,rome:60:306-0-s68:p0,0,0.0,,1413
146928,60,1177,True,rome,100,170.71067811865476,medium,155784,25,1350,intra_cell,150,rome:60:306-0-s68:p0,100,0.05684794330611616,,1413
145728,60,1247,True,rome,100,270.71067811865476,medium,155784,25,1350,intra_cell,150,rome:60:306-0-s68:p0,200,0.06455091665382838,,1413
145728,60,1168,True,rome,100,470.71067811865476,medium,155784,25,1350,intra_cell,150,rome:60:306-0-s68:p0,400,0.06455091665382838,,1413
19072,120,1606,True,rome,100,0.0,medium,16788,25,1300,cell,100,rome:60:306-0-s68:p0,0,0.0,,1413
14664,120,1222,True,rome,100,100.0,medium,16788,25,1300,cell,100,rome:60:306-0-s68:p0,100,0.12651894210150108,,1413
13455,120,1205,True,rome,100,200.0,medium,16788,25,1300,cell,100,rome:60:306-0-s68:p0,200,0.19853466761972838,,1413
12652,120,1183,True,rome,100,400.0,medium,16788,25,1300,cell,100,rome:60:306-0-s68:p0,400,0.24636645222778175,,1413
19072,120,1606,True,rome,100,70.71067811865476,medium,16788,25,1350,intra_cell,150,rome:60:306-0-s68:p0,0,0.0,,1413
13241,120,1127,True,rome,100,170.71067811865476,medium,16788,25,1350,intra_cell,150,rome:60:306-0-s68:p0,100,0.21128186800095305,,1413
12177,120,1105,True,rome,100,270.71067811865476,medium,16788,25,1350,intra_cell,150,rome:60:306-0-s68:p0,200,0.2746604717655468,,1413
11191,120,1083,True,rome,100,470.71067811865476,medium,16788,25,1350,intra_cell,150,rome:60:306-0-s68:p0,400,0.33339289969025493,,1413
19072,300,1606,True,rome,100,0.0,medium,16788,25,1300,cell,100,rome:60:306-0-s68:p0,0,0.0,,1413
14664,300,1222,True,rome,100,100.0,medium,16788,25,1300,cell,100,rome:60:306-0-s68:p0,100,0.12651894210150108,,1413
13455,300,1205,True,rome,100,200.0,medium,16788,25,1300,cell,100,rome:60:306-0-s68:p0,200,0.19853466761972838,,1413
12652,300,1183,True,rome,100,400.0,medium,16788,25,1300,cell,100,rome:60:306-0-s68:p0,400,0.24636645222778175,,1413
19072,300,1606,True,rome,100,70.71067811865476,medium,16788,25,1350,intra_cell,150,rome:60:306-0-s68:p0,0,0.0,,1413
13241,300,1127,True,rome,100,170.71067811865476,medium,16788,25,1350,intra_cell,150,rome:60:306-0-s68:p0,100,0.21128186800095305,,1413
12177,300,1105,True,rome,100,270.71067811865476,medium,16788,25,1350,intra_cell,150,rome:60:306-0-s68:p0,200,0.2746604717655468,,1413
11191,300,1083,True,rome,100,470.71067811865476,medium,16788,25,1350,intra_cell,150,rome:60:306-0-s68:p0,400,0.33339289969025493,,1413
156600,60,1606,True,rome,100,0.0,fine,155784,25,1300,cell,100,rome:60:306-0-s68:p0,0,0.0,,1413
148128,60,1283,True,rome,100,100.0,fine,155784,25,1300,cell,100,rome:60:306-0-s68:p0,100,0.04914496995840394,,1413
145728,60,1365,True,rome,100,200.0,fine,155784,25,1300,cell,100,rome:60:306-0-s68:p0,200,0.06455091665382838,,1413
145728,60,1324,True,rome,100,400.0,fine,155784,25,1300,cell,100,rome:60:306-0-s68:p0,400,0.06455091665382838,,1413
156600,60,1606,True,rome,100,70.71067811865476,fine,155784,25,1350,intra_cell,150,rome:60:306-0-s68:p0,0,0.0,,1413
146928,60,1177,True,rome,100,170.71067811865476,fine,155784,25,1350,intra_cell,150,rome:60:306-0-s68:p0,100,0.05684794330611616,,1413
145728,60,1247,True,rome,100,270.71067811865476,fine,155784,25,1350,intra_cell,150,rome:60:306-0-s68:p0,200,0.06455091665382838,,1413
145728,60,1168,True,rome,100,470.71067811865476,fine,155784,25,1350,intra_cell,150,rome:60:306-0-s68:p0,400,0.06455091665382838,,1413
19272,120,1606,True,rome,100,0.0,fine,16956,25,1300,cell,100,rome:60:306-0-s68:p0,0,0.0,,1413
14664,120,1222,True,rome,100,100.0,fine,16956,25,1300,cell,100,rome:60:306-0-s68:p0,100,0.13517338995046002,,1413
13474,120,1183,True,rome,100,200.0,fine,16956,25,1300,cell,100,rome:60:306-0-s68:p0,200,0.20535503656522766,,1413
12450,120,1205,True,rome,100,400.0,fine,16956,25,1300,cell,100,rome:60:306-0-s68:p0,400,0.2657466383581033,,1413
19272,120,1606,True,rome,100,70.71067811865476,fine,16956,25,1350,intra_cell,150,rome:60:306-0-s68:p0,0,0.0,,1413
12928,120,1144,True,rome,100,170.71067811865476,fine,16956,25,1350,intra_cell,150,rome:60:306-0-s68:p0,100,0.23755602736494455,,1413
12062,120,1134,True,rome,100,270.71067811865476,fine,16956,25,1350,intra_cell,150,rome:60:306-0-s68:p0,200,0.2886293937249351,,1413
11230,120,1123,True,rome,100,470.71067811865476,fine,16956,25,1350,intra_cell,150,rome:60:306-0-s68:p0,400,0.3376975701816466,,1413
19272,300,1606,True,rome,100,0.0,fine,16956,25,1300,cell,100,rome:60:306-0-s68:p0,0,0.0,,1413
14664,300,1222,True,rome,100,100.0,fine,16956,25,1300,cell,100,rome:60:306-0-s68:p0,100,0.13517338995046002,,1413
13474,300,1183,True,rome,100,200.0,fine,16956,25,1300,cell,100,rome:60:306-0-s68:p0,200,0.20535503656522766,,1413
12450,300,1205,True,rome,100,400.0,fine,16956,25,1300,cell,100,rome:60:306-0-s68:p0,400,0.2657466383581033,,1413
19272,300,1606,True,rome,100,70.71067811865476,fine,16956,25,1350,intra_cell,150,rome:60:306-0-s68:p0,0,0.0,,1413
12928,300,1144,True,rome,100,170.71067811865476,fine,16956,25,1350,intra_cell,150,rome:60:306-0-s68:p0,100,0.23755602736494455,,1413
12062,300,1134,True,rome,100,270.71067811865476,fine,16956,25,1350,intra_cell,150,rome:60:306-0-s68:p0,200,0.2886293937249351,,1413
11230,300,1123,True,rome,100,470.71067811865476,fine,16956,25,1350,intra_cell,150,rome:60:306-0-s68:p0,400,0.3376975701816466,,1413
221892,60,541,True,rome,100,0.0,coarse,222912,25,1300,cell,100,rome:60:309-0-s267:p0,0,0.004575796726959518,,500
217800,60,400,True,rome,100,100.0,coarse,222912,25,1300,cell,100,rome:60:309-0-s267:p0,100,0.0229328165374677,,500
217800,60,400,True,rome,100,200.0,coarse,222912,25,1300,cell,100,rome:60:309-0-s267:p0,200,0.0229328165374677,,500
217800,60,400,True,rome,100,400.0,coarse,222912,25,1300,cell,100,rome:60:309-0-s267:p0,400,0.0229328165374677,,500
221892,60,541,True,rome,100,70.71067811865476,coarse,222912,25,1350,intra_cell,150,rome:60:309-0-s267:p0,0,0.004575796726959518,,500
217800,60,341,True,rome,100,170.71067811865476,coarse,222912,25,1350,intra_cell,150,rome:60:309-0-s267:p0,100,0.0229328165374677,,500
217800,60,341,True,rome,100,270.71067811865476,coarse,222912,25,1350,intra_cell,150,rome:60:309-0-s267:p0,200,0.0229328165374677,,500
217800,60,341,True,rome,100,470.71067811865476,coarse,222912,25,1350,intra_cell,150,rome:60:309-0-s267:p0,400,0.0229328165374677,,500
6492,120,541,True,rome,100,0.0,coarse,6000,25,1300,cell,100,rome:60:309-0-s267:p0,0,0.0,,500
4596,120,383,True,rome,100,100.0,coarse,6000,25,1300,cell,100,rome:60:309-0-s267:p0,100,0.234,,500
4332,120,361,True,rome,100,200.0,coarse,6000,25,1300,cell,100,rome:60:309-0-s267:p0,200,0.278,,500
4332,120,361,True,rome,100,400.0,coarse,6000,25,1300,cell,100,rome:60:309-0-s267:p0,400,0.278,,500
6492,120,541,True,rome,100,70.71067811865476,coarse,6000,25,1350,intra_cell,150,rome:60:309-0-s267:p0,0,0.0,,500
3396,120,283,True,rome,100,170.71067811865476,coarse,6000,25,1350,intra_cell,150,rome:60:309-0-s267:p0,100,0.434,,500
3396,120,283,True,rome,100,270.71067811865476,coarse,6000,25,1350,intra_cell,150,rome:60:309-0-s267:p0,200,0.434,,500
3396,120,283,True,rome,100,470.71067811865476,coarse,6000,25,1350,intra_cell,150,rome:60:309-0-s267:p0,400,0.434,,500
6492,300,541,True,rome,100,0.0,coarse,6000,25,1300,cell,100,rome:60:309-0-s267:p0,0,0.0,,500
4596,300,383,True,rome,100,100.0,coarse,6000,25,1300,cell,100,rome:60:309-0-s267:p0,100,0.234,,500
4332,300,361,True,rome,100,200.0,coarse,6000,25,1300,cell,100,rome:60:309-0-s267:p0,200,0.278,,500
4332,300,361,True,rome,100,400.0,coarse,6000,25,1300,cell,100,rome:60:309-0-s267:p0,400,0.278,,500
6492,300,541,True,rome,100,70.71067811865476,coarse,6000,25,1350,intra_cell,150,rome:60:309-0-s267:p0,0,0.0,,500
3396,300,283,True,rome,100,170.71067811865476,coarse,6000,25,1350,intra_cell,150,rome:60:309-0-s267:p0,100,0.434,,500
3396,300,283,True,rome,100,270.71067811865476,coarse,6000,25,1350,intra_cell,150,rome:60:309-0-s267:p0,200,0.434,,500
3396,300,283,True,rome,100,470.71067811865476,coarse,6000,25,1350,intra_cell,150,rome:60:309-0-s267:p0,400,0.434,,500
221892,60,541,True,rome,100,0.0,medium,222912,25,1300,cell,100,rome:60:309-0-s267:p0,0,0.004575796726959518,,500
217800,60,400,True,rome,100,100.0,medium,222912,25,1300,cell,100,rome:60:309-0-s267:p0,100,0.0229328165374677,,500
217800,60,400,True,rome,100,200.0,medium,222912,25,1300,cell,100,rome:60:309-0-s267:p0,200,0.0229328165374677,,500
217800,60,400,True,rome,100,400.0,medium,222912,25,1300,cell,100,rome:60:309-0-s267:p0,400,0.0229328165374677,,500
221892,60,541,True,rome,100,70.71067811865476,medium,222912,25,1350,intra_cell,150,rome:60:309-0-s267:p0,0,0.004575796726959518,,500
217800,60,341,True,rome,100,170.71067811865476,medium,222912,25,1350,intra_cell,150,rome:60:309-0-s267:p0,100,0.0229328165374677,,500
217800,60,341,True,rome,100,270.71067811865476,medium,222912,25,1350,intra_cell,150,rome:60:309-0-s267:p0,200,0.0229328165374677,,500
217800,60,341,True,rome,100,470.71067811865476,medium,222912,25,1350,intra_cell,150,rome:60:309-0-s267:p0,400,0.0229328165374677,,500
6492,120,541,True,rome,100,0.0,medium,6000,25,1300,cell,100,rome:60:309-0-s267:p0,0,0.0,,500
4596,120,383,True,rome,100,100.0,medium,6000,25,1300,cell,100,rome:60:309-0-s267:p0,100,0.234,,500
4213,120,383,True,rome,100,200.0,medium,6000,25,1300,cell,100,rome:60:309-0-s267:p0,200,0.29783333333333334,,500
3971,120,361,True,rome,100,400.0,medium,6000,25,1300,cell,100,rome:60:309-0-s267:p0,400,0.33816666666666667,,500
6492,120,541,True,rome,100,70.71067811865476,medium,6000,25,1350,intra_cell,150,rome:60:309-0-s267:p0,0,0.0,,500
3396,120,283,True,rome,100,170.71067811865476,medium,6000,25,1350,intra_cell,150,rome:60:309-0-s267:p0,100,0.434,,500
3113,120,283,True,rome,100,270.71067811865476,medium,6000,25,1350,intra_cell,150,rome:60:309-0-s267:p0,200,0.4811666666666667,,500
3113,120,283,True,rome,100,470.71067811865476,medium,6000,25,1350,intra_cell,150,rome:60:309-0-s267:p0,400,0.4811666666666667,,500
6492,300,541,True,rome,100,0.0,medium,6000,25,1300,cell,100,rome:60:309-0-s267:p0,0,0.0,,500
4596,300,383,True,rome,100,100.0,medium,6000,25,1300,cell,100,rome:60:309-0-s267:p0,100,0.234,,500
4213,300,383,True,rome,100,200.0,medium,6000,25,1300,cell,100,rome:60:309-0-s267:p0,200,0.29783333333333334,,500
3971,300,361,True,rome,100,400.0,medium,6000,25,1300,cell,100,rome:60:309-0-s267:p0,400,0.33816666666666667,,500
6492,300,541,True,rome,100,70.71067811865476,medium,6000,25,1350,intra_cell,150,rome:60:309-0-s267:p0,0,0.0,,500
3396,300,283,True,rome,100,170.71067811865476,medium,6000,25,1350,intra_cell,150,rome:60:309-0-s267:p0,100,0.434,,500
3113,300,283,True,rome,100,270.71067811865476,medium,6000,25,1350,intra_cell,150,rome:60:309-0-s267:p0,200,0.4811666666666667,,500
3113,300,283,True,rome,100,470.71067811865476,medium,6000,25,1350,intra_cell,150,rome:60:309-0-s267:p0,400,0.4811666666666667,,500
221892,60,541,True,rome,100,0.0,fine,222912,25,1300,cell,100,rome:60:309-0-s267:p0,0,0.004575796726959518,,500
217800,60,400,True,rome,100,100.0,fine,222912,25,1300,cell,100,rome:60:309-0-s267:p0,100,0.0229328165374677,,500
217800,60,400,True,rome,100,200.0,fine,222912,25,1300,cell,100,rome:60:309-0-s267:p0,200,0.0229328165374677,,500
217800,60,400,True,rome,100,400.0,fine,222912,25,1300,cell,100,rome:60:309-0-s267:p0,400,0.0229328165374677,,500
221892,60,541,True,rome,100,70.71067811865476,fine,222912,25,1350,intra_cell,150,rome:60:309-0-s267:p0,0,0.004575796726959518,,500
217800,60,341,True,rome,100,170.71067811865476,fine,222912,25,1350,intra_cell,150,rome:60:309-0-s267:p0,100,0.0229328165374677,,500
217800,60,341,True,rome,100,270.71067811865476,fine,222912,25,1350,intra_cell,150,rome:60:309-0-s267:p0,200,0.0229328165374677,,500
217800,60,341,True,rome,100,470.71067811865476,fine,222912,25,1350,intra_cell,150,rome:60:309-0-s267:p0,400,0.0229328165374677,,500
6492,120,541,True,rome,100,0.0,fine,6000,25,1300,cell,100,rome:60:309-0-s267:p0,0,0.0,,500
4596,120,383,True,rome,100,100.0,fine,6000,25,1300,cell,100,rome:60:309-0-s267:p0,100,0.234,,500
4030,120,383,True,rome,100,200.0,fine,6000,25,1300,cell,100,rome:60:309-0-s267:p0,200,0.3283333333333333,,500
3610,120,361,True,rome,100,400.0,fine,6000,25,1300,cell,100,rome:60:309-0-s267:p0,400,0.3983333333333333,,500
6492,120,541,True,rome,100,70.71067811865476,fine,6000,25,1350,intra_cell,150,rome:60:309-0-s267:p0,0,0.0,,500
3396,120,283,True,rome,100,170.71067811865476,fine,6000,25,1350,intra_cell,150,rome:60:309-0-s267:p0,100,0.434,,500
3200,120,300,True,rome,100,270.71067811865476,fine,6000,25,1350,intra_cell,150,rome:60:309-0-s267:p0,200,0.4666666666666667,,500
2830,120,283,True,rome,100,470.71067811865476,fine,6000,25,1350,intra_cell,150,rome:60:309-0-s267:p0,400,0.5283333333333333,,500
6492,300,541,True,rome,100,0.0,fine,6000,25,1300,cell,100,rome:60:309-0-s267:p0,0,0.0,,500
4596,300,383,True,rome,100,100.0,fine,6000,25,1300,cell,100,rome:60:309-0-s267:p0,100,0.234,,500
4030,300,383,True,rome,100,200.0,fine,6000,25,1300,cell,100,rome:60:309-0-s267:p0,200,0.3283333333333333,,500
3610,300,361,True,rome,100,400.0,fine,6000,25,1300,cell,100,rome:60:309-0-s267:p0,400,0.3983333333333333,,500
6492,300,541,True,rome,100,70.71067811865476,fine,6000,25,1350,intra_cell,150,rome:60:309-0-s267:p0,0,0.0,,500
3396,300,283,True,rome,100,170.71067811865476,fine,6000,25,1350,intra_cell,150,rome:60:309-0-s267:p0,100,0.434,,500
3200,300,300,True,rome,100,270.71067811865476,fine,6000,25,1350,intra_cell,150,rome:60:309-0-s267:p0,200,0.4666666666666667,,500
2830,300,283,True,rome,100,470.71067811865476,fine,6000,25,1350,intra_cell,150,rome:60:309-0-s267:p0,400,0.5283333333333333,,500
,60,,False,rome,100,0.0,coarse,,25,1300,cell,100,rome:60:326-0-s63:p0,0,,no feasible adversarial claim under enabled constraints,1481
248904,60,1412,True,rome,100,100.0,coarse,256548,25,1300,cell,100,rome:60:326-0-s63:p0,100,0.029795593807006877,,1481
245352,60,1473,True,rome,100,200.0,coarse,256548,25,1300,cell,100,rome:60:326-0-s63:p0,200,0.04364095607839469,,1481
241560,60,1393,True,rome,100,400.0,coarse,256548,25,1300,cell,100,rome:60:326-0-s63:p0,400,0.058421815800551946,,1481
,60,,False,rome,100,70.71067811865476,coarse,,25,1350,intra_cell,150,rome:60:326-0-s63:p0,0,,no feasible adversarial claim under enabled constraints,1481
247560,60,1348,True,rome,100,170.71067811865476,coarse,256548,25,1350,intra_cell,150,rome:60:326-0-s63:p0,100,0.03503437953131578,,1481
245160,60,1328,True,rome,100,270.71067811865476,coarse,256548,25,1350,intra_cell,150,rome:60:326-0-s63:p0,200,0.044389354039010245,,1481
241560,60,1321,True,rome,100,470.71067811865476,coarse,256548,25,1350,intra_cell,150,rome:60:326-0-s63:p0,400,0.058421815800551946,,1481
,120,,False,rome,100,0.0,coarse,,25,1300,cell,100,rome:60:326-0-s63:p0,0,,no feasible adversarial claim under enabled constraints,1481
15396,120,1283,True,rome,100,100.0,coarse,17772,25,1300,cell,100,rome:60:326-0-s63:p0,100,0.1336934503713707,,1481
15396,120,1283,True,rome,100,200.0,coarse,17772,25,1300,cell,100,rome:60:326-0-s63:p0,200,0.1336934503713707,,1481
14274,120,1283,True,rome,100,400.0,coarse,17772,25,1300,cell,100,rome:60:326-0-s63:p0,400,0.19682646860229575,,1481
,120,,False,rome,100,70.71067811865476,coarse,,25,1350,intra_cell,150,rome:60:326-0-s63:p0,0,,no feasible adversarial claim under enabled constraints,1481
14196,120,1183,True,rome,100,170.71067811865476,coarse,17772,25,1350,intra_cell,150,rome:60:326-0-s63:p0,100,0.2012153950033761,,1481
14196,120,1183,True,rome,100,270.71067811865476,coarse,17772,25,1350,intra_cell,150,rome:60:326-0-s63:p0,200,0.2012153950033761,,1481
12942,120,1222,True,rome,100,470.71067811865476,coarse,17772,25,1350,intra_cell,150,rome:60:326-0-s63:p0,400,0.27177582714382176,,1481
,300,,False,rome,100,0.0,coarse,,25,1300,cell,100,rome:60:326-0-s63:p0,0,,no feasible adversarial claim under enabled constraints,1481
15396,300,1283,True,rome,100,100.0,coarse,17772,25,1300,cell,100,rome:60:326-0-s63:p0,100,0.1336934503713707,,1481
15396,300,1283,True,rome,100,200.0,coarse,17772,25,1300,cell,100,rome:60:326-0-s63:p0,200,0.1336934503713707,,1481
14274,300,1283,True,rome,100,400.0,coarse,17772,25,1300,cell,100,rome:60:326-0-s63:p0,400,0.19682646860229575,,1481
,300,,False,rome,100,70.71067811865476,coarse,,25,1350,intra_cell,150,rome:60:326-0-s63:p0,0,,no feasible adversarial claim under enabled constraints,1481
14196,300,1183,True,rome,100,170.71067811865476,coarse,17772,25,1350,intra_cell,150,rome:60:326-0-s63:p0,100,0.2012153950033761,,1481
14196,300,1183,True,rome,100,270.71067811865476,coarse,17772,25,1350,intra_cell,150,rome:60:326-0-s63:p0,200,0.2012153950033761,,1481
12942,300,1222,True,rome,100,470.71067811865476,coarse,17772,25,1350,intra_cell,150,rome:60:326-0-s63:p0,400,0.27177582714382176,,1481
,60,,False,rome,100,0.0,medium,,25,1300,cell,100,rome:60:326-0-s63:p0,0,,no feasible adversarial claim under enabled constraints,1481
248904,60,1412,True,rome,100,100.0,medium,256548,25,1300,cell,100,rome:60:326-0-s63:p0,100,0.029795593807006877,,1481
245352,60,1473,True,rome,100,200.0,medium,256548,25,1300,cell,100,rome:60:326-0-s63:p0,200,0.04364095607839469,,1481
241560,60,1393,True,rome,100,400.0,medium,256548,25,1300,cell,100,rome:60:326-0-s63:p0,400,0.058421815800551946,,1481
,60,,False,rome,100,70.71067811865476,medium,,25,1350,intra_cell,150,rome:60:326-0-s63:p0,0,,no feasible adversarial claim under enabled constraints,1481
247560,60,1348,True,rome,100,170.71067811865476,medium,256548,25,1350,intra_cell,150,rome:60:326-0-s63:p0,100,0.03503437953131578,,1481
245160,60,1328,True,rome,100,270.71067811865476,medium,256548,25,1350,intra_cell,150,rome:60:326-0-s63:p0,200,0.044389354039010245,,1481
241560,60,1321,True,rome,100,470.71067811865476,medium,256548,25,1350,intra_cell,150,rome:60:326-0-s63:p0,400,0.058421815800551946,,1481
,120,,False,rome,100,0.0,medium,,25,1300,cell,100,rome:60:326-0-s63:p0,0,,no feasible adversarial claim under enabled constraints,1481
15396,120,1283,True,rome,100,100.0,medium,17772,25,1300,cell,100,rome:60:326-0-s63:p0,100,0.1336934503713707,,1481
15035,120,1283,True,rome,100,200.0,medium,17772,25,1300,cell,100,rome:60:326-0-s63:p0,200,0.15400630204816565,,1481
14168,120,1288,True,rome,100,400.0,medium,17772,25,1300,cell,100,rome:60:326-0-s63:p0,400,0.20279090704478955,,1481
,120,,False,rome,100,70.71067811865476,medium,,25,1350,intra_cell,150,rome:60:326-0-s63:p0,0,,no feasible adversarial claim under enabled constraints,1481
14196,120,1183,True,rome,100,170.71067811865476,medium,17772,25,1350,intra_cell,150,rome:60:326-0-s63:p0,100,0.2012153950033761,,1481
13835,120,1183,True,rome,100,270.71067811865476,medium,17772,25,1350,intra_cell,150,rome:60:326-0-s63:p0,200,0.22152824668017104,,1481
12942,120,1222,True,rome,100,470.71067811865476,medium,17772,25,1350,intra_cell,150,rome:60:326-0-s63:p0,400,0.27177582714382176,,1481
,300,,False,rome,100,0.0,medium,,25,1300,cell,100,rome:60:326-0-s63:p0,0,,no feasible adversarial claim under enabled constraints,1481
15396,300,1283,True,rome,100,100.0,medium,17772,25,1300,cell,100,rome:60:326-0-s63:p0,100,0.1336934503713707,,1481
15035,300,1283,True,rome,100,200.0,medium,17772,25,1300,cell,100,rome:60:326-0-s63:p0,200,0.15400630204816565,,1481
14168,300,1288,True,rome,100,400.0,medium,17772,25,1300,cell,100,rome:60:326-0-s63:p0,400,0.20279090704478955,,1481
,300,,False,rome,100,70.71067811865476,medium,,25,1350,intra_cell,150,rome:60:326-0-s63:p0,0,,no feasible adversarial claim under enabled constraints,1481
14196,300,1183,True,rome,100,170.71067811865476,medium,17772,25,1350,intra_cell,150,rome:60:326-0-s63:p0,100,0.2012153950033761,,1481
13835,300,1183,True,rome,100,270.71067811865476,medium,17772,25,1350,intra_cell,150,rome:60:326-0-s63:p0,200,0.22152824668017104,,1481
12942,300,1222,True,rome,100,470.71067811865476,medium,17772,25,1350,intra_cell,150,rome:60:326-0-s63:p0,400,0.27177582714382176,,1481
,60,,False,rome,100,0.0,fine,,25,1300,cell,100,rome:60:326-0-s63:p0,0,,no feasible adversarial claim under enabled constraints,1481
248904,60,1412,True,rome,100,100.0,fine,256548,25,1300,cell,100,rome:60:326-0-s63:p0,100,0.029795593807006877,,1481
245352,60,1473,True,rome,100,200.0,fine,256548,25,1300,cell,100,rome:60:326-0-s63:p0,200,0.04364095607839469,,1481
241560,60,1393,True,rome,100,400.0,fine,256548,25,1300,cell,100,rome:60:326-0-s63:p0,400,0.058421815800551946,,1481
,60,,False,rome,100,70.71067811865476,fine,,25,1350,intra_cell,150,rome:60:326-0-s63:p0,0,,no feasible adversarial claim under enabled constraints,1481
247560,60,1348,True,rome,100,170.71067811865476,fine,256548,25,1350,intra_cell,150,rome:60:326-0-s63:p0,100,0.03503437953131578,,1481
245160,60,1328,True,rome,100,270.71067811865476,fine,256548,25,1350,intra_cell,150,rome:60:326-0-s63:p0,200,0.044389354039010245,,1481
241560,60,1321,True,rome,100,470.71067811865476,fine,256548,25,1350,intra_cell,150,rome:60:326-0-s63:p0,400,0.058421815800551946,,1481
,120,,False,rome,100,0.0,fine,,25,1300,cell,100,rome:60:326-0-s63:p0,0,,no feasible adversarial claim under enabled constraints,1481
15396,120,1283,True,rome,100,100.0,fine,17772,25,1300,cell,100,rome:60:326-0-s63:p0,100,0.1336934503713707,,1481
15396,120,1283,True,rome,100,200.0,fine,17772,25,1300,cell,100,rome:60:326-0-s63:p0,200,0.1336934503713707,,1481
13772,120,1305,True,rome,100,400.0,fine,17772,25,1300,cell,100,rome:60:326-0-s63:p0,400,0.22507314877335133,,1481
,120,,False,rome,100,70.71067811865476,fine,,25,1350,intra_cell,150,rome:60:326-0-s63:p0,0,,no feasible adversarial claim under enabled constraints,1481
14196,120,1183,True,rome,100,170.71067811865476,fine,17772,25,1350,intra_cell,150,rome:60:326-0-s63:p0,100,0.2012153950033761,,1481
14196,120,1183,True,rome,100,270.71067811865476,fine,17772,25,1350,intra_cell,150,rome:60:326-0-s63:p0,200,0.2012153950033761,,1481
12540,120,1254,True,rome,100,470.71067811865476,fine,17772,25,1350,intra_cell,150,rome:60:326-0-s63:p0,400,0.29439567859554355,,1481
,300,,False,rome,100,0.0,fine,,25,1300,cell,100,rome:60:326-0-s63:p0,0,,no feasible adversarial claim under enabled constraints,1481
15396,300,1283,True,rome,100,100.0,fine,17772,25,1300,cell,100,rome:60:326-0-s63:p0,100,0.1336934503713707,,1481
15396,300,1283,True,rome,100,200.0,fine,17772,25,1300,cell,100,rome:60:326-0-s63:p0,200,0.1336934503713707,,1481
13772,300,1305,True,rome,100,400.0,fine,17772,25,1300,cell,100,rome:60:326-0-s63:p0,400,0.22507314877335133,,1481
,300,,False,rome,100,70.71067811865476,fine,,25,1350,intra_cell,150,rome:60:326-0-s63:p0,0,,no feasible adversarial claim under enabled constraints,1481
14196,300,1183,True,rome,100,170.71067811865476,fine,17772,25,1350,intra_cell,150,rome:60:326-0-s63:p0,100,0.2012153950033761,,1481
14196,300,1183,True,rome,100,270.71067811865476,fine,17772,25,1350,intra_cell,150,rome:60:326-0-s63:p0,200,0.2012153950033761,,1481
12540,300,1254,True,rome,100,470.71067811865476,fine,17772,25,1350,intra_cell,150,rome:60:326-0-s63:p0,400,0.29439567859554355,,1481
,60,,False,rome,100,0.0,coarse,,25,1300,cell,100,rome:60:326-0-s63:p1,0,,no feasible adversarial claim under enabled constraints,858
121980,60,841,True,rome,100,100.0,coarse,129984,25,1300,cell,100,rome:60:326-0-s63:p1,100,0.061576809453471194,,858
120780,60,790,True,rome,100,200.0,coarse,129984,25,1300,cell,100,rome:60:326-0-s63:p1,200,0.07080871491875923,,858
120780,60,790,True,rome,100,400.0,coarse,129984,25,1300,cell,100,rome:60:326-0-s63:p1,400,0.07080871491875923,,858
,60,,False,rome,100,70.71067811865476,coarse,,25,1350,intra_cell,150,rome:60:326-0-s63:p1,0,,no feasible adversarial claim under enabled constraints,858
121980,60,707,True,rome,100,170.71067811865476,coarse,129984,25,1350,intra_cell,150,rome:60:326-0-s63:p1,100,0.061576809453471194,,858
120780,60,661,True,rome,100,270.71067811865476,coarse,129984,25,1350,intra_cell,150,rome:60:326-0-s63:p1,200,0.07080871491875923,,858
120780,60,732,True,rome,100,470.71067811865476,coarse,129984,25,1350,intra_cell,150,rome:60:326-0-s63:p1,400,0.07080871491875923,,858
,120,,False,rome,100,0.0,coarse,,25,1300,cell,100,rome:60:326-0-s63:p1,0,,no feasible adversarial claim under enabled constraints,858
8928,120,744,True,rome,100,100.0,coarse,10296,25,1300,cell,100,rome:60:326-0-s63:p1,100,0.13286713286713286,,858
8664,120,722,True,rome,100,200.0,coarse,10296,25,1300,cell,100,rome:60:326-0-s63:p1,200,0.1585081585081585,,858
7610,120,761,True,rome,100,400.0,coarse,10296,25,1300,cell,100,rome:60:326-0-s63:p1,400,0.2608780108780109,,858
,120,,False,rome,100,70.71067811865476,coarse,,25,1350,intra_cell,150,rome:60:326-0-s63:p1,0,,no feasible adversarial claim under enabled constraints,858
7728,120,644,True,rome,100,170.71067811865476,coarse,10296,25,1350,intra_cell,150,rome:60:326-0-s63:p1,100,0.2494172494172494,,858
7728,120,644,True,rome,100,270.71067811865476,coarse,10296,25,1350,intra_cell,150,rome:60:326-0-s63:p1,200,0.2494172494172494,,858
6610,120,661,True,rome,100,470.71067811865476,coarse,10296,25,1350,intra_cell,150,rome:60:326-0-s63:p1,400,0.35800310800310803,,858
,300,,False,rome,100,0.0,coarse,,25,1300,cell,100,rome:60:326-0-s63:p1,0,,no feasible adversarial claim under enabled constraints,858
8928,300,744,True,rome,100,100.0,coarse,10296,25,1300,cell,100,rome:60:326-0-s63:p1,100,0.13286713286713286,,858
8664,300,722,True,rome,100,200.0,coarse,10296,25,1300,cell,100,rome:60:326-0-s63:p1,200,0.1585081585081585,,858
7610,300,761,True,rome,100,400.0,coarse,10296,25,1300,cell,100,rome:60:326-0-s63:p1,400,0.2608780108780109,,858
,300,,False,rome,100,70.71067811865476,coarse,,25,1350,intra_cell,150,rome:60:326-0-s63:p1,0,,no feasible adversarial claim under enabled constraints,858
7728,300,644,True,rome,100,170.71067811865476,coarse,10296,25,1350,intra_cell,150,rome:60:326-0-s63:p1,100,0.2494172494172494,,858
7728,300,644,True,rome,100,270.71067811865476,coarse,10296,25,1350,intra_cell,150,rome:60:326-0-s63:p1,200,0.2494172494172494,,858
6610,300,661,True,rome,100,470.71067811865476,coarse,10296,25,1350,intra_cell,150,rome:60:326-0-s63:p1,400,0.35800310800310803,,858
,60,,False,rome,100,0.0,medium,,25,1300,cell,100,rome:60:326-0-s63:p1,0,,no feasible adversarial claim under enabled constraints,858
121980,60,841,True,rome,100,100.0,medium,129984,25,1300,cell,100,rome:60:326-0-s63:p1,100,0.061576809453471194,,858
120780,60,790,True,rome,100,200.0,medium,129984,25,1300,cell,100,rome:60:326-0-s63:p1,200,0.07080871491875923,,858
120780,60,790,True,rome,100,400.0,medium,129984,25,1300,cell,100,rome:60:326-0-s63:p1,400,0.07080871491875923,,858
,60,,False,rome,100,70.71067811865476,medium,,25,1350,intra_cell,150,rome:60:326-0-s63:p1,0,,no feasible adversarial claim under enabled constraints,858
121980,60,707,True,rome,100,170.71067811865476,medium,129984,25,1350,intra_cell,150,rome:60:326-0-s63:p1,100,0.061576809453471194,,858
120780,60,661,True,rome,100,270.71067811865476,medium,129984,25,1350,intra_cell,150,rome:60:326-0-s63:p1,200,0.07080871491875923,,858
120780,60,732,True,rome,100,470.71067811865476,medium,129984,25,1350,intra_cell,150,rome:60:326-0-s63:p1,400,0.07080871491875923,,858
,120,,False,rome,100,0.0,medium,,25,1300,cell,100,rome:60:326-0-s63:p1,0,,no feasible adversarial claim under enabled constraints,858
8928,120,744,True,rome,100,100.0,medium,10296,25,1300,cell,100,rome:60:326-0-s63:p1,100,0.13286713286713286,,858
8664,120,722,True,rome,100,200.0,medium,10296,25,1300,cell,100,rome:60:326-0-s63:p1,200,0.1585081585081585,,858
7610,120,761,True,rome,100,400.0,medium,10296,25,1300,cell,100,rome:60:326-0-s63:p1,400,0.2608780108780109,,858
,120,,False,rome,100,70.71067811865476,medium,,25,1350,intra_cell,150,rome:60:326-0-s63:p1,0,,no feasible adversarial claim under enabled constraints,858
7728,120,644,True,rome,100,170.71067811865476,medium,10296,25,1350,intra_cell,150,rome:60:326-0-s63:p1,100,0.2494172494172494,,858
7728,120,644,True,rome,100,270.71067811865476,medium,10296,25,1350,intra_cell,150,rome:60:326-0-s63:p1,200,0.2494172494172494,,858
6610,120,661,True,rome,100,470.71067811865476,medium,10296,25,1350,intra_cell,150,rome:60:326-0-s63:p1,400,0.35800310800310803,,858
,300,,False,rome,100,0.0,medium,,25,1300,cell,100,rome:60:326-0-s63:p1,0,,no feasible adversarial claim under enabled constraints,858
8928,300,744,True,rome,100,100.0,medium,10296,25,1300,cell,100,rome:60:326-0-s63:p1,100,0.13286713286713286,,858
8664,300,722,True,rome,100,200.0,medium,10296,25,1300,cell,100,rome:60:326-0-s63:p1,200,0.1585081585081585,,858
7610,300,761,True,rome,100,400.0,medium,10296,25,1300,cell,100,rome:60:326-0-s63:p1,400,0.2608780108780109,,858
,300,,False,rome,100,70.71067811865476,medium,,25,1350,intra_cell,150,rome:60:326-0-s63:p1,0,,no feasible adversarial claim under enabled constraints,858
7728,300,644,True,rome,100,170.71067811865476,medium,10296,25,1350,intra_cell,150,rome:60:326-0-s63:p1,100,0.2494172494172494,,858
7728,300,644,True,rome,100,270.71067811865476,medium,10296,25,1350,intra_cell,150,rome:60:326-0-s63:p1,200,0.2494172494172494,,858
6610,300,661,True,rome,100,470.71067811865476,medium,10296,25,1350,intra_cell,150,rome:60:326-0-s63:p1,400,0.35800310800310803,,858
,60,,False,rome,100,0.0,fine,,25,1300,cell,100,rome:60:326-0-s63:p1,0,,no feasible adversarial claim under enabled constraints,858
121980,60,841,True,rome,100,100.0,fine,129984,25,1300,cell,100,rome:60:326-0-s63:p1,100,0.061576809453471194,,858
120780,60,790,True,rome,100,200.0,fine,129984,25,1300,cell,100,rome:60:326-0-s63:p1,200,0.07080871491875923,,858
120780,60,790,True,rome,100,400.0,fine,129984,25,1300,cell,100,rome:60:326-0-s63:p1,400,0.07080871491875923,,858
,60,,False,rome,100,70.71067811865476,fine,,25,1350,intra_cell,150,rome:60:326-0-s63:p1,0,,no feasible adversarial claim under enabled constraints,858
121980,60,707,True,rome,100,170.71067811865476,fine,129984,25,1350,intra_cell,150,rome:60:326-0-s63:p1,100,0.061576809453471194,,858
120780,60,661,True,rome,100,270.71067811865476,fine,129984,25,1350,intra_cell,150,rome:60:326-0-s63:p1,200,0.07080871491875923,,858
120780,60,732,True,rome,100,470.71067811865476,fine,129984,25,1350,intra_cell,150,rome:60:326-0-s63:p1,400,0.07080871491875923,,858
,120,,False,rome,100,0.0,fine,,25,1300,cell,100,rome:60:326-0-s63:p1,0,,no feasible adversarial claim under enabled constraints,858
8928,120,744,True,rome,100,100.0,fine,10296,25,1300,cell,100,rome:60:326-0-s63:p1,100,0.13286713286713286,,858
8664,120,722,True,rome,100,200.0,fine,10296,25,1300,cell,100,rome:60:326-0-s63:p1,200,0.1585081585081585,,858
7610,120,761,True,rome,100,400.0,fine,10296,25,1300,cell,100,rome:60:326-0-s63:p1,400,0.2608780108780109,,858
,120,,False,rome,100,70.71067811865476,fine,,25,1350,intra_cell,150,rome:60:326-0-s63:p1,0,,no feasible adversarial claim under enabled constraints,858
7728,120,644,True,rome,100,170.71067811865476,fine,10296,25,1350,intra_cell,150,rome:60:326-0-s63:p1,100,0.2494172494172494,,858
7728,120,644,True,rome,100,270.71067811865476,fine,10296,25,1350,intra_cell,150,rome:60:326-0-s63:p1,200,0.2494172494172494,,858
6610,120,661,True,rome,100,470.71067811865476,fine,10296,25,1350,intra_cell,150,rome:60:326-0-s63:p1,400,0.35800310800310803,,858
,300,,False,rome,100,0.0,fine,,25,1300,cell,100,rome:60:326-0-s63:p1,0,,no feasible adversarial claim under enabled constraints,858
8928,300,744,True,rome,100,100.0,fine,10296,25,1300,cell,100,rome:60:326-0-s63:p1,100,0.13286713286713286,,858
8664,300,722,True,rome,100,200.0,fine,10296,25,1300,cell,100,rome:60:326-0-s63:p1,200,0.1585081585081585,,858
7610,300,761,True,rome,100,400.0,fine,10296,25,1300,cell,100,rome:60:326-0-s63:p1,400,0.2608780108780109,,858
,300,,False,rome,100,70.71067811865476,fine,,25,1350,intra_cell,150,rome:60:326-0-s63:p1,0,,no feasible adversarial claim under enabled constraints,858
7728,300,644,True,rome,100,170.71067811865476,fine,10296,25,1350,intra_cell,150,rome:60:326-0-s63:p1,100,0.2494172494172494,,858
7728,300,644,True,rome,100,270.71067811865476,fine,10296,25,1350,intra_cell,150,rome:60:326-0-s63:p1,200,0.2494172494172494,,858
6610,300,661,True,rome,100,470.71067811865476,fine,10296,25,1350,intra_cell,150,rome:60:326-0-s63:p1,400,0.35800310800310803,,858
,60,,False,rome,100,0.0,coarse,,25,1300,cell,100,rome:60:329-0-s55:p0,0,,no feasible adversarial claim under enabled constraints,1344
232380,60,1290,True,rome,100,100.0,coarse,238236,25,1300,cell,100,rome:60:329-0-s55:p0,100,0.02458066790913212,,1344
230412,60,1207,True,rome,100,200.0,coarse,238236,25,1300,cell,100,rome:60:329-0-s55:p0,200,0.032841384173676526,,1344
226524,60,1184,True,rome,100,400.0,coarse,238236,25,1300,cell,100,rome:60:329-0-s55:p0,400,0.04916133581826424,,1344
236064,60,1119,True,rome,100,70.71067811865476,coarse,238236,25,1350,intra_cell,150,rome:60:329-0-s55:p0,0,0.009117010023674004,,1344
231444,60,1157,True,rome,100,170.71067811865476,coarse,238236,25,1350,intra_cell,150,rome:60:329-0-s55:p0,100,0.028509545156903238,,1344
229116,60,1140,True,rome,100,270.71067811865476,coarse,238236,25,1350,intra_cell,150,rome:60:329-0-s55:p0,200,0.03828136805520576,,1344
225324,60,1126,True,rome,100,470.71067811865476,coarse,238236,25,1350,intra_cell,150,rome:60:329-0-s55:p0,400,0.054198357930791315,,1344
,120,,False,rome,100,0.0,coarse,,25,1300,cell,100,rome:60:329-0-s55:p0,0,,no feasible adversarial claim under enabled constraints,1344
13260,120,1105,True,rome,100,100.0,coarse,16128,25,1300,cell,100,rome:60:329-0-s55:p0,100,0.17782738095238096,,1344
12996,120,1083,True,rome,100,200.0,coarse,16128,25,1300,cell,100,rome:60:329-0-s55:p0,200,0.19419642857142858,,1344
11540,120,1154,True,rome,100,400.0,coarse,16128,25,1300,cell,100,rome:60:329-0-s55:p0,400,0.28447420634920634,,1344
13428,120,1119,True,rome,100,70.71067811865476,coarse,16128,25,1350,intra_cell,150,rome:60:329-0-s55:p0,0,0.16741071428571427,,1344
12060,120,1005,True,rome,100,170.71067811865476,coarse,16128,25,1350,intra_cell,150,rome:60:329-0-s55:p0,100,0.25223214285714285,,1344
11362,120,1044,True,rome,100,270.71067811865476,coarse,16128,25,1350,intra_cell,150,rome:60:329-0-s55:p0,200,0.2955109126984127,,1344
10320,120,1032,True,rome,100,470.71067811865476,coarse,16128,25,1350,intra_cell,150,rome:60:329-0-s55:p0,400,0.3601190476190476,,1344
,300,,False,rome,100,0.0,coarse,,25,1300,cell,100,rome:60:329-0-s55:p0,0,,no feasible adversarial claim under enabled constraints,1344
13260,300,1105,True,rome,100,100.0,coarse,16128,25,1300,cell,100,rome:60:329-0-s55:p0,100,0.17782738095238096,,1344
12996,300,1083,True,rome,100,200.0,coarse,16128,25,1300,cell,100,rome:60:329-0-s55:p0,200,0.19419642857142858,,1344
11540,300,1154,True,rome,100,400.0,coarse,16128,25,1300,cell,100,rome:60:329-0-s55:p0,400,0.28447420634920634,,1344
13428,300,1119,True,rome,100,70.71067811865476,coarse,16128,25,1350,intra_cell,150,rome:60:329-0-s55:p0,0,0.16741071428571427,,1344
12060,300,1005,True,rome,100,170.71067811865476,coarse,16128,25,1350,intra_cell,150,rome:60:329-0-s55:p0,100,0.25223214285714285,,1344
11362,300,1044,True,rome,100,270.71067811865476,coarse,16128,25,1350,intra_cell,150,rome:60:329-0-s55:p0,200,0.2955109126984127,,1344
10320,300,1032,True,rome,100,470.71067811865476,coarse,16128,25,1350,intra_cell,150,rome:60:329-0-s55:p0,400,0.3601190476190476,,1344
,60,,False,rome,100,0.0,medium,,25,1300,cell,100,rome:60:329-0-s55:p0,0,,no feasible adversarial claim under enabled constraints,1344
232380,60,1290,True,rome,100,100.0,medium,238236,25,1300,cell,100,rome:60:329-0-s55:p0,100,0.02458066790913212,,1344
230412,60,1207,True,rome,100,200.0,medium,238236,25,1300,cell,100,rome:60:329-0-s55:p0,200,0.032841384173676526,,1344
226524,60,1184,True,rome,100,400.0,medium,238236,25,1300,cell,100,rome:60:329-0-s55:p0,400,0.04916133581826424,,1344
236064,60,1119,True,rome,100,70.71067811865476,medium,238236,25,1350,intra_cell,150,rome:60:329-0-s55:p0,0,0.009117010023674004,,1344
231444,60,1157,True,rome,100,170.71067811865476,medium,238236,25,1350,intra_cell,150,rome:60:329-0-s55:p0,100,0.028509545156903238,,1344
229116,60,1140,True,rome,100,270.71067811865476,medium,238236,25,1350,intra_cell,150,rome:60:329-0-s55:p0,200,0.03828136805520576,,1344
225324,60,1126,True,rome,100,470.71067811865476,medium,238236,25,1350,intra_cell,150,rome:60:329-0-s55:p0,400,0.054198357930791315,,1344
,120,,False,rome,100,0.0,medium,,25,1300,cell,100,rome:60:329-0-s55:p0,0,,no feasible adversarial claim under enabled constraints,1344
13260,120,1105,True,rome,100,100.0,medium,16128,25,1300,cell,100,rome:60:329-0-s55:p0,100,0.17782738095238096,,1344
12996,120,1083,True,rome,100,200.0,medium,16128,25,1300,cell,100,rome:60:329-0-s55:p0,200,0.19419642857142858,,1344
11540,120,1154,True,rome,100,400.0,medium,16128,25,1300,cell,100,rome:60:329-0-s55:p0,400,0.28447420634920634,,1344
13428,120,1119,True,rome,100,70.71067811865476,medium,16128,25,1350,intra_cell,150,rome:60:329-0-s55:p0,0,0.16741071428571427,,1344
12060,120,1005,True,rome,100,170.71067811865476,medium,16128,25,1350,intra_cell,150,rome:60:329-0-s55:p0,100,0.25223214285714285,,1344
11362,120,1044,True,rome,100,270.71067811865476,medium,16128,25,1350,intra_cell,150,rome:60:329-0-s55:p0,200,0.2955109126984127,,1344
10540,120,1054,True,rome,100,470.71067811865476,medium,16128,25,1350,intra_cell,150,rome:60:329-0-s55:p0,400,0.3464781746031746,,1344
,300,,False,rome,100,0.0,medium,,25,1300,cell,100,rome:60:329-0-s55:p0,0,,no feasible adversarial claim under enabled constraints,1344
13260,300,1105,True,rome,100,100.0,medium,16128,25,1300,cell,100,rome:60:329-0-s55:p0,100,0.17782738095238096,,1344
12996,300,1083,True,rome,100,200.0,medium,16128,25,1300,cell,100,rome:60:329-0-s55:p0,200,0.19419642857142858,,1344
11540,300,1154,True,rome,100,400.0,medium,16128,25,1300,cell,100,rome:60:329-0-s55:p0,400,0.28447420634920634,,1344
13428,300,1119,True,rome,100,70.71067811865476,medium,16128,25,1350,intra_cell,150,rome:60:329-0-s55:p0,0,0.16741071428571427,,1344
12060,300,1005,True,rome,100,170.71067811865476,medium,16128,25,1350,intra_cell,150,rome:60:329-0-s55:p0,100,0.25223214285714285,,1344
11362,300,1044,True,rome,100,270.71067811865476,medium,16128,25,1350,intra_cell,150,rome:60:329-0-s55:p0,200,0.2955109126984127,,1344
10540,300,1054,True,rome,100,470.71067811865476,medium,16128,25,1350,intra_cell,150,rome:60:329-0-s55:p0,400,0.3464781746031746,,1344
,60,,False,rome,100,0.0,fine,,25,1300,cell,100,rome:60:329-0-s55:p0,0,,no feasible adversarial claim under enabled constraints,1344
232380,60,1290,True,rome,100,100.0,fine,238236,25,1300,cell,100,rome:60:329-0-s55:p0,100,0.02458066790913212,,1344
230412,60,1207,True,rome,100,200.0,fine,238236,25,1300,cell,100,rome:60:329-0-s55:p0,200,0.032841384173676526,,1344
226524,60,1184,True,rome,100,400.0,fine,238236,25,1300,cell,100,rome:60:329-0-s55:p0,400,0.04916133581826424,,1344
236064,60,1119,True,rome,100,70.71067811865476,fine,238236,25,1350,intra_cell,150,rome:60:329-0-s55:p0,0,0.009117010023674004,,1344
231444,60,1157,True,rome,100,170.71067811865476,fine,238236,25,1350,intra_cell,150,rome:60:329-0-s55:p0,100,0.028509545156903238,,1344
229116,60,1140,True,rome,100,270.71067811865476,fine,238236,25,1350,intra_cell,150,rome:60:329-0-s55:p0,200,0.03828136805520576,,1344
225324,60,1126,True,rome,100,470.71067811865476,fine,238236,25,1350,intra_cell,150,rome:60:329-0-s55:p0,400,0.054198357930791315,,1344
,120,,False,rome,100,0.0,fine,,25,1300,cell,100,rome:60:329-0-s55:p0,0,,no feasible adversarial claim under enabled constraints,1344
13260,120,1105,True,rome,100,100.0,fine,16128,25,1300,cell,100,rome:60:329-0-s55:p0,100,0.17782738095238096,,1344
12996,120,1083,True,rome,100,200.0,fine,16128,25,1300,cell,100,rome:60:329-0-s55:p0,200,0.19419642857142858,,1344
11230,120,1123,True,rome,100,400.0,fine,16128,25,1300,cell,100,rome:60:329-0-s55:p0,400,0.3036954365079365,,1344
13428,120,1119,True,rome,100,70.71067811865476,fine,16128,25,1350,intra_cell,150,rome:60:329-0-s55:p0,0,0.16741071428571427,,1344
12060,120,1005,True,rome,100,170.71067811865476,fine,16128,25,1350,intra_cell,150,rome:60:329-0-s55:p0,100,0.25223214285714285,,1344
11362,120,1044,True,rome,100,270.71067811865476,fine,16128,25,1350,intra_cell,150,rome:60:329-0-s55:p0,200,0.2955109126984127,,1344
10270,120,1027,True,rome,100,470.71067811865476,fine,16128,25,1350,intra_cell,150,rome:60:329-0-s55:p0,400,0.36321924603174605,,1344
,300,,False,rome,100,0.0,fine,,25,1300,cell,100,rome:60:329-0-s55:p0,0,,no feasible adversarial claim under enabled constraints,1344
13260,300,1105,True,rome,100,100.0,fine,16128,25,1300,cell,100,rome:60:329-0-s55:p0,100,0.17782738095238096,,1344
12996,300,1083,True,rome,100,200.0,fine,16128,25,1300,cell,100,rome:60:329-0-s55:p0,200,0.19419642857142858,,1344
11230,300,1123,True,rome,100,400.0,fine,16128,25,1300,cell,100,rome:60:329-0-s55:p0,400,0.3036954365079365,,1344
13428,300,1119,True,rome,100,70.71067811865476,fine,16128,25,1350,intra_cell,150,rome:60:329-0-s55:p0,0,0.16741071428571427,,1344
12060,300,1005,True,rome,100,170.71067811865476,fine,16128,25,1350,intra_cell,150,rome:60:329-0-s55:p0,100,0.25223214285714285,,1344
11362,300,1044,True,rome,100,270.71067811865476,fine,16128,25,1350,intra_cell,150,rome:60:329-0-s55:p0,200,0.2955109126984127,,1344
10270,300,1027,True,rome,100,470.71067811865476,fine,16128,25,1350,intra_cell,150,rome:60:329-0-s55:p0,400,0.36321924603174605,,1344
,60,,False,rome,100,0.0,coarse,,25,1300,cell,100,rome:60:336-0-s227:p0,0,,no feasible adversarial claim under enabled constraints,743
219096,60,657,True,rome,100,100.0,coarse,222414,25,1300,cell,100,rome:60:336-0-s227:p0,100,0.014918125657557528,,743
217404,60,585,True,rome,100,200.0,coarse,222414,25,1300,cell,100,rome:60:336-0-s227:p0,200,0.022525560441339125,,743
217404,60,583,True,rome,100,400.0,coarse,222414,25,1300,cell,100,rome:60:336-0-s227:p0,400,0.022525560441339125,,743
,60,,False,rome,100,70.71067811865476,coarse,,25,1350,intra_cell,150,rome:60:336-0-s227:p0,0,,no feasible adversarial claim under enabled constraints,743
218604,60,524,True,rome,100,170.71067811865476,coarse,222414,25,1350,intra_cell,150,rome:60:336-0-s227:p0,100,0.017130216623054303,,743
217404,60,461,True,rome,100,270.71067811865476,coarse,222414,25,1350,intra_cell,150,rome:60:336-0-s227:p0,200,0.022525560441339125,,743
217404,60,500,True,rome,100,470.71067811865476,coarse,222414,25,1350,intra_cell,150,rome:60:336-0-s227:p0,400,0.022525560441339125,,743
,120,,False,rome,100,0.0,coarse,,25,1300,cell,100,rome:60:336-0-s227:p0,0,,no feasible adversarial claim under enabled constraints,743
6230,120,583,True,rome,100,100.0,coarse,8030,25,1300,cell,100,rome:60:336-0-s227:p0,100,0.22415940224159403,,743
5610,120,561,True,rome,100,200.0,coarse,8030,25,1300,cell,100,rome:60:336-0-s227:p0,200,0.3013698630136986,,743
5610,120,561,True,rome,100,400.0,coarse,8030,25,1300,cell,100,rome:60:336-0-s227:p0,400,0.3013698630136986,,743
,120,,False,rome,100,70.71067811865476,coarse,,25,1350,intra_cell,150,rome:60:336-0-s227:p0,0,,no feasible adversarial claim under enabled constraints,743
4810,120,461,True,rome,100,170.71067811865476,coarse,8030,25,1350,intra_cell,150,rome:60:336-0-s227:p0,100,0.40099626400996263,,743
4610,120,461,True,rome,100,270.71067811865476,coarse,8030,25,1350,intra_cell,150,rome:60:336-0-s227:p0,200,0.4259028642590286,,743
4610,120,461,True,rome,100,470.71067811865476,coarse,8030,25,1350,intra_cell,150,rome:60:336-0-s227:p0,400,0.4259028642590286,,743
,300,,False,rome,100,0.0,coarse,,25,1300,cell,100,rome:60:336-0-s227:p0,0,,no feasible adversarial claim under enabled constraints,743
6230,300,583,True,rome,100,100.0,coarse,8030,25,1300,cell,100,rome:60:336-0-s227:p0,100,0.22415940224159403,,743
5610,300,561,True,rome,100,200.0,coarse,8030,25,1300,cell,100,rome:60:336-0-s227:p0,200,0.3013698630136986,,743
5610,300,561,True,rome,100,400.0,coarse,8030,25,1300,cell,100,rome:60:336-0-s227:p0,400,0.3013698630136986,,743
,300,,False,rome,100,70.71067811865476,coarse,,25,1350,intra_cell,150,rome:60:336-0-s227:p0,0,,no feasible adversarial claim under enabled constraints,743
4810,300,461,True,rome,100,170.71067811865476,coarse,8030,25,1350,intra_cell,150,rome:60:336-0-s227:p0,100,0.40099626400996263,,743
4610,300,461,True,rome,100,270.71067811865476,coarse,8030,25,1350,intra_cell,150,rome:60:336-0-s227:p0,200,0.4259028642590286,,743
4610,300,461,True,rome,100,470.71067811865476,coarse,8030,25,1350,intra_cell,150,rome:60:336-0-s227:p0,400,0.4259028642590286,,743
,60,,False,rome,100,0.0,medium,,25,1300,cell,100,rome:60:336-0-s227:p0,0,,no feasible adversarial claim under enabled constraints,743
219096,60,657,True,rome,100,100.0,medium,222414,25,1300,cell,100,rome:60:336-0-s227:p0,100,0.014918125657557528,,743
217404,60,585,True,rome,100,200.0,medium,222414,25,1300,cell,100,rome:60:336-0-s227:p0,200,0.022525560441339125,,743
217404,60,583,True,rome,100,400.0,medium,222414,25,1300,cell,100,rome:60:336-0-s227:p0,400,0.022525560441339125,,743
,60,,False,rome,100,70.71067811865476,medium,,25,1350,intra_cell,150,rome:60:336-0-s227:p0,0,,no feasible adversarial claim under enabled constraints,743
218404,60,524,True,rome,100,170.71067811865476,medium,222414,25,1350,intra_cell,150,rome:60:336-0-s227:p0,100,0.01802944059276844,,743
217404,60,461,True,rome,100,270.71067811865476,medium,222414,25,1350,intra_cell,150,rome:60:336-0-s227:p0,200,0.022525560441339125,,743
217404,60,500,True,rome,100,470.71067811865476,medium,222414,25,1350,intra_cell,150,rome:60:336-0-s227:p0,400,0.022525560441339125,,743
,120,,False,rome,100,0.0,medium,,25,1300,cell,100,rome:60:336-0-s227:p0,0,,no feasible adversarial claim under enabled constraints,743
5990,120,599,True,rome,100,100.0,medium,8030,25,1300,cell,100,rome:60:336-0-s227:p0,100,0.25404732254047324,,743
5610,120,561,True,rome,100,200.0,medium,8030,25,1300,cell,100,rome:60:336-0-s227:p0,200,0.3013698630136986,,743
5610,120,561,True,rome,100,400.0,medium,8030,25,1300,cell,100,rome:60:336-0-s227:p0,400,0.3013698630136986,,743
,120,,False,rome,100,70.71067811865476,medium,,25,1350,intra_cell,150,rome:60:336-0-s227:p0,0,,no feasible adversarial claim under enabled constraints,743
4810,120,461,True,rome,100,170.71067811865476,medium,8030,25,1350,intra_cell,150,rome:60:336-0-s227:p0,100,0.40099626400996263,,743
4610,120,461,True,rome,100,270.71067811865476,medium,8030,25,1350,intra_cell,150,rome:60:336-0-s227:p0,200,0.4259028642590286,,743
4610,120,461,True,rome,100,470.71067811865476,medium,8030,25,1350,intra_cell,150,rome:60:336-0-s227:p0,400,0.4259028642590286,,743
,300,,False,rome,100,0.0,medium,,25,1300,cell,100,rome:60:336-0-s227:p0,0,,no feasible adversarial claim under enabled constraints,743
5990,300,599,True,rome,100,100.0,medium,8030,25,1300,cell,100,rome:60:336-0-s227:p0,100,0.25404732254047324,,743
5610,300,561,True,rome,100,200.0,medium,8030,25,1300,cell,100,rome:60:336-0-s227:p0,200,0.3013698630136986,,743
5610,300,561,True,rome,100,400.0,medium,8030,25,1300,cell,100,rome:60:336-0-s227:p0,400,0.3013698630136986,,743
,300,,False,rome,100,70.71067811865476,medium,,25,1350,intra_cell,150,rome:60:336-0-s227:p0,0,,no feasible adversarial claim under enabled constraints,743
4810,300,461,True,rome,100,170.71067811865476,medium,8030,25,1350,intra_cell,150,rome:60:336-0-s227:p0,100,0.40099626400996263,,743
4610,300,461,True,rome,100,270.71067811865476,medium,8030,25,1350,intra_cell,150,rome:60:336-0-s227:p0,200,0.4259028642590286,,743
4610,300,461,True,rome,100,470.71067811865476,medium,8030,25,1350,intra_cell,150,rome:60:336-0-s227:p0,400,0.4259028642590286,,743
,60,,False,rome,100,0.0,fine,,25,1300,cell,100,rome:60:336-0-s227:p0,0,,no feasible adversarial claim under enabled constraints,743
218814,60,657,True,rome,100,100.0,fine,222414,25,1300,cell,100,rome:60:336-0-s227:p0,100,0.01618603145485446,,743
217404,60,585,True,rome,100,200.0,fine,222414,25,1300,cell,100,rome:60:336-0-s227:p0,200,0.022525560441339125,,743
217404,60,583,True,rome,100,400.0,fine,222414,25,1300,cell,100,rome:60:336-0-s227:p0,400,0.022525560441339125,,743
,60,,False,rome,100,70.71067811865476,fine,,25,1350,intra_cell,150,rome:60:336-0-s227:p0,0,,no feasible adversarial claim under enabled constraints,743
218404,60,524,True,rome,100,170.71067811865476,fine,222414,25,1350,intra_cell,150,rome:60:336-0-s227:p0,100,0.01802944059276844,,743
217404,60,461,True,rome,100,270.71067811865476,fine,222414,25,1350,intra_cell,150,rome:60:336-0-s227:p0,200,0.022525560441339125,,743
217404,60,500,True,rome,100,470.71067811865476,fine,222414,25,1350,intra_cell,150,rome:60:336-0-s227:p0,400,0.022525560441339125,,743
,120,,False,rome,100,0.0,fine,,25,1300,cell,100,rome:60:336-0-s227:p0,0,,no feasible adversarial claim under enabled constraints,743
5830,120,583,True,rome,100,100.0,fine,8030,25,1300,cell,100,rome:60:336-0-s227:p0,100,0.273972602739726,,743
5610,120,561,True,rome,100,200.0,fine,8030,25,1300,cell,100,rome:60:336-0-s227:p0,200,0.3013698630136986,,743
5610,120,561,True,rome,100,400.0,fine,8030,25,1300,cell,100,rome:60:336-0-s227:p0,400,0.3013698630136986,,743
,120,,False,rome,100,70.71067811865476,fine,,25,1350,intra_cell,150,rome:60:336-0-s227:p0,0,,no feasible adversarial claim under enabled constraints,743
4610,120,461,True,rome,100,170.71067811865476,fine,8030,25,1350,intra_cell,150,rome:60:336-0-s227:p0,100,0.4259028642590286,,743
4610,120,461,True,rome,100,270.71067811865476,fine,8030,25,1350,intra_cell,150,rome:60:336-0-s227:p0,200,0.4259028642590286,,743
4610,120,461,True,rome,100,470.71067811865476,fine,8030,25,1350,intra_cell,150,rome:60:336-0-s227:p0,400,0.4259028642590286,,743
,300,,False,rome,100,0.0,fine,,25,1300,cell,100,rome:60:336-0-s227:p0,0,,no feasible adversarial claim under enabled constraints,743
5830,300,583,True,rome,100,100.0,fine,8030,25,1300,cell,100,rome:60:336-0-s227:p0,100,0.273972602739726,,743
5610,300,561,True,rome,100,200.0,fine,8030,25,1300,cell,100,rome:60:336-0-s227:p0,200,0.3013698630136986,,743
5610,300,561,True,rome,100,400.0,fine,8030,25,1300,cell,100,rome:60:336-0-s227:p0,400,0.3013698630136986,,743
,300,,False,rome,100,70.71067811865476,fine,,25,1350,intra_cell,150,rome:60:336-0-s227:p0,0,,no feasible adversarial claim under enabled constraints,743
4610,300,461,True,rome,100,170.71067811865476,fine,8030,25,1350,intra_cell,150,rome:60:336-0-s227:p0,100,0.4259028642590286,,743
4610,300,461,True,rome,100,270.71067811865476,fine,8030,25,1350,intra_cell,150,rome:60:336-0-s227:p0,200,0.4259028642590286,,743
4610,300,461,True,rome,100,470.71067811865476,fine,8030,25,1350,intra_cell,150,rome:60:336-0-s227:p0,400,0.4259028642590286,,743
261372,60,826,True,rome,100,0.0,coarse,261660,25,1300,cell,100,rome:60:353-0-s131:p0,0,0.0011006649850951616,,866
258660,60,800,True,rome,100,100.0,coarse,261660,25,1300,cell,100,rome:60:353-0-s131:p0,100,0.011465260261407933,,866
256260,60,857,True,rome,100,200.0,coarse,261660,25,1300,cell,100,rome:60:353-0-s131:p0,200,0.02063746847053428,,866
251460,60,800,True,rome,100,400.0,coarse,261660,25,1300,cell,100,rome:60:353-0-s131:p0,400,0.038981884888786976,,866
261372,60,826,True,rome,100,70.71067811865476,coarse,261660,25,1350,intra_cell,150,rome:60:353-0-s131:p0,0,0.0011006649850951616,,866
258660,60,824,True,rome,100,170.71067811865476,coarse,261660,25,1350,intra_cell,150,rome:60:353-0-s131:p0,100,0.011465260261407933,,866
256260,60,716,True,rome,100,270.71067811865476,coarse,261660,25,1350,intra_cell,150,rome:60:353-0-s131:p0,200,0.02063746847053428,,866
251460,60,671,True,rome,100,470.71067811865476,coarse,261660,25,1350,intra_cell,150,rome:60:353-0-s131:p0,400,0.038981884888786976,,866
9912,120,826,True,rome,100,0.0,coarse,10392,25,1300,cell,100,rome:60:353-0-s131:p0,0,0.046189376443418015,,866
9276,120,773,True,rome,100,100.0,coarse,10392,25,1300,cell,100,rome:60:353-0-s131:p0,100,0.10739030023094688,,866
8664,120,722,True,rome,100,200.0,coarse,10392,25,1300,cell,100,rome:60:353-0-s131:p0,200,0.16628175519630484,,866
8664,120,722,True,rome,100,400.0,coarse,10392,25,1300,cell,100,rome:60:353-0-s131:p0,400,0.16628175519630484,,866
9912,120,826,True,rome,100,70.71067811865476,coarse,10392,25,1350,intra_cell,150,rome:60:353-0-s131:p0,0,0.046189376443418015,,866
7932,120,661,True,rome,100,170.71067811865476,coarse,10392,25,1350,intra_cell,150,rome:60:353-0-s131:p0,100,0.23672055427251731,,866
7728,120,644,True,rome,100,270.71067811865476,coarse,10392,25,1350,intra_cell,150,rome:60:353-0-s131:p0,200,0.25635103926096997,,866
7728,120,644,True,rome,100,470.71067811865476,coarse,10392,25,1350,intra_cell,150,rome:60:353-0-s131:p0,400,0.25635103926096997,,866
9912,300,826,True,rome,100,0.0,coarse,10392,25,1300,cell,100,rome:60:353-0-s131:p0,0,0.046189376443418015,,866
9276,300,773,True,rome,100,100.0,coarse,10392,25,1300,cell,100,rome:60:353-0-s131:p0,100,0.10739030023094688,,866
8664,300,722,True,rome,100,200.0,coarse,10392,25,1300,cell,100,rome:60:353-0-s131:p0,200,0.16628175519630484,,866
8664,300,722,True,rome,100,400.0,coarse,10392,25,1300,cell,100,rome:60:353-0-s131:p0,400,0.16628175519630484,,866
9912,300,826,True,rome,100,70.71067811865476,coarse,10392,25,1350,intra_cell,150,rome:60:353-0-s131:p0,0,0.046189376443418015,,866
7932,300,661,True,rome,100,170.71067811865476,coarse,10392,25,1350,intra_cell,150,rome:60:353-0-s131:p0,100,0.23672055427251731,,866
7728,300,644,True,rome,100,270.71067811865476,coarse,10392,25,1350,intra_cell,150,rome:60:353-0-s131:p0,200,0.25635103926096997,,866
7728,300,644,True,rome,100,470.71067811865476,coarse,10392,25,1350,intra_cell,150,rome:60:353-0-s131:p0,400,0.25635103926096997,,866
261372,60,826,True,rome,100,0.0,medium,261660,25,1300,cell,100,rome:60:353-0-s131:p0,0,0.0011006649850951616,,866
258660,60,800,True,rome,100,100.0,medium,261660,25,1300,cell,100,rome:60:353-0-s131:p0,100,0.011465260261407933,,866
256260,60,857,True,rome,100,200.0,medium,261660,25,1300,cell,100,rome:60:353-0-s131:p0,200,0.02063746847053428,,866
251460,60,800,True,rome,100,400.0,medium,261660,25,1300,cell,100,rome:60:353-0-s131:p0,400,0.038981884888786976,,866
261372,60,826,True,rome,100,70.71067811865476,medium,261660,25,1350,intra_cell,150,rome:60:353-0-s131:p0,0,0.0011006649850951616,,866
258536,60,840,True,rome,100,170.71067811865476,medium,261660,25,1350,intra_cell,150,rome:60:353-0-s131:p0,100,0.01193915768554613,,866
255860,60,716,True,rome,100,270.71067811865476,medium,261660,25,1350,intra_cell,150,rome:60:353-0-s131:p0,200,0.022166169838722004,,866
251460,60,671,True,rome,100,470.71067811865476,medium,261660,25,1350,intra_cell,150,rome:60:353-0-s131:p0,400,0.038981884888786976,,866
9912,120,826,True,rome,100,0.0,medium,10392,25,1300,cell,100,rome:60:353-0-s131:p0,0,0.046189376443418015,,866
8915,120,773,True,rome,100,100.0,medium,10392,25,1300,cell,100,rome:60:353-0-s131:p0,100,0.14212856043110084,,866
8303,120,722,True,rome,100,200.0,medium,10392,25,1300,cell,100,rome:60:353-0-s131:p0,200,0.2010200153964588,,866
8303,120,722,True,rome,100,400.0,medium,10392,25,1300,cell,100,rome:60:353-0-s131:p0,400,0.2010200153964588,,866
9912,120,826,True,rome,100,70.71067811865476,medium,10392,25,1350,intra_cell,150,rome:60:353-0-s131:p0,0,0.046189376443418015,,866
7571,120,661,True,rome,100,170.71067811865476,medium,10392,25,1350,intra_cell,150,rome:60:353-0-s131:p0,100,0.2714588144726713,,866
7367,120,644,True,rome,100,270.71067811865476,medium,10392,25,1350,intra_cell,150,rome:60:353-0-s131:p0,200,0.29108929946112394,,866
7271,120,661,True,rome,100,470.71067811865476,medium,10392,25,1350,intra_cell,150,rome:60:353-0-s131:p0,400,0.3003271747498075,,866
9912,300,826,True,rome,100,0.0,medium,10392,25,1300,cell,100,rome:60:353-0-s131:p0,0,0.046189376443418015,,866
8915,300,773,True,rome,100,100.0,medium,10392,25,1300,cell,100,rome:60:353-0-s131:p0,100,0.14212856043110084,,866
8303,300,722,True,rome,100,200.0,medium,10392,25,1300,cell,100,rome:60:353-0-s131:p0,200,0.2010200153964588,,866
8303,300,722,True,rome,100,400.0,medium,10392,25,1300,cell,100,rome:60:353-0-s131:p0,400,0.2010200153964588,,866
9912,300,826,True,rome,100,70.71067811865476,medium,10392,25,1350,intra_cell,150,rome:60:353-0-s131:p0,0,0.046189376443418015,,866
7571,300,661,True,rome,100,170.71067811865476,medium,10392,25,1350,intra_cell,150,rome:60:353-0-s131:p0,100,0.2714588144726713,,866
7367,300,644,True,rome,100,270.71067811865476,medium,10392,25,1350,intra_cell,150,rome:60:353-0-s131:p0,200,0.29108929946112394,,866
7271,300,661,True,rome,100,470.71067811865476,medium,10392,25,1350,intra_cell,150,rome:60:353-0-s131:p0,400,0.3003271747498075,,866
261372,60,826,True,rome,100,0.0,fine,261660,25,1300,cell,100,rome:60:353-0-s131:p0,0,0.0011006649850951616,,866
258660,60,800,True,rome,100,100.0,fine,261660,25,1300,cell,100,rome:60:353-0-s131:p0,100,0.011465260261407933,,866
256260,60,857,True,rome,100,200.0,fine,261660,25,1300,cell,100,rome:60:353-0-s131:p0,200,0.02063746847053428,,866
251460,60,800,True,rome,100,400.0,fine,261660,25,1300,cell,100,rome:60:353-0-s131:p0,400,0.038981884888786976,,866
261372,60,826,True,rome,100,70.71067811865476,fine,261660,25,1350,intra_cell,150,rome:60:353-0-s131:p0,0,0.0011006649850951616,,866
258660,60,824,True,rome,100,170.71067811865476,fine,261660,25,1350,intra_cell,150,rome:60:353-0-s131:p0,100,0.011465260261407933,,866
256260,60,716,True,rome,100,270.71067811865476,fine,261660,25,1350,intra_cell,150,rome:60:353-0-s131:p0,200,0.02063746847053428,,866
251460,60,671,True,rome,100,470.71067811865476,fine,261660,25,1350,intra_cell,150,rome:60:353-0-s131:p0,400,0.038981884888786976,,866
9912,120,826,True,rome,100,0.0,fine,10392,25,1300,cell,100,rome:60:353-0-s131:p0,0,0.046189376443418015,,866
9276,120,773,True,rome,100,100.0,fine,10392,25,1300,cell,100,rome:60:353-0-s131:p0,100,0.10739030023094688,,866
8230,120,783,True,rome,100,200.0,fine,10392,25,1300,cell,100,rome:60:353-0-s131:p0,200,0.20804464973056197,,866
7610,120,761,True,rome,100,400.0,fine,10392,25,1300,cell,100,rome:60:353-0-s131:p0,400,0.2677059276366436,,866
9912,120,826,True,rome,100,70.71067811865476,fine,10392,25,1350,intra_cell,150,rome:60:353-0-s131:p0,0,0.046189376443418015,,866
7932,120,661,True,rome,100,170.71067811865476,fine,10392,25,1350,intra_cell,150,rome:60:353-0-s131:p0,100,0.23672055427251731,,866
7030,120,683,True,rome,100,270.71067811865476,fine,10392,25,1350,intra_cell,150,rome:60:353-0-s131:p0,200,0.323518090839107,,866
6610,120,661,True,rome,100,470.71067811865476,fine,10392,25,1350,intra_cell,150,rome:60:353-0-s131:p0,400,0.3639337952270978,,866
9912,300,826,True,rome,100,0.0,fine,10392,25,1300,cell,100,rome:60:353-0-s131:p0,0,0.046189376443418015,,866
9276,300,773,True,rome,100,100.0,fine,10392,25,1300,cell,100,rome:60:353-0-s131:p0,100,0.10739030023094688,,866
8230,300,783,True,rome,100,200.0,fine,10392,25,1300,cell,100,rome:60:353-0-s131:p0,200,0.20804464973056197,,866
7610,300,761,True,rome,100,400.0,fine,10392,25,1300,cell,100,rome:60:353-0-s131:p0,400,0.2677059276366436,,866
9912,300,826,True,rome,100,70.71067811865476,fine,10392,25,1350,intra_cell,150,rome:60:353-0-s131:p0,0,0.046189376443418015,,866
7932,300,661,True,rome,100,170.71067811865476,fine,10392,25,1350,intra_cell,150,rome:60:353-0-s131:p0,100,0.23672055427251731,,866
7030,300,683,True,rome,100,270.71067811865476,fine,10392,25,1350,intra_cell,150,rome:60:353-0-s131:p0,200,0.323518090839107,,866
6610,300,661,True,rome,100,470.71067811865476,fine,10392,25,1350,intra_cell,150,rome:60:353-0-s131:p0,400,0.3639337952270978,,866
,60,,False,rome,100,0.0,coarse,,25,1300,cell,100,rome:60:353-0-s219:p0,0,,no feasible adversarial claim under enabled constraints,785
282180,60,757,True,rome,100,100.0,coarse,286032,25,1300,cell,100,rome:60:353-0-s219:p0,100,0.013467024668568552,,785
280080,60,765,True,rome,100,200.0,coarse,286032,25,1300,cell,100,rome:60:353-0-s219:p0,200,0.020808860547071657,,785
278388,60,728,True,rome,100,400.0,coarse,286032,25,1300,cell,100,rome:60:353-0-s219:p0,400,0.026724282597751302,,785
284508,60,610,True,rome,100,70.71067811865476,coarse,286032,25,1350,intra_cell,150,rome:60:353-0-s219:p0,0,0.005328075180399396,,785
281988,60,616,True,rome,100,170.71067811865476,coarse,286032,25,1350,intra_cell,150,rome:60:353-0-s219:p0,100,0.01413827823460312,,785
279588,60,600,True,rome,100,270.71067811865476,coarse,286032,25,1350,intra_cell,150,rome:60:353-0-s219:p0,200,0.02252894781003524,,785
278388,60,600,True,rome,100,470.71067811865476,coarse,286032,25,1350,intra_cell,150,rome:60:353-0-s219:p0,400,0.026724282597751302,,785
,120,,False,rome,100,0.0,coarse,,25,1300,cell,100,rome:60:353-0-s219:p0,0,,no feasible adversarial claim under enabled constraints,785
8196,120,683,True,rome,100,100.0,coarse,9420,25,1300,cell,100,rome:60:353-0-s219:p0,100,0.12993630573248408,,785
7728,120,644,True,rome,100,200.0,coarse,9420,25,1300,cell,100,rome:60:353-0-s219:p0,200,0.17961783439490445,,785
7728,120,644,True,rome,100,400.0,coarse,9420,25,1300,cell,100,rome:60:353-0-s219:p0,400,0.17961783439490445,,785
7320,120,610,True,rome,100,70.71067811865476,coarse,9420,25,1350,intra_cell,150,rome:60:353-0-s219:p0,0,0.2229299363057325,,785
6732,120,561,True,rome,100,170.71067811865476,coarse,9420,25,1350,intra_cell,150,rome:60:353-0-s219:p0,100,0.28535031847133757,,785
6732,120,561,True,rome,100,270.71067811865476,coarse,9420,25,1350,intra_cell,150,rome:60:353-0-s219:p0,200,0.28535031847133757,,785
6732,120,561,True,rome,100,470.71067811865476,coarse,9420,25,1350,intra_cell,150,rome:60:353-0-s219:p0,400,0.28535031847133757,,785
,300,,False,rome,100,0.0,coarse,,25,1300,cell,100,rome:60:353-0-s219:p0,0,,no feasible adversarial claim under enabled constraints,785
8196,300,683,True,rome,100,100.0,coarse,9420,25,1300,cell,100,rome:60:353-0-s219:p0,100,0.12993630573248408,,785
7728,300,644,True,rome,100,200.0,coarse,9420,25,1300,cell,100,rome:60:353-0-s219:p0,200,0.17961783439490445,,785
7728,300,644,True,rome,100,400.0,coarse,9420,25,1300,cell,100,rome:60:353-0-s219:p0,400,0.17961783439490445,,785
7320,300,610,True,rome,100,70.71067811865476,coarse,9420,25,1350,intra_cell,150,rome:60:353-0-s219:p0,0,0.2229299363057325,,785
6732,300,561,True,rome,100,170.71067811865476,coarse,9420,25,1350,intra_cell,150,rome:60:353-0-s219:p0,100,0.28535031847133757,,785
6732,300,561,True,rome,100,270.71067811865476,coarse,9420,25,1350,intra_cell,150,rome:60:353-0-s219:p0,200,0.28535031847133757,,785
6732,300,561,True,rome,100,470.71067811865476,coarse,9420,25,1350,intra_cell,150,rome:60:353-0-s219:p0,400,0.28535031847133757,,785
,60,,False,rome,100,0.0,medium,,25,1300,cell,100,rome:60:353-0-s219:p0,0,,no feasible adversarial claim under enabled constraints,785
282180,60,757,True,rome,100,100.0,medium,286032,25,1300,cell,100,rome:60:353-0-s219:p0,100,0.013467024668568552,,785
280080,60,765,True,rome,100,200.0,medium,286032,25,1300,cell,100,rome:60:353-0-s219:p0,200,0.020808860547071657,,785
278388,60,728,True,rome,100,400.0,medium,286032,25,1300,cell,100,rome:60:353-0-s219:p0,400,0.026724282597751302,,785
284508,60,610,True,rome,100,70.71067811865476,medium,286032,25,1350,intra_cell,150,rome:60:353-0-s219:p0,0,0.005328075180399396,,785
281988,60,616,True,rome,100,170.71067811865476,medium,286032,25,1350,intra_cell,150,rome:60:353-0-s219:p0,100,0.01413827823460312,,785
279588,60,600,True,rome,100,270.71067811865476,medium,286032,25,1350,intra_cell,150,rome:60:353-0-s219:p0,200,0.02252894781003524,,785
278388,60,600,True,rome,100,470.71067811865476,medium,286032,25,1350,intra_cell,150,rome:60:353-0-s219:p0,400,0.026724282597751302,,785
,120,,False,rome,100,0.0,medium,,25,1300,cell,100,rome:60:353-0-s219:p0,0,,no feasible adversarial claim under enabled constraints,785
8196,120,683,True,rome,100,100.0,medium,9420,25,1300,cell,100,rome:60:353-0-s219:p0,100,0.12993630573248408,,785
7613,120,683,True,rome,100,200.0,medium,9420,25,1300,cell,100,rome:60:353-0-s219:p0,200,0.1918259023354565,,785
7367,120,644,True,rome,100,400.0,medium,9420,25,1300,cell,100,rome:60:353-0-s219:p0,400,0.21794055201698515,,785
7320,120,610,True,rome,100,70.71067811865476,medium,9420,25,1350,intra_cell,150,rome:60:353-0-s219:p0,0,0.2229299363057325,,785
6732,120,561,True,rome,100,170.71067811865476,medium,9420,25,1350,intra_cell,150,rome:60:353-0-s219:p0,100,0.28535031847133757,,785
6371,120,561,True,rome,100,270.71067811865476,medium,9420,25,1350,intra_cell,150,rome:60:353-0-s219:p0,200,0.32367303609341824,,785
6226,120,566,True,rome,100,470.71067811865476,medium,9420,25,1350,intra_cell,150,rome:60:353-0-s219:p0,400,0.33906581740976643,,785
,300,,False,rome,100,0.0,medium,,25,1300,cell,100,rome:60:353-0-s219:p0,0,,no feasible adversarial claim under enabled constraints,785
8196,300,683,True,rome,100,100.0,medium,9420,25,1300,cell,100,rome:60:353-0-s219:p0,100,0.12993630573248408,,785
7613,300,683,True,rome,100,200.0,medium,9420,25,1300,cell,100,rome:60:353-0-s219:p0,200,0.1918259023354565,,785
7367,300,644,True,rome,100,400.0,medium,9420,25,1300,cell,100,rome:60:353-0-s219:p0,400,0.21794055201698515,,785
7320,300,610,True,rome,100,70.71067811865476,medium,9420,25,1350,intra_cell,150,rome:60:353-0-s219:p0,0,0.2229299363057325,,785
6732,300,561,True,rome,100,170.71067811865476,medium,9420,25,1350,intra_cell,150,rome:60:353-0-s219:p0,100,0.28535031847133757,,785
6371,300,561,True,rome,100,270.71067811865476,medium,9420,25,1350,intra_cell,150,rome:60:353-0-s219:p0,200,0.32367303609341824,,785
6226,300,566,True,rome,100,470.71067811865476,medium,9420,25,1350,intra_cell,150,rome:60:353-0-s219:p0,400,0.33906581740976643,,785
,60,,False,rome,100,0.0,fine,,25,1300,cell,100,rome:60:353-0-s219:p0,0,,no feasible adversarial claim under enabled constraints,785
282180,60,757,True,rome,100,100.0,fine,286032,25,1300,cell,100,rome:60:353-0-s219:p0,100,0.013467024668568552,,785
280080,60,765,True,rome,100,200.0,fine,286032,25,1300,cell,100,rome:60:353-0-s219:p0,200,0.020808860547071657,,785
278388,60,728,True,rome,100,400.0,fine,286032,25,1300,cell,100,rome:60:353-0-s219:p0,400,0.026724282597751302,,785
284508,60,610,True,rome,100,70.71067811865476,fine,286032,25,1350,intra_cell,150,rome:60:353-0-s219:p0,0,0.005328075180399396,,785
281988,60,616,True,rome,100,170.71067811865476,fine,286032,25,1350,intra_cell,150,rome:60:353-0-s219:p0,100,0.01413827823460312,,785
279588,60,600,True,rome,100,270.71067811865476,fine,286032,25,1350,intra_cell,150,rome:60:353-0-s219:p0,200,0.02252894781003524,,785
278388,60,600,True,rome,100,470.71067811865476,fine,286032,25,1350,intra_cell,150,rome:60:353-0-s219:p0,400,0.026724282597751302,,785
,120,,False,rome,100,0.0,fine,,25,1300,cell,100,rome:60:353-0-s219:p0,0,,no feasible adversarial claim under enabled constraints,785
8196,120,683,True,rome,100,100.0,fine,9420,25,1300,cell,100,rome:60:353-0-s219:p0,100,0.12993630573248408,,785
7728,120,644,True,rome,100,200.0,fine,9420,25,1300,cell,100,rome:60:353-0-s219:p0,200,0.17961783439490445,,785
6710,120,671,True,rome,100,400.0,fine,9420,25,1300,cell,100,rome:60:353-0-s219:p0,400,0.28768577494692144,,785
7320,120,610,True,rome,100,70.71067811865476,fine,9420,25,1350,intra_cell,150,rome:60:353-0-s219:p0,0,0.2229299363057325,,785
6732,120,561,True,rome,100,170.71067811865476,fine,9420,25,1350,intra_cell,150,rome:60:353-0-s219:p0,100,0.28535031847133757,,785
6732,120,561,True,rome,100,270.71067811865476,fine,9420,25,1350,intra_cell,150,rome:60:353-0-s219:p0,200,0.28535031847133757,,785
5610,120,561,True,rome,100,470.71067811865476,fine,9420,25,1350,intra_cell,150,rome:60:353-0-s219:p0,400,0.40445859872611467,,785
,300,,False,rome,100,0.0,fine,,25,1300,cell,100,rome:60:353-0-s219:p0,0,,no feasible adversarial claim under enabled constraints,785
8196,300,683,True,rome,100,100.0,fine,9420,25,1300,cell,100,rome:60:353-0-s219:p0,100,0.12993630573248408,,785
7728,300,644,True,rome,100,200.0,fine,9420,25,1300,cell,100,rome:60:353-0-s219:p0,200,0.17961783439490445,,785
6710,300,671,True,rome,100,400.0,fine,9420,25,1300,cell,100,rome:60:353-0-s219:p0,400,0.28768577494692144,,785
7320,300,610,True,rome,100,70.71067811865476,fine,9420,25,1350,intra_cell,150,rome:60:353-0-s219:p0,0,0.2229299363057325,,785
6732,300,561,True,rome,100,170.71067811865476,fine,9420,25,1350,intra_cell,150,rome:60:353-0-s219:p0,100,0.28535031847133757,,785
6732,300,561,True,rome,100,270.71067811865476,fine,9420,25,1350,intra_cell,150,rome:60:353-0-s219:p0,200,0.28535031847133757,,785
5610,300,561,True,rome,100,470.71067811865476,fine,9420,25,1350,intra_cell,150,rome:60:353-0-s219:p0,400,0.40445859872611467,,785
108420,60,1183,True,rome,100,0.0,coarse,108540,25,1300,cell,100,rome:60:360-0-s126:p0,0,0.001105583195135434,,1190
105108,60,1131,True,rome,100,100.0,coarse,108540,25,1300,cell,100,rome:60:360-0-s126:p0,100,0.031619679380873414,,1190
103404,60,1148,True,rome,100,200.0,coarse,108540,25,1300,cell,100,rome:60:360-0-s126:p0,200,0.04731896075179657,,1190
98316,60,1165,True,rome,100,400.0,coarse,108540,25,1300,cell,100,rome:60:360-0-s126:p0,400,0.09419568822553898,,1190
108420,60,1183,True,rome,100,70.71067811865476,coarse,108540,25,1350,intra_cell,150,rome:60:360-0-s126:p0,0,0.001105583195135434,,1190
103620,60,1024,True,rome,100,170.71067811865476,coarse,108540,25,1350,intra_cell,150,rome:60:360-0-s126:p0,100,0.04532891100055279,,1190
101712,60,1048,True,rome,100,270.71067811865476,coarse,108540,25,1350,intra_cell,150,rome:60:360-0-s126:p0,200,0.06290768380320619,,1190
96624,60,1000,True,rome,100,470.71067811865476,coarse,108540,25,1350,intra_cell,150,rome:60:360-0-s126:p0,400,0.10978441127694859,,1190
14196,120,1183,True,rome,100,0.0,coarse,14280,25,1300,cell,100,rome:60:360-0-s126:p0,0,0.0058823529411764705,,1190
12264,120,1022,True,rome,100,100.0,coarse,14280,25,1300,cell,100,rome:60:360-0-s126:p0,100,0.1411764705882353,,1190
12060,120,1005,True,rome,100,200.0,coarse,14280,25,1300,cell,100,rome:60:360-0-s126:p0,200,0.15546218487394958,,1190
11338,120,1005,True,rome,100,400.0,coarse,14280,25,1300,cell,100,rome:60:360-0-s126:p0,400,0.20602240896358542,,1190
14196,120,1183,True,rome,100,70.71067811865476,coarse,14280,25,1350,intra_cell,150,rome:60:360-0-s126:p0,0,0.0058823529411764705,,1190
11064,120,922,True,rome,100,170.71067811865476,coarse,14280,25,1350,intra_cell,150,rome:60:360-0-s126:p0,100,0.22521008403361345,,1190
10864,120,922,True,rome,100,270.71067811865476,coarse,14280,25,1350,intra_cell,150,rome:60:360-0-s126:p0,200,0.23921568627450981,,1190
10342,120,922,True,rome,100,470.71067811865476,coarse,14280,25,1350,intra_cell,150,rome:60:360-0-s126:p0,400,0.2757703081232493,,1190
14196,300,1183,True,rome,100,0.0,coarse,14280,25,1300,cell,100,rome:60:360-0-s126:p0,0,0.0058823529411764705,,1190
12264,300,1022,True,rome,100,100.0,coarse,14280,25,1300,cell,100,rome:60:360-0-s126:p0,100,0.1411764705882353,,1190
12060,300,1005,True,rome,100,200.0,coarse,14280,25,1300,cell,100,rome:60:360-0-s126:p0,200,0.15546218487394958,,1190
11338,300,1005,True,rome,100,400.0,coarse,14280,25,1300,cell,100,rome:60:360-0-s126:p0,400,0.20602240896358542,,1190
14196,300,1183,True,rome,100,70.71067811865476,coarse,14280,25,1350,intra_cell,150,rome:60:360-0-s126:p0,0,0.0058823529411764705,,1190
11064,300,922,True,rome,100,170.71067811865476,coarse,14280,25,1350,intra_cell,150,rome:60:360-0-s126:p0,100,0.22521008403361345,,1190
10864,300,922,True,rome,100,270.71067811865476,coarse,14280,25,1350,intra_cell,150,rome:60:360-0-s126:p0,200,0.23921568627450981,,1190
10342,300,922,True,rome,100,470.71067811865476,coarse,14280,25,1350,intra_cell,150,rome:60:360-0-s126:p0,400,0.2757703081232493,,1190
108420,60,1183,True,rome,100,0.0,medium,108540,25,1300,cell,100,rome:60:360-0-s126:p0,0,0.001105583195135434,,1190
105108,60,1131,True,rome,100,100.0,medium,108540,25,1300,cell,100,rome:60:360-0-s126:p0,100,0.031619679380873414,,1190
103404,60,1148,True,rome,100,200.0,medium,108540,25,1300,cell,100,rome:60:360-0-s126:p0,200,0.04731896075179657,,1190
98316,60,1165,True,rome,100,400.0,medium,108540,25,1300,cell,100,rome:60:360-0-s126:p0,400,0.09419568822553898,,1190
108420,60,1183,True,rome,100,70.71067811865476,medium,108540,25,1350,intra_cell,150,rome:60:360-0-s126:p0,0,0.001105583195135434,,1190
103620,60,1024,True,rome,100,170.71067811865476,medium,108540,25,1350,intra_cell,150,rome:60:360-0-s126:p0,100,0.04532891100055279,,1190
101712,60,1048,True,rome,100,270.71067811865476,medium,108540,25,1350,intra_cell,150,rome:60:360-0-s126:p0,200,0.06290768380320619,,1190
96624,60,1000,True,rome,100,470.71067811865476,medium,108540,25,1350,intra_cell,150,rome:60:360-0-s126:p0,400,0.10978441127694859,,1190
14196,120,1183,True,rome,100,0.0,medium,14280,25,1300,cell,100,rome:60:360-0-s126:p0,0,0.0058823529411764705,,1190
12264,120,1022,True,rome,100,100.0,medium,14280,25,1300,cell,100,rome:60:360-0-s126:p0,100,0.1411764705882353,,1190
12060,120,1005,True,rome,100,200.0,medium,14280,25,1300,cell,100,rome:60:360-0-s126:p0,200,0.15546218487394958,,1190
11342,120,1022,True,rome,100,400.0,medium,14280,25,1300,cell,100,rome:60:360-0-s126:p0,400,0.2057422969187675,,1190
14196,120,1183,True,rome,100,70.71067811865476,medium,14280,25,1350,intra_cell,150,rome:60:360-0-s126:p0,0,0.0058823529411764705,,1190
11064,120,922,True,rome,100,170.71067811865476,medium,14280,25,1350,intra_cell,150,rome:60:360-0-s126:p0,100,0.22521008403361345,,1190
10703,120,922,True,rome,100,270.71067811865476,medium,14280,25,1350,intra_cell,150,rome:60:360-0-s126:p0,200,0.25049019607843137,,1190
10342,120,922,True,rome,100,470.71067811865476,medium,14280,25,1350,intra_cell,150,rome:60:360-0-s126:p0,400,0.2757703081232493,,1190
14196,300,1183,True,rome,100,0.0,medium,14280,25,1300,cell,100,rome:60:360-0-s126:p0,0,0.0058823529411764705,,1190
12264,300,1022,True,rome,100,100.0,medium,14280,25,1300,cell,100,rome:60:360-0-s126:p0,100,0.1411764705882353,,1190
12060,300,1005,True,rome,100,200.0,medium,14280,25,1300,cell,100,rome:60:360-0-s126:p0,200,0.15546218487394958,,1190
11342,300,1022,True,rome,100,400.0,medium,14280,25,1300,cell,100,rome:60:360-0-s126:p0,400,0.2057422969187675,,1190
14196,300,1183,True,rome,100,70.71067811865476,medium,14280,25,1350,intra_cell,150,rome:60:360-0-s126:p0,0,0.0058823529411764705,,1190
11064,300,922,True,rome,100,170.71067811865476,medium,14280,25,1350,intra_cell,150,rome:60:360-0-s126:p0,100,0.22521008403361345,,1190
10703,300,922,True,rome,100,270.71067811865476,medium,14280,25,1350,intra_cell,150,rome:60:360-0-s126:p0,200,0.25049019607843137,,1190
10342,300,922,True,rome,100,470.71067811865476,medium,14280,25,1350,intra_cell,150,rome:60:360-0-s126:p0,400,0.2757703081232493,,1190
108420,60,1183,True,rome,100,0.0,fine,108540,25,1300,cell,100,rome:60:360-0-s126:p0,0,0.001105583195135434,,1190
105108,60,1131,True,rome,100,100.0,fine,108540,25,1300,cell,100,rome:60:360-0-s126:p0,100,0.031619679380873414,,1190
103404,60,1148,True,rome,100,200.0,fine,108540,25,1300,cell,100,rome:60:360-0-s126:p0,200,0.04731896075179657,,1190
98316,60,1165,True,rome,100,400.0,fine,108540,25,1300,cell,100,rome:60:360-0-s126:p0,400,0.09419568822553898,,1190
108420,60,1183,True,rome,100,70.71067811865476,fine,108540,25,1350,intra_cell,150,rome:60:360-0-s126:p0,0,0.001105583195135434,,1190
103620,60,1024,True,rome,100,170.71067811865476,fine,108540,25,1350,intra_cell,150,rome:60:360-0-s126:p0,100,0.04532891100055279,,1190
101712,60,1048,True,rome,100,270.71067811865476,fine,108540,25,1350,intra_cell,150,rome:60:360-0-s126:p0,200,0.06290768380320619,,1190
96624,60,1000,True,rome,100,470.71067811865476,fine,108540,25,1350,intra_cell,150,rome:60:360-0-s126:p0,400,0.10978441127694859,,1190
14196,120,1183,True,rome,100,0.0,fine,14280,25,1300,cell,100,rome:60:360-0-s126:p0,0,0.0058823529411764705,,1190
12264,120,1022,True,rome,100,100.0,fine,14280,25,1300,cell,100,rome:60:360-0-s126:p0,100,0.1411764705882353,,1190
11660,120,1066,True,rome,100,200.0,fine,14280,25,1300,cell,100,rome:60:360-0-s126:p0,200,0.18347338935574228,,1190
10940,120,1054,True,rome,100,400.0,fine,14280,25,1300,cell,100,rome:60:360-0-s126:p0,400,0.2338935574229692,,1190
14196,120,1183,True,rome,100,70.71067811865476,fine,14280,25,1350,intra_cell,150,rome:60:360-0-s126:p0,0,0.0058823529411764705,,1190
11064,120,922,True,rome,100,170.71067811865476,fine,14280,25,1350,intra_cell,150,rome:60:360-0-s126:p0,100,0.22521008403361345,,1190
10310,120,971,True,rome,100,270.71067811865476,fine,14280,25,1350,intra_cell,150,rome:60:360-0-s126:p0,200,0.27801120448179273,,1190
9540,120,954,True,rome,100,470.71067811865476,fine,14280,25,1350,intra_cell,150,rome:60:360-0-s126:p0,400,0.3319327731092437,,1190
14196,300,1183,True,rome,100,0.0,fine,14280,25,1300,cell,100,rome:60:360-0-s126:p0,0,0.0058823529411764705,,1190
12264,300,1022,True,rome,100,100.0,fine,14280,25,1300,cell,100,rome:60:360-0-s126:p0,100,0.1411764705882353,,1190
11660,300,1066,True,rome,100,200.0,fine,14280,25,1300,cell,100,rome:60:360-0-s126:p0,200,0.18347338935574228,,1190
10940,300,1054,True,rome,100,400.0,fine,14280,25,1300,cell,100,rome:60:360-0-s126:p0,400,0.2338935574229692,,1190
14196,300,1183,True,rome,100,70.71067811865476,fine,14280,25,1350,intra_cell,150,rome:60:360-0-s126:p0,0,0.0058823529411764705,,1190
11064,300,922,True,rome,100,170.71067811865476,fine,14280,25,1350,intra_cell,150,rome:60:360-0-s126:p0,100,0.22521008403361345,,1190
10310,300,971,True,rome,100,270.71067811865476,fine,14280,25,1350,intra_cell,150,rome:60:360-0-s126:p0,200,0.27801120448179273,,1190
9540,300,954,True,rome,100,470.71067811865476,fine,14280,25,1350,intra_cell,150,rome:60:360-0-s126:p0,400,0.3319327731092437,,1190
249708,60,889,True,rome,100,0.0,coarse,250812,25,1300,cell,100,rome:60:43-1-s109:p0,0,0.0044017032677862306,,852
247716,60,922,True,rome,100,100.0,coarse,250812,25,1300,cell,100,rome:60:43-1-s109:p0,100,0.012343906990096168,,852
246024,60,840,True,rome,100,200.0,coarse,250812,25,1300,cell,100,rome:60:43-1-s109:p0,200,0.019089995693985933,,852
244332,60,828,True,rome,100,400.0,coarse,250812,25,1300,cell,100,rome:60:43-1-s109:p0,400,0.0258360843978757,,852
249708,60,889,True,rome,100,70.71067811865476,coarse,250812,25,1350,intra_cell,150,rome:60:43-1-s109:p0,0,0.0044017032677862306,,852
246732,60,724,True,rome,100,170.71067811865476,coarse,250812,25,1350,intra_cell,150,rome:60:43-1-s109:p0,100,0.01626716425051433,,852
244332,60,732,True,rome,100,270.71067811865476,coarse,250812,25,1350,intra_cell,150,rome:60:43-1-s109:p0,200,0.0258360843978757,,852
244332,60,724,True,rome,100,470.71067811865476,coarse,250812,25,1350,intra_cell,150,rome:60:43-1-s109:p0,400,0.0258360843978757,,852
10668,120,889,True,rome,100,0.0,coarse,10224,25,1300,cell,100,rome:60:43-1-s109:p0,0,0.0,,852
8928,120,744,True,rome,100,100.0,coarse,10224,25,1300,cell,100,rome:60:43-1-s109:p0,100,0.1267605633802817,,852
8664,120,722,True,rome,100,200.0,coarse,10224,25,1300,cell,100,rome:60:43-1-s109:p0,200,0.15258215962441316,,852
7620,120,762,True,rome,100,400.0,coarse,10224,25,1300,cell,100,rome:60:43-1-s109:p0,400,0.2546948356807512,,852
10668,120,889,True,rome,100,70.71067811865476,coarse,10224,25,1350,intra_cell,150,rome:60:43-1-s109:p0,0,0.0,,852
7728,120,644,True,rome,100,170.71067811865476,coarse,10224,25,1350,intra_cell,150,rome:60:43-1-s109:p0,100,0.24413145539906103,,852
7728,120,644,True,rome,100,270.71067811865476,coarse,10224,25,1350,intra_cell,150,rome:60:43-1-s109:p0,200,0.24413145539906103,,852
6710,120,671,True,rome,100,470.71067811865476,coarse,10224,25,1350,intra_cell,150,rome:60:43-1-s109:p0,400,0.34370109546165883,,852
10668,300,889,True,rome,100,0.0,coarse,10224,25,1300,cell,100,rome:60:43-1-s109:p0,0,0.0,,852
8928,300,744,True,rome,100,100.0,coarse,10224,25,1300,cell,100,rome:60:43-1-s109:p0,100,0.1267605633802817,,852
8664,300,722,True,rome,100,200.0,coarse,10224,25,1300,cell,100,rome:60:43-1-s109:p0,200,0.15258215962441316,,852
7620,300,762,True,rome,100,400.0,coarse,10224,25,1300,cell,100,rome:60:43-1-s109:p0,400,0.2546948356807512,,852
10668,300,889,True,rome,100,70.71067811865476,coarse,10224,25,1350,intra_cell,150,rome:60:43-1-s109:p0,0,0.0,,852
7728,300,644,True,rome,100,170.71067811865476,coarse,10224,25,1350,intra_cell,150,rome:60:43-1-s109:p0,100,0.24413145539906103,,852
7728,300,644,True,rome,100,270.71067811865476,coarse,10224,25,1350,intra_cell,150,rome:60:43-1-s109:p0,200,0.24413145539906103,,852
6710,300,671,True,rome,100,470.71067811865476,coarse,10224,25,1350,intra_cell,150,rome:60:43-1-s109:p0,400,0.34370109546165883,,852
249708,60,889,True,rome,100,0.0,medium,250812,25,1300,cell,100,rome:60:43-1-s109:p0,0,0.0044017032677862306,,852
247716,60,922,True,rome,100,100.0,medium,250812,25,1300,cell,100,rome:60:43-1-s109:p0,100,0.012343906990096168,,852
246024,60,840,True,rome,100,200.0,medium,250812,25,1300,cell,100,rome:60:43-1-s109:p0,200,0.019089995693985933,,852
244332,60,828,True,rome,100,400.0,medium,250812,25,1300,cell,100,rome:60:43-1-s109:p0,400,0.0258360843978757,,852
249708,60,889,True,rome,100,70.71067811865476,medium,250812,25,1350,intra_cell,150,rome:60:43-1-s109:p0,0,0.0044017032677862306,,852
246732,60,724,True,rome,100,170.71067811865476,medium,250812,25,1350,intra_cell,150,rome:60:43-1-s109:p0,100,0.01626716425051433,,852
244332,60,732,True,rome,100,270.71067811865476,medium,250812,25,1350,intra_cell,150,rome:60:43-1-s109:p0,200,0.0258360843978757,,852
244332,60,724,True,rome,100,470.71067811865476,medium,250812,25,1350,intra_cell,150,rome:60:43-1-s109:p0,400,0.0258360843978757,,852
10668,120,889,True,rome,100,0.0,medium,10224,25,1300,cell,100,rome:60:43-1-s109:p0,0,0.0,,852
8928,120,744,True,rome,100,100.0,medium,10224,25,1300,cell,100,rome:60:43-1-s109:p0,100,0.1267605633802817,,852
8664,120,722,True,rome,100,200.0,medium,10224,25,1300,cell,100,rome:60:43-1-s109:p0,200,0.15258215962441316,,852
7620,120,762,True,rome,100,400.0,medium,10224,25,1300,cell,100,rome:60:43-1-s109:p0,400,0.2546948356807512,,852
10668,120,889,True,rome,100,70.71067811865476,medium,10224,25,1350,intra_cell,150,rome:60:43-1-s109:p0,0,0.0,,852
7728,120,644,True,rome,100,170.71067811865476,medium,10224,25,1350,intra_cell,150,rome:60:43-1-s109:p0,100,0.24413145539906103,,852
7728,120,644,True,rome,100,270.71067811865476,medium,10224,25,1350,intra_cell,150,rome:60:43-1-s109:p0,200,0.24413145539906103,,852
6710,120,671,True,rome,100,470.71067811865476,medium,10224,25,1350,intra_cell,150,rome:60:43-1-s109:p0,400,0.34370109546165883,,852
10668,300,889,True,rome,100,0.0,medium,10224,25,1300,cell,100,rome:60:43-1-s109:p0,0,0.0,,852
8928,300,744,True,rome,100,100.0,medium,10224,25,1300,cell,100,rome:60:43-1-s109:p0,100,0.1267605633802817,,852
8664,300,722,True,rome,100,200.0,medium,10224,25,1300,cell,100,rome:60:43-1-s109:p0,200,0.15258215962441316,,852
7620,300,762,True,rome,100,400.0,medium,10224,25,1300,cell,100,rome:60:43-1-s109:p0,400,0.2546948356807512,,852
10668,300,889,True,rome,100,70.71067811865476,medium,10224,25,1350,intra_cell,150,rome:60:43-1-s109:p0,0,0.0,,852
7728,300,644,True,rome,100,170.71067811865476,medium,10224,25,1350,intra_cell,150,rome:60:43-1-s109:p0,100,0.24413145539906103,,852
7728,300,644,True,rome,100,270.71067811865476,medium,10224,25,1350,intra_cell,150,rome:60:43-1-s109:p0,200,0.24413145539906103,,852
6710,300,671,True,rome,100,470.71067811865476,medium,10224,25,1350,intra_cell,150,rome:60:43-1-s109:p0,400,0.34370109546165883,,852
249708,60,889,True,rome,100,0.0,fine,250812,25,1300,cell,100,rome:60:43-1-s109:p0,0,0.0044017032677862306,,852
247716,60,922,True,rome,100,100.0,fine,250812,25,1300,cell,100,rome:60:43-1-s109:p0,100,0.012343906990096168,,852
246024,60,840,True,rome,100,200.0,fine,250812,25,1300,cell,100,rome:60:43-1-s109:p0,200,0.019089995693985933,,852
244332,60,828,True,rome,100,400.0,fine,250812,25,1300,cell,100,rome:60:43-1-s109:p0,400,0.0258360843978757,,852
249708,60,889,True,rome,100,70.71067811865476,fine,250812,25,1350,intra_cell,150,rome:60:43-1-s109:p0,0,0.0044017032677862306,,852
246732,60,724,True,rome,100,170.71067811865476,fine,250812,25,1350,intra_cell,150,rome:60:43-1-s109:p0,100,0.01626716425051433,,852
244332,60,732,True,rome,100,270.71067811865476,fine,250812,25,1350,intra_cell,150,rome:60:43-1-s109:p0,200,0.0258360843978757,,852
244332,60,724,True,rome,100,470.71067811865476,fine,250812,25,1350,intra_cell,150,rome:60:43-1-s109:p0,400,0.0258360843978757,,852
10668,120,889,True,rome,100,0.0,fine,10224,25,1300,cell,100,rome:60:43-1-s109:p0,0,0.0,,852
8928,120,744,True,rome,100,100.0,fine,10224,25,1300,cell,100,rome:60:43-1-s109:p0,100,0.1267605633802817,,852
8664,120,722,True,rome,100,200.0,fine,10224,25,1300,cell,100,rome:60:43-1-s109:p0,200,0.15258215962441316,,852
7620,120,762,True,rome,100,400.0,fine,10224,25,1300,cell,100,rome:60:43-1-s109:p0,400,0.2546948356807512,,852
10668,120,889,True,rome,100,70.71067811865476,fine,10224,25,1350,intra_cell,150,rome:60:43-1-s109:p0,0,0.0,,852
7728,120,644,True,rome,100,170.71067811865476,fine,10224,25,1350,intra_cell,150,rome:60:43-1-s109:p0,100,0.24413145539906103,,852
7200,120,700,True,rome,100,270.71067811865476,fine,10224,25,1350,intra_cell,150,rome:60:43-1-s109:p0,200,0.29577464788732394,,852
6710,120,671,True,rome,100,470.71067811865476,fine,10224,25,1350,intra_cell,150,rome:60:43-1-s109:p0,400,0.34370109546165883,,852
10668,300,889,True,rome,100,0.0,fine,10224,25,1300,cell,100,rome:60:43-1-s109:p0,0,0.0,,852
8928,300,744,True,rome,100,100.0,fine,10224,25,1300,cell,100,rome:60:43-1-s109:p0,100,0.1267605633802817,,852
8664,300,722,True,rome,100,200.0,fine,10224,25,1300,cell,100,rome:60:43-1-s109:p0,200,0.15258215962441316,,852
7620,300,762,True,rome,100,400.0,fine,10224,25,1300,cell,100,rome:60:43-1-s109:p0,400,0.2546948356807512,,852
10668,300,889,True,rome,100,70.71067811865476,fine,10224,25,1350,intra_cell,150,rome:60:43-1-s109:p0,0,0.0,,852
7728,300,644,True,rome,100,170.71067811865476,fine,10224,25,1350,intra_cell,150,rome:60:43-1-s109:p0,100,0.24413145539906103,,852
7200,300,700,True,rome,100,270.71067811865476,fine,10224,25,1350,intra_cell,150,rome:60:43-1-s109:p0,200,0.29577464788732394,,852
6710,300,671,True,rome,100,470.71067811865476,fine,10224,25,1350,intra_cell,150,rome:60:43-1-s109:p0,400,0.34370109546165883,,852
155882,60,461,True,rome,100,0.0,coarse,156372,25,1300,cell,100,rome:60:43-1-s80:p0,0,0.0031335533215665207,,519
153512,60,465,True,rome,100,100.0,coarse,156372,25,1300,cell,100,rome:60:43-1-s80:p0,100,0.01828971938710255,,519
152272,60,482,True,rome,100,200.0,coarse,156372,25,1300,cell,100,rome:60:43-1-s80:p0,200,0.02621952779269946,,519
151272,60,506,True,rome,100,400.0,coarse,156372,25,1300,cell,100,rome:60:43-1-s80:p0,400,0.032614534571406645,,519
155882,60,461,True,rome,100,70.71067811865476,coarse,156372,25,1350,intra_cell,150,rome:60:43-1-s80:p0,0,0.0031335533215665207,,519
152272,60,341,True,rome,100,170.71067811865476,coarse,156372,25,1350,intra_cell,150,rome:60:43-1-s80:p0,100,0.02621952779269946,,519
151272,60,300,True,rome,100,270.71067811865476,coarse,156372,25,1350,intra_cell,150,rome:60:43-1-s80:p0,200,0.032614534571406645,,519
151272,60,300,True,rome,100,470.71067811865476,coarse,156372,25,1350,intra_cell,150,rome:60:43-1-s80:p0,400,0.032614534571406645,,519
4610,120,461,True,rome,100,0.0,coarse,5190,25,1300,cell,100,rome:60:43-1-s80:p0,0,0.11175337186897881,,519
3610,120,361,True,rome,100,100.0,coarse,5190,25,1300,cell,100,rome:60:43-1-s80:p0,100,0.3044315992292871,,519
3610,120,361,True,rome,100,200.0,coarse,5190,25,1300,cell,100,rome:60:43-1-s80:p0,200,0.3044315992292871,,519
3610,120,361,True,rome,100,400.0,coarse,5190,25,1300,cell,100,rome:60:43-1-s80:p0,400,0.3044315992292871,,519
4610,120,461,True,rome,100,70.71067811865476,coarse,5190,25,1350,intra_cell,150,rome:60:43-1-s80:p0,0,0.11175337186897881,,519
2830,120,283,True,rome,100,170.71067811865476,coarse,5190,25,1350,intra_cell,150,rome:60:43-1-s80:p0,100,0.45472061657032753,,519
2830,120,283,True,rome,100,270.71067811865476,coarse,5190,25,1350,intra_cell,150,rome:60:43-1-s80:p0,200,0.45472061657032753,,519
2830,120,283,True,rome,100,470.71067811865476,coarse,5190,25,1350,intra_cell,150,rome:60:43-1-s80:p0,400,0.45472061657032753,,519
4610,300,461,True,rome,100,0.0,coarse,5190,25,1300,cell,100,rome:60:43-1-s80:p0,0,0.11175337186897881,,519
3610,300,361,True,rome,100,100.0,coarse,5190,25,1300,cell,100,rome:60:43-1-s80:p0,100,0.3044315992292871,,519
3610,300,361,True,rome,100,200.0,coarse,5190,25,1300,cell,100,rome:60:43-1-s80:p0,200,0.3044315992292871,,519
3610,300,361,True,rome,100,400.0,coarse,5190,25,1300,cell,100,rome:60:43-1-s80:p0,400,0.3044315992292871,,519
4610,300,461,True,rome,100,70.71067811865476,coarse,5190,25,1350,intra_cell,150,rome:60:43-1-s80:p0,0,0.11175337186897881,,519
2830,300,283,True,rome,100,170.71067811865476,coarse,5190,25,1350,intra_cell,150,rome:60:43-1-s80:p0,100,0.45472061657032753,,519
2830,300,283,True,rome,100,270.71067811865476,coarse,5190,25,1350,intra_cell,150,rome:60:43-1-s80:p0,200,0.45472061657032753,,519
2830,300,283,True,rome,100,470.71067811865476,coarse,5190,25,1350,intra_cell,150,rome:60:43-1-s80:p0,400,0.45472061657032753,,519
155882,60,461,True,rome,100,0.0,medium,156372,25,1300,cell,100,rome:60:43-1-s80:p0,0,0.0031335533215665207,,519
153512,60,465,True,rome,100,100.0,medium,156372,25,1300,cell,100,rome:60:43-1-s80:p0,100,0.01828971938710255,,519
152272,60,482,True,rome,100,200.0,medium,156372,25,1300,cell,100,rome:60:43-1-s80:p0,200,0.02621952779269946,,519
151272,60,506,True,rome,100,400.0,medium,156372,25,1300,cell,100,rome:60:43-1-s80:p0,400,0.032614534571406645,,519
155882,60,461,True,rome,100,70.71067811865476,medium,156372,25,1350,intra_cell,150,rome:60:43-1-s80:p0,0,0.0031335533215665207,,519
152272,60,341,True,rome,100,170.71067811865476,medium,156372,25,1350,intra_cell,150,rome:60:43-1-s80:p0,100,0.02621952779269946,,519
151272,60,300,True,rome,100,270.71067811865476,medium,156372,25,1350,intra_cell,150,rome:60:43-1-s80:p0,200,0.032614534571406645,,519
151272,60,300,True,rome,100,470.71067811865476,medium,156372,25,1350,intra_cell,150,rome:60:43-1-s80:p0,400,0.032614534571406645,,519
4610,120,461,True,rome,100,0.0,medium,5190,25,1300,cell,100,rome:60:43-1-s80:p0,0,0.11175337186897881,,519
3610,120,361,True,rome,100,100.0,medium,5190,25,1300,cell,100,rome:60:43-1-s80:p0,100,0.3044315992292871,,519
3610,120,361,True,rome,100,200.0,medium,5190,25,1300,cell,100,rome:60:43-1-s80:p0,200,0.3044315992292871,,519
3610,120,361,True,rome,100,400.0,medium,5190,25,1300,cell,100,rome:60:43-1-s80:p0,400,0.3044315992292871,,519
4610,120,461,True,rome,100,70.71067811865476,medium,5190,25,1350,intra_cell,150,rome:60:43-1-s80:p0,0,0.11175337186897881,,519
2830,120,283,True,rome,100,170.71067811865476,medium,5190,25,1350,intra_cell,150,rome:60:43-1-s80:p0,100,0.45472061657032753,,519
2830,120,283,True,rome,100,270.71067811865476,medium,5190,25,1350,intra_cell,150,rome:60:43-1-s80:p0,200,0.45472061657032753,,519
2830,120,283,True,rome,100,470.71067811865476,medium,5190,25,1350,intra_cell,150,rome:60:43-1-s80:p0,400,0.45472061657032753,,519
4610,300,461,True,rome,100,0.0,medium,5190,25,1300,cell,100,rome:60:43-1-s80:p0,0,0.11175337186897881,,519
3610,300,361,True,rome,100,100.0,medium,5190,25,1300,cell,100,rome:60:43-1-s80:p0,100,0.3044315992292871,,519
3610,300,361,True,rome,100,200.0,medium,5190,25,1300,cell,100,rome:60:43-1-s80:p0,200,0.3044315992292871,,519
3610,300,361,True,rome,100,400.0,medium,5190,25,1300,cell,100,rome:60:43-1-s80:p0,400,0.3044315992292871,,519
4610,300,461,True,rome,100,70.71067811865476,medium,5190,25,1350,intra_cell,150,rome:60:43-1-s80:p0,0,0.11175337186897881,,519
2830,300,283,True,rome,100,170.71067811865476,medium,5190,25,1350,intra_cell,150,rome:60:43-1-s80:p0,100,0.45472061657032753,,519
2830,300,283,True,rome,100,270.71067811865476,medium,5190,25,1350,intra_cell,150,rome:60:43-1-s80:p0,200,0.45472061657032753,,519
2830,300,283,True,rome,100,470.71067811865476,medium,5190,25,1350,intra_cell,150,rome:60:43-1-s80:p0,400,0.45472061657032753,,519
155882,60,461,True,rome,100,0.0,fine,156372,25,1300,cell,100,rome:60:43-1-s80:p0,0,0.0031335533215665207,,519
153512,60,465,True,rome,100,100.0,fine,156372,25,1300,cell,100,rome:60:43-1-s80:p0,100,0.01828971938710255,,519
152272,60,482,True,rome,100,200.0,fine,156372,25,1300,cell,100,rome:60:43-1-s80:p0,200,0.02621952779269946,,519
151272,60,506,True,rome,100,400.0,fine,156372,25,1300,cell,100,rome:60:43-1-s80:p0,400,0.032614534571406645,,519
155882,60,461,True,rome,100,70.71067811865476,fine,156372,25,1350,intra_cell,150,rome:60:43-1-s80:p0,0,0.0031335533215665207,,519
152272,60,341,True,rome,100,170.71067811865476,fine,156372,25,1350,intra_cell,150,rome:60:43-1-s80:p0,100,0.02621952779269946,,519
151272,60,300,True,rome,100,270.71067811865476,fine,156372,25,1350,intra_cell,150,rome:60:43-1-s80:p0,200,0.032614534571406645,,519
151272,60,300,True,rome,100,470.71067811865476,fine,156372,25,1350,intra_cell,150,rome:60:43-1-s80:p0,400,0.032614534571406645,,519
4610,120,461,True,rome,100,0.0,fine,5190,25,1300,cell,100,rome:60:43-1-s80:p0,0,0.11175337186897881,,519
3610,120,361,True,rome,100,100.0,fine,5190,25,1300,cell,100,rome:60:43-1-s80:p0,100,0.3044315992292871,,519
3610,120,361,True,rome,100,200.0,fine,5190,25,1300,cell,100,rome:60:43-1-s80:p0,200,0.3044315992292871,,519
3610,120,361,True,rome,100,400.0,fine,5190,25,1300,cell,100,rome:60:43-1-s80:p0,400,0.3044315992292871,,519
4610,120,461,True,rome,100,70.71067811865476,fine,5190,25,1350,intra_cell,150,rome:60:43-1-s80:p0,0,0.11175337186897881,,519
2830,120,283,True,rome,100,170.71067811865476,fine,5190,25,1350,intra_cell,150,rome:60:43-1-s80:p0,100,0.45472061657032753,,519
2830,120,283,True,rome,100,270.71067811865476,fine,5190,25,1350,intra_cell,150,rome:60:43-1-s80:p0,200,0.45472061657032753,,519
2830,120,283,True,rome,100,470.71067811865476,fine,5190,25,1350,intra_cell,150,rome:60:43-1-s80:p0,400,0.45472061657032753,,519
4610,300,461,True,rome,100,0.0,fine,5190,25,1300,cell,100,rome:60:43-1-s80:p0,0,0.11175337186897881,,519
3610,300,361,True,rome,100,100.0,fine,5190,25,1300,cell,100,rome:60:43-1-s80:p0,100,0.3044315992292871,,519
3610,300,361,True,rome,100,200.0,fine,5190,25,1300,cell,100,rome:60:43-1-s80:p0,200,0.3044315992292871,,519
3610,300,361,True,rome,100,400.0,fine,5190,25,1300,cell,100,rome:60:43-1-s80:p0,400,0.3044315992292871,,519
4610,300,461,True,rome,100,70.71067811865476,fine,5190,25,1350,intra_cell,150,rome:60:43-1-s80:p0,0,0.11175337186897881,,519
2830,300,283,True,rome,100,170.71067811865476,fine,5190,25,1350,intra_cell,150,rome:60:43-1-s80:p0,100,0.45472061657032753,,519
2830,300,283,True,rome,100,270.71067811865476,fine,5190,25,1350,intra_cell,150,rome:60:43-1-s80:p0,200,0.45472061657032753,,519
2830,300,283,True,rome,100,470.71067811865476,fine,5190,25,1350,intra_cell,150,rome:60:43-1-s80:p0,400,0.45472061657032753,,519
,60,,False,rome,100,0.0,coarse,,25,1300,cell,100,rome:60:45-0-s4:p0,0,,no feasible adversarial claim under enabled constraints,601
198012,60,500,True,rome,100,100.0,coarse,202548,25,1300,cell,100,rome:60:45-0-s4:p0,100,0.022394691628650987,,601
196812,60,524,True,rome,100,200.0,coarse,202548,25,1300,cell,100,rome:60:45-0-s4:p0,200,0.0283192132235322,,601
196812,60,500,True,rome,100,400.0,coarse,202548,25,1300,cell,100,rome:60:45-0-s4:p0,400,0.0283192132235322,,601
,60,,False,rome,100,70.71067811865476,coarse,,25,1350,intra_cell,150,rome:60:45-0-s4:p0,0,,no feasible adversarial claim under enabled constraints,601
198012,60,383,True,rome,100,170.71067811865476,coarse,202548,25,1350,intra_cell,150,rome:60:45-0-s4:p0,100,0.022394691628650987,,601
196812,60,361,True,rome,100,270.71067811865476,coarse,202548,25,1350,intra_cell,150,rome:60:45-0-s4:p0,200,0.0283192132235322,,601
196812,60,400,True,rome,100,470.71067811865476,coarse,202548,25,1350,intra_cell,150,rome:60:45-0-s4:p0,400,0.0283192132235322,,601
,120,,False,rome,100,0.0,coarse,,25,1300,cell,100,rome:60:45-0-s4:p0,0,,no feasible adversarial claim under enabled constraints,601
5532,120,461,True,rome,100,100.0,coarse,7212,25,1300,cell,100,rome:60:45-0-s4:p0,100,0.23294509151414308,,601
5532,120,461,True,rome,100,200.0,coarse,7212,25,1300,cell,100,rome:60:45-0-s4:p0,200,0.23294509151414308,,601
5532,120,461,True,rome,100,400.0,coarse,7212,25,1300,cell,100,rome:60:45-0-s4:p0,400,0.23294509151414308,,601
,120,,False,rome,100,70.71067811865476,coarse,,25,1350,intra_cell,150,rome:60:45-0-s4:p0,0,,no feasible adversarial claim under enabled constraints,601
4332,120,361,True,rome,100,170.71067811865476,coarse,7212,25,1350,intra_cell,150,rome:60:45-0-s4:p0,100,0.39933444259567386,,601
4332,120,361,True,rome,100,270.71067811865476,coarse,7212,25,1350,intra_cell,150,rome:60:45-0-s4:p0,200,0.39933444259567386,,601
4332,120,361,True,rome,100,470.71067811865476,coarse,7212,25,1350,intra_cell,150,rome:60:45-0-s4:p0,400,0.39933444259567386,,601
,300,,False,rome,100,0.0,coarse,,25,1300,cell,100,rome:60:45-0-s4:p0,0,,no feasible adversarial claim under enabled constraints,601
5532,300,461,True,rome,100,100.0,coarse,7212,25,1300,cell,100,rome:60:45-0-s4:p0,100,0.23294509151414308,,601
5532,300,461,True,rome,100,200.0,coarse,7212,25,1300,cell,100,rome:60:45-0-s4:p0,200,0.23294509151414308,,601
5532,300,461,True,rome,100,400.0,coarse,7212,25,1300,cell,100,rome:60:45-0-s4:p0,400,0.23294509151414308,,601
,300,,False,rome,100,70.71067811865476,coarse,,25,1350,intra_cell,150,rome:60:45-0-s4:p0,0,,no feasible adversarial claim under enabled constraints,601
4332,300,361,True,rome,100,170.71067811865476,coarse,7212,25,1350,intra_cell,150,rome:60:45-0-s4:p0,100,0.39933444259567386,,601
4332,300,361,True,rome,100,270.71067811865476,coarse,7212,25,1350,intra_cell,150,rome:60:45-0-s4:p0,200,0.39933444259567386,,601
4332,300,361,True,rome,100,470.71067811865476,coarse,7212,25,1350,intra_cell,150,rome:60:45-0-s4:p0,400,0.39933444259567386,,601
,60,,False,rome,100,0.0,medium,,25,1300,cell,100,rome:60:45-0-s4:p0,0,,no feasible adversarial claim under enabled constraints,601
198012,60,500,True,rome,100,100.0,medium,202548,25,1300,cell,100,rome:60:45-0-s4:p0,100,0.022394691628650987,,601
196812,60,524,True,rome,100,200.0,medium,202548,25,1300,cell,100,rome:60:45-0-s4:p0,200,0.0283192132235322,,601
196812,60,500,True,rome,100,400.0,medium,202548,25,1300,cell,100,rome:60:45-0-s4:p0,400,0.0283192132235322,,601
,60,,False,rome,100,70.71067811865476,medium,,25,1350,intra_cell,150,rome:60:45-0-s4:p0,0,,no feasible adversarial claim under enabled constraints,601
198012,60,383,True,rome,100,170.71067811865476,medium,202548,25,1350,intra_cell,150,rome:60:45-0-s4:p0,100,0.022394691628650987,,601
196812,60,361,True,rome,100,270.71067811865476,medium,202548,25,1350,intra_cell,150,rome:60:45-0-s4:p0,200,0.0283192132235322,,601
196812,60,400,True,rome,100,470.71067811865476,medium,202548,25,1350,intra_cell,150,rome:60:45-0-s4:p0,400,0.0283192132235322,,601
,120,,False,rome,100,0.0,medium,,25,1300,cell,100,rome:60:45-0-s4:p0,0,,no feasible adversarial claim under enabled constraints,601
5532,120,461,True,rome,100,100.0,medium,7212,25,1300,cell,100,rome:60:45-0-s4:p0,100,0.23294509151414308,,601
5532,120,461,True,rome,100,200.0,medium,7212,25,1300,cell,100,rome:60:45-0-s4:p0,200,0.23294509151414308,,601
5171,120,461,True,rome,100,400.0,medium,7212,25,1300,cell,100,rome:60:45-0-s4:p0,400,0.2830005546311703,,601
,120,,False,rome,100,70.71067811865476,medium,,25,1350,intra_cell,150,rome:60:45-0-s4:p0,0,,no feasible adversarial claim under enabled constraints,601
4332,120,361,True,rome,100,170.71067811865476,medium,7212,25,1350,intra_cell,150,rome:60:45-0-s4:p0,100,0.39933444259567386,,601
4332,120,361,True,rome,100,270.71067811865476,medium,7212,25,1350,intra_cell,150,rome:60:45-0-s4:p0,200,0.39933444259567386,,601
3971,120,361,True,rome,100,470.71067811865476,medium,7212,25,1350,intra_cell,150,rome:60:45-0-s4:p0,400,0.44938990571270104,,601
,300,,False,rome,100,0.0,medium,,25,1300,cell,100,rome:60:45-0-s4:p0,0,,no feasible adversarial claim under enabled constraints,601
5532,300,461,True,rome,100,100.0,medium,7212,25,1300,cell,100,rome:60:45-0-s4:p0,100,0.23294509151414308,,601
5532,300,461,True,rome,100,200.0,medium,7212,25,1300,cell,100,rome:60:45-0-s4:p0,200,0.23294509151414308,,601
5171,300,461,True,rome,100,400.0,medium,7212,25,1300,cell,100,rome:60:45-0-s4:p0,400,0.2830005546311703,,601
,300,,False,rome,100,70.71067811865476,medium,,25,1350,intra_cell,150,rome:60:45-0-s4:p0,0,,no feasible adversarial claim under enabled constraints,601
4332,300,361,True,rome,100,170.71067811865476,medium,7212,25,1350,intra_cell,150,rome:60:45-0-s4:p0,100,0.39933444259567386,,601
4332,300,361,True,rome,100,270.71067811865476,medium,7212,25,1350,intra_cell,150,rome:60:45-0-s4:p0,200,0.39933444259567386,,601
3971,300,361,True,rome,100,470.71067811865476,medium,7212,25,1350,intra_cell,150,rome:60:45-0-s4:p0,400,0.44938990571270104,,601
,60,,False,rome,100,0.0,fine,,25,1300,cell,100,rome:60:45-0-s4:p0,0,,no feasible adversarial claim under enabled constraints,601
198012,60,500,True,rome,100,100.0,fine,202548,25,1300,cell,100,rome:60:45-0-s4:p0,100,0.022394691628650987,,601
196812,60,524,True,rome,100,200.0,fine,202548,25,1300,cell,100,rome:60:45-0-s4:p0,200,0.0283192132235322,,601
196812,60,500,True,rome,100,400.0,fine,202548,25,1300,cell,100,rome:60:45-0-s4:p0,400,0.0283192132235322,,601
,60,,False,rome,100,70.71067811865476,fine,,25,1350,intra_cell,150,rome:60:45-0-s4:p0,0,,no feasible adversarial claim under enabled constraints,601
198012,60,383,True,rome,100,170.71067811865476,fine,202548,25,1350,intra_cell,150,rome:60:45-0-s4:p0,100,0.022394691628650987,,601
196812,60,361,True,rome,100,270.71067811865476,fine,202548,25,1350,intra_cell,150,rome:60:45-0-s4:p0,200,0.0283192132235322,,601
196812,60,400,True,rome,100,470.71067811865476,fine,202548,25,1350,intra_cell,150,rome:60:45-0-s4:p0,400,0.0283192132235322,,601
,120,,False,rome,100,0.0,fine,,25,1300,cell,100,rome:60:45-0-s4:p0,0,,no feasible adversarial claim under enabled constraints,601
5532,120,461,True,rome,100,100.0,fine,7212,25,1300,cell,100,rome:60:45-0-s4:p0,100,0.23294509151414308,,601
5532,120,461,True,rome,100,200.0,fine,7212,25,1300,cell,100,rome:60:45-0-s4:p0,200,0.23294509151414308,,601
4810,120,461,True,rome,100,400.0,fine,7212,25,1300,cell,100,rome:60:45-0-s4:p0,400,0.33305601774819743,,601
,120,,False,rome,100,70.71067811865476,fine,,25,1350,intra_cell,150,rome:60:45-0-s4:p0,0,,no feasible adversarial claim under enabled constraints,601
4332,120,361,True,rome,100,170.71067811865476,fine,7212,25,1350,intra_cell,150,rome:60:45-0-s4:p0,100,0.39933444259567386,,601
4332,120,361,True,rome,100,270.71067811865476,fine,7212,25,1350,intra_cell,150,rome:60:45-0-s4:p0,200,0.39933444259567386,,601
3610,120,361,True,rome,100,470.71067811865476,fine,7212,25,1350,intra_cell,150,rome:60:45-0-s4:p0,400,0.49944536882972823,,601
,300,,False,rome,100,0.0,fine,,25,1300,cell,100,rome:60:45-0-s4:p0,0,,no feasible adversarial claim under enabled constraints,601
5532,300,461,True,rome,100,100.0,fine,7212,25,1300,cell,100,rome:60:45-0-s4:p0,100,0.23294509151414308,,601
5532,300,461,True,rome,100,200.0,fine,7212,25,1300,cell,100,rome:60:45-0-s4:p0,200,0.23294509151414308,,601
4810,300,461,True,rome,100,400.0,fine,7212,25,1300,cell,100,rome:60:45-0-s4:p0,400,0.33305601774819743,,601
,300,,False,rome,100,70.71067811865476,fine,,25,1350,intra_cell,150,rome:60:45-0-s4:p0,0,,no feasible adversarial claim under enabled constraints,601
4332,300,361,True,rome,100,170.71067811865476,fine,7212,25,1350,intra_cell,150,rome:60:45-0-s4:p0,100,0.39933444259567386,,601
4332,300,361,True,rome,100,270.71067811865476,fine,7212,25,1350,intra_cell,150,rome:60:45-0-s4:p0,200,0.39933444259567386,,601
3610,300,361,True,rome,100,470.71067811865476,fine,7212,25,1350,intra_cell,150,rome:60:45-0-s4:p0,400,0.49944536882972823,,601
251244,60,807,True,rome,100,0.0,coarse,252744,25,1300,cell,100,rome:60:46-0-s49:p0,0,0.005934858987750451,,946
247848,60,865,True,rome,100,100.0,coarse,252744,25,1300,cell,100,rome:60:46-0-s49:p0,100,0.019371379736017474,,946
244956,60,790,True,rome,100,200.0,coarse,252744,25,1300,cell,100,rome:60:46-0-s49:p0,200,0.03081378786440034,,946
241560,60,722,True,rome,100,400.0,coarse,252744,25,1300,cell,100,rome:60:46-0-s49:p0,400,0.04425030861266736,,946
251244,60,807,True,rome,100,70.71067811865476,coarse,252744,25,1350,intra_cell,150,rome:60:46-0-s49:p0,0,0.005934858987750451,,946
245892,60,702,True,rome,100,170.71067811865476,coarse,252744,25,1350,intra_cell,150,rome:60:46-0-s49:p0,100,0.02711043585604406,,946
243252,60,757,True,rome,100,270.71067811865476,coarse,252744,25,1350,intra_cell,150,rome:60:46-0-s49:p0,200,0.03755578767448486,,946
241560,60,700,True,rome,100,470.71067811865476,coarse,252744,25,1350,intra_cell,150,rome:60:46-0-s49:p0,400,0.04425030861266736,,946
9684,120,807,True,rome,100,0.0,coarse,11352,25,1300,cell,100,rome:60:46-0-s49:p0,0,0.14693446088794926,,946
9192,120,766,True,rome,100,100.0,coarse,11352,25,1300,cell,100,rome:60:46-0-s49:p0,100,0.19027484143763213,,946
8664,120,722,True,rome,100,200.0,coarse,11352,25,1300,cell,100,rome:60:46-0-s49:p0,200,0.23678646934460887,,946
7942,120,722,True,rome,100,400.0,coarse,11352,25,1300,cell,100,rome:60:46-0-s49:p0,400,0.3003875968992248,,946
9684,120,807,True,rome,100,70.71067811865476,coarse,11352,25,1350,intra_cell,150,rome:60:46-0-s49:p0,0,0.14693446088794926,,946
7728,120,644,True,rome,100,170.71067811865476,coarse,11352,25,1350,intra_cell,150,rome:60:46-0-s49:p0,100,0.3192389006342495,,946
7728,120,644,True,rome,100,270.71067811865476,coarse,11352,25,1350,intra_cell,150,rome:60:46-0-s49:p0,200,0.3192389006342495,,946
7006,120,644,True,rome,100,470.71067811865476,coarse,11352,25,1350,intra_cell,150,rome:60:46-0-s49:p0,400,0.3828400281888654,,946
9684,300,807,True,rome,100,0.0,coarse,11352,25,1300,cell,100,rome:60:46-0-s49:p0,0,0.14693446088794926,,946
9192,300,766,True,rome,100,100.0,coarse,11352,25,1300,cell,100,rome:60:46-0-s49:p0,100,0.19027484143763213,,946
8664,300,722,True,rome,100,200.0,coarse,11352,25,1300,cell,100,rome:60:46-0-s49:p0,200,0.23678646934460887,,946
7942,300,722,True,rome,100,400.0,coarse,11352,25,1300,cell,100,rome:60:46-0-s49:p0,400,0.3003875968992248,,946
9684,300,807,True,rome,100,70.71067811865476,coarse,11352,25,1350,intra_cell,150,rome:60:46-0-s49:p0,0,0.14693446088794926,,946
7728,300,644,True,rome,100,170.71067811865476,coarse,11352,25,1350,intra_cell,150,rome:60:46-0-s49:p0,100,0.3192389006342495,,946
7728,300,644,True,rome,100,270.71067811865476,coarse,11352,25,1350,intra_cell,150,rome:60:46-0-s49:p0,200,0.3192389006342495,,946
7006,300,644,True,rome,100,470.71067811865476,coarse,11352,25,1350,intra_cell,150,rome:60:46-0-s49:p0,400,0.3828400281888654,,946
251244,60,807,True,rome,100,0.0,medium,252744,25,1300,cell,100,rome:60:46-0-s49:p0,0,0.005934858987750451,,946
247848,60,865,True,rome,100,100.0,medium,252744,25,1300,cell,100,rome:60:46-0-s49:p0,100,0.019371379736017474,,946
244956,60,790,True,rome,100,200.0,medium,252744,25,1300,cell,100,rome:60:46-0-s49:p0,200,0.03081378786440034,,946
241560,60,722,True,rome,100,400.0,medium,252744,25,1300,cell,100,rome:60:46-0-s49:p0,400,0.04425030861266736,,946
251244,60,807,True,rome,100,70.71067811865476,medium,252744,25,1350,intra_cell,150,rome:60:46-0-s49:p0,0,0.005934858987750451,,946
245892,60,702,True,rome,100,170.71067811865476,medium,252744,25,1350,intra_cell,150,rome:60:46-0-s49:p0,100,0.02711043585604406,,946
243252,60,757,True,rome,100,270.71067811865476,medium,252744,25,1350,intra_cell,150,rome:60:46-0-s49:p0,200,0.03755578767448486,,946
241560,60,700,True,rome,100,470.71067811865476,medium,252744,25,1350,intra_cell,150,rome:60:46-0-s49:p0,400,0.04425030861266736,,946
9684,120,807,True,rome,100,0.0,medium,11352,25,1300,cell,100,rome:60:46-0-s49:p0,0,0.14693446088794926,,946
9192,120,766,True,rome,100,100.0,medium,11352,25,1300,cell,100,rome:60:46-0-s49:p0,100,0.19027484143763213,,946
8664,120,722,True,rome,100,200.0,medium,11352,25,1300,cell,100,rome:60:46-0-s49:p0,200,0.23678646934460887,,946
7942,120,722,True,rome,100,400.0,medium,11352,25,1300,cell,100,rome:60:46-0-s49:p0,400,0.3003875968992248,,946
9684,120,807,True,rome,100,70.71067811865476,medium,11352,25,1350,intra_cell,150,rome:60:46-0-s49:p0,0,0.14693446088794926,,946
7728,120,644,True,rome,100,170.71067811865476,medium,11352,25,1350,intra_cell,150,rome:60:46-0-s49:p0,100,0.3192389006342495,,946
7728,120,644,True,rome,100,270.71067811865476,medium,11352,25,1350,intra_cell,150,rome:60:46-0-s49:p0,200,0.3192389006342495,,946
7006,120,644,True,rome,100,470.71067811865476,medium,11352,25,1350,intra_cell,150,rome:60:46-0-s49:p0,400,0.3828400281888654,,946
9684,300,807,True,rome,100,0.0,medium,11352,25,1300,cell,100,rome:60:46-0-s49:p0,0,0.14693446088794926,,946
9192,300,766,True,rome,100,100.0,medium,11352,25,1300,cell,100,rome:60:46-0-s49:p0,100,0.19027484143763213,,946
8664,300,722,True,rome,100,200.0,medium,11352,25,1300,cell,100,rome:60:46-0-s49:p0,200,0.23678646934460887,,946
7942,300,722,True,rome,100,400.0,medium,11352,25,1300,cell,100,rome:60:46-0-s49:p0,400,0.3003875968992248,,946
9684,300,807,True,rome,100,70.71067811865476,medium,11352,25,1350,intra_cell,150,rome:60:46-0-s49:p0,0,0.14693446088794926,,946
7728,300,644,True,rome,100,170.71067811865476,medium,11352,25,1350,intra_cell,150,rome:60:46-0-s49:p0,100,0.3192389006342495,,946
7728,300,644,True,rome,100,270.71067811865476,medium,11352,25,1350,intra_cell,150,rome:60:46-0-s49:p0,200,0.3192389006342495,,946
7006,300,644,True,rome,100,470.71067811865476,medium,11352,25,1350,intra_cell,150,rome:60:46-0-s49:p0,400,0.3828400281888654,,946
251244,60,807,True,rome,100,0.0,fine,252744,25,1300,cell,100,rome:60:46-0-s49:p0,0,0.005934858987750451,,946
247848,60,865,True,rome,100,100.0,fine,252744,25,1300,cell,100,rome:60:46-0-s49:p0,100,0.019371379736017474,,946
244956,60,790,True,rome,100,200.0,fine,252744,25,1300,cell,100,rome:60:46-0-s49:p0,200,0.03081378786440034,,946
241560,60,722,True,rome,100,400.0,fine,252744,25,1300,cell,100,rome:60:46-0-s49:p0,400,0.04425030861266736,,946
251244,60,807,True,rome,100,70.71067811865476,fine,252744,25,1350,intra_cell,150,rome:60:46-0-s49:p0,0,0.005934858987750451,,946
245892,60,702,True,rome,100,170.71067811865476,fine,252744,25,1350,intra_cell,150,rome:60:46-0-s49:p0,100,0.02711043585604406,,946
243252,60,757,True,rome,100,270.71067811865476,fine,252744,25,1350,intra_cell,150,rome:60:46-0-s49:p0,200,0.03755578767448486,,946
241560,60,700,True,rome,100,470.71067811865476,fine,252744,25,1350,intra_cell,150,rome:60:46-0-s49:p0,400,0.04425030861266736,,946
9684,120,807,True,rome,100,0.0,fine,11352,25,1300,cell,100,rome:60:46-0-s49:p0,0,0.14693446088794926,,946
9192,120,766,True,rome,100,100.0,fine,11352,25,1300,cell,100,rome:60:46-0-s49:p0,100,0.19027484143763213,,946
8664,120,722,True,rome,100,200.0,fine,11352,25,1300,cell,100,rome:60:46-0-s49:p0,200,0.23678646934460887,,946
7942,120,722,True,rome,100,400.0,fine,11352,25,1300,cell,100,rome:60:46-0-s49:p0,400,0.3003875968992248,,946
9684,120,807,True,rome,100,70.71067811865476,fine,11352,25,1350,intra_cell,150,rome:60:46-0-s49:p0,0,0.14693446088794926,,946
7728,120,644,True,rome,100,170.71067811865476,fine,11352,25,1350,intra_cell,150,rome:60:46-0-s49:p0,100,0.3192389006342495,,946
7728,120,644,True,rome,100,270.71067811865476,fine,11352,25,1350,intra_cell,150,rome:60:46-0-s49:p0,200,0.3192389006342495,,946
7006,120,644,True,rome,100,470.71067811865476,fine,11352,25,1350,intra_cell,150,rome:60:46-0-s49:p0,400,0.3828400281888654,,946
9684,300,807,True,rome,100,0.0,fine,11352,25,1300,cell,100,rome:60:46-0-s49:p0,0,0.14693446088794926,,946
9192,300,766,True,rome,100,100.0,fine,11352,25,1300,cell,100,rome:60:46-0-s49:p0,100,0.19027484143763213,,946
8664,300,722,True,rome,100,200.0,fine,11352,25,1300,cell,100,rome:60:46-0-s49:p0,200,0.23678646934460887,,946
7942,300,722,True,rome,100,400.0,fine,11352,25,1300,cell,100,rome:60:46-0-s49:p0,400,0.3003875968992248,,946
9684,300,807,True,rome,100,70.71067811865476,fine,11352,25,1350,intra_cell,150,rome:60:46-0-s49:p0,0,0.14693446088794926,,946
7728,300,644,True,rome,100,170.71067811865476,fine,11352,25,1350,intra_cell,150,rome:60:46-0-s49:p0,100,0.3192389006342495,,946
7728,300,644,True,rome,100,270.71067811865476,fine,11352,25,1350,intra_cell,150,rome:60:46-0-s49:p0,200,0.3192389006342495,,946
7006,300,644,True,rome,100,470.71067811865476,fine,11352,25,1350,intra_cell,150,rome:60:46-0-s49:p0,400,0.3828400281888654,,946
,60,,False,rome,100,0.0,coarse,,25,1300,cell,100,rome:60:46-0-s65:p0,0,,no feasible adversarial claim under enabled constraints,1175
127068,60,1206,True,rome,100,100.0,coarse,134532,25,1300,cell,100,rome:60:46-0-s65:p0,100,0.05548122379805548,,1175
124176,60,1106,True,rome,100,200.0,coarse,134532,25,1300,cell,100,rome:60:46-0-s65:p0,200,0.07697796806707698,,1175
120780,60,1066,True,rome,100,400.0,coarse,134532,25,1300,cell,100,rome:60:46-0-s65:p0,400,0.10222103291410223,,1175
,60,,False,rome,100,70.71067811865476,coarse,,25,1350,intra_cell,150,rome:60:46-0-s65:p0,0,,no feasible adversarial claim under enabled constraints,1175
125112,60,927,True,rome,100,170.71067811865476,coarse,134532,25,1350,intra_cell,150,rome:60:46-0-s65:p0,100,0.07002051556507002,,1175
122472,60,963,True,rome,100,270.71067811865476,coarse,134532,25,1350,intra_cell,150,rome:60:46-0-s65:p0,200,0.08964409954508964,,1175
120780,60,944,True,rome,100,470.71067811865476,coarse,134532,25,1350,intra_cell,150,rome:60:46-0-s65:p0,400,0.10222103291410223,,1175
,120,,False,rome,100,0.0,coarse,,25,1300,cell,100,rome:60:46-0-s65:p0,0,,no feasible adversarial claim under enabled constraints,1175
12648,120,1054,True,rome,100,100.0,coarse,14100,25,1300,cell,100,rome:60:46-0-s65:p0,100,0.10297872340425532,,1175
11864,120,1022,True,rome,100,200.0,coarse,14100,25,1300,cell,100,rome:60:46-0-s65:p0,200,0.15858156028368794,,1175
10772,120,1005,True,rome,100,400.0,coarse,14100,25,1300,cell,100,rome:60:46-0-s65:p0,400,0.23602836879432623,,1175
,120,,False,rome,100,70.71067811865476,coarse,,25,1350,intra_cell,150,rome:60:46-0-s65:p0,0,,no feasible adversarial claim under enabled constraints,1175
11064,120,922,True,rome,100,170.71067811865476,coarse,14100,25,1350,intra_cell,150,rome:60:46-0-s65:p0,100,0.2153191489361702,,1175
10342,120,922,True,rome,100,270.71067811865476,coarse,14100,25,1350,intra_cell,150,rome:60:46-0-s65:p0,200,0.26652482269503547,,1175
9836,120,927,True,rome,100,470.71067811865476,coarse,14100,25,1350,intra_cell,150,rome:60:46-0-s65:p0,400,0.3024113475177305,,1175
,300,,False,rome,100,0.0,coarse,,25,1300,cell,100,rome:60:46-0-s65:p0,0,,no feasible adversarial claim under enabled constraints,1175
12648,300,1054,True,rome,100,100.0,coarse,14100,25,1300,cell,100,rome:60:46-0-s65:p0,100,0.10297872340425532,,1175
11864,300,1022,True,rome,100,200.0,coarse,14100,25,1300,cell,100,rome:60:46-0-s65:p0,200,0.15858156028368794,,1175
10772,300,1005,True,rome,100,400.0,coarse,14100,25,1300,cell,100,rome:60:46-0-s65:p0,400,0.23602836879432623,,1175
,300,,False,rome,100,70.71067811865476,coarse,,25,1350,intra_cell,150,rome:60:46-0-s65:p0,0,,no feasible adversarial claim under enabled constraints,1175
11064,300,922,True,rome,100,170.71067811865476,coarse,14100,25,1350,intra_cell,150,rome:60:46-0-s65:p0,100,0.2153191489361702,,1175
10342,300,922,True,rome,100,270.71067811865476,coarse,14100,25,1350,intra_cell,150,rome:60:46-0-s65:p0,200,0.26652482269503547,,1175
9836,300,927,True,rome,100,470.71067811865476,coarse,14100,25,1350,intra_cell,150,rome:60:46-0-s65:p0,400,0.3024113475177305,,1175
,60,,False,rome,100,0.0,medium,,25,1300,cell,100,rome:60:46-0-s65:p0,0,,no feasible adversarial claim under enabled constraints,1175
127068,60,1206,True,rome,100,100.0,medium,134532,25,1300,cell,100,rome:60:46-0-s65:p0,100,0.05548122379805548,,1175
124176,60,1106,True,rome,100,200.0,medium,134532,25,1300,cell,100,rome:60:46-0-s65:p0,200,0.07697796806707698,,1175
120780,60,1066,True,rome,100,400.0,medium,134532,25,1300,cell,100,rome:60:46-0-s65:p0,400,0.10222103291410223,,1175
,60,,False,rome,100,70.71067811865476,medium,,25,1350,intra_cell,150,rome:60:46-0-s65:p0,0,,no feasible adversarial claim under enabled constraints,1175
125112,60,927,True,rome,100,170.71067811865476,medium,134532,25,1350,intra_cell,150,rome:60:46-0-s65:p0,100,0.07002051556507002,,1175
122472,60,963,True,rome,100,270.71067811865476,medium,134532,25,1350,intra_cell,150,rome:60:46-0-s65:p0,200,0.08964409954508964,,1175
120780,60,944,True,rome,100,470.71067811865476,medium,134532,25,1350,intra_cell,150,rome:60:46-0-s65:p0,400,0.10222103291410223,,1175
,120,,False,rome,100,0.0,medium,,25,1300,cell,100,rome:60:46-0-s65:p0,0,,no feasible adversarial claim under enabled constraints,1175
12648,120,1054,True,rome,100,100.0,medium,14100,25,1300,cell,100,rome:60:46-0-s65:p0,100,0.10297872340425532,,1175
11864,120,1022,True,rome,100,200.0,medium,14100,25,1300,cell,100,rome:60:46-0-s65:p0,200,0.15858156028368794,,1175
10942,120,1022,True,rome,100,400.0,medium,14100,25,1300,cell,100,rome:60:46-0-s65:p0,400,0.22397163120567376,,1175
,120,,False,rome,100,70.71067811865476,medium,,25,1350,intra_cell,150,rome:60:46-0-s65:p0,0,,no feasible adversarial claim under enabled constraints,1175
11064,120,922,True,rome,100,170.71067811865476,medium,14100,25,1350,intra_cell,150,rome:60:46-0-s65:p0,100,0.2153191489361702,,1175
10342,120,922,True,rome,100,270.71067811865476,medium,14100,25,1350,intra_cell,150,rome:60:46-0-s65:p0,200,0.26652482269503547,,1175
9620,120,922,True,rome,100,470.71067811865476,medium,14100,25,1350,intra_cell,150,rome:60:46-0-s65:p0,400,0.3177304964539007,,1175
,300,,False,rome,100,0.0,medium,,25,1300,cell,100,rome:60:46-0-s65:p0,0,,no feasible adversarial claim under enabled constraints,1175
12648,300,1054,True,rome,100,100.0,medium,14100,25,1300,cell,100,rome:60:46-0-s65:p0,100,0.10297872340425532,,1175
11864,300,1022,True,rome,100,200.0,medium,14100,25,1300,cell,100,rome:60:46-0-s65:p0,200,0.15858156028368794,,1175
10942,300,1022,True,rome,100,400.0,medium,14100,25,1300,cell,100,rome:60:46-0-s65:p0,400,0.22397163120567376,,1175
,300,,False,rome,100,70.71067811865476,medium,,25,1350,intra_cell,150,rome:60:46-0-s65:p0,0,,no feasible adversarial claim under enabled constraints,1175
11064,300,922,True,rome,100,170.71067811865476,medium,14100,25,1350,intra_cell,150,rome:60:46-0-s65:p0,100,0.2153191489361702,,1175
10342,300,922,True,rome,100,270.71067811865476,medium,14100,25,1350,intra_cell,150,rome:60:46-0-s65:p0,200,0.26652482269503547,,1175
9620,300,922,True,rome,100,470.71067811865476,medium,14100,25,1350,intra_cell,150,rome:60:46-0-s65:p0,400,0.3177304964539007,,1175
,60,,False,rome,100,0.0,fine,,25,1300,cell,100,rome:60:46-0-s65:p0,0,,no feasible adversarial claim under enabled constraints,1175
127068,60,1206,True,rome,100,100.0,fine,134532,25,1300,cell,100,rome:60:46-0-s65:p0,100,0.05548122379805548,,1175
124176,60,1106,True,rome,100,200.0,fine,134532,25,1300,cell,100,rome:60:46-0-s65:p0,200,0.07697796806707698,,1175
120780,60,1066,True,rome,100,400.0,fine,134532,25,1300,cell,100,rome:60:46-0-s65:p0,400,0.10222103291410223,,1175
,60,,False,rome,100,70.71067811865476,fine,,25,1350,intra_cell,150,rome:60:46-0-s65:p0,0,,no feasible adversarial claim under enabled constraints,1175
125112,60,927,True,rome,100,170.71067811865476,fine,134532,25,1350,intra_cell,150,rome:60:46-0-s65:p0,100,0.07002051556507002,,1175
122472,60,963,True,rome,100,270.71067811865476,fine,134532,25,1350,intra_cell,150,rome:60:46-0-s65:p0,200,0.08964409954508964,,1175
120780,60,944,True,rome,100,470.71067811865476,fine,134532,25,1350,intra_cell,150,rome:60:46-0-s65:p0,400,0.10222103291410223,,1175
,120,,False,rome,100,0.0,fine,,25,1300,cell,100,rome:60:46-0-s65:p0,0,,no feasible adversarial claim under enabled constraints,1175
12648,120,1054,True,rome,100,100.0,fine,14100,25,1300,cell,100,rome:60:46-0-s65:p0,100,0.10297872340425532,,1175
11864,120,1022,True,rome,100,200.0,fine,14100,25,1300,cell,100,rome:60:46-0-s65:p0,200,0.15858156028368794,,1175
10942,120,1022,True,rome,100,400.0,fine,14100,25,1300,cell,100,rome:60:46-0-s65:p0,400,0.22397163120567376,,1175
,120,,False,rome,100,70.71067811865476,fine,,25,1350,intra_cell,150,rome:60:46-0-s65:p0,0,,no feasible adversarial claim under enabled constraints,1175
11064,120,922,True,rome,100,170.71067811865476,fine,14100,25,1350,intra_cell,150,rome:60:46-0-s65:p0,100,0.2153191489361702,,1175
10342,120,922,True,rome,100,270.71067811865476,fine,14100,25,1350,intra_cell,150,rome:60:46-0-s65:p0,200,0.26652482269503547,,1175
9836,120,927,True,rome,100,470.71067811865476,fine,14100,25,1350,intra_cell,150,rome:60:46-0-s65:p0,400,0.3024113475177305,,1175
,300,,False,rome,100,0.0,fine,,25,1300,cell,100,rome:60:46-0-s65:p0,0,,no feasible adversarial claim under enabled constraints,1175
12648,300,1054,True,rome,100,100.0,fine,14100,25,1300,cell,100,rome:60:46-0-s65:p0,100,0.10297872340425532,,1175
11864,300,1022,True,rome,100,200.0,fine,14100,25,1300,cell,100,rome:60:46-0-s65:p0,200,0.15858156028368794,,1175
10942,300,1022,True,rome,100,400.0,fine,14100,25,1300,cell,100,rome:60:46-0-s65:p0,400,0.22397163120567376,,1175
,300,,False,rome,100,70.71067811865476,fine,,25,1350,intra_cell,150,rome:60:46-0-s65:p0,0,,no feasible adversarial claim under enabled constraints,1175
11064,300,922,True,rome,100,170.71067811865476,fine,14100,25,1350,intra_cell,150,rome:60:46-0-s65:p0,100,0.2153191489361702,,1175
10342,300,922,True,rome,100,270.71067811865476,fine,14100,25,1350,intra_cell,150,rome:60:46-0-s65:p0,200,0.26652482269503547,,1175
9836,300,927,True,rome,100,470.71067811865476,fine,14100,25,1350,intra_cell,150,rome:60:46-0-s65:p0,400,0.3024113475177305,,1175
,60,,False,rome,100,0.0,coarse,,25,1300,cell,100,rome:60:51-1-s193:p0,0,,no feasible adversarial claim under enabled constraints,1572
84486,60,1483,True,rome,100,100.0,coarse,90296,25,1300,cell,100,rome:60:51-1-s193:p0,100,0.06434393550101887,,1572
81726,60,1530,True,rome,100,200.0,coarse,90296,25,1300,cell,100,rome:60:51-1-s193:p0,200,0.09491007353592629,,1572
77656,60,1468,True,rome,100,400.0,coarse,90296,25,1300,cell,100,rome:60:51-1-s193:p0,400,0.13998405244972092,,1572
88792,60,1428,True,rome,100,70.71067811865476,coarse,90296,25,1350,intra_cell,150,rome:60:51-1-s193:p0,0,0.01665633029148578,,1572
83616,60,1432,True,rome,100,170.71067811865476,coarse,90296,25,1350,intra_cell,150,rome:60:51-1-s193:p0,100,0.073978913794631,,1572
81066,60,1424,True,rome,100,270.71067811865476,coarse,90296,25,1350,intra_cell,150,rome:60:51-1-s193:p0,200,0.10221936741383893,,1572
77256,60,1381,True,rome,100,470.71067811865476,coarse,90296,25,1350,intra_cell,150,rome:60:51-1-s193:p0,400,0.14441392752724372,,1572
,120,,False,rome,100,0.0,coarse,,25,1300,cell,100,rome:60:51-1-s193:p0,0,,no feasible adversarial claim under enabled constraints,1572
15742,120,1422,True,rome,100,100.0,coarse,18020,25,1300,cell,100,rome:60:51-1-s193:p0,100,0.12641509433962264,,1572
14802,120,1388,True,rome,100,200.0,coarse,18020,25,1300,cell,100,rome:60:51-1-s193:p0,200,0.1785793562708102,,1572
13930,120,1393,True,rome,100,400.0,coarse,18020,25,1300,cell,100,rome:60:51-1-s193:p0,400,0.22697003329633741,,1572
16336,120,1428,True,rome,100,70.71067811865476,coarse,18020,25,1350,intra_cell,150,rome:60:51-1-s193:p0,0,0.09345172031076582,,1572
13952,120,1283,True,rome,100,170.71067811865476,coarse,18020,25,1350,intra_cell,150,rome:60:51-1-s193:p0,100,0.22574916759156494,,1572
13602,120,1288,True,rome,100,270.71067811865476,coarse,18020,25,1350,intra_cell,150,rome:60:51-1-s193:p0,200,0.2451720310765816,,1572
13050,120,1305,True,rome,100,470.71067811865476,coarse,18020,25,1350,intra_cell,150,rome:60:51-1-s193:p0,400,0.2758046614872364,,1572
,300,,False,rome,100,0.0,coarse,,25,1300,cell,100,rome:60:51-1-s193:p0,0,,no feasible adversarial claim under enabled constraints,1572
15742,300,1422,True,rome,100,100.0,coarse,18020,25,1300,cell,100,rome:60:51-1-s193:p0,100,0.12641509433962264,,1572
14802,300,1388,True,rome,100,200.0,coarse,18020,25,1300,cell,100,rome:60:51-1-s193:p0,200,0.1785793562708102,,1572
13930,300,1393,True,rome,100,400.0,coarse,18020,25,1300,cell,100,rome:60:51-1-s193:p0,400,0.22697003329633741,,1572
16336,300,1428,True,rome,100,70.71067811865476,coarse,18020,25,1350,intra_cell,150,rome:60:51-1-s193:p0,0,0.09345172031076582,,1572
13952,300,1283,True,rome,100,170.71067811865476,coarse,18020,25,1350,intra_cell,150,rome:60:51-1-s193:p0,100,0.22574916759156494,,1572
13602,300,1288,True,rome,100,270.71067811865476,coarse,18020,25,1350,intra_cell,150,rome:60:51-1-s193:p0,200,0.2451720310765816,,1572
13050,300,1305,True,rome,100,470.71067811865476,coarse,18020,25,1350,intra_cell,150,rome:60:51-1-s193:p0,400,0.2758046614872364,,1572
,60,,False,rome,100,0.0,medium,,25,1300,cell,100,rome:60:51-1-s193:p0,0,,no feasible adversarial claim under enabled constraints,1572
84167,60,1598,True,rome,100,100.0,medium,89987,25,1300,cell,100,rome:60:51-1-s193:p0,100,0.06467600875682043,,1572
81492,60,1515,True,rome,100,200.0,medium,89987,25,1300,cell,100,rome:60:51-1-s193:p0,200,0.0944025248091391,,1572
77627,60,1429,True,rome,100,400.0,medium,89987,25,1300,cell,100,rome:60:51-1-s193:p0,400,0.1373531732361341,,1572
88476,60,1428,True,rome,100,70.71067811865476,medium,89987,25,1350,intra_cell,150,rome:60:51-1-s193:p0,0,0.016791314300954582,,1572
83596,60,1440,True,rome,100,170.71067811865476,medium,89987,25,1350,intra_cell,150,rome:60:51-1-s193:p0,100,0.07102136975340882,,1572
81066,60,1424,True,rome,100,270.71067811865476,medium,89987,25,1350,intra_cell,150,rome:60:51-1-s193:p0,200,0.0991365419449476,,1572
76956,60,1381,True,rome,100,470.71067811865476,medium,89987,25,1350,intra_cell,150,rome:60:51-1-s193:p0,400,0.14480980586084657,,1572
,120,,False,rome,100,0.0,medium,,25,1300,cell,100,rome:60:51-1-s193:p0,0,,no feasible adversarial claim under enabled constraints,1572
15675,120,1427,True,rome,100,100.0,medium,17711,25,1300,cell,100,rome:60:51-1-s193:p0,100,0.11495680650443227,,1572
14587,120,1366,True,rome,100,200.0,medium,17711,25,1300,cell,100,rome:60:51-1-s193:p0,200,0.17638755575630963,,1572
13930,120,1393,True,rome,100,400.0,medium,17711,25,1300,cell,100,rome:60:51-1-s193:p0,400,0.21348314606741572,,1572
16020,120,1428,True,rome,100,70.71067811865476,medium,17711,25,1350,intra_cell,150,rome:60:51-1-s193:p0,0,0.09547738693467336,,1572
13913,120,1283,True,rome,100,170.71067811865476,medium,17711,25,1350,intra_cell,150,rome:60:51-1-s193:p0,100,0.21444300152447632,,1572
13591,120,1283,True,rome,100,270.71067811865476,medium,17711,25,1350,intra_cell,150,rome:60:51-1-s193:p0,200,0.23262379312291795,,1572
13050,120,1305,True,rome,100,470.71067811865476,medium,17711,25,1350,intra_cell,150,rome:60:51-1-s193:p0,400,0.2631697814917283,,1572
,300,,False,rome,100,0.0,medium,,25,1300,cell,100,rome:60:51-1-s193:p0,0,,no feasible adversarial claim under enabled constraints,1572
15675,300,1427,True,rome,100,100.0,medium,17711,25,1300,cell,100,rome:60:51-1-s193:p0,100,0.11495680650443227,,1572
14587,300,1366,True,rome,100,200.0,medium,17711,25,1300,cell,100,rome:60:51-1-s193:p0,200,0.17638755575630963,,1572
13930,300,1393,True,rome,100,400.0,medium,17711,25,1300,cell,100,rome:60:51-1-s193:p0,400,0.21348314606741572,,1572
16020,300,1428,True,rome,100,70.71067811865476,medium,17711,25,1350,intra_cell,150,rome:60:51-1-s193:p0,0,0.09547738693467336,,1572
13913,300,1283,True,rome,100,170.71067811865476,medium,17711,25,1350,intra_cell,150,rome:60:51-1-s193:p0,100,0.21444300152447632,,1572
13591,300,1283,True,rome,100,270.71067811865476,medium,17711,25,1350,intra_cell,150,rome:60:51-1-s193:p0,200,0.23262379312291795,,1572
13050,300,1305,True,rome,100,470.71067811865476,medium,17711,25,1350,intra_cell,150,rome:60:51-1-s193:p0,400,0.2631697814917283,,1572
,60,,False,rome,100,0.0,fine,,25,1300,cell,100,rome:60:51-1-s193:p0,0,,no feasible adversarial claim under enabled constraints,1572
84226,60,1598,True,rome,100,100.0,fine,89678,25,1300,cell,100,rome:60:51-1-s193:p0,100,0.060795289814670264,,1572
81676,60,1565,True,rome,100,200.0,fine,89678,25,1300,cell,100,rome:60:51-1-s193:p0,200,0.08923035750128236,,1572
77266,60,1429,True,rome,100,400.0,fine,89678,25,1300,cell,100,rome:60:51-1-s193:p0,400,0.1384062980887174,,1572
88160,60,1428,True,rome,100,70.71067811865476,fine,89678,25,1350,intra_cell,150,rome:60:51-1-s193:p0,0,0.016927228528736144,,1572
83466,60,1457,True,rome,100,170.71067811865476,fine,89678,25,1350,intra_cell,150,rome:60:51-1-s193:p0,100,0.06927005508597427,,1572
80756,60,1393,True,rome,100,270.71067811865476,fine,89678,25,1350,intra_cell,150,rome:60:51-1-s193:p0,200,0.09948928388233458,,1572
76656,60,1381,True,rome,100,470.71067811865476,fine,89678,25,1350,intra_cell,150,rome:60:51-1-s193:p0,400,0.14520841231963247,,1572
,120,,False,rome,100,0.0,fine,,25,1300,cell,100,rome:60:51-1-s193:p0,0,,no feasible adversarial claim under enabled constraints,1572
15452,120,1482,True,rome,100,100.0,fine,17402,25,1300,cell,100,rome:60:51-1-s193:p0,100,0.11205608550741294,,1572
14382,120,1366,True,rome,100,200.0,fine,17402,25,1300,cell,100,rome:60:51-1-s193:p0,200,0.17354327088840363,,1572
13930,120,1393,True,rome,100,400.0,fine,17402,25,1300,cell,100,rome:60:51-1-s193:p0,400,0.1995172968624296,,1572
15704,120,1428,True,rome,100,70.71067811865476,fine,17402,25,1350,intra_cell,150,rome:60:51-1-s193:p0,0,0.09757499138030111,,1572
13752,120,1283,True,rome,100,170.71067811865476,fine,17402,25,1350,intra_cell,150,rome:60:51-1-s193:p0,100,0.2097460062061832,,1572
13420,120,1322,True,rome,100,270.71067811865476,fine,17402,25,1350,intra_cell,150,rome:60:51-1-s193:p0,200,0.22882427307206069,,1572
12880,120,1288,True,rome,100,470.71067811865476,fine,17402,25,1350,intra_cell,150,rome:60:51-1-s193:p0,400,0.2598551890587289,,1572
,300,,False,rome,100,0.0,fine,,25,1300,cell,100,rome:60:51-1-s193:p0,0,,no feasible adversarial claim under enabled constraints,1572
15452,300,1482,True,rome,100,100.0,fine,17402,25,1300,cell,100,rome:60:51-1-s193:p0,100,0.11205608550741294,,1572
14382,300,1366,True,rome,100,200.0,fine,17402,25,1300,cell,100,rome:60:51-1-s193:p0,200,0.17354327088840363,,1572
13930,300,1393,True,rome,100,400.0,fine,17402,25,1300,cell,100,rome:60:51-1-s193:p0,400,0.1995172968624296,,1572
15704,300,1428,True,rome,100,70.71067811865476,fine,17402,25,1350,intra_cell,150,rome:60:51-1-s193:p0,0,0.09757499138030111,,1572
13752,300,1283,True,rome,100,170.71067811865476,fine,17402,25,1350,intra_cell,150,rome:60:51-1-s193:p0,100,0.2097460062061832,,1572
13420,300,1322,True,rome,100,270.71067811865476,fine,17402,25,1350,intra_cell,150,rome:60:51-1-s193:p0,200,0.22882427307206069,,1572
12880,300,1288,True,rome,100,470.71067811865476,fine,17402,25,1350,intra_cell,150,rome:60:51-1-s193:p0,400,0.2598551890587289,,1572
,60,,False,rome,100,0.0,coarse,,25,1300,cell,100,rome:60:58-0-s2:p0,0,,no feasible adversarial claim under enabled constraints,676
101208,60,657,True,rome,100,100.0,coarse,105192,25,1300,cell,100,rome:60:58-0-s2:p0,100,0.0378736025553274,,676
99108,60,665,True,rome,100,200.0,coarse,105192,25,1300,cell,100,rome:60:58-0-s2:p0,200,0.05783709787816564,,676
97416,60,566,True,rome,100,400.0,coarse,105192,25,1300,cell,100,rome:60:58-0-s2:p0,400,0.07392197125256673,,676
103908,60,541,True,rome,100,70.71067811865476,coarse,105192,25,1350,intra_cell,150,rome:60:58-0-s2:p0,0,0.012206251425963951,,676
101016,60,500,True,rome,100,170.71067811865476,coarse,105192,25,1350,intra_cell,150,rome:60:58-0-s2:p0,100,0.03969883641341547,,676
98616,60,461,True,rome,100,270.71067811865476,coarse,105192,25,1350,intra_cell,150,rome:60:58-0-s2:p0,200,0.06251425963951632,,676
97416,60,510,True,rome,100,470.71067811865476,coarse,105192,25,1350,intra_cell,150,rome:60:58-0-s2:p0,400,0.07392197125256673,,676
,120,,False,rome,100,0.0,coarse,,25,1300,cell,100,rome:60:58-0-s2:p0,0,,no feasible adversarial claim under enabled constraints,676
6300,120,610,True,rome,100,100.0,coarse,8112,25,1300,cell,100,rome:60:58-0-s2:p0,100,0.22337278106508876,,676
5830,120,583,True,rome,100,200.0,coarse,8112,25,1300,cell,100,rome:60:58-0-s2:p0,200,0.28131163708086787,,676
5660,120,566,True,rome,100,400.0,coarse,8112,25,1300,cell,100,rome:60:58-0-s2:p0,400,0.3022682445759369,,676
6492,120,541,True,rome,100,70.71067811865476,coarse,8112,25,1350,intra_cell,150,rome:60:58-0-s2:p0,0,0.1997041420118343,,676
5000,120,500,True,rome,100,170.71067811865476,coarse,8112,25,1350,intra_cell,150,rome:60:58-0-s2:p0,100,0.38362919132149903,,676
4810,120,461,True,rome,100,270.71067811865476,coarse,8112,25,1350,intra_cell,150,rome:60:58-0-s2:p0,200,0.40705128205128205,,676
4610,120,461,True,rome,100,470.71067811865476,coarse,8112,25,1350,intra_cell,150,rome:60:58-0-s2:p0,400,0.4317061143984221,,676
,300,,False,rome,100,0.0,coarse,,25,1300,cell,100,rome:60:58-0-s2:p0,0,,no feasible adversarial claim under enabled constraints,676
6300,300,610,True,rome,100,100.0,coarse,8112,25,1300,cell,100,rome:60:58-0-s2:p0,100,0.22337278106508876,,676
5830,300,583,True,rome,100,200.0,coarse,8112,25,1300,cell,100,rome:60:58-0-s2:p0,200,0.28131163708086787,,676
5660,300,566,True,rome,100,400.0,coarse,8112,25,1300,cell,100,rome:60:58-0-s2:p0,400,0.3022682445759369,,676
6492,300,541,True,rome,100,70.71067811865476,coarse,8112,25,1350,intra_cell,150,rome:60:58-0-s2:p0,0,0.1997041420118343,,676
5000,300,500,True,rome,100,170.71067811865476,coarse,8112,25,1350,intra_cell,150,rome:60:58-0-s2:p0,100,0.38362919132149903,,676
4810,300,461,True,rome,100,270.71067811865476,coarse,8112,25,1350,intra_cell,150,rome:60:58-0-s2:p0,200,0.40705128205128205,,676
4610,300,461,True,rome,100,470.71067811865476,coarse,8112,25,1350,intra_cell,150,rome:60:58-0-s2:p0,400,0.4317061143984221,,676
,60,,False,rome,100,0.0,medium,,25,1300,cell,100,rome:60:58-0-s2:p0,0,,no feasible adversarial claim under enabled constraints,676
101208,60,657,True,rome,100,100.0,medium,105192,25,1300,cell,100,rome:60:58-0-s2:p0,100,0.0378736025553274,,676
99108,60,665,True,rome,100,200.0,medium,105192,25,1300,cell,100,rome:60:58-0-s2:p0,200,0.05783709787816564,,676
97416,60,566,True,rome,100,400.0,medium,105192,25,1300,cell,100,rome:60:58-0-s2:p0,400,0.07392197125256673,,676
103908,60,541,True,rome,100,70.71067811865476,medium,105192,25,1350,intra_cell,150,rome:60:58-0-s2:p0,0,0.012206251425963951,,676
101016,60,500,True,rome,100,170.71067811865476,medium,105192,25,1350,intra_cell,150,rome:60:58-0-s2:p0,100,0.03969883641341547,,676
98616,60,461,True,rome,100,270.71067811865476,medium,105192,25,1350,intra_cell,150,rome:60:58-0-s2:p0,200,0.06251425963951632,,676
97416,60,510,True,rome,100,470.71067811865476,medium,105192,25,1350,intra_cell,150,rome:60:58-0-s2:p0,400,0.07392197125256673,,676
,120,,False,rome,100,0.0,medium,,25,1300,cell,100,rome:60:58-0-s2:p0,0,,no feasible adversarial claim under enabled constraints,676
6300,120,610,True,rome,100,100.0,medium,8112,25,1300,cell,100,rome:60:58-0-s2:p0,100,0.22337278106508876,,676
5830,120,583,True,rome,100,200.0,medium,8112,25,1300,cell,100,rome:60:58-0-s2:p0,200,0.28131163708086787,,676
5610,120,561,True,rome,100,400.0,medium,8112,25,1300,cell,100,rome:60:58-0-s2:p0,400,0.3084319526627219,,676
6492,120,541,True,rome,100,70.71067811865476,medium,8112,25,1350,intra_cell,150,rome:60:58-0-s2:p0,0,0.1997041420118343,,676
5000,120,500,True,rome,100,170.71067811865476,medium,8112,25,1350,intra_cell,150,rome:60:58-0-s2:p0,100,0.38362919132149903,,676
4810,120,461,True,rome,100,270.71067811865476,medium,8112,25,1350,intra_cell,150,rome:60:58-0-s2:p0,200,0.40705128205128205,,676
4610,120,461,True,rome,100,470.71067811865476,medium,8112,25,1350,intra_cell,150,rome:60:58-0-s2:p0,400,0.4317061143984221,,676
,300,,False,rome,100,0.0,medium,,25,1300,cell,100,rome:60:58-0-s2:p0,0,,no feasible adversarial claim under enabled constraints,676
6300,300,610,True,rome,100,100.0,medium,8112,25,1300,cell,100,rome:60:58-0-s2:p0,100,0.22337278106508876,,676
5830,300,583,True,rome,100,200.0,medium,8112,25,1300,cell,100,rome:60:58-0-s2:p0,200,0.28131163708086787,,676
5610,300,561,True,rome,100,400.0,medium,8112,25,1300,cell,100,rome:60:58-0-s2:p0,400,0.3084319526627219,,676
6492,300,541,True,rome,100,70.71067811865476,medium,8112,25,1350,intra_cell,150,rome:60:58-0-s2:p0,0,0.1997041420118343,,676
5000,300,500,True,rome,100,170.71067811865476,medium,8112,25,1350,intra_cell,150,rome:60:58-0-s2:p0,100,0.38362919132149903,,676
4810,300,461,True,rome,100,270.71067811865476,medium,8112,25,1350,intra_cell,150,rome:60:58-0-s2:p0,200,0.40705128205128205,,676
4610,300,461,True,rome,100,470.71067811865476,medium,8112,25,1350,intra_cell,150,rome:60:58-0-s2:p0,400,0.4317061143984221,,676
,60,,False,rome,100,0.0,fine,,25,1300,cell,100,rome:60:58-0-s2:p0,0,,no feasible adversarial claim under enabled constraints,676
101208,60,657,True,rome,100,100.0,fine,105192,25,1300,cell,100,rome:60:58-0-s2:p0,100,0.0378736025553274,,676
99108,60,665,True,rome,100,200.0,fine,105192,25,1300,cell,100,rome:60:58-0-s2:p0,200,0.05783709787816564,,676
97416,60,566,True,rome,100,400.0,fine,105192,25,1300,cell,100,rome:60:58-0-s2:p0,400,0.07392197125256673,,676
103908,60,541,True,rome,100,70.71067811865476,fine,105192,25,1350,intra_cell,150,rome:60:58-0-s2:p0,0,0.012206251425963951,,676
101016,60,500,True,rome,100,170.71067811865476,fine,105192,25,1350,intra_cell,150,rome:60:58-0-s2:p0,100,0.03969883641341547,,676
98616,60,461,True,rome,100,270.71067811865476,fine,105192,25,1350,intra_cell,150,rome:60:58-0-s2:p0,200,0.06251425963951632,,676
97416,60,510,True,rome,100,470.71067811865476,fine,105192,25,1350,intra_cell,150,rome:60:58-0-s2:p0,400,0.07392197125256673,,676
,120,,False,rome,100,0.0,fine,,25,1300,cell,100,rome:60:58-0-s2:p0,0,,no feasible adversarial claim under enabled constraints,676
6300,120,610,True,rome,100,100.0,fine,8112,25,1300,cell,100,rome:60:58-0-s2:p0,100,0.22337278106508876,,676
5830,120,583,True,rome,100,200.0,fine,8112,25,1300,cell,100,rome:60:58-0-s2:p0,200,0.28131163708086787,,676
5610,120,561,True,rome,100,400.0,fine,8112,25,1300,cell,100,rome:60:58-0-s2:p0,400,0.3084319526627219,,676
6492,120,541,True,rome,100,70.71067811865476,fine,8112,25,1350,intra_cell,150,rome:60:58-0-s2:p0,0,0.1997041420118343,,676
5000,120,500,True,rome,100,170.71067811865476,fine,8112,25,1350,intra_cell,150,rome:60:58-0-s2:p0,100,0.38362919132149903,,676
4810,120,461,True,rome,100,270.71067811865476,fine,8112,25,1350,intra_cell,150,rome:60:58-0-s2:p0,200,0.40705128205128205,,676
4610,120,461,True,rome,100,470.71067811865476,fine,8112,25,1350,intra_cell,150,rome:60:58-0-s2:p0,400,0.4317061143984221,,676
,300,,False,rome,100,0.0,fine,,25,1300,cell,100,rome:60:58-0-s2:p0,0,,no feasible adversarial claim under enabled constraints,676
6300,300,610,True,rome,100,100.0,fine,8112,25,1300,cell,100,rome:60:58-0-s2:p0,100,0.22337278106508876,,676
5830,300,583,True,rome,100,200.0,fine,8112,25,1300,cell,100,rome:60:58-0-s2:p0,200,0.28131163708086787,,676
5610,300,561,True,rome,100,400.0,fine,8112,25,1300,cell,100,rome:60:58-0-s2:p0,400,0.3084319526627219,,676
6492,300,541,True,rome,100,70.71067811865476,fine,8112,25,1350,intra_cell,150,rome:60:58-0-s2:p0,0,0.1997041420118343,,676
5000,300,500,True,rome,100,170.71067811865476,fine,8112,25,1350,intra_cell,150,rome:60:58-0-s2:p0,100,0.38362919132149903,,676
4810,300,461,True,rome,100,270.71067811865476,fine,8112,25,1350,intra_cell,150,rome:60:58-0-s2:p0,200,0.40705128205128205,,676
4610,300,461,True,rome,100,470.71067811865476,fine,8112,25,1350,intra_cell,150,rome:60:58-0-s2:p0,400,0.4317061143984221,,676
206592,60,848,True,rome,100,0.0,coarse,206520,25,1300,cell,100,rome:60:66-0-s9:p0,0,0.0,,848
204900,60,707,True,rome,100,100.0,coarse,206520,25,1300,cell,100,rome:60:66-0-s9:p0,100,0.007844276583381755,,848
203196,60,847,True,rome,100,200.0,coarse,206520,25,1300,cell,100,rome:60:66-0-s9:p0,200,0.01609529343404997,,848
198108,60,765,True,rome,100,400.0,coarse,206520,25,1300,cell,100,rome:60:66-0-s9:p0,400,0.04073213248111563,,848
206592,60,848,True,rome,100,70.71067811865476,coarse,206520,25,1350,intra_cell,150,rome:60:66-0-s9:p0,0,0.0,,848
203196,60,765,True,rome,100,170.71067811865476,coarse,206520,25,1350,intra_cell,150,rome:60:66-0-s9:p0,100,0.01609529343404997,,848
201504,60,624,True,rome,100,270.71067811865476,coarse,206520,25,1350,intra_cell,150,rome:60:66-0-s9:p0,200,0.024288204532248694,,848
196416,60,632,True,rome,100,470.71067811865476,coarse,206520,25,1350,intra_cell,150,rome:60:66-0-s9:p0,400,0.048925043579314355,,848
10176,120,848,True,rome,100,0.0,coarse,10176,25,1300,cell,100,rome:60:66-0-s9:p0,0,0.0,,848
8484,120,707,True,rome,100,100.0,coarse,10176,25,1300,cell,100,rome:60:66-0-s9:p0,100,0.16627358490566038,,848
7992,120,666,True,rome,100,200.0,coarse,10176,25,1300,cell,100,rome:60:66-0-s9:p0,200,0.21462264150943397,,848
7728,120,644,True,rome,100,400.0,coarse,10176,25,1300,cell,100,rome:60:66-0-s9:p0,400,0.24056603773584906,,848
10176,120,848,True,rome,100,70.71067811865476,coarse,10176,25,1350,intra_cell,150,rome:60:66-0-s9:p0,0,0.0,,848
6792,120,566,True,rome,100,170.71067811865476,coarse,10176,25,1350,intra_cell,150,rome:60:66-0-s9:p0,100,0.33254716981132076,,848
6732,120,561,True,rome,100,270.71067811865476,coarse,10176,25,1350,intra_cell,150,rome:60:66-0-s9:p0,200,0.3384433962264151,,848
6010,120,561,True,rome,100,470.71067811865476,coarse,10176,25,1350,intra_cell,150,rome:60:66-0-s9:p0,400,0.4093946540880503,,848
10176,300,848,True,rome,100,0.0,coarse,10176,25,1300,cell,100,rome:60:66-0-s9:p0,0,0.0,,848
8484,300,707,True,rome,100,100.0,coarse,10176,25,1300,cell,100,rome:60:66-0-s9:p0,100,0.16627358490566038,,848
7992,300,666,True,rome,100,200.0,coarse,10176,25,1300,cell,100,rome:60:66-0-s9:p0,200,0.21462264150943397,,848
7728,300,644,True,rome,100,400.0,coarse,10176,25,1300,cell,100,rome:60:66-0-s9:p0,400,0.24056603773584906,,848
10176,300,848,True,rome,100,70.71067811865476,coarse,10176,25,1350,intra_cell,150,rome:60:66-0-s9:p0,0,0.0,,848
6792,300,566,True,rome,100,170.71067811865476,coarse,10176,25,1350,intra_cell,150,rome:60:66-0-s9:p0,100,0.33254716981132076,,848
6732,300,561,True,rome,100,270.71067811865476,coarse,10176,25,1350,intra_cell,150,rome:60:66-0-s9:p0,200,0.3384433962264151,,848
6010,300,561,True,rome,100,470.71067811865476,coarse,10176,25,1350,intra_cell,150,rome:60:66-0-s9:p0,400,0.4093946540880503,,848
206592,60,848,True,rome,100,0.0,medium,206520,25,1300,cell,100,rome:60:66-0-s9:p0,0,0.0,,848
204900,60,707,True,rome,100,100.0,medium,206520,25,1300,cell,100,rome:60:66-0-s9:p0,100,0.007844276583381755,,848
203196,60,847,True,rome,100,200.0,medium,206520,25,1300,cell,100,rome:60:66-0-s9:p0,200,0.01609529343404997,,848
198108,60,765,True,rome,100,400.0,medium,206520,25,1300,cell,100,rome:60:66-0-s9:p0,400,0.04073213248111563,,848
206592,60,848,True,rome,100,70.71067811865476,medium,206520,25,1350,intra_cell,150,rome:60:66-0-s9:p0,0,0.0,,848
203196,60,765,True,rome,100,170.71067811865476,medium,206520,25,1350,intra_cell,150,rome:60:66-0-s9:p0,100,0.01609529343404997,,848
201504,60,624,True,rome,100,270.71067811865476,medium,206520,25,1350,intra_cell,150,rome:60:66-0-s9:p0,200,0.024288204532248694,,848
196416,60,632,True,rome,100,470.71067811865476,medium,206520,25,1350,intra_cell,150,rome:60:66-0-s9:p0,400,0.048925043579314355,,848
10176,120,848,True,rome,100,0.0,medium,10176,25,1300,cell,100,rome:60:66-0-s9:p0,0,0.0,,848
8484,120,707,True,rome,100,100.0,medium,10176,25,1300,cell,100,rome:60:66-0-s9:p0,100,0.16627358490566038,,848
7992,120,666,True,rome,100,200.0,medium,10176,25,1300,cell,100,rome:60:66-0-s9:p0,200,0.21462264150943397,,848
7728,120,644,True,rome,100,400.0,medium,10176,25,1300,cell,100,rome:60:66-0-s9:p0,400,0.24056603773584906,,848
10176,120,848,True,rome,100,70.71067811865476,medium,10176,25,1350,intra_cell,150,rome:60:66-0-s9:p0,0,0.0,,848
6792,120,566,True,rome,100,170.71067811865476,medium,10176,25,1350,intra_cell,150,rome:60:66-0-s9:p0,100,0.33254716981132076,,848
6732,120,561,True,rome,100,270.71067811865476,medium,10176,25,1350,intra_cell,150,rome:60:66-0-s9:p0,200,0.3384433962264151,,848
6010,120,561,True,rome,100,470.71067811865476,medium,10176,25,1350,intra_cell,150,rome:60:66-0-s9:p0,400,0.4093946540880503,,848
10176,300,848,True,rome,100,0.0,medium,10176,25,1300,cell,100,rome:60:66-0-s9:p0,0,0.0,,848
8484,300,707,True,rome,100,100.0,medium,10176,25,1300,cell,100,rome:60:66-0-s9:p0,100,0.16627358490566038,,848
7992,300,666,True,rome,100,200.0,medium,10176,25,1300,cell,100,rome:60:66-0-s9:p0,200,0.21462264150943397,,848
7728,300,644,True,rome,100,400.0,medium,10176,25,1300,cell,100,rome:60:66-0-s9:p0,400,0.24056603773584906,,848
10176,300,848,True,rome,100,70.71067811865476,medium,10176,25,1350,intra_cell,150,rome:60:66-0-s9:p0,0,0.0,,848
6792,300,566,True,rome,100,170.71067811865476,medium,10176,25,1350,intra_cell,150,rome:60:66-0-s9:p0,100,0.33254716981132076,,848
6732,300,561,True,rome,100,270.71067811865476,medium,10176,25,1350,intra_cell,150,rome:60:66-0-s9:p0,200,0.3384433962264151,,848
6010,300,561,True,rome,100,470.71067811865476,medium,10176,25,1350,intra_cell,150,rome:60:66-0-s9:p0,400,0.4093946540880503,,848
206592,60,848,True,rome,100,0.0,fine,206520,25,1300,cell,100,rome:60:66-0-s9:p0,0,0.0,,848
204900,60,707,True,rome,100,100.0,fine,206520,25,1300,cell,100,rome:60:66-0-s9:p0,100,0.007844276583381755,,848
203196,60,847,True,rome,100,200.0,fine,206520,25,1300,cell,100,rome:60:66-0-s9:p0,200,0.01609529343404997,,848
198108,60,765,True,rome,100,400.0,fine,206520,25,1300,cell,100,rome:60:66-0-s9:p0,400,0.04073213248111563,,848
206592,60,848,True,rome,100,70.71067811865476,fine,206520,25,1350,intra_cell,150,rome:60:66-0-s9:p0,0,0.0,,848
203196,60,765,True,rome,100,170.71067811865476,fine,206520,25,1350,intra_cell,150,rome:60:66-0-s9:p0,100,0.01609529343404997,,848
201504,60,624,True,rome,100,270.71067811865476,fine,206520,25,1350,intra_cell,150,rome:60:66-0-s9:p0,200,0.024288204532248694,,848
196416,60,632,True,rome,100,470.71067811865476,fine,206520,25,1350,intra_cell,150,rome:60:66-0-s9:p0,400,0.048925043579314355,,848
10176,120,848,True,rome,100,0.0,fine,10176,25,1300,cell,100,rome:60:66-0-s9:p0,0,0.0,,848
8484,120,707,True,rome,100,100.0,fine,10176,25,1300,cell,100,rome:60:66-0-s9:p0,100,0.16627358490566038,,848
7992,120,666,True,rome,100,200.0,fine,10176,25,1300,cell,100,rome:60:66-0-s9:p0,200,0.21462264150943397,,848
7162,120,644,True,rome,100,400.0,fine,10176,25,1300,cell,100,rome:60:66-0-s9:p0,400,0.296187106918239,,848
10176,120,848,True,rome,100,70.71067811865476,fine,10176,25,1350,intra_cell,150,rome:60:66-0-s9:p0,0,0.0,,848
6792,120,566,True,rome,100,170.71067811865476,fine,10176,25,1350,intra_cell,150,rome:60:66-0-s9:p0,100,0.33254716981132076,,848
6732,120,561,True,rome,100,270.71067811865476,fine,10176,25,1350,intra_cell,150,rome:60:66-0-s9:p0,200,0.3384433962264151,,848
6010,120,561,True,rome,100,470.71067811865476,fine,10176,25,1350,intra_cell,150,rome:60:66-0-s9:p0,400,0.4093946540880503,,848
10176,300,848,True,rome,100,0.0,fine,10176,25,1300,cell,100,rome:60:66-0-s9:p0,0,0.0,,848
8484,300,707,True,rome,100,100.0,fine,10176,25,1300,cell,100,rome:60:66-0-s9:p0,100,0.16627358490566038,,848
7992,300,666,True,rome,100,200.0,fine,10176,25,1300,cell,100,rome:60:66-0-s9:p0,200,0.21462264150943397,,848
7162,300,644,True,rome,100,400.0,fine,10176,25,1300,cell,100,rome:60:66-0-s9:p0,400,0.296187106918239,,848
10176,300,848,True,rome,100,70.71067811865476,fine,10176,25,1350,intra_cell,150,rome:60:66-0-s9:p0,0,0.0,,848
6792,300,566,True,rome,100,170.71067811865476,fine,10176,25,1350,intra_cell,150,rome:60:66-0-s9:p0,100,0.33254716981132076,,848
6732,300,561,True,rome,100,270.71067811865476,fine,10176,25,1350,intra_cell,150,rome:60:66-0-s9:p0,200,0.3384433962264151,,848
6010,300,561,True,rome,100,470.71067811865476,fine,10176,25,1350,intra_cell,150,rome:60:66-0-s9:p0,400,0.4093946540880503,,848
,60,,False,rome,100,0.0,coarse,,25,1300,cell,100,rome:60:67-1-s1:p0,0,,no feasible adversarial claim under enabled constraints,648
239604,60,541,True,rome,100,100.0,coarse,244632,25,1300,cell,100,rome:60:67-1-s1:p0,100,0.020553320906504465,,648
237204,60,541,True,rome,100,200.0,coarse,244632,25,1300,cell,100,rome:60:67-1-s1:p0,200,0.030363975277150988,,648
237204,60,500,True,rome,100,400.0,coarse,244632,25,1300,cell,100,rome:60:67-1-s1:p0,400,0.030363975277150988,,648
242292,60,424,True,rome,100,70.71067811865476,coarse,244632,25,1350,intra_cell,150,rome:60:67-1-s1:p0,0,0.00956538801138036,,648
237204,60,400,True,rome,100,170.71067811865476,coarse,244632,25,1350,intra_cell,150,rome:60:67-1-s1:p0,100,0.030363975277150988,,648
237204,60,361,True,rome,100,270.71067811865476,coarse,244632,25,1350,intra_cell,150,rome:60:67-1-s1:p0,200,0.030363975277150988,,648
237204,60,400,True,rome,100,470.71067811865476,coarse,244632,25,1350,intra_cell,150,rome:60:67-1-s1:p0,400,0.030363975277150988,,648
,120,,False,rome,100,0.0,coarse,,25,1300,cell,100,rome:60:67-1-s1:p0,0,,no feasible adversarial claim under enabled constraints,648
5400,120,500,True,rome,100,100.0,coarse,7776,25,1300,cell,100,rome:60:67-1-s1:p0,100,0.3055555555555556,,648
4610,120,461,True,rome,100,200.0,coarse,7776,25,1300,cell,100,rome:60:67-1-s1:p0,200,0.4071502057613169,,648
4610,120,461,True,rome,100,400.0,coarse,7776,25,1300,cell,100,rome:60:67-1-s1:p0,400,0.4071502057613169,,648
5088,120,424,True,rome,100,70.71067811865476,coarse,7776,25,1350,intra_cell,150,rome:60:67-1-s1:p0,0,0.345679012345679,,648
3610,120,361,True,rome,100,170.71067811865476,coarse,7776,25,1350,intra_cell,150,rome:60:67-1-s1:p0,100,0.5357510288065843,,648
3610,120,361,True,rome,100,270.71067811865476,coarse,7776,25,1350,intra_cell,150,rome:60:67-1-s1:p0,200,0.5357510288065843,,648
3610,120,361,True,rome,100,470.71067811865476,coarse,7776,25,1350,intra_cell,150,rome:60:67-1-s1:p0,400,0.5357510288065843,,648
,300,,False,rome,100,0.0,coarse,,25,1300,cell,100,rome:60:67-1-s1:p0,0,,no feasible adversarial claim under enabled constraints,648
5400,300,500,True,rome,100,100.0,coarse,7776,25,1300,cell,100,rome:60:67-1-s1:p0,100,0.3055555555555556,,648
4610,300,461,True,rome,100,200.0,coarse,7776,25,1300,cell,100,rome:60:67-1-s1:p0,200,0.4071502057613169,,648
4610,300,461,True,rome,100,400.0,coarse,7776,25,1300,cell,100,rome:60:67-1-s1:p0,400,0.4071502057613169,,648
5088,300,424,True,rome,100,70.71067811865476,coarse,7776,25,1350,intra_cell,150,rome:60:67-1-s1:p0,0,0.345679012345679,,648
3610,300,361,True,rome,100,170.71067811865476,coarse,7776,25,1350,intra_cell,150,rome:60:67-1-s1:p0,100,0.5357510288065843,,648
3610,300,361,True,rome,100,270.71067811865476,coarse,7776,25,1350,intra_cell,150,rome:60:67-1-s1:p0,200,0.5357510288065843,,648
3610,300,361,True,rome,100,470.71067811865476,coarse,7776,25,1350,intra_cell,150,rome:60:67-1-s1:p0,400,0.5357510288065843,,648
,60,,False,rome,100,0.0,medium,,25,1300,cell,100,rome:60:67-1-s1:p0,0,,no feasible adversarial claim under enabled constraints,648
239604,60,541,True,rome,100,100.0,medium,244632,25,1300,cell,100,rome:60:67-1-s1:p0,100,0.020553320906504465,,648
237204,60,541,True,rome,100,200.0,medium,244632,25,1300,cell,100,rome:60:67-1-s1:p0,200,0.030363975277150988,,648
237204,60,500,True,rome,100,400.0,medium,244632,25,1300,cell,100,rome:60:67-1-s1:p0,400,0.030363975277150988,,648
242292,60,424,True,rome,100,70.71067811865476,medium,244632,25,1350,intra_cell,150,rome:60:67-1-s1:p0,0,0.00956538801138036,,648
237204,60,400,True,rome,100,170.71067811865476,medium,244632,25,1350,intra_cell,150,rome:60:67-1-s1:p0,100,0.030363975277150988,,648
237204,60,361,True,rome,100,270.71067811865476,medium,244632,25,1350,intra_cell,150,rome:60:67-1-s1:p0,200,0.030363975277150988,,648
237204,60,400,True,rome,100,470.71067811865476,medium,244632,25,1350,intra_cell,150,rome:60:67-1-s1:p0,400,0.030363975277150988,,648
,120,,False,rome,100,0.0,medium,,25,1300,cell,100,rome:60:67-1-s1:p0,0,,no feasible adversarial claim under enabled constraints,648
5400,120,500,True,rome,100,100.0,medium,7776,25,1300,cell,100,rome:60:67-1-s1:p0,100,0.3055555555555556,,648
4610,120,461,True,rome,100,200.0,medium,7776,25,1300,cell,100,rome:60:67-1-s1:p0,200,0.4071502057613169,,648
4610,120,461,True,rome,100,400.0,medium,7776,25,1300,cell,100,rome:60:67-1-s1:p0,400,0.4071502057613169,,648
5088,120,424,True,rome,100,70.71067811865476,medium,7776,25,1350,intra_cell,150,rome:60:67-1-s1:p0,0,0.345679012345679,,648
3610,120,361,True,rome,100,170.71067811865476,medium,7776,25,1350,intra_cell,150,rome:60:67-1-s1:p0,100,0.5357510288065843,,648
3610,120,361,True,rome,100,270.71067811865476,medium,7776,25,1350,intra_cell,150,rome:60:67-1-s1:p0,200,0.5357510288065843,,648
3610,120,361,True,rome,100,470.71067811865476,medium,7776,25,1350,intra_cell,150,rome:60:67-1-s1:p0,400,0.5357510288065843,,648
,300,,False,rome,100,0.0,medium,,25,1300,cell,100,rome:60:67-1-s1:p0,0,,no feasible adversarial claim under enabled constraints,648
5400,300,500,True,rome,100,100.0,medium,7776,25,1300,cell,100,rome:60:67-1-s1:p0,100,0.3055555555555556,,648
4610,300,461,True,rome,100,200.0,medium,7776,25,1300,cell,100,rome:60:67-1-s1:p0,200,0.4071502057613169,,648
4610,300,461,True,rome,100,400.0,medium,7776,25,1300,cell,100,rome:60:67-1-s1:p0,400,0.4071502057613169,,648
5088,300,424,True,rome,100,70.71067811865476,medium,7776,25,1350,intra_cell,150,rome:60:67-1-s1:p0,0,0.345679012345679,,648
3610,300,361,True,rome,100,170.71067811865476,medium,7776,25,1350,intra_cell,150,rome:60:67-1-s1:p0,100,0.5357510288065843,,648
3610,300,361,True,rome,100,270.71067811865476,medium,7776,25,1350,intra_cell,150,rome:60:67-1-s1:p0,200,0.5357510288065843,,648
3610,300,361,True,rome,100,470.71067811865476,medium,7776,25,1350,intra_cell,150,rome:60:67-1-s1:p0,400,0.5357510288065843,,648
,60,,False,rome,100,0.0,fine,,25,1300,cell,100,rome:60:67-1-s1:p0,0,,no feasible adversarial claim under enabled constraints,648
239604,60,541,True,rome,100,100.0,fine,244632,25,1300,cell,100,rome:60:67-1-s1:p0,100,0.020553320906504465,,648
237204,60,541,True,rome,100,200.0,fine,244632,25,1300,cell,100,rome:60:67-1-s1:p0,200,0.030363975277150988,,648
237204,60,500,True,rome,100,400.0,fine,244632,25,1300,cell,100,rome:60:67-1-s1:p0,400,0.030363975277150988,,648
242292,60,424,True,rome,100,70.71067811865476,fine,244632,25,1350,intra_cell,150,rome:60:67-1-s1:p0,0,0.00956538801138036,,648
237204,60,400,True,rome,100,170.71067811865476,fine,244632,25,1350,intra_cell,150,rome:60:67-1-s1:p0,100,0.030363975277150988,,648
237204,60,361,True,rome,100,270.71067811865476,fine,244632,25,1350,intra_cell,150,rome:60:67-1-s1:p0,200,0.030363975277150988,,648
237204,60,400,True,rome,100,470.71067811865476,fine,244632,25,1350,intra_cell,150,rome:60:67-1-s1:p0,400,0.030363975277150988,,648
,120,,False,rome,100,0.0,fine,,25,1300,cell,100,rome:60:67-1-s1:p0,0,,no feasible adversarial claim under enabled constraints,648
5400,120,500,True,rome,100,100.0,fine,7776,25,1300,cell,100,rome:60:67-1-s1:p0,100,0.3055555555555556,,648
4610,120,461,True,rome,100,200.0,fine,7776,25,1300,cell,100,rome:60:67-1-s1:p0,200,0.4071502057613169,,648
4610,120,461,True,rome,100,400.0,fine,7776,25,1300,cell,100,rome:60:67-1-s1:p0,400,0.4071502057613169,,648
5088,120,424,True,rome,100,70.71067811865476,fine,7776,25,1350,intra_cell,150,rome:60:67-1-s1:p0,0,0.345679012345679,,648
4200,120,400,True,rome,100,170.71067811865476,fine,7776,25,1350,intra_cell,150,rome:60:67-1-s1:p0,100,0.45987654320987653,,648
3610,120,361,True,rome,100,270.71067811865476,fine,7776,25,1350,intra_cell,150,rome:60:67-1-s1:p0,200,0.5357510288065843,,648
3610,120,361,True,rome,100,470.71067811865476,fine,7776,25,1350,intra_cell,150,rome:60:67-1-s1:p0,400,0.5357510288065843,,648
,300,,False,rome,100,0.0,fine,,25,1300,cell,100,rome:60:67-1-s1:p0,0,,no feasible adversarial claim under enabled constraints,648
5400,300,500,True,rome,100,100.0,fine,7776,25,1300,cell,100,rome:60:67-1-s1:p0,100,0.3055555555555556,,648
4610,300,461,True,rome,100,200.0,fine,7776,25,1300,cell,100,rome:60:67-1-s1:p0,200,0.4071502057613169,,648
4610,300,461,True,rome,100,400.0,fine,7776,25,1300,cell,100,rome:60:67-1-s1:p0,400,0.4071502057613169,,648
5088,300,424,True,rome,100,70.71067811865476,fine,7776,25,1350,intra_cell,150,rome:60:67-1-s1:p0,0,0.345679012345679,,648
4200,300,400,True,rome,100,170.71067811865476,fine,7776,25,1350,intra_cell,150,rome:60:67-1-s1:p0,100,0.45987654320987653,,648
3610,300,361,True,rome,100,270.71067811865476,fine,7776,25,1350,intra_cell,150,rome:60:67-1-s1:p0,200,0.5357510288065843,,648
3610,300,361,True,rome,100,470.71067811865476,fine,7776,25,1350,intra_cell,150,rome:60:67-1-s1:p0,400,0.5357510288065843,,648
,60,,False,rome,100,0.0,coarse,,25,1300,cell,100,rome:60:70-0-s118:p0,0,,no feasible adversarial claim under enabled constraints,557
147312,60,541,True,rome,100,100.0,coarse,152212,25,1300,cell,100,rome:60:70-0-s118:p0,100,0.0321919428165979,,557
147312,60,524,True,rome,100,200.0,coarse,152212,25,1300,cell,100,rome:60:70-0-s118:p0,200,0.0321919428165979,,557
147312,60,565,True,rome,100,400.0,coarse,152212,25,1300,cell,100,rome:60:70-0-s118:p0,400,0.0321919428165979,,557
,60,,False,rome,100,70.71067811865476,coarse,,25,1350,intra_cell,150,rome:60:70-0-s118:p0,0,,no feasible adversarial claim under enabled constraints,557
147312,60,400,True,rome,100,170.71067811865476,coarse,152212,25,1350,intra_cell,150,rome:60:70-0-s118:p0,100,0.0321919428165979,,557
147312,60,383,True,rome,100,270.71067811865476,coarse,152212,25,1350,intra_cell,150,rome:60:70-0-s118:p0,200,0.0321919428165979,,557
147312,60,383,True,rome,100,470.71067811865476,coarse,152212,25,1350,intra_cell,150,rome:60:70-0-s118:p0,400,0.0321919428165979,,557
,120,,False,rome,100,0.0,coarse,,25,1300,cell,100,rome:60:70-0-s118:p0,0,,no feasible adversarial claim under enabled constraints,557
4830,120,483,True,rome,100,100.0,coarse,5570,25,1300,cell,100,rome:60:70-0-s118:p0,100,0.13285457809694792,,557
4610,120,461,True,rome,100,200.0,coarse,5570,25,1300,cell,100,rome:60:70-0-s118:p0,200,0.17235188509874327,,557
4610,120,461,True,rome,100,400.0,coarse,5570,25,1300,cell,100,rome:60:70-0-s118:p0,400,0.17235188509874327,,557
,120,,False,rome,100,70.71067811865476,coarse,,25,1350,intra_cell,150,rome:60:70-0-s118:p0,0,,no feasible adversarial claim under enabled constraints,557
3610,120,361,True,rome,100,170.71067811865476,coarse,5570,25,1350,intra_cell,150,rome:60:70-0-s118:p0,100,0.3518850987432675,,557
3610,120,361,True,rome,100,270.71067811865476,coarse,5570,25,1350,intra_cell,150,rome:60:70-0-s118:p0,200,0.3518850987432675,,557
3610,120,361,True,rome,100,470.71067811865476,coarse,5570,25,1350,intra_cell,150,rome:60:70-0-s118:p0,400,0.3518850987432675,,557
,300,,False,rome,100,0.0,coarse,,25,1300,cell,100,rome:60:70-0-s118:p0,0,,no feasible adversarial claim under enabled constraints,557
4830,300,483,True,rome,100,100.0,coarse,5570,25,1300,cell,100,rome:60:70-0-s118:p0,100,0.13285457809694792,,557
4610,300,461,True,rome,100,200.0,coarse,5570,25,1300,cell,100,rome:60:70-0-s118:p0,200,0.17235188509874327,,557
4610,300,461,True,rome,100,400.0,coarse,5570,25,1300,cell,100,rome:60:70-0-s118:p0,400,0.17235188509874327,,557
,300,,False,rome,100,70.71067811865476,coarse,,25,1350,intra_cell,150,rome:60:70-0-s118:p0,0,,no feasible adversarial claim under enabled constraints,557
3610,300,361,True,rome,100,170.71067811865476,coarse,5570,25,1350,intra_cell,150,rome:60:70-0-s118:p0,100,0.3518850987432675,,557
3610,300,361,True,rome,100,270.71067811865476,coarse,5570,25,1350,intra_cell,150,rome:60:70-0-s118:p0,200,0.3518850987432675,,557
3610,300,361,True,rome,100,470.71067811865476,coarse,5570,25,1350,intra_cell,150,rome:60:70-0-s118:p0,400,0.3518850987432675,,557
,60,,False,rome,100,0.0,medium,,25,1300,cell,100,rome:60:70-0-s118:p0,0,,no feasible adversarial claim under enabled constraints,557
147312,60,541,True,rome,100,100.0,medium,152212,25,1300,cell,100,rome:60:70-0-s118:p0,100,0.0321919428165979,,557
147312,60,524,True,rome,100,200.0,medium,152212,25,1300,cell,100,rome:60:70-0-s118:p0,200,0.0321919428165979,,557
147312,60,565,True,rome,100,400.0,medium,152212,25,1300,cell,100,rome:60:70-0-s118:p0,400,0.0321919428165979,,557
,60,,False,rome,100,70.71067811865476,medium,,25,1350,intra_cell,150,rome:60:70-0-s118:p0,0,,no feasible adversarial claim under enabled constraints,557
147312,60,400,True,rome,100,170.71067811865476,medium,152212,25,1350,intra_cell,150,rome:60:70-0-s118:p0,100,0.0321919428165979,,557
147312,60,383,True,rome,100,270.71067811865476,medium,152212,25,1350,intra_cell,150,rome:60:70-0-s118:p0,200,0.0321919428165979,,557
147312,60,383,True,rome,100,470.71067811865476,medium,152212,25,1350,intra_cell,150,rome:60:70-0-s118:p0,400,0.0321919428165979,,557
,120,,False,rome,100,0.0,medium,,25,1300,cell,100,rome:60:70-0-s118:p0,0,,no feasible adversarial claim under enabled constraints,557
4830,120,483,True,rome,100,100.0,medium,5570,25,1300,cell,100,rome:60:70-0-s118:p0,100,0.13285457809694792,,557
4610,120,461,True,rome,100,200.0,medium,5570,25,1300,cell,100,rome:60:70-0-s118:p0,200,0.17235188509874327,,557
4610,120,461,True,rome,100,400.0,medium,5570,25,1300,cell,100,rome:60:70-0-s118:p0,400,0.17235188509874327,,557
,120,,False,rome,100,70.71067811865476,medium,,25,1350,intra_cell,150,rome:60:70-0-s118:p0,0,,no feasible adversarial claim under enabled constraints,557
3610,120,361,True,rome,100,170.71067811865476,medium,5570,25,1350,intra_cell,150,rome:60:70-0-s118:p0,100,0.3518850987432675,,557
3610,120,361,True,rome,100,270.71067811865476,medium,5570,25,1350,intra_cell,150,rome:60:70-0-s118:p0,200,0.3518850987432675,,557
3610,120,361,True,rome,100,470.71067811865476,medium,5570,25,1350,intra_cell,150,rome:60:70-0-s118:p0,400,0.3518850987432675,,557
,300,,False,rome,100,0.0,medium,,25,1300,cell,100,rome:60:70-0-s118:p0,0,,no feasible adversarial claim under enabled constraints,557
4830,300,483,True,rome,100,100.0,medium,5570,25,1300,cell,100,rome:60:70-0-s118:p0,100,0.13285457809694792,,557
4610,300,461,True,rome,100,200.0,medium,5570,25,1300,cell,100,rome:60:70-0-s118:p0,200,0.17235188509874327,,557
4610,300,461,True,rome,100,400.0,medium,5570,25,1300,cell,100,rome:60:70-0-s118:p0,400,0.17235188509874327,,557
,300,,False,rome,100,70.71067811865476,medium,,25,1350,intra_cell,150,rome:60:70-0-s118:p0,0,,no feasible adversarial claim under enabled constraints,557
3610,300,361,True,rome,100,170.71067811865476,medium,5570,25,1350,intra_cell,150,rome:60:70-0-s118:p0,100,0.3518850987432675,,557
3610,300,361,True,rome,100,270.71067811865476,medium,5570,25,1350,intra_cell,150,rome:60:70-0-s118:p0,200,0.3518850987432675,,557
3610,300,361,True,rome,100,470.71067811865476,medium,5570,25,1350,intra_cell,150,rome:60:70-0-s118:p0,400,0.3518850987432675,,557
,60,,False,rome,100,0.0,fine,,25,1300,cell,100,rome:60:70-0-s118:p0,0,,no feasible adversarial claim under enabled constraints,557
147312,60,541,True,rome,100,100.0,fine,152212,25,1300,cell,100,rome:60:70-0-s118:p0,100,0.0321919428165979,,557
147312,60,524,True,rome,100,200.0,fine,152212,25,1300,cell,100,rome:60:70-0-s118:p0,200,0.0321919428165979,,557
147312,60,565,True,rome,100,400.0,fine,152212,25,1300,cell,100,rome:60:70-0-s118:p0,400,0.0321919428165979,,557
,60,,False,rome,100,70.71067811865476,fine,,25,1350,intra_cell,150,rome:60:70-0-s118:p0,0,,no feasible adversarial claim under enabled constraints,557
147312,60,400,True,rome,100,170.71067811865476,fine,152212,25,1350,intra_cell,150,rome:60:70-0-s118:p0,100,0.0321919428165979,,557
147312,60,383,True,rome,100,270.71067811865476,fine,152212,25,1350,intra_cell,150,rome:60:70-0-s118:p0,200,0.0321919428165979,,557
147312,60,383,True,rome,100,470.71067811865476,fine,152212,25,1350,intra_cell,150,rome:60:70-0-s118:p0,400,0.0321919428165979,,557
,120,,False,rome,100,0.0,fine,,25,1300,cell,100,rome:60:70-0-s118:p0,0,,no feasible adversarial claim under enabled constraints,557
4830,120,483,True,rome,100,100.0,fine,5570,25,1300,cell,100,rome:60:70-0-s118:p0,100,0.13285457809694792,,557
4610,120,461,True,rome,100,200.0,fine,5570,25,1300,cell,100,rome:60:70-0-s118:p0,200,0.17235188509874327,,557
4610,120,461,True,rome,100,400.0,fine,5570,25,1300,cell,100,rome:60:70-0-s118:p0,400,0.17235188509874327,,557
,120,,False,rome,100,70.71067811865476,fine,,25,1350,intra_cell,150,rome:60:70-0-s118:p0,0,,no feasible adversarial claim under enabled constraints,557
3610,120,361,True,rome,100,170.71067811865476,fine,5570,25,1350,intra_cell,150,rome:60:70-0-s118:p0,100,0.3518850987432675,,557
3610,120,361,True,rome,100,270.71067811865476,fine,5570,25,1350,intra_cell,150,rome:60:70-0-s118:p0,200,0.3518850987432675,,557
3610,120,361,True,rome,100,470.71067811865476,fine,5570,25,1350,intra_cell,150,rome:60:70-0-s118:p0,400,0.3518850987432675,,557
,300,,False,rome,100,0.0,fine,,25,1300,cell,100,rome:60:70-0-s118:p0,0,,no feasible adversarial claim under enabled constraints,557
4830,300,483,True,rome,100,100.0,fine,5570,25,1300,cell,100,rome:60:70-0-s118:p0,100,0.13285457809694792,,557
4610,300,461,True,rome,100,200.0,fine,5570,25,1300,cell,100,rome:60:70-0-s118:p0,200,0.17235188509874327,,557
4610,300,461,True,rome,100,400.0,fine,5570,25,1300,cell,100,rome:60:70-0-s118:p0,400,0.17235188509874327,,557
,300,,False,rome,100,70.71067811865476,fine,,25,1350,intra_cell,150,rome:60:70-0-s118:p0,0,,no feasible adversarial claim under enabled constraints,557
3610,300,361,True,rome,100,170.71067811865476,fine,5570,25,1350,intra_cell,150,rome:60:70-0-s118:p0,100,0.3518850987432675,,557
3610,300,361,True,rome,100,270.71067811865476,fine,5570,25,1350,intra_cell,150,rome:60:70-0-s118:p0,200,0.3518850987432675,,557
3610,300,361,True,rome,100,470.71067811865476,fine,5570,25,1350,intra_cell,150,rome:60:70-0-s118:p0,400,0.3518850987432675,,557
,60,,False,rome,100,0.0,coarse,,25,1300,cell,100,rome:60:70-0-s141:p0,0,,no feasible adversarial claim under enabled constraints,1762
132200,60,1767,True,rome,100,100.0,coarse,139172,25,1300,cell,100,rome:60:70-0-s141:p0,100,0.0500962837352341,,1762
128968,60,1706,True,rome,100,200.0,coarse,139172,25,1300,cell,100,rome:60:70-0-s141:p0,200,0.07331934584542868,,1762
123468,60,1774,True,rome,100,400.0,coarse,139172,25,1300,cell,100,rome:60:70-0-s141:p0,400,0.11283878941166327,,1762
,60,,False,rome,100,70.71067811865476,coarse,,25,1350,intra_cell,150,rome:60:70-0-s141:p0,0,,no feasible adversarial claim under enabled constraints,1762
130832,60,1687,True,rome,100,170.71067811865476,coarse,139172,25,1350,intra_cell,150,rome:60:70-0-s141:p0,100,0.059925847153162994,,1762
127972,60,1617,True,rome,100,270.71067811865476,coarse,139172,25,1350,intra_cell,150,rome:60:70-0-s141:p0,200,0.08047595780760498,,1762
123180,60,1532,True,rome,100,470.71067811865476,coarse,139172,25,1350,intra_cell,150,rome:60:70-0-s141:p0,400,0.11490817118385882,,1762
,120,,False,rome,100,0.0,coarse,,25,1300,cell,100,rome:60:70-0-s141:p0,0,,no feasible adversarial claim under enabled constraints,1762
17954,120,1610,True,rome,100,100.0,coarse,20102,25,1300,cell,100,rome:60:70-0-s141:p0,100,0.10685503929957219,,1762
16998,120,1571,True,rome,100,200.0,coarse,20102,25,1300,cell,100,rome:60:70-0-s141:p0,200,0.15441249626902795,,1762
16162,120,1544,True,rome,100,400.0,coarse,20102,25,1300,cell,100,rome:60:70-0-s141:p0,400,0.1960003979703512,,1762
,120,,False,rome,100,70.71067811865476,coarse,,25,1350,intra_cell,150,rome:60:70-0-s141:p0,0,,no feasible adversarial claim under enabled constraints,1762
16474,120,1483,True,rome,100,170.71067811865476,coarse,20102,25,1350,intra_cell,150,rome:60:70-0-s141:p0,100,0.18047955427320664,,1762
15884,120,1444,True,rome,100,270.71067811865476,coarse,20102,25,1350,intra_cell,150,rome:60:70-0-s141:p0,200,0.20982986767485823,,1762
15162,120,1444,True,rome,100,470.71067811865476,coarse,20102,25,1350,intra_cell,150,rome:60:70-0-s141:p0,400,0.24574669187145556,,1762
,300,,False,rome,100,0.0,coarse,,25,1300,cell,100,rome:60:70-0-s141:p0,0,,no feasible adversarial claim under enabled constraints,1762
17954,300,1610,True,rome,100,100.0,coarse,20102,25,1300,cell,100,rome:60:70-0-s141:p0,100,0.10685503929957219,,1762
16998,300,1571,True,rome,100,200.0,coarse,20102,25,1300,cell,100,rome:60:70-0-s141:p0,200,0.15441249626902795,,1762
16162,300,1544,True,rome,100,400.0,coarse,20102,25,1300,cell,100,rome:60:70-0-s141:p0,400,0.1960003979703512,,1762
,300,,False,rome,100,70.71067811865476,coarse,,25,1350,intra_cell,150,rome:60:70-0-s141:p0,0,,no feasible adversarial claim under enabled constraints,1762
16474,300,1483,True,rome,100,170.71067811865476,coarse,20102,25,1350,intra_cell,150,rome:60:70-0-s141:p0,100,0.18047955427320664,,1762
15884,300,1444,True,rome,100,270.71067811865476,coarse,20102,25,1350,intra_cell,150,rome:60:70-0-s141:p0,200,0.20982986767485823,,1762
15162,300,1444,True,rome,100,470.71067811865476,coarse,20102,25,1350,intra_cell,150,rome:60:70-0-s141:p0,400,0.24574669187145556,,1762
,60,,False,rome,100,0.0,medium,,25,1300,cell,100,rome:60:70-0-s141:p0,0,,no feasible adversarial claim under enabled constraints,1762
132200,60,1767,True,rome,100,100.0,medium,139172,25,1300,cell,100,rome:60:70-0-s141:p0,100,0.0500962837352341,,1762
128968,60,1706,True,rome,100,200.0,medium,139172,25,1300,cell,100,rome:60:70-0-s141:p0,200,0.07331934584542868,,1762
123468,60,1774,True,rome,100,400.0,medium,139172,25,1300,cell,100,rome:60:70-0-s141:p0,400,0.11283878941166327,,1762
,60,,False,rome,100,70.71067811865476,medium,,25,1350,intra_cell,150,rome:60:70-0-s141:p0,0,,no feasible adversarial claim under enabled constraints,1762
130832,60,1687,True,rome,100,170.71067811865476,medium,139172,25,1350,intra_cell,150,rome:60:70-0-s141:p0,100,0.059925847153162994,,1762
127972,60,1617,True,rome,100,270.71067811865476,medium,139172,25,1350,intra_cell,150,rome:60:70-0-s141:p0,200,0.08047595780760498,,1762
123180,60,1532,True,rome,100,470.71067811865476,medium,139172,25,1350,intra_cell,150,rome:60:70-0-s141:p0,400,0.11490817118385882,,1762
,120,,False,rome,100,0.0,medium,,25,1300,cell,100,rome:60:70-0-s141:p0,0,,no feasible adversarial claim under enabled constraints,1762
17954,120,1610,True,rome,100,100.0,medium,20102,25,1300,cell,100,rome:60:70-0-s141:p0,100,0.10685503929957219,,1762
16984,120,1544,True,rome,100,200.0,medium,20102,25,1300,cell,100,rome:60:70-0-s141:p0,200,0.15510894438364342,,1762
16162,120,1544,True,rome,100,400.0,medium,20102,25,1300,cell,100,rome:60:70-0-s141:p0,400,0.1960003979703512,,1762
,120,,False,rome,100,70.71067811865476,medium,,25,1350,intra_cell,150,rome:60:70-0-s141:p0,0,,no feasible adversarial claim under enabled constraints,1762
16474,120,1483,True,rome,100,170.71067811865476,medium,20102,25,1350,intra_cell,150,rome:60:70-0-s141:p0,100,0.18047955427320664,,1762
15884,120,1444,True,rome,100,270.71067811865476,medium,20102,25,1350,intra_cell,150,rome:60:70-0-s141:p0,200,0.20982986767485823,,1762
15162,120,1444,True,rome,100,470.71067811865476,medium,20102,25,1350,intra_cell,150,rome:60:70-0-s141:p0,400,0.24574669187145556,,1762
,300,,False,rome,100,0.0,medium,,25,1300,cell,100,rome:60:70-0-s141:p0,0,,no feasible adversarial claim under enabled constraints,1762
17954,300,1610,True,rome,100,100.0,medium,20102,25,1300,cell,100,rome:60:70-0-s141:p0,100,0.10685503929957219,,1762
16984,300,1544,True,rome,100,200.0,medium,20102,25,1300,cell,100,rome:60:70-0-s141:p0,200,0.15510894438364342,,1762
16162,300,1544,True,rome,100,400.0,medium,20102,25,1300,cell,100,rome:60:70-0-s141:p0,400,0.1960003979703512,,1762
,300,,False,rome,100,70.71067811865476,medium,,25,1350,intra_cell,150,rome:60:70-0-s141:p0,0,,no feasible adversarial claim under enabled constraints,1762
16474,300,1483,True,rome,100,170.71067811865476,medium,20102,25,1350,intra_cell,150,rome:60:70-0-s141:p0,100,0.18047955427320664,,1762
15884,300,1444,True,rome,100,270.71067811865476,medium,20102,25,1350,intra_cell,150,rome:60:70-0-s141:p0,200,0.20982986767485823,,1762
15162,300,1444,True,rome,100,470.71067811865476,medium,20102,25,1350,intra_cell,150,rome:60:70-0-s141:p0,400,0.24574669187145556,,1762
,60,,False,rome,100,0.0,fine,,25,1300,cell,100,rome:60:70-0-s141:p0,0,,no feasible adversarial claim under enabled constraints,1762
132222,60,1883,True,rome,100,100.0,fine,139172,25,1300,cell,100,rome:60:70-0-s141:p0,100,0.04993820596096916,,1762
129120,60,1702,True,rome,100,200.0,fine,139172,25,1300,cell,100,rome:60:70-0-s141:p0,200,0.07222717213232546,,1762
123468,60,1774,True,rome,100,400.0,fine,139172,25,1300,cell,100,rome:60:70-0-s141:p0,400,0.11283878941166327,,1762
,60,,False,rome,100,70.71067811865476,fine,,25,1350,intra_cell,150,rome:60:70-0-s141:p0,0,,no feasible adversarial claim under enabled constraints,1762
130832,60,1687,True,rome,100,170.71067811865476,fine,139172,25,1350,intra_cell,150,rome:60:70-0-s141:p0,100,0.059925847153162994,,1762
127972,60,1617,True,rome,100,270.71067811865476,fine,139172,25,1350,intra_cell,150,rome:60:70-0-s141:p0,200,0.08047595780760498,,1762
123180,60,1532,True,rome,100,470.71067811865476,fine,139172,25,1350,intra_cell,150,rome:60:70-0-s141:p0,400,0.11490817118385882,,1762
,120,,False,rome,100,0.0,fine,,25,1300,cell,100,rome:60:70-0-s141:p0,0,,no feasible adversarial claim under enabled constraints,1762
17954,120,1610,True,rome,100,100.0,fine,20102,25,1300,cell,100,rome:60:70-0-s141:p0,100,0.10685503929957219,,1762
17148,120,1566,True,rome,100,200.0,fine,20102,25,1300,cell,100,rome:60:70-0-s141:p0,200,0.1469505521838623,,1762
16162,120,1544,True,rome,100,400.0,fine,20102,25,1300,cell,100,rome:60:70-0-s141:p0,400,0.1960003979703512,,1762
,120,,False,rome,100,70.71067811865476,fine,,25,1350,intra_cell,150,rome:60:70-0-s141:p0,0,,no feasible adversarial claim under enabled constraints,1762
16474,120,1483,True,rome,100,170.71067811865476,fine,20102,25,1350,intra_cell,150,rome:60:70-0-s141:p0,100,0.18047955427320664,,1762
15884,120,1444,True,rome,100,270.71067811865476,fine,20102,25,1350,intra_cell,150,rome:60:70-0-s141:p0,200,0.20982986767485823,,1762
15162,120,1444,True,rome,100,470.71067811865476,fine,20102,25,1350,intra_cell,150,rome:60:70-0-s141:p0,400,0.24574669187145556,,1762
,300,,False,rome,100,0.0,fine,,25,1300,cell,100,rome:60:70-0-s141:p0,0,,no feasible adversarial claim under enabled constraints,1762
17954,300,1610,True,rome,100,100.0,fine,20102,25,1300,cell,100,rome:60:70-0-s141:p0,100,0.10685503929957219,,1762
17148,300,1566,True,rome,100,200.0,fine,20102,25,1300,cell,100,rome:60:70-0-s141:p0,200,0.1469505521838623,,1762
16162,300,1544,True,rome,100,400.0,fine,20102,25,1300,cell,100,rome:60:70-0-s141:p0,400,0.1960003979703512,,1762
,300,,False,rome,100,70.71067811865476,fine,,25,1350,intra_cell,150,rome:60:70-0-s141:p0,0,,no feasible adversarial claim under enabled constraints,1762
16474,300,1483,True,rome,100,170.71067811865476,fine,20102,25,1350,intra_cell,150,rome:60:70-0-s141:p0,100,0.18047955427320664,,1762
15884,300,1444,True,rome,100,270.71067811865476,fine,20102,25,1350,intra_cell,150,rome:60:70-0-s141:p0,200,0.20982986767485823,,1762
15162,300,1444,True,rome,100,470.71067811865476,fine,20102,25,1350,intra_cell,150,rome:60:70-0-s141:p0,400,0.24574669187145556,,1762
,60,,False,rome,100,0.0,coarse,,25,1300,cell,100,rome:60:83-0-s59:p0,0,,no feasible adversarial claim under enabled constraints,562
169488,60,500,True,rome,100,100.0,coarse,173028,25,1300,cell,100,rome:60:83-0-s59:p0,100,0.020459116443581386,,562
169488,60,500,True,rome,100,200.0,coarse,173028,25,1300,cell,100,rome:60:83-0-s59:p0,200,0.020459116443581386,,562
169488,60,500,True,rome,100,400.0,coarse,173028,25,1300,cell,100,rome:60:83-0-s59:p0,400,0.020459116443581386,,562
170688,60,441,True,rome,100,70.71067811865476,coarse,173028,25,1350,intra_cell,150,rome:60:83-0-s59:p0,0,0.013523822733892781,,562
169488,60,441,True,rome,100,170.71067811865476,coarse,173028,25,1350,intra_cell,150,rome:60:83-0-s59:p0,100,0.020459116443581386,,562
169488,60,400,True,rome,100,270.71067811865476,coarse,173028,25,1350,intra_cell,150,rome:60:83-0-s59:p0,200,0.020459116443581386,,562
169488,60,400,True,rome,100,470.71067811865476,coarse,173028,25,1350,intra_cell,150,rome:60:83-0-s59:p0,400,0.020459116443581386,,562
,120,,False,rome,100,0.0,coarse,,25,1300,cell,100,rome:60:83-0-s59:p0,0,,no feasible adversarial claim under enabled constraints,562
5796,120,483,True,rome,100,100.0,coarse,6744,25,1300,cell,100,rome:60:83-0-s59:p0,100,0.14056939501779359,,562
5532,120,461,True,rome,100,200.0,coarse,6744,25,1300,cell,100,rome:60:83-0-s59:p0,200,0.1797153024911032,,562
5532,120,461,True,rome,100,400.0,coarse,6744,25,1300,cell,100,rome:60:83-0-s59:p0,400,0.1797153024911032,,562
5292,120,441,True,rome,100,70.71067811865476,coarse,6744,25,1350,intra_cell,150,rome:60:83-0-s59:p0,0,0.21530249110320285,,562
4332,120,361,True,rome,100,170.71067811865476,coarse,6744,25,1350,intra_cell,150,rome:60:83-0-s59:p0,100,0.35765124555160144,,562
4332,120,361,True,rome,100,270.71067811865476,coarse,6744,25,1350,intra_cell,150,rome:60:83-0-s59:p0,200,0.35765124555160144,,562
4332,120,361,True,rome,100,470.71067811865476,coarse,6744,25,1350,intra_cell,150,rome:60:83-0-s59:p0,400,0.35765124555160144,,562
,300,,False,rome,100,0.0,coarse,,25,1300,cell,100,rome:60:83-0-s59:p0,0,,no feasible adversarial claim under enabled constraints,562
5796,300,483,True,rome,100,100.0,coarse,6744,25,1300,cell,100,rome:60:83-0-s59:p0,100,0.14056939501779359,,562
5532,300,461,True,rome,100,200.0,coarse,6744,25,1300,cell,100,rome:60:83-0-s59:p0,200,0.1797153024911032,,562
5532,300,461,True,rome,100,400.0,coarse,6744,25,1300,cell,100,rome:60:83-0-s59:p0,400,0.1797153024911032,,562
5292,300,441,True,rome,100,70.71067811865476,coarse,6744,25,1350,intra_cell,150,rome:60:83-0-s59:p0,0,0.21530249110320285,,562
4332,300,361,True,rome,100,170.71067811865476,coarse,6744,25,1350,intra_cell,150,rome:60:83-0-s59:p0,100,0.35765124555160144,,562
4332,300,361,True,rome,100,270.71067811865476,coarse,6744,25,1350,intra_cell,150,rome:60:83-0-s59:p0,200,0.35765124555160144,,562
4332,300,361,True,rome,100,470.71067811865476,coarse,6744,25,1350,intra_cell,150,rome:60:83-0-s59:p0,400,0.35765124555160144,,562
,60,,False,rome,100,0.0,medium,,25,1300,cell,100,rome:60:83-0-s59:p0,0,,no feasible adversarial claim under enabled constraints,562
169488,60,500,True,rome,100,100.0,medium,173028,25,1300,cell,100,rome:60:83-0-s59:p0,100,0.020459116443581386,,562
169488,60,500,True,rome,100,200.0,medium,173028,25,1300,cell,100,rome:60:83-0-s59:p0,200,0.020459116443581386,,562
169488,60,500,True,rome,100,400.0,medium,173028,25,1300,cell,100,rome:60:83-0-s59:p0,400,0.020459116443581386,,562
170688,60,441,True,rome,100,70.71067811865476,medium,173028,25,1350,intra_cell,150,rome:60:83-0-s59:p0,0,0.013523822733892781,,562
169488,60,441,True,rome,100,170.71067811865476,medium,173028,25,1350,intra_cell,150,rome:60:83-0-s59:p0,100,0.020459116443581386,,562
169488,60,400,True,rome,100,270.71067811865476,medium,173028,25,1350,intra_cell,150,rome:60:83-0-s59:p0,200,0.020459116443581386,,562
169488,60,400,True,rome,100,470.71067811865476,medium,173028,25,1350,intra_cell,150,rome:60:83-0-s59:p0,400,0.020459116443581386,,562
,120,,False,rome,100,0.0,medium,,25,1300,cell,100,rome:60:83-0-s59:p0,0,,no feasible adversarial claim under enabled constraints,562
5700,120,500,True,rome,100,100.0,medium,6744,25,1300,cell,100,rome:60:83-0-s59:p0,100,0.15480427046263345,,562
5071,120,461,True,rome,100,200.0,medium,6744,25,1300,cell,100,rome:60:83-0-s59:p0,200,0.2480723606168446,,562
5071,120,461,True,rome,100,400.0,medium,6744,25,1300,cell,100,rome:60:83-0-s59:p0,400,0.2480723606168446,,562
5292,120,441,True,rome,100,70.71067811865476,medium,6744,25,1350,intra_cell,150,rome:60:83-0-s59:p0,0,0.21530249110320285,,562
4213,120,383,True,rome,100,170.71067811865476,medium,6744,25,1350,intra_cell,150,rome:60:83-0-s59:p0,100,0.37529655990510086,,562
3971,120,361,True,rome,100,270.71067811865476,medium,6744,25,1350,intra_cell,150,rome:60:83-0-s59:p0,200,0.4111803084223013,,562
3971,120,361,True,rome,100,470.71067811865476,medium,6744,25,1350,intra_cell,150,rome:60:83-0-s59:p0,400,0.4111803084223013,,562
,300,,False,rome,100,0.0,medium,,25,1300,cell,100,rome:60:83-0-s59:p0,0,,no feasible adversarial claim under enabled constraints,562
5700,300,500,True,rome,100,100.0,medium,6744,25,1300,cell,100,rome:60:83-0-s59:p0,100,0.15480427046263345,,562
5071,300,461,True,rome,100,200.0,medium,6744,25,1300,cell,100,rome:60:83-0-s59:p0,200,0.2480723606168446,,562
5071,300,461,True,rome,100,400.0,medium,6744,25,1300,cell,100,rome:60:83-0-s59:p0,400,0.2480723606168446,,562
5292,300,441,True,rome,100,70.71067811865476,medium,6744,25,1350,intra_cell,150,rome:60:83-0-s59:p0,0,0.21530249110320285,,562
4213,300,383,True,rome,100,170.71067811865476,medium,6744,25,1350,intra_cell,150,rome:60:83-0-s59:p0,100,0.37529655990510086,,562
3971,300,361,True,rome,100,270.71067811865476,medium,6744,25,1350,intra_cell,150,rome:60:83-0-s59:p0,200,0.4111803084223013,,562
3971,300,361,True,rome,100,470.71067811865476,medium,6744,25,1350,intra_cell,150,rome:60:83-0-s59:p0,400,0.4111803084223013,,562
,60,,False,rome,100,0.0,fine,,25,1300,cell,100,rome:60:83-0-s59:p0,0,,no feasible adversarial claim under enabled constraints,562
169488,60,500,True,rome,100,100.0,fine,173028,25,1300,cell,100,rome:60:83-0-s59:p0,100,0.020459116443581386,,562
169488,60,500,True,rome,100,200.0,fine,173028,25,1300,cell,100,rome:60:83-0-s59:p0,200,0.020459116443581386,,562
169488,60,500,True,rome,100,400.0,fine,173028,25,1300,cell,100,rome:60:83-0-s59:p0,400,0.020459116443581386,,562
170688,60,441,True,rome,100,70.71067811865476,fine,173028,25,1350,intra_cell,150,rome:60:83-0-s59:p0,0,0.013523822733892781,,562
169488,60,441,True,rome,100,170.71067811865476,fine,173028,25,1350,intra_cell,150,rome:60:83-0-s59:p0,100,0.020459116443581386,,562
169488,60,400,True,rome,100,270.71067811865476,fine,173028,25,1350,intra_cell,150,rome:60:83-0-s59:p0,200,0.020459116443581386,,562
169488,60,400,True,rome,100,470.71067811865476,fine,173028,25,1350,intra_cell,150,rome:60:83-0-s59:p0,400,0.020459116443581386,,562
,120,,False,rome,100,0.0,fine,,25,1300,cell,100,rome:60:83-0-s59:p0,0,,no feasible adversarial claim under enabled constraints,562
5230,120,483,True,rome,100,100.0,fine,6744,25,1300,cell,100,rome:60:83-0-s59:p0,100,0.2244958481613286,,562
4810,120,461,True,rome,100,200.0,fine,6744,25,1300,cell,100,rome:60:83-0-s59:p0,200,0.28677342823250296,,562
4610,120,461,True,rome,100,400.0,fine,6744,25,1300,cell,100,rome:60:83-0-s59:p0,400,0.316429418742586,,562
5292,120,441,True,rome,100,70.71067811865476,fine,6744,25,1350,intra_cell,150,rome:60:83-0-s59:p0,0,0.21530249110320285,,562
4030,120,383,True,rome,100,170.71067811865476,fine,6744,25,1350,intra_cell,150,rome:60:83-0-s59:p0,100,0.4024317912218268,,562
3610,120,361,True,rome,100,270.71067811865476,fine,6744,25,1350,intra_cell,150,rome:60:83-0-s59:p0,200,0.46470937129300116,,562
3610,120,361,True,rome,100,470.71067811865476,fine,6744,25,1350,intra_cell,150,rome:60:83-0-s59:p0,400,0.46470937129300116,,562
,300,,False,rome,100,0.0,fine,,25,1300,cell,100,rome:60:83-0-s59:p0,0,,no feasible adversarial claim under enabled constraints,562
5230,300,483,True,rome,100,100.0,fine,6744,25,1300,cell,100,rome:60:83-0-s59:p0,100,0.2244958481613286,,562
4810,300,461,True,rome,100,200.0,fine,6744,25,1300,cell,100,rome:60:83-0-s59:p0,200,0.28677342823250296,,562
4610,300,461,True,rome,100,400.0,fine,6744,25,1300,cell,100,rome:60:83-0-s59:p0,400,0.316429418742586,,562
5292,300,441,True,rome,100,70.71067811865476,fine,6744,25,1350,intra_cell,150,rome:60:83-0-s59:p0,0,0.21530249110320285,,562
4030,300,383,True,rome,100,170.71067811865476,fine,6744,25,1350,intra_cell,150,rome:60:83-0-s59:p0,100,0.4024317912218268,,562
3610,300,361,True,rome,100,270.71067811865476,fine,6744,25,1350,intra_cell,150,rome:60:83-0-s59:p0,200,0.46470937129300116,,562
3610,300,361,True,rome,100,470.71067811865476,fine,6744,25,1350,intra_cell,150,rome:60:83-0-s59:p0,400,0.46470937129300116,,562
