adversarial_min_fee_cents,cadence_sec,claimed_distance_m,constraints_ok,dataset,distance_bucket_m,effective_radius_m,granularity,honest_fee_cents,n_fixes,odometer_check_tolerance_m,payload_mode,payload_odometer_tolerance_m,period_id,relay_radius_m,savings_ratio,skip_reason,true_distance_m
,60,,False,geolife,100,0.0,coarse,,11,200,cell,100,010-20080916114237-0,0,,no feasible adversarial claim under enabled constraints,5046
19315,60,4705,True,geolife,100,200.0,coarse,21664,11,600,cell,100,010-20080916114237-0,200,0.10842872968980798,,5046
,60,,False,geolife,100,70.71067811865476,coarse,,11,250,intra_cell,150,010-20080916114237-0,0,,no feasible adversarial claim under enabled constraints,5046
19015,60,4605,True,geolife,100,270.71067811865476,coarse,21664,11,650,intra_cell,150,010-20080916114237-0,200,0.12227658788774003,,5046
,120,,False,geolife,100,0.0,coarse,,11,200,cell,100,010-20080916114237-0,0,,no feasible adversarial claim under enabled constraints,5046
19315,120,4705,True,geolife,100,200.0,coarse,21664,11,600,cell,100,010-20080916114237-0,200,0.10842872968980798,,5046
,120,,False,geolife,100,70.71067811865476,coarse,,11,250,intra_cell,150,010-20080916114237-0,0,,no feasible adversarial claim under enabled constraints,5046
19015,120,4605,True,geolife,100,270.71067811865476,coarse,21664,11,650,intra_cell,150,010-20080916114237-0,200,0.12227658788774003,,5046
,300,,False,geolife,100,0.0,coarse,,11,200,cell,100,010-20080916114237-0,0,,no feasible adversarial claim under enabled constraints,5046
19315,300,4705,True,geolife,100,200.0,coarse,21664,11,600,cell,100,010-20080916114237-0,200,0.10842872968980798,,5046
,300,,False,geolife,100,70.71067811865476,coarse,,11,250,intra_cell,150,010-20080916114237-0,0,,no feasible adversarial claim under enabled constraints,5046
19015,300,4605,True,geolife,100,270.71067811865476,coarse,21664,11,650,intra_cell,150,010-20080916114237-0,200,0.12227658788774003,,5046
,60,,False,geolife,100,0.0,medium,,11,200,cell,100,010-20080916114237-0,0,,no feasible adversarial claim under enabled constraints,5046
19915,60,4705,True,geolife,100,200.0,medium,21664,11,600,cell,100,010-20080916114237-0,200,0.08073301329394388,,5046
,60,,False,geolife,100,70.71067811865476,medium,,11,250,intra_cell,150,010-20080916114237-0,0,,no feasible adversarial claim under enabled constraints,5046
19415,60,4605,True,geolife,100,270.71067811865476,medium,21664,11,650,intra_cell,150,010-20080916114237-0,200,0.10381277695716395,,5046
,120,,False,geolife,100,0.0,medium,,11,200,cell,100,010-20080916114237-0,0,,no feasible adversarial claim under enabled constraints,5046
19915,120,4705,True,geolife,100,200.0,medium,21664,11,600,cell,100,010-20080916114237-0,200,0.08073301329394388,,5046
,120,,False,geolife,100,70.71067811865476,medium,,11,250,intra_cell,150,010-20080916114237-0,0,,no feasible adversarial claim under enabled constraints,5046
19415,120,4605,True,geolife,100,270.71067811865476,medium,21664,11,650,intra_cell,150,010-20080916114237-0,200,0.10381277695716395,,5046
,300,,False,geolife,100,0.0,medium,,11,200,cell,100,010-20080916114237-0,0,,no feasible adversarial claim under enabled constraints,5046
19915,300,4705,True,geolife,100,200.0,medium,21664,11,600,cell,100,010-20080916114237-0,200,0.08073301329394388,,5046
,300,,False,geolife,100,70.71067811865476,medium,,11,250,intra_cell,150,010-20080916114237-0,0,,no feasible adversarial claim under enabled constraints,5046
19415,300,4605,True,geolife,100,270.71067811865476,medium,21664,11,650,intra_cell,150,010-20080916114237-0,200,0.10381277695716395,,5046
,60,,False,geolife,100,0.0,fine,,11,200,cell,100,010-20080916114237-0,0,,no feasible adversarial claim under enabled constraints,5046
19915,60,4705,True,geolife,100,200.0,fine,21664,11,600,cell,100,010-20080916114237-0,200,0.08073301329394388,,5046
,60,,False,geolife,100,70.71067811865476,fine,,11,250,intra_cell,150,010-20080916114237-0,0,,no feasible adversarial claim under enabled constraints,5046
19215,60,4605,True,geolife,100,270.71067811865476,fine,21664,11,650,intra_cell,150,010-20080916114237-0,200,0.113044682422452,,5046
,120,,False,geolife,100,0.0,fine,,11,200,cell,100,010-20080916114237-0,0,,no feasible adversarial claim under enabled constraints,5046
19915,120,4705,True,geolife,100,200.0,fine,21664,11,600,cell,100,010-20080916114237-0,200,0.08073301329394388,,5046
,120,,False,geolife,100,70.71067811865476,fine,,11,250,intra_cell,150,010-20080916114237-0,0,,no feasible adversarial claim under enabled constraints,5046
19215,120,4605,True,geolife,100,270.71067811865476,fine,21664,11,650,intra_cell,150,010-20080916114237-0,200,0.113044682422452,,5046
,300,,False,geolife,100,0.0,fine,,11,200,cell,100,010-20080916114237-0,0,,no feasible adversarial claim under enabled constraints,5046
19915,300,4705,True,geolife,100,200.0,fine,21664,11,600,cell,100,010-20080916114237-0,200,0.08073301329394388,,5046
,300,,False,geolife,100,70.71067811865476,fine,,11,250,intra_cell,150,010-20080916114237-0,0,,no feasible adversarial claim under enabled constraints,5046
19215,300,4605,True,geolife,100,270.71067811865476,fine,21664,11,650,intra_cell,150,010-20080916114237-0,200,0.113044682422452,,5046
17323,60,4041,True,geolife,100,0.0,coarse,17357,17,900,cell,100,010-20080917225654-0,0,0.0019588638589618022,,4091
16166,60,3922,True,geolife,100,200.0,coarse,17357,17,900,cell,100,010-20080917225654-0,200,0.06861784870657371,,4091
17323,60,4041,True,geolife,100,70.71067811865476,coarse,17357,17,950,intra_cell,150,010-20080917225654-0,0,0.0019588638589618022,,4091
15666,60,3822,True,geolife,100,270.71067811865476,coarse,17357,17,950,intra_cell,150,010-20080917225654-0,200,0.09742467016189434,,4091
17323,120,4041,True,geolife,100,0.0,coarse,17357,17,900,cell,100,010-20080917225654-0,0,0.0019588638589618022,,4091
16166,120,3922,True,geolife,100,200.0,coarse,17357,17,900,cell,100,010-20080917225654-0,200,0.06861784870657371,,4091
17323,120,4041,True,geolife,100,70.71067811865476,coarse,17357,17,950,intra_cell,150,010-20080917225654-0,0,0.0019588638589618022,,4091
15666,120,3822,True,geolife,100,270.71067811865476,coarse,17357,17,950,intra_cell,150,010-20080917225654-0,200,0.09742467016189434,,4091
17323,300,4041,True,geolife,100,0.0,coarse,17357,17,900,cell,100,010-20080917225654-0,0,0.0019588638589618022,,4091
16166,300,3922,True,geolife,100,200.0,coarse,17357,17,900,cell,100,010-20080917225654-0,200,0.06861784870657371,,4091
17323,300,4041,True,geolife,100,70.71067811865476,coarse,17357,17,950,intra_cell,150,010-20080917225654-0,0,0.0019588638589618022,,4091
15666,300,3822,True,geolife,100,270.71067811865476,coarse,17357,17,950,intra_cell,150,010-20080917225654-0,200,0.09742467016189434,,4091
17323,60,4041,True,geolife,100,0.0,medium,17357,17,900,cell,100,010-20080917225654-0,0,0.0019588638589618022,,4091
16166,60,3922,True,geolife,100,200.0,medium,17357,17,900,cell,100,010-20080917225654-0,200,0.06861784870657371,,4091
17323,60,4041,True,geolife,100,70.71067811865476,medium,17357,17,950,intra_cell,150,010-20080917225654-0,0,0.0019588638589618022,,4091
15666,60,3822,True,geolife,100,270.71067811865476,medium,17357,17,950,intra_cell,150,010-20080917225654-0,200,0.09742467016189434,,4091
17323,120,4041,True,geolife,100,0.0,medium,17357,17,900,cell,100,010-20080917225654-0,0,0.0019588638589618022,,4091
16166,120,3922,True,geolife,100,200.0,medium,17357,17,900,cell,100,010-20080917225654-0,200,0.06861784870657371,,4091
17323,120,4041,True,geolife,100,70.71067811865476,medium,17357,17,950,intra_cell,150,010-20080917225654-0,0,0.0019588638589618022,,4091
15666,120,3822,True,geolife,100,270.71067811865476,medium,17357,17,950,intra_cell,150,010-20080917225654-0,200,0.09742467016189434,,4091
17323,300,4041,True,geolife,100,0.0,medium,17357,17,900,cell,100,010-20080917225654-0,0,0.0019588638589618022,,4091
16166,300,3922,True,geolife,100,200.0,medium,17357,17,900,cell,100,010-20080917225654-0,200,0.06861784870657371,,4091
17323,300,4041,True,geolife,100,70.71067811865476,medium,17357,17,950,intra_cell,150,010-20080917225654-0,0,0.0019588638589618022,,4091
15666,300,3822,True,geolife,100,270.71067811865476,medium,17357,17,950,intra_cell,150,010-20080917225654-0,200,0.09742467016189434,,4091
17323,60,4041,True,geolife,100,0.0,fine,17357,17,900,cell,100,010-20080917225654-0,0,0.0019588638589618022,,4091
16166,60,3922,True,geolife,100,200.0,fine,17357,17,900,cell,100,010-20080917225654-0,200,0.06861784870657371,,4091
17323,60,4041,True,geolife,100,70.71067811865476,fine,17357,17,950,intra_cell,150,010-20080917225654-0,0,0.0019588638589618022,,4091
15641,60,3737,True,geolife,100,270.71067811865476,fine,17357,17,950,intra_cell,150,010-20080917225654-0,200,0.09886501123466036,,4091
17323,120,4041,True,geolife,100,0.0,fine,17357,17,900,cell,100,010-20080917225654-0,0,0.0019588638589618022,,4091
16166,120,3922,True,geolife,100,200.0,fine,17357,17,900,cell,100,010-20080917225654-0,200,0.06861784870657371,,4091
17323,120,4041,True,geolife,100,70.71067811865476,fine,17357,17,950,intra_cell,150,010-20080917225654-0,0,0.0019588638589618022,,4091
15641,120,3737,True,geolife,100,270.71067811865476,fine,17357,17,950,intra_cell,150,010-20080917225654-0,200,0.09886501123466036,,4091
17323,300,4041,True,geolife,100,0.0,fine,17357,17,900,cell,100,010-20080917225654-0,0,0.0019588638589618022,,4091
16166,300,3922,True,geolife,100,200.0,fine,17357,17,900,cell,100,010-20080917225654-0,200,0.06861784870657371,,4091
17323,300,4041,True,geolife,100,70.71067811865476,fine,17357,17,950,intra_cell,150,010-20080917225654-0,0,0.0019588638589618022,,4091
15641,300,3737,True,geolife,100,270.71067811865476,fine,17357,17,950,intra_cell,150,010-20080917225654-0,200,0.09886501123466036,,4091
,60,,False,geolife,100,0.0,coarse,,36,200,cell,100,010-20080921224934-0,0,,no feasible adversarial claim under enabled constraints,4251
16544,60,4110,True,geolife,100,200.0,coarse,18695,36,1850,cell,100,010-20080921224934-0,200,0.11505750200588392,,4251
,60,,False,geolife,100,70.71067811865476,coarse,,36,250,intra_cell,150,010-20080921224934-0,0,,no feasible adversarial claim under enabled constraints,4251
16062,60,3954,True,geolife,100,270.71067811865476,coarse,18695,36,1900,intra_cell,150,010-20080921224934-0,200,0.14083979673709549,,4251
,120,,False,geolife,100,0.0,coarse,,36,200,cell,100,010-20080921224934-0,0,,no feasible adversarial claim under enabled constraints,4251
16544,120,4110,True,geolife,100,200.0,coarse,18695,36,1850,cell,100,010-20080921224934-0,200,0.11505750200588392,,4251
,120,,False,geolife,100,70.71067811865476,coarse,,36,250,intra_cell,150,010-20080921224934-0,0,,no feasible adversarial claim under enabled constraints,4251
16062,120,3954,True,geolife,100,270.71067811865476,coarse,18695,36,1900,intra_cell,150,010-20080921224934-0,200,0.14083979673709549,,4251
,300,,False,geolife,100,0.0,coarse,,36,200,cell,100,010-20080921224934-0,0,,no feasible adversarial claim under enabled constraints,4251
16544,300,4110,True,geolife,100,200.0,coarse,18695,36,1850,cell,100,010-20080921224934-0,200,0.11505750200588392,,4251
,300,,False,geolife,100,70.71067811865476,coarse,,36,250,intra_cell,150,010-20080921224934-0,0,,no feasible adversarial claim under enabled constraints,4251
16062,300,3954,True,geolife,100,270.71067811865476,coarse,18695,36,1900,intra_cell,150,010-20080921224934-0,200,0.14083979673709549,,4251
,60,,False,geolife,100,0.0,medium,,36,200,cell,100,010-20080921224934-0,0,,no feasible adversarial claim under enabled constraints,4251
17084,60,4090,True,geolife,100,200.0,medium,18695,36,1850,cell,100,010-20080921224934-0,200,0.08617277346884193,,4251
,60,,False,geolife,100,70.71067811865476,medium,,36,250,intra_cell,150,010-20080921224934-0,0,,no feasible adversarial claim under enabled constraints,4251
16154,60,3944,True,geolife,100,270.71067811865476,medium,18695,36,1900,intra_cell,150,010-20080921224934-0,200,0.13591869483819202,,4251
,120,,False,geolife,100,0.0,medium,,36,200,cell,100,010-20080921224934-0,0,,no feasible adversarial claim under enabled constraints,4251
17084,120,4090,True,geolife,100,200.0,medium,18695,36,1850,cell,100,010-20080921224934-0,200,0.08617277346884193,,4251
,120,,False,geolife,100,70.71067811865476,medium,,36,250,intra_cell,150,010-20080921224934-0,0,,no feasible adversarial claim under enabled constraints,4251
16154,120,3944,True,geolife,100,270.71067811865476,medium,18695,36,1900,intra_cell,150,010-20080921224934-0,200,0.13591869483819202,,4251
,300,,False,geolife,100,0.0,medium,,36,200,cell,100,010-20080921224934-0,0,,no feasible adversarial claim under enabled constraints,4251
17084,300,4090,True,geolife,100,200.0,medium,18695,36,1850,cell,100,010-20080921224934-0,200,0.08617277346884193,,4251
,300,,False,geolife,100,70.71067811865476,medium,,36,250,intra_cell,150,010-20080921224934-0,0,,no feasible adversarial claim under enabled constraints,4251
16154,300,3944,True,geolife,100,270.71067811865476,medium,18695,36,1900,intra_cell,150,010-20080921224934-0,200,0.13591869483819202,,4251
,60,,False,geolife,100,0.0,fine,,36,200,cell,100,010-20080921224934-0,0,,no feasible adversarial claim under enabled constraints,4251
17084,60,4090,True,geolife,100,200.0,fine,18695,36,1850,cell,100,010-20080921224934-0,200,0.08617277346884193,,4251
,60,,False,geolife,100,70.71067811865476,fine,,36,250,intra_cell,150,010-20080921224934-0,0,,no feasible adversarial claim under enabled constraints,4251
16062,60,3954,True,geolife,100,270.71067811865476,fine,18695,36,1900,intra_cell,150,010-20080921224934-0,200,0.14083979673709549,,4251
,120,,False,geolife,100,0.0,fine,,36,200,cell,100,010-20080921224934-0,0,,no feasible adversarial claim under enabled constraints,4251
17084,120,4090,True,geolife,100,200.0,fine,18695,36,1850,cell,100,010-20080921224934-0,200,0.08617277346884193,,4251
,120,,False,geolife,100,70.71067811865476,fine,,36,250,intra_cell,150,010-20080921224934-0,0,,no feasible adversarial claim under enabled constraints,4251
16062,120,3954,True,geolife,100,270.71067811865476,fine,18695,36,1900,intra_cell,150,010-20080921224934-0,200,0.14083979673709549,,4251
,300,,False,geolife,100,0.0,fine,,36,200,cell,100,010-20080921224934-0,0,,no feasible adversarial claim under enabled constraints,4251
17084,300,4090,True,geolife,100,200.0,fine,18695,36,1850,cell,100,010-20080921224934-0,200,0.08617277346884193,,4251
,300,,False,geolife,100,70.71067811865476,fine,,36,250,intra_cell,150,010-20080921224934-0,0,,no feasible adversarial claim under enabled constraints,4251
16062,300,3954,True,geolife,100,270.71067811865476,fine,18695,36,1900,intra_cell,150,010-20080921224934-0,200,0.14083979673709549,,4251
,60,,False,geolife,100,0.0,coarse,,13,200,cell,100,010-20080922111517-0,0,,no feasible adversarial claim under enabled constraints,4997
20012,60,4660,True,geolife,100,200.0,coarse,21393,13,700,cell,100,010-20080922111517-0,200,0.06455382601785631,,4997
,60,,False,geolife,100,70.71067811865476,coarse,,13,250,intra_cell,150,010-20080922111517-0,0,,no feasible adversarial claim under enabled constraints,4997
19415,60,4605,True,geolife,100,270.71067811865476,coarse,21393,13,750,intra_cell,150,010-20080922111517-0,200,0.09246015051652409,,4997
,120,,False,geolife,100,0.0,coarse,,13,200,cell,100,010-20080922111517-0,0,,no feasible adversarial claim under enabled constraints,4997
20012,120,4660,True,geolife,100,200.0,coarse,21393,13,700,cell,100,010-20080922111517-0,200,0.06455382601785631,,4997
,120,,False,geolife,100,70.71067811865476,coarse,,13,250,intra_cell,150,010-20080922111517-0,0,,no feasible adversarial claim under enabled constraints,4997
19415,120,4605,True,geolife,100,270.71067811865476,coarse,21393,13,750,intra_cell,150,010-20080922111517-0,200,0.09246015051652409,,4997
,300,,False,geolife,100,0.0,coarse,,13,200,cell,100,010-20080922111517-0,0,,no feasible adversarial claim under enabled constraints,4997
20012,300,4660,True,geolife,100,200.0,coarse,21393,13,700,cell,100,010-20080922111517-0,200,0.06455382601785631,,4997
,300,,False,geolife,100,70.71067811865476,coarse,,13,250,intra_cell,150,010-20080922111517-0,0,,no feasible adversarial claim under enabled constraints,4997
19415,300,4605,True,geolife,100,270.71067811865476,coarse,21393,13,750,intra_cell,150,010-20080922111517-0,200,0.09246015051652409,,4997
,60,,False,geolife,100,0.0,medium,,13,200,cell,100,010-20080922111517-0,0,,no feasible adversarial claim under enabled constraints,4997
20012,60,4660,True,geolife,100,200.0,medium,21393,13,700,cell,100,010-20080922111517-0,200,0.06455382601785631,,4997
,60,,False,geolife,100,70.71067811865476,medium,,13,250,intra_cell,150,010-20080922111517-0,0,,no feasible adversarial claim under enabled constraints,4997
19415,60,4605,True,geolife,100,270.71067811865476,medium,21393,13,750,intra_cell,150,010-20080922111517-0,200,0.09246015051652409,,4997
,120,,False,geolife,100,0.0,medium,,13,200,cell,100,010-20080922111517-0,0,,no feasible adversarial claim under enabled constraints,4997
20012,120,4660,True,geolife,100,200.0,medium,21393,13,700,cell,100,010-20080922111517-0,200,0.06455382601785631,,4997
,120,,False,geolife,100,70.71067811865476,medium,,13,250,intra_cell,150,010-20080922111517-0,0,,no feasible adversarial claim under enabled constraints,4997
19415,120,4605,True,geolife,100,270.71067811865476,medium,21393,13,750,intra_cell,150,010-20080922111517-0,200,0.09246015051652409,,4997
,300,,False,geolife,100,0.0,medium,,13,200,cell,100,010-20080922111517-0,0,,no feasible adversarial claim under enabled constraints,4997
20012,300,4660,True,geolife,100,200.0,medium,21393,13,700,cell,100,010-20080922111517-0,200,0.06455382601785631,,4997
,300,,False,geolife,100,70.71067811865476,medium,,13,250,intra_cell,150,010-20080922111517-0,0,,no feasible adversarial claim under enabled constraints,4997
19415,300,4605,True,geolife,100,270.71067811865476,medium,21393,13,750,intra_cell,150,010-20080922111517-0,200,0.09246015051652409,,4997
,60,,False,geolife,100,0.0,fine,,13,200,cell,100,010-20080922111517-0,0,,no feasible adversarial claim under enabled constraints,4997
20012,60,4660,True,geolife,100,200.0,fine,21393,13,700,cell,100,010-20080922111517-0,200,0.06455382601785631,,4997
,60,,False,geolife,100,70.71067811865476,fine,,13,250,intra_cell,150,010-20080922111517-0,0,,no feasible adversarial claim under enabled constraints,4997
19415,60,4605,True,geolife,100,270.71067811865476,fine,21393,13,750,intra_cell,150,010-20080922111517-0,200,0.09246015051652409,,4997
,120,,False,geolife,100,0.0,fine,,13,200,cell,100,010-20080922111517-0,0,,no feasible adversarial claim under enabled constraints,4997
20012,120,4660,True,geolife,100,200.0,fine,21393,13,700,cell,100,010-20080922111517-0,200,0.06455382601785631,,4997
,120,,False,geolife,100,70.71067811865476,fine,,13,250,intra_cell,150,010-20080922111517-0,0,,no feasible adversarial claim under enabled constraints,4997
19415,120,4605,True,geolife,100,270.71067811865476,fine,21393,13,750,intra_cell,150,010-20080922111517-0,200,0.09246015051652409,,4997
,300,,False,geolife,100,0.0,fine,,13,200,cell,100,010-20080922111517-0,0,,no feasible adversarial claim under enabled constraints,4997
20012,300,4660,True,geolife,100,200.0,fine,21393,13,700,cell,100,010-20080922111517-0,200,0.06455382601785631,,4997
,300,,False,geolife,100,70.71067811865476,fine,,13,250,intra_cell,150,010-20080922111517-0,0,,no feasible adversarial claim under enabled constraints,4997
19415,300,4605,True,geolife,100,270.71067811865476,fine,21393,13,750,intra_cell,150,010-20080922111517-0,200,0.09246015051652409,,4997
17805,60,4041,True,geolife,100,0.0,coarse,18146,36,1850,cell,100,010-20080922234926-0,0,0.018792020279951506,,4128
16110,60,3900,True,geolife,100,200.0,coarse,18146,36,1850,cell,100,010-20080922234926-0,200,0.11220103604100078,,4128
17805,60,4041,True,geolife,100,70.71067811865476,coarse,18146,36,1900,intra_cell,150,010-20080922234926-0,0,0.018792020279951506,,4128
15574,60,3788,True,geolife,100,270.71067811865476,coarse,18146,36,1900,intra_cell,150,010-20080922234926-0,200,0.14173922627576324,,4128
17805,120,4041,True,geolife,100,0.0,coarse,18146,36,1850,cell,100,010-20080922234926-0,0,0.018792020279951506,,4128
16110,120,3900,True,geolife,100,200.0,coarse,18146,36,1850,cell,100,010-20080922234926-0,200,0.11220103604100078,,4128
17805,120,4041,True,geolife,100,70.71067811865476,coarse,18146,36,1900,intra_cell,150,010-20080922234926-0,0,0.018792020279951506,,4128
15574,120,3788,True,geolife,100,270.71067811865476,coarse,18146,36,1900,intra_cell,150,010-20080922234926-0,200,0.14173922627576324,,4128
17805,300,4041,True,geolife,100,0.0,coarse,18146,36,1850,cell,100,010-20080922234926-0,0,0.018792020279951506,,4128
16110,300,3900,True,geolife,100,200.0,coarse,18146,36,1850,cell,100,010-20080922234926-0,200,0.11220103604100078,,4128
17805,300,4041,True,geolife,100,70.71067811865476,coarse,18146,36,1900,intra_cell,150,010-20080922234926-0,0,0.018792020279951506,,4128
15574,300,3788,True,geolife,100,270.71067811865476,coarse,18146,36,1900,intra_cell,150,010-20080922234926-0,200,0.14173922627576324,,4128
17805,60,4041,True,geolife,100,0.0,medium,18146,36,1850,cell,100,010-20080922234926-0,0,0.018792020279951506,,4128
16541,60,3837,True,geolife,100,200.0,medium,18146,36,1850,cell,100,010-20080922234926-0,200,0.08844924501267497,,4128
17805,60,4041,True,geolife,100,70.71067811865476,medium,18146,36,1900,intra_cell,150,010-20080922234926-0,0,0.018792020279951506,,4128
16036,60,3776,True,geolife,100,270.71067811865476,medium,18146,36,1900,intra_cell,150,010-20080922234926-0,200,0.11627906976744186,,4128
17805,120,4041,True,geolife,100,0.0,medium,18146,36,1850,cell,100,010-20080922234926-0,0,0.018792020279951506,,4128
16541,120,3837,True,geolife,100,200.0,medium,18146,36,1850,cell,100,010-20080922234926-0,200,0.08844924501267497,,4128
17805,120,4041,True,geolife,100,70.71067811865476,medium,18146,36,1900,intra_cell,150,010-20080922234926-0,0,0.018792020279951506,,4128
16036,120,3776,True,geolife,100,270.71067811865476,medium,18146,36,1900,intra_cell,150,010-20080922234926-0,200,0.11627906976744186,,4128
17805,300,4041,True,geolife,100,0.0,medium,18146,36,1850,cell,100,010-20080922234926-0,0,0.018792020279951506,,4128
16541,300,3837,True,geolife,100,200.0,medium,18146,36,1850,cell,100,010-20080922234926-0,200,0.08844924501267497,,4128
17805,300,4041,True,geolife,100,70.71067811865476,medium,18146,36,1900,intra_cell,150,010-20080922234926-0,0,0.018792020279951506,,4128
16036,300,3776,True,geolife,100,270.71067811865476,medium,18146,36,1900,intra_cell,150,010-20080922234926-0,200,0.11627906976744186,,4128
17805,60,4041,True,geolife,100,0.0,fine,18146,36,1850,cell,100,010-20080922234926-0,0,0.018792020279951506,,4128
16540,60,3910,True,geolife,100,200.0,fine,18146,36,1850,cell,100,010-20080922234926-0,200,0.08850435357654579,,4128
17805,60,4041,True,geolife,100,70.71067811865476,fine,18146,36,1900,intra_cell,150,010-20080922234926-0,0,0.018792020279951506,,4128
16010,60,3800,True,geolife,100,270.71067811865476,fine,18146,36,1900,intra_cell,150,010-20080922234926-0,200,0.11771189242808332,,4128
17805,120,4041,True,geolife,100,0.0,fine,18146,36,1850,cell,100,010-20080922234926-0,0,0.018792020279951506,,4128
16540,120,3910,True,geolife,100,200.0,fine,18146,36,1850,cell,100,010-20080922234926-0,200,0.08850435357654579,,4128
17805,120,4041,True,geolife,100,70.71067811865476,fine,18146,36,1900,intra_cell,150,010-20080922234926-0,0,0.018792020279951506,,4128
16010,120,3800,True,geolife,100,270.71067811865476,fine,18146,36,1900,intra_cell,150,010-20080922234926-0,200,0.11771189242808332,,4128
17805,300,4041,True,geolife,100,0.0,fine,18146,36,1850,cell,100,010-20080922234926-0,0,0.018792020279951506,,4128
16540,300,3910,True,geolife,100,200.0,fine,18146,36,1850,cell,100,010-20080922234926-0,200,0.08850435357654579,,4128
17805,300,4041,True,geolife,100,70.71067811865476,fine,18146,36,1900,intra_cell,150,010-20080922234926-0,0,0.018792020279951506,,4128
16010,300,3800,True,geolife,100,270.71067811865476,fine,18146,36,1900,intra_cell,150,010-20080922234926-0,200,0.11771189242808332,,4128
,60,,False,geolife,100,0.0,coarse,,13,200,cell,100,010-20080923121817-0,0,,no feasible adversarial claim under enabled constraints,5095
19764,60,4788,True,geolife,100,200.0,coarse,21735,13,700,cell,100,010-20080923121817-0,200,0.0906832298136646,,5095
,60,,False,geolife,100,70.71067811865476,coarse,,13,250,intra_cell,150,010-20080923121817-0,0,,no feasible adversarial claim under enabled constraints,5095
19315,60,4705,True,geolife,100,270.71067811865476,coarse,21735,13,750,intra_cell,150,010-20080923121817-0,200,0.11134115481941569,,5095
,120,,False,geolife,100,0.0,coarse,,13,200,cell,100,010-20080923121817-0,0,,no feasible adversarial claim under enabled constraints,5095
19764,120,4788,True,geolife,100,200.0,coarse,21735,13,700,cell,100,010-20080923121817-0,200,0.0906832298136646,,5095
,120,,False,geolife,100,70.71067811865476,coarse,,13,250,intra_cell,150,010-20080923121817-0,0,,no feasible adversarial claim under enabled constraints,5095
19315,120,4705,True,geolife,100,270.71067811865476,coarse,21735,13,750,intra_cell,150,010-20080923121817-0,200,0.11134115481941569,,5095
,300,,False,geolife,100,0.0,coarse,,13,200,cell,100,010-20080923121817-0,0,,no feasible adversarial claim under enabled constraints,5095
19764,300,4788,True,geolife,100,200.0,coarse,21735,13,700,cell,100,010-20080923121817-0,200,0.0906832298136646,,5095
,300,,False,geolife,100,70.71067811865476,coarse,,13,250,intra_cell,150,010-20080923121817-0,0,,no feasible adversarial claim under enabled constraints,5095
19315,300,4705,True,geolife,100,270.71067811865476,coarse,21735,13,750,intra_cell,150,010-20080923121817-0,200,0.11134115481941569,,5095
,60,,False,geolife,100,0.0,medium,,13,200,cell,100,010-20080923121817-0,0,,no feasible adversarial claim under enabled constraints,5095
20030,60,4810,True,geolife,100,200.0,medium,21735,13,700,cell,100,010-20080923121817-0,200,0.07844490453186105,,5095
,60,,False,geolife,100,70.71067811865476,medium,,13,250,intra_cell,150,010-20080923121817-0,0,,no feasible adversarial claim under enabled constraints,5095
19710,60,4664,True,geolife,100,270.71067811865476,medium,21735,13,750,intra_cell,150,010-20080923121817-0,200,0.09316770186335403,,5095
,120,,False,geolife,100,0.0,medium,,13,200,cell,100,010-20080923121817-0,0,,no feasible adversarial claim under enabled constraints,5095
20030,120,4810,True,geolife,100,200.0,medium,21735,13,700,cell,100,010-20080923121817-0,200,0.07844490453186105,,5095
,120,,False,geolife,100,70.71067811865476,medium,,13,250,intra_cell,150,010-20080923121817-0,0,,no feasible adversarial claim under enabled constraints,5095
19710,120,4664,True,geolife,100,270.71067811865476,medium,21735,13,750,intra_cell,150,010-20080923121817-0,200,0.09316770186335403,,5095
,300,,False,geolife,100,0.0,medium,,13,200,cell,100,010-20080923121817-0,0,,no feasible adversarial claim under enabled constraints,5095
20030,300,4810,True,geolife,100,200.0,medium,21735,13,700,cell,100,010-20080923121817-0,200,0.07844490453186105,,5095
,300,,False,geolife,100,70.71067811865476,medium,,13,250,intra_cell,150,010-20080923121817-0,0,,no feasible adversarial claim under enabled constraints,5095
19710,300,4664,True,geolife,100,270.71067811865476,medium,21735,13,750,intra_cell,150,010-20080923121817-0,200,0.09316770186335403,,5095
,60,,False,geolife,100,0.0,fine,,13,200,cell,100,010-20080923121817-0,0,,no feasible adversarial claim under enabled constraints,5095
20030,60,4810,True,geolife,100,200.0,fine,21735,13,700,cell,100,010-20080923121817-0,200,0.07844490453186105,,5095
,60,,False,geolife,100,70.71067811865476,fine,,13,250,intra_cell,150,010-20080923121817-0,0,,no feasible adversarial claim under enabled constraints,5095
19455,60,4613,True,geolife,100,270.71067811865476,fine,21735,13,750,intra_cell,150,010-20080923121817-0,200,0.1048999309868875,,5095
,120,,False,geolife,100,0.0,fine,,13,200,cell,100,010-20080923121817-0,0,,no feasible adversarial claim under enabled constraints,5095
20030,120,4810,True,geolife,100,200.0,fine,21735,13,700,cell,100,010-20080923121817-0,200,0.07844490453186105,,5095
,120,,False,geolife,100,70.71067811865476,fine,,13,250,intra_cell,150,010-20080923121817-0,0,,no feasible adversarial claim under enabled constraints,5095
19455,120,4613,True,geolife,100,270.71067811865476,fine,21735,13,750,intra_cell,150,010-20080923121817-0,200,0.1048999309868875,,5095
,300,,False,geolife,100,0.0,fine,,13,200,cell,100,010-20080923121817-0,0,,no feasible adversarial claim under enabled constraints,5095
20030,300,4810,True,geolife,100,200.0,fine,21735,13,700,cell,100,010-20080923121817-0,200,0.07844490453186105,,5095
,300,,False,geolife,100,70.71067811865476,fine,,13,250,intra_cell,150,010-20080923121817-0,0,,no feasible adversarial claim under enabled constraints,5095
19455,300,4613,True,geolife,100,270.71067811865476,fine,21735,13,750,intra_cell,150,010-20080923121817-0,200,0.1048999309868875,,5095
,60,,False,geolife,100,0.0,coarse,,59,200,cell,100,010-20080923231456-1,0,,no feasible adversarial claim under enabled constraints,4321
16669,60,4085,True,geolife,100,200.0,coarse,19281,59,3000,cell,100,010-20080923231456-1,200,0.13547015196307247,,4321
,60,,False,geolife,100,70.71067811865476,coarse,,59,250,intra_cell,150,010-20080923231456-1,0,,no feasible adversarial claim under enabled constraints,4321
16154,60,3944,True,geolife,100,270.71067811865476,coarse,19281,59,3050,intra_cell,150,010-20080923231456-1,200,0.16218038483481148,,4321
,120,,False,geolife,100,0.0,coarse,,59,200,cell,100,010-20080923231456-1,0,,no feasible adversarial claim under enabled constraints,4321
16669,120,4085,True,geolife,100,200.0,coarse,19281,59,3000,cell,100,010-20080923231456-1,200,0.13547015196307247,,4321
,120,,False,geolife,100,70.71067811865476,coarse,,59,250,intra_cell,150,010-20080923231456-1,0,,no feasible adversarial claim under enabled constraints,4321
16154,120,3944,True,geolife,100,270.71067811865476,coarse,19281,59,3050,intra_cell,150,010-20080923231456-1,200,0.16218038483481148,,4321
,300,,False,geolife,100,0.0,coarse,,59,200,cell,100,010-20080923231456-1,0,,no feasible adversarial claim under enabled constraints,4321
16669,300,4085,True,geolife,100,200.0,coarse,19281,59,3000,cell,100,010-20080923231456-1,200,0.13547015196307247,,4321
,300,,False,geolife,100,70.71067811865476,coarse,,59,250,intra_cell,150,010-20080923231456-1,0,,no feasible adversarial claim under enabled constraints,4321
16154,300,3944,True,geolife,100,270.71067811865476,coarse,19281,59,3050,intra_cell,150,010-20080923231456-1,200,0.16218038483481148,,4321
,60,,False,geolife,100,0.0,medium,,59,200,cell,100,010-20080923231456-1,0,,no feasible adversarial claim under enabled constraints,4321
17115,60,4101,True,geolife,100,200.0,medium,19281,59,3000,cell,100,010-20080923231456-1,200,0.11233857165084798,,4321
,60,,False,geolife,100,70.71067811865476,medium,,59,250,intra_cell,150,010-20080923231456-1,0,,no feasible adversarial claim under enabled constraints,4321
16554,60,3944,True,geolife,100,270.71067811865476,medium,19281,59,3050,intra_cell,150,010-20080923231456-1,200,0.1414345728955967,,4321
,120,,False,geolife,100,0.0,medium,,59,200,cell,100,010-20080923231456-1,0,,no feasible adversarial claim under enabled constraints,4321
17115,120,4101,True,geolife,100,200.0,medium,19281,59,3000,cell,100,010-20080923231456-1,200,0.11233857165084798,,4321
,120,,False,geolife,100,70.71067811865476,medium,,59,250,intra_cell,150,010-20080923231456-1,0,,no feasible adversarial claim under enabled constraints,4321
16554,120,3944,True,geolife,100,270.71067811865476,medium,19281,59,3050,intra_cell,150,010-20080923231456-1,200,0.1414345728955967,,4321
,300,,False,geolife,100,0.0,medium,,59,200,cell,100,010-20080923231456-1,0,,no feasible adversarial claim under enabled constraints,4321
17115,300,4101,True,geolife,100,200.0,medium,19281,59,3000,cell,100,010-20080923231456-1,200,0.11233857165084798,,4321
,300,,False,geolife,100,70.71067811865476,medium,,59,250,intra_cell,150,010-20080923231456-1,0,,no feasible adversarial claim under enabled constraints,4321
16554,300,3944,True,geolife,100,270.71067811865476,medium,19281,59,3050,intra_cell,150,010-20080923231456-1,200,0.1414345728955967,,4321
,60,,False,geolife,100,0.0,fine,,59,200,cell,100,010-20080923231456-1,0,,no feasible adversarial claim under enabled constraints,4321
16962,60,4050,True,geolife,100,200.0,fine,19281,59,3000,cell,100,010-20080923231456-1,200,0.12027384471759764,,4321
,60,,False,geolife,100,70.71067811865476,fine,,59,250,intra_cell,150,010-20080923231456-1,0,,no feasible adversarial claim under enabled constraints,4321
16549,60,3983,True,geolife,100,270.71067811865476,fine,19281,59,3050,intra_cell,150,010-20080923231456-1,200,0.14169389554483688,,4321
,120,,False,geolife,100,0.0,fine,,59,200,cell,100,010-20080923231456-1,0,,no feasible adversarial claim under enabled constraints,4321
16962,120,4050,True,geolife,100,200.0,fine,19281,59,3000,cell,100,010-20080923231456-1,200,0.12027384471759764,,4321
,120,,False,geolife,100,70.71067811865476,fine,,59,250,intra_cell,150,010-20080923231456-1,0,,no feasible adversarial claim under enabled constraints,4321
16549,120,3983,True,geolife,100,270.71067811865476,fine,19281,59,3050,intra_cell,150,010-20080923231456-1,200,0.14169389554483688,,4321
,300,,False,geolife,100,0.0,fine,,59,200,cell,100,010-20080923231456-1,0,,no feasible adversarial claim under enabled constraints,4321
16962,300,4050,True,geolife,100,200.0,fine,19281,59,3000,cell,100,010-20080923231456-1,200,0.12027384471759764,,4321
,300,,False,geolife,100,70.71067811865476,fine,,59,250,intra_cell,150,010-20080923231456-1,0,,no feasible adversarial claim under enabled constraints,4321
16549,300,3983,True,geolife,100,270.71067811865476,fine,19281,59,3050,intra_cell,150,010-20080923231456-1,200,0.14169389554483688,,4321
,60,,False,geolife,100,0.0,coarse,,15,200,cell,100,010-20080924113459-1,0,,no feasible adversarial claim under enabled constraints,5159
20652,60,4788,True,geolife,100,200.0,coarse,21973,15,800,cell,100,010-20080924113459-1,200,0.060119237245710645,,5159
,60,,False,geolife,100,70.71067811865476,coarse,,15,250,intra_cell,150,010-20080924113459-1,0,,no feasible adversarial claim under enabled constraints,5159
19955,60,4713,True,geolife,100,270.71067811865476,coarse,21973,15,850,intra_cell,150,010-20080924113459-1,200,0.09183998543667228,,5159
,120,,False,geolife,100,0.0,coarse,,15,200,cell,100,010-20080924113459-1,0,,no feasible adversarial claim under enabled constraints,5159
20652,120,4788,True,geolife,100,200.0,coarse,21973,15,800,cell,100,010-20080924113459-1,200,0.060119237245710645,,5159
,120,,False,geolife,100,70.71067811865476,coarse,,15,250,intra_cell,150,010-20080924113459-1,0,,no feasible adversarial claim under enabled constraints,5159
19955,120,4713,True,geolife,100,270.71067811865476,coarse,21973,15,850,intra_cell,150,010-20080924113459-1,200,0.09183998543667228,,5159
,300,,False,geolife,100,0.0,coarse,,15,200,cell,100,010-20080924113459-1,0,,no feasible adversarial claim under enabled constraints,5159
20652,300,4788,True,geolife,100,200.0,coarse,21973,15,800,cell,100,010-20080924113459-1,200,0.060119237245710645,,5159
,300,,False,geolife,100,70.71067811865476,coarse,,15,250,intra_cell,150,010-20080924113459-1,0,,no feasible adversarial claim under enabled constraints,5159
19955,300,4713,True,geolife,100,270.71067811865476,coarse,21973,15,850,intra_cell,150,010-20080924113459-1,200,0.09183998543667228,,5159
,60,,False,geolife,100,0.0,medium,,15,200,cell,100,010-20080924113459-1,0,,no feasible adversarial claim under enabled constraints,5159
20652,60,4788,True,geolife,100,200.0,medium,21973,15,800,cell,100,010-20080924113459-1,200,0.060119237245710645,,5159
,60,,False,geolife,100,70.71067811865476,medium,,15,250,intra_cell,150,010-20080924113459-1,0,,no feasible adversarial claim under enabled constraints,5159
19955,60,4713,True,geolife,100,270.71067811865476,medium,21973,15,850,intra_cell,150,010-20080924113459-1,200,0.09183998543667228,,5159
,120,,False,geolife,100,0.0,medium,,15,200,cell,100,010-20080924113459-1,0,,no feasible adversarial claim under enabled constraints,5159
20652,120,4788,True,geolife,100,200.0,medium,21973,15,800,cell,100,010-20080924113459-1,200,0.060119237245710645,,5159
,120,,False,geolife,100,70.71067811865476,medium,,15,250,intra_cell,150,010-20080924113459-1,0,,no feasible adversarial claim under enabled constraints,5159
19955,120,4713,True,geolife,100,270.71067811865476,medium,21973,15,850,intra_cell,150,010-20080924113459-1,200,0.09183998543667228,,5159
,300,,False,geolife,100,0.0,medium,,15,200,cell,100,010-20080924113459-1,0,,no feasible adversarial claim under enabled constraints,5159
20652,300,4788,True,geolife,100,200.0,medium,21973,15,800,cell,100,010-20080924113459-1,200,0.060119237245710645,,5159
,300,,False,geolife,100,70.71067811865476,medium,,15,250,intra_cell,150,010-20080924113459-1,0,,no feasible adversarial claim under enabled constraints,5159
19955,300,4713,True,geolife,100,270.71067811865476,medium,21973,15,850,intra_cell,150,010-20080924113459-1,200,0.09183998543667228,,5159
,60,,False,geolife,100,0.0,fine,,15,200,cell,100,010-20080924113459-1,0,,no feasible adversarial claim under enabled constraints,5159
20652,60,4788,True,geolife,100,200.0,fine,21973,15,800,cell,100,010-20080924113459-1,200,0.060119237245710645,,5159
,60,,False,geolife,100,70.71067811865476,fine,,15,250,intra_cell,150,010-20080924113459-1,0,,no feasible adversarial claim under enabled constraints,5159
19955,60,4713,True,geolife,100,270.71067811865476,fine,21973,15,850,intra_cell,150,010-20080924113459-1,200,0.09183998543667228,,5159
,120,,False,geolife,100,0.0,fine,,15,200,cell,100,010-20080924113459-1,0,,no feasible adversarial claim under enabled constraints,5159
20652,120,4788,True,geolife,100,200.0,fine,21973,15,800,cell,100,010-20080924113459-1,200,0.060119237245710645,,5159
,120,,False,geolife,100,70.71067811865476,fine,,15,250,intra_cell,150,010-20080924113459-1,0,,no feasible adversarial claim under enabled constraints,5159
19955,120,4713,True,geolife,100,270.71067811865476,fine,21973,15,850,intra_cell,150,010-20080924113459-1,200,0.09183998543667228,,5159
,300,,False,geolife,100,0.0,fine,,15,200,cell,100,010-20080924113459-1,0,,no feasible adversarial claim under enabled constraints,5159
20652,300,4788,True,geolife,100,200.0,fine,21973,15,800,cell,100,010-20080924113459-1,200,0.060119237245710645,,5159
,300,,False,geolife,100,70.71067811865476,fine,,15,250,intra_cell,150,010-20080924113459-1,0,,no feasible adversarial claim under enabled constraints,5159
19955,300,4713,True,geolife,100,270.71067811865476,fine,21973,15,850,intra_cell,150,010-20080924113459-1,200,0.09183998543667228,,5159
,60,,False,geolife,100,0.0,coarse,,27,200,cell,100,010-20080924231334-1,0,,no feasible adversarial claim under enabled constraints,4024
15475,60,3825,True,geolife,100,200.0,coarse,17750,27,1400,cell,100,010-20080924231334-1,200,0.12816901408450704,,4024
16923,60,3841,True,geolife,100,70.71067811865476,coarse,17750,27,1450,intra_cell,150,010-20080924231334-1,0,0.04659154929577465,,4024
15028,60,3676,True,geolife,100,270.71067811865476,coarse,17750,27,1450,intra_cell,150,010-20080924231334-1,200,0.15335211267605633,,4024
,120,,False,geolife,100,0.0,coarse,,27,200,cell,100,010-20080924231334-1,0,,no feasible adversarial claim under enabled constraints,4024
15475,120,3825,True,geolife,100,200.0,coarse,17750,27,1400,cell,100,010-20080924231334-1,200,0.12816901408450704,,4024
16923,120,3841,True,geolife,100,70.71067811865476,coarse,17750,27,1450,intra_cell,150,010-20080924231334-1,0,0.04659154929577465,,4024
15028,120,3676,True,geolife,100,270.71067811865476,coarse,17750,27,1450,intra_cell,150,010-20080924231334-1,200,0.15335211267605633,,4024
,300,,False,geolife,100,0.0,coarse,,27,200,cell,100,010-20080924231334-1,0,,no feasible adversarial claim under enabled constraints,4024
15475,300,3825,True,geolife,100,200.0,coarse,17750,27,1400,cell,100,010-20080924231334-1,200,0.12816901408450704,,4024
16923,300,3841,True,geolife,100,70.71067811865476,coarse,17750,27,1450,intra_cell,150,010-20080924231334-1,0,0.04659154929577465,,4024
15028,300,3676,True,geolife,100,270.71067811865476,coarse,17750,27,1450,intra_cell,150,010-20080924231334-1,200,0.15335211267605633,,4024
,60,,False,geolife,100,0.0,medium,,27,200,cell,100,010-20080924231334-1,0,,no feasible adversarial claim under enabled constraints,4024
16066,60,3822,True,geolife,100,200.0,medium,17750,27,1400,cell,100,010-20080924231334-1,200,0.09487323943661972,,4024
16923,60,3841,True,geolife,100,70.71067811865476,medium,17750,27,1450,intra_cell,150,010-20080924231334-1,0,0.04659154929577465,,4024
15115,60,3705,True,geolife,100,270.71067811865476,medium,17750,27,1450,intra_cell,150,010-20080924231334-1,200,0.14845070422535211,,4024
,120,,False,geolife,100,0.0,medium,,27,200,cell,100,010-20080924231334-1,0,,no feasible adversarial claim under enabled constraints,4024
16066,120,3822,True,geolife,100,200.0,medium,17750,27,1400,cell,100,010-20080924231334-1,200,0.09487323943661972,,4024
16923,120,3841,True,geolife,100,70.71067811865476,medium,17750,27,1450,intra_cell,150,010-20080924231334-1,0,0.04659154929577465,,4024
15115,120,3705,True,geolife,100,270.71067811865476,medium,17750,27,1450,intra_cell,150,010-20080924231334-1,200,0.14845070422535211,,4024
,300,,False,geolife,100,0.0,medium,,27,200,cell,100,010-20080924231334-1,0,,no feasible adversarial claim under enabled constraints,4024
16066,300,3822,True,geolife,100,200.0,medium,17750,27,1400,cell,100,010-20080924231334-1,200,0.09487323943661972,,4024
16923,300,3841,True,geolife,100,70.71067811865476,medium,17750,27,1450,intra_cell,150,010-20080924231334-1,0,0.04659154929577465,,4024
15115,300,3705,True,geolife,100,270.71067811865476,medium,17750,27,1450,intra_cell,150,010-20080924231334-1,200,0.14845070422535211,,4024
,60,,False,geolife,100,0.0,fine,,27,200,cell,100,010-20080924231334-1,0,,no feasible adversarial claim under enabled constraints,4024
16066,60,3822,True,geolife,100,200.0,fine,17750,27,1400,cell,100,010-20080924231334-1,200,0.09487323943661972,,4024
16923,60,3841,True,geolife,100,70.71067811865476,fine,17750,27,1450,intra_cell,150,010-20080924231334-1,0,0.04659154929577465,,4024
15028,60,3676,True,geolife,100,270.71067811865476,fine,17750,27,1450,intra_cell,150,010-20080924231334-1,200,0.15335211267605633,,4024
,120,,False,geolife,100,0.0,fine,,27,200,cell,100,010-20080924231334-1,0,,no feasible adversarial claim under enabled constraints,4024
16066,120,3822,True,geolife,100,200.0,fine,17750,27,1400,cell,100,010-20080924231334-1,200,0.09487323943661972,,4024
16923,120,3841,True,geolife,100,70.71067811865476,fine,17750,27,1450,intra_cell,150,010-20080924231334-1,0,0.04659154929577465,,4024
15028,120,3676,True,geolife,100,270.71067811865476,fine,17750,27,1450,intra_cell,150,010-20080924231334-1,200,0.15335211267605633,,4024
,300,,False,geolife,100,0.0,fine,,27,200,cell,100,010-20080924231334-1,0,,no feasible adversarial claim under enabled constraints,4024
16066,300,3822,True,geolife,100,200.0,fine,17750,27,1400,cell,100,010-20080924231334-1,200,0.09487323943661972,,4024
16923,300,3841,True,geolife,100,70.71067811865476,fine,17750,27,1450,intra_cell,150,010-20080924231334-1,0,0.04659154929577465,,4024
15028,300,3676,True,geolife,100,270.71067811865476,fine,17750,27,1450,intra_cell,150,010-20080924231334-1,200,0.15335211267605633,,4024
,60,,False,geolife,100,0.0,coarse,,20,200,cell,100,010-20080925104204-0,0,,no feasible adversarial claim under enabled constraints,4968
19611,60,4737,True,geolife,100,200.0,coarse,21492,20,1050,cell,100,010-20080925104204-0,200,0.08752093802345058,,4968
,60,,False,geolife,100,70.71067811865476,coarse,,20,250,intra_cell,150,010-20080925104204-0,0,,no feasible adversarial claim under enabled constraints,4968
19081,60,4627,True,geolife,100,270.71067811865476,coarse,21492,20,1100,intra_cell,150,010-20080925104204-0,200,0.11218127675414108,,4968
,120,,False,geolife,100,0.0,coarse,,20,200,cell,100,010-20080925104204-0,0,,no feasible adversarial claim under enabled constraints,4968
19611,120,4737,True,geolife,100,200.0,coarse,21492,20,1050,cell,100,010-20080925104204-0,200,0.08752093802345058,,4968
,120,,False,geolife,100,70.71067811865476,coarse,,20,250,intra_cell,150,010-20080925104204-0,0,,no feasible adversarial claim under enabled constraints,4968
19081,120,4627,True,geolife,100,270.71067811865476,coarse,21492,20,1100,intra_cell,150,010-20080925104204-0,200,0.11218127675414108,,4968
,300,,False,geolife,100,0.0,coarse,,20,200,cell,100,010-20080925104204-0,0,,no feasible adversarial claim under enabled constraints,4968
19611,300,4737,True,geolife,100,200.0,coarse,21492,20,1050,cell,100,010-20080925104204-0,200,0.08752093802345058,,4968
,300,,False,geolife,100,70.71067811865476,coarse,,20,250,intra_cell,150,010-20080925104204-0,0,,no feasible adversarial claim under enabled constraints,4968
19081,300,4627,True,geolife,100,270.71067811865476,coarse,21492,20,1100,intra_cell,150,010-20080925104204-0,200,0.11218127675414108,,4968
,60,,False,geolife,100,0.0,medium,,20,200,cell,100,010-20080925104204-0,0,,no feasible adversarial claim under enabled constraints,4968
19756,60,4642,True,geolife,100,200.0,medium,21492,20,1050,cell,100,010-20080925104204-0,200,0.08077424157826169,,4968
,60,,False,geolife,100,70.71067811865476,medium,,20,250,intra_cell,150,010-20080925104204-0,0,,no feasible adversarial claim under enabled constraints,4968
19415,60,4605,True,geolife,100,270.71067811865476,medium,21492,20,1100,intra_cell,150,010-20080925104204-0,200,0.09664061045970594,,4968
,120,,False,geolife,100,0.0,medium,,20,200,cell,100,010-20080925104204-0,0,,no feasible adversarial claim under enabled constraints,4968
19756,120,4642,True,geolife,100,200.0,medium,21492,20,1050,cell,100,010-20080925104204-0,200,0.08077424157826169,,4968
,120,,False,geolife,100,70.71067811865476,medium,,20,250,intra_cell,150,010-20080925104204-0,0,,no feasible adversarial claim under enabled constraints,4968
19415,120,4605,True,geolife,100,270.71067811865476,medium,21492,20,1100,intra_cell,150,010-20080925104204-0,200,0.09664061045970594,,4968
,300,,False,geolife,100,0.0,medium,,20,200,cell,100,010-20080925104204-0,0,,no feasible adversarial claim under enabled constraints,4968
19756,300,4642,True,geolife,100,200.0,medium,21492,20,1050,cell,100,010-20080925104204-0,200,0.08077424157826169,,4968
,300,,False,geolife,100,70.71067811865476,medium,,20,250,intra_cell,150,010-20080925104204-0,0,,no feasible adversarial claim under enabled constraints,4968
19415,300,4605,True,geolife,100,270.71067811865476,medium,21492,20,1100,intra_cell,150,010-20080925104204-0,200,0.09664061045970594,,4968
,60,,False,geolife,100,0.0,fine,,20,200,cell,100,010-20080925104204-0,0,,no feasible adversarial claim under enabled constraints,4968
19756,60,4642,True,geolife,100,200.0,fine,21492,20,1050,cell,100,010-20080925104204-0,200,0.08077424157826169,,4968
,60,,False,geolife,100,70.71067811865476,fine,,20,250,intra_cell,150,010-20080925104204-0,0,,no feasible adversarial claim under enabled constraints,4968
19215,60,4565,True,geolife,100,270.71067811865476,fine,21492,20,1100,intra_cell,150,010-20080925104204-0,200,0.1059463986599665,,4968
,120,,False,geolife,100,0.0,fine,,20,200,cell,100,010-20080925104204-0,0,,no feasible adversarial claim under enabled constraints,4968
19756,120,4642,True,geolife,100,200.0,fine,21492,20,1050,cell,100,010-20080925104204-0,200,0.08077424157826169,,4968
,120,,False,geolife,100,70.71067811865476,fine,,20,250,intra_cell,150,010-20080925104204-0,0,,no feasible adversarial claim under enabled constraints,4968
19215,120,4565,True,geolife,100,270.71067811865476,fine,21492,20,1100,intra_cell,150,010-20080925104204-0,200,0.1059463986599665,,4968
,300,,False,geolife,100,0.0,fine,,20,200,cell,100,010-20080925104204-0,0,,no feasible adversarial claim under enabled constraints,4968
19756,300,4642,True,geolife,100,200.0,fine,21492,20,1050,cell,100,010-20080925104204-0,200,0.08077424157826169,,4968
,300,,False,geolife,100,70.71067811865476,fine,,20,250,intra_cell,150,010-20080925104204-0,0,,no feasible adversarial claim under enabled constraints,4968
19215,300,4565,True,geolife,100,270.71067811865476,fine,21492,20,1100,intra_cell,150,010-20080925104204-0,200,0.1059463986599665,,4968
18625,60,4165,True,geolife,100,0.0,coarse,18103,32,1650,cell,100,010-20080925233430-0,0,0.0,,4069
16079,60,3893,True,geolife,100,200.0,coarse,18103,32,1650,cell,100,010-20080925233430-0,200,0.11180467325857593,,4069
18625,60,4165,True,geolife,100,70.71067811865476,coarse,18103,32,1700,intra_cell,150,010-20080925233430-0,0,0.0,,4069
15564,60,3788,True,geolife,100,270.71067811865476,coarse,18103,32,1700,intra_cell,150,010-20080925233430-0,200,0.1402529967408717,,4069
18625,120,4165,True,geolife,100,0.0,coarse,18103,32,1650,cell,100,010-20080925233430-0,0,0.0,,4069
16079,120,3893,True,geolife,100,200.0,coarse,18103,32,1650,cell,100,010-20080925233430-0,200,0.11180467325857593,,4069
18625,120,4165,True,geolife,100,70.71067811865476,coarse,18103,32,1700,intra_cell,150,010-20080925233430-0,0,0.0,,4069
15564,120,3788,True,geolife,100,270.71067811865476,coarse,18103,32,1700,intra_cell,150,010-20080925233430-0,200,0.1402529967408717,,4069
18625,300,4165,True,geolife,100,0.0,coarse,18103,32,1650,cell,100,010-20080925233430-0,0,0.0,,4069
16079,300,3893,True,geolife,100,200.0,coarse,18103,32,1650,cell,100,010-20080925233430-0,200,0.11180467325857593,,4069
18625,300,4165,True,geolife,100,70.71067811865476,coarse,18103,32,1700,intra_cell,150,010-20080925233430-0,0,0.0,,4069
15564,300,3788,True,geolife,100,270.71067811865476,coarse,18103,32,1700,intra_cell,150,010-20080925233430-0,200,0.1402529967408717,,4069
18625,60,4165,True,geolife,100,0.0,medium,18103,32,1650,cell,100,010-20080925233430-0,0,0.0,,4069
16751,60,3917,True,geolife,100,200.0,medium,18103,32,1650,cell,100,010-20080925233430-0,200,0.0746837540739104,,4069
18625,60,4165,True,geolife,100,70.71067811865476,medium,18103,32,1700,intra_cell,150,010-20080925233430-0,0,0.0,,4069
16040,60,3810,True,geolife,100,270.71067811865476,medium,18103,32,1700,intra_cell,150,010-20080925233430-0,200,0.11395901231840026,,4069
18625,120,4165,True,geolife,100,0.0,medium,18103,32,1650,cell,100,010-20080925233430-0,0,0.0,,4069
16751,120,3917,True,geolife,100,200.0,medium,18103,32,1650,cell,100,010-20080925233430-0,200,0.0746837540739104,,4069
18625,120,4165,True,geolife,100,70.71067811865476,medium,18103,32,1700,intra_cell,150,010-20080925233430-0,0,0.0,,4069
16040,120,3810,True,geolife,100,270.71067811865476,medium,18103,32,1700,intra_cell,150,010-20080925233430-0,200,0.11395901231840026,,4069
18625,300,4165,True,geolife,100,0.0,medium,18103,32,1650,cell,100,010-20080925233430-0,0,0.0,,4069
16751,300,3917,True,geolife,100,200.0,medium,18103,32,1650,cell,100,010-20080925233430-0,200,0.0746837540739104,,4069
18625,300,4165,True,geolife,100,70.71067811865476,medium,18103,32,1700,intra_cell,150,010-20080925233430-0,0,0.0,,4069
16040,300,3810,True,geolife,100,270.71067811865476,medium,18103,32,1700,intra_cell,150,010-20080925233430-0,200,0.11395901231840026,,4069
18625,60,4165,True,geolife,100,0.0,fine,18103,32,1650,cell,100,010-20080925233430-0,0,0.0,,4069
16697,60,3899,True,geolife,100,200.0,fine,18103,32,1650,cell,100,010-20080925233430-0,200,0.07766668507982102,,4069
18625,60,4165,True,geolife,100,70.71067811865476,fine,18103,32,1700,intra_cell,150,010-20080925233430-0,0,0.0,,4069
16010,60,3800,True,geolife,100,270.71067811865476,fine,18103,32,1700,intra_cell,150,010-20080925233430-0,200,0.11561619621057283,,4069
18625,120,4165,True,geolife,100,0.0,fine,18103,32,1650,cell,100,010-20080925233430-0,0,0.0,,4069
16697,120,3899,True,geolife,100,200.0,fine,18103,32,1650,cell,100,010-20080925233430-0,200,0.07766668507982102,,4069
18625,120,4165,True,geolife,100,70.71067811865476,fine,18103,32,1700,intra_cell,150,010-20080925233430-0,0,0.0,,4069
16010,120,3800,True,geolife,100,270.71067811865476,fine,18103,32,1700,intra_cell,150,010-20080925233430-0,200,0.11561619621057283,,4069
18625,300,4165,True,geolife,100,0.0,fine,18103,32,1650,cell,100,010-20080925233430-0,0,0.0,,4069
16697,300,3899,True,geolife,100,200.0,fine,18103,32,1650,cell,100,010-20080925233430-0,200,0.07766668507982102,,4069
18625,300,4165,True,geolife,100,70.71067811865476,fine,18103,32,1700,intra_cell,150,010-20080925233430-0,0,0.0,,4069
16010,300,3800,True,geolife,100,270.71067811865476,fine,18103,32,1700,intra_cell,150,010-20080925233430-0,200,0.11561619621057283,,4069
,60,,False,geolife,100,0.0,coarse,,16,200,cell,100,010-20080926105402-0,0,,no feasible adversarial claim under enabled constraints,5124
20281,60,4827,True,geolife,100,200.0,coarse,21916,16,850,cell,100,010-20080926105402-0,200,0.07460302974995438,,5124
,60,,False,geolife,100,70.71067811865476,coarse,,16,250,intra_cell,150,010-20080926105402-0,0,,no feasible adversarial claim under enabled constraints,5124
19715,60,4705,True,geolife,100,270.71067811865476,coarse,21916,16,900,intra_cell,150,010-20080926105402-0,200,0.10042891038510678,,5124
,120,,False,geolife,100,0.0,coarse,,16,200,cell,100,010-20080926105402-0,0,,no feasible adversarial claim under enabled constraints,5124
20281,120,4827,True,geolife,100,200.0,coarse,21916,16,850,cell,100,010-20080926105402-0,200,0.07460302974995438,,5124
,120,,False,geolife,100,70.71067811865476,coarse,,16,250,intra_cell,150,010-20080926105402-0,0,,no feasible adversarial claim under enabled constraints,5124
19715,120,4705,True,geolife,100,270.71067811865476,coarse,21916,16,900,intra_cell,150,010-20080926105402-0,200,0.10042891038510678,,5124
,300,,False,geolife,100,0.0,coarse,,16,200,cell,100,010-20080926105402-0,0,,no feasible adversarial claim under enabled constraints,5124
20281,300,4827,True,geolife,100,200.0,coarse,21916,16,850,cell,100,010-20080926105402-0,200,0.07460302974995438,,5124
,300,,False,geolife,100,70.71067811865476,coarse,,16,250,intra_cell,150,010-20080926105402-0,0,,no feasible adversarial claim under enabled constraints,5124
19715,300,4705,True,geolife,100,270.71067811865476,coarse,21916,16,900,intra_cell,150,010-20080926105402-0,200,0.10042891038510678,,5124
,60,,False,geolife,100,0.0,medium,,16,200,cell,100,010-20080926105402-0,0,,no feasible adversarial claim under enabled constraints,5124
20281,60,4827,True,geolife,100,200.0,medium,21916,16,850,cell,100,010-20080926105402-0,200,0.07460302974995438,,5124
,60,,False,geolife,100,70.71067811865476,medium,,16,250,intra_cell,150,010-20080926105402-0,0,,no feasible adversarial claim under enabled constraints,5124
19715,60,4705,True,geolife,100,270.71067811865476,medium,21916,16,900,intra_cell,150,010-20080926105402-0,200,0.10042891038510678,,5124
,120,,False,geolife,100,0.0,medium,,16,200,cell,100,010-20080926105402-0,0,,no feasible adversarial claim under enabled constraints,5124
20281,120,4827,True,geolife,100,200.0,medium,21916,16,850,cell,100,010-20080926105402-0,200,0.07460302974995438,,5124
,120,,False,geolife,100,70.71067811865476,medium,,16,250,intra_cell,150,010-20080926105402-0,0,,no feasible adversarial claim under enabled constraints,5124
19715,120,4705,True,geolife,100,270.71067811865476,medium,21916,16,900,intra_cell,150,010-20080926105402-0,200,0.10042891038510678,,5124
,300,,False,geolife,100,0.0,medium,,16,200,cell,100,010-20080926105402-0,0,,no feasible adversarial claim under enabled constraints,5124
20281,300,4827,True,geolife,100,200.0,medium,21916,16,850,cell,100,010-20080926105402-0,200,0.07460302974995438,,5124
,300,,False,geolife,100,70.71067811865476,medium,,16,250,intra_cell,150,010-20080926105402-0,0,,no feasible adversarial claim under enabled constraints,5124
19715,300,4705,True,geolife,100,270.71067811865476,medium,21916,16,900,intra_cell,150,010-20080926105402-0,200,0.10042891038510678,,5124
,60,,False,geolife,100,0.0,fine,,16,200,cell,100,010-20080926105402-0,0,,no feasible adversarial claim under enabled constraints,5124
20245,60,4811,True,geolife,100,200.0,fine,21916,16,850,cell,100,010-20080926105402-0,200,0.07624566526738456,,5124
,60,,False,geolife,100,70.71067811865476,fine,,16,250,intra_cell,150,010-20080926105402-0,0,,no feasible adversarial claim under enabled constraints,5124
19715,60,4705,True,geolife,100,270.71067811865476,fine,21916,16,900,intra_cell,150,010-20080926105402-0,200,0.10042891038510678,,5124
,120,,False,geolife,100,0.0,fine,,16,200,cell,100,010-20080926105402-0,0,,no feasible adversarial claim under enabled constraints,5124
20245,120,4811,True,geolife,100,200.0,fine,21916,16,850,cell,100,010-20080926105402-0,200,0.07624566526738456,,5124
,120,,False,geolife,100,70.71067811865476,fine,,16,250,intra_cell,150,010-20080926105402-0,0,,no feasible adversarial claim under enabled constraints,5124
19715,120,4705,True,geolife,100,270.71067811865476,fine,21916,16,900,intra_cell,150,010-20080926105402-0,200,0.10042891038510678,,5124
,300,,False,geolife,100,0.0,fine,,16,200,cell,100,010-20080926105402-0,0,,no feasible adversarial claim under enabled constraints,5124
20245,300,4811,True,geolife,100,200.0,fine,21916,16,850,cell,100,010-20080926105402-0,200,0.07624566526738456,,5124
,300,,False,geolife,100,70.71067811865476,fine,,16,250,intra_cell,150,010-20080926105402-0,0,,no feasible adversarial claim under enabled constraints,5124
19715,300,4705,True,geolife,100,270.71067811865476,fine,21916,16,900,intra_cell,150,010-20080926105402-0,200,0.10042891038510678,,5124
15823,60,3541,True,geolife,100,0.0,coarse,16035,23,1200,cell,100,010-20080927232235-1,0,0.013221078889928281,,3605
13433,60,3411,True,geolife,100,200.0,coarse,16035,23,1200,cell,100,010-20080927232235-1,200,0.1622700342999688,,3605
15823,60,3541,True,geolife,100,70.71067811865476,coarse,16035,23,1250,intra_cell,150,010-20080927232235-1,0,0.013221078889928281,,3605
13028,60,3276,True,geolife,100,270.71067811865476,coarse,16035,23,1250,intra_cell,150,010-20080927232235-1,200,0.1875272840661054,,3605
15823,120,3541,True,geolife,100,0.0,coarse,16035,23,1200,cell,100,010-20080927232235-1,0,0.013221078889928281,,3605
13433,120,3411,True,geolife,100,200.0,coarse,16035,23,1200,cell,100,010-20080927232235-1,200,0.1622700342999688,,3605
15823,120,3541,True,geolife,100,70.71067811865476,coarse,16035,23,1250,intra_cell,150,010-20080927232235-1,0,0.013221078889928281,,3605
13028,120,3276,True,geolife,100,270.71067811865476,coarse,16035,23,1250,intra_cell,150,010-20080927232235-1,200,0.1875272840661054,,3605
15823,300,3541,True,geolife,100,0.0,coarse,16035,23,1200,cell,100,010-20080927232235-1,0,0.013221078889928281,,3605
13433,300,3411,True,geolife,100,200.0,coarse,16035,23,1200,cell,100,010-20080927232235-1,200,0.1622700342999688,,3605
15823,300,3541,True,geolife,100,70.71067811865476,coarse,16035,23,1250,intra_cell,150,010-20080927232235-1,0,0.013221078889928281,,3605
13028,300,3276,True,geolife,100,270.71067811865476,coarse,16035,23,1250,intra_cell,150,010-20080927232235-1,200,0.1875272840661054,,3605
15823,60,3541,True,geolife,100,0.0,medium,16035,23,1200,cell,100,010-20080927232235-1,0,0.013221078889928281,,3605
13433,60,3411,True,geolife,100,200.0,medium,16035,23,1200,cell,100,010-20080927232235-1,200,0.1622700342999688,,3605
15823,60,3541,True,geolife,100,70.71067811865476,medium,16035,23,1250,intra_cell,150,010-20080927232235-1,0,0.013221078889928281,,3605
13028,60,3276,True,geolife,100,270.71067811865476,medium,16035,23,1250,intra_cell,150,010-20080927232235-1,200,0.1875272840661054,,3605
15823,120,3541,True,geolife,100,0.0,medium,16035,23,1200,cell,100,010-20080927232235-1,0,0.013221078889928281,,3605
13433,120,3411,True,geolife,100,200.0,medium,16035,23,1200,cell,100,010-20080927232235-1,200,0.1622700342999688,,3605
15823,120,3541,True,geolife,100,70.71067811865476,medium,16035,23,1250,intra_cell,150,010-20080927232235-1,0,0.013221078889928281,,3605
13028,120,3276,True,geolife,100,270.71067811865476,medium,16035,23,1250,intra_cell,150,010-20080927232235-1,200,0.1875272840661054,,3605
15823,300,3541,True,geolife,100,0.0,medium,16035,23,1200,cell,100,010-20080927232235-1,0,0.013221078889928281,,3605
13433,300,3411,True,geolife,100,200.0,medium,16035,23,1200,cell,100,010-20080927232235-1,200,0.1622700342999688,,3605
15823,300,3541,True,geolife,100,70.71067811865476,medium,16035,23,1250,intra_cell,150,010-20080927232235-1,0,0.013221078889928281,,3605
13028,300,3276,True,geolife,100,270.71067811865476,medium,16035,23,1250,intra_cell,150,010-20080927232235-1,200,0.1875272840661054,,3605
15823,60,3541,True,geolife,100,0.0,fine,16035,23,1200,cell,100,010-20080927232235-1,0,0.013221078889928281,,3605
13433,60,3411,True,geolife,100,200.0,fine,16035,23,1200,cell,100,010-20080927232235-1,200,0.1622700342999688,,3605
15823,60,3541,True,geolife,100,70.71067811865476,fine,16035,23,1250,intra_cell,150,010-20080927232235-1,0,0.013221078889928281,,3605
13028,60,3276,True,geolife,100,270.71067811865476,fine,16035,23,1250,intra_cell,150,010-20080927232235-1,200,0.1875272840661054,,3605
15823,120,3541,True,geolife,100,0.0,fine,16035,23,1200,cell,100,010-20080927232235-1,0,0.013221078889928281,,3605
13433,120,3411,True,geolife,100,200.0,fine,16035,23,1200,cell,100,010-20080927232235-1,200,0.1622700342999688,,3605
15823,120,3541,True,geolife,100,70.71067811865476,fine,16035,23,1250,intra_cell,150,010-20080927232235-1,0,0.013221078889928281,,3605
13028,120,3276,True,geolife,100,270.71067811865476,fine,16035,23,1250,intra_cell,150,010-20080927232235-1,200,0.1875272840661054,,3605
15823,300,3541,True,geolife,100,0.0,fine,16035,23,1200,cell,100,010-20080927232235-1,0,0.013221078889928281,,3605
13433,300,3411,True,geolife,100,200.0,fine,16035,23,1200,cell,100,010-20080927232235-1,200,0.1622700342999688,,3605
15823,300,3541,True,geolife,100,70.71067811865476,fine,16035,23,1250,intra_cell,150,010-20080927232235-1,0,0.013221078889928281,,3605
13028,300,3276,True,geolife,100,270.71067811865476,fine,16035,23,1250,intra_cell,150,010-20080927232235-1,200,0.1875272840661054,,3605
,60,,False,geolife,100,0.0,coarse,,60,200,cell,100,010-20081005225112-1,0,,no feasible adversarial claim under enabled constraints,4014
15498,60,3766,True,geolife,100,200.0,coarse,17388,60,3050,cell,100,010-20081005225112-1,200,0.10869565217391304,,4014
16605,60,3841,True,geolife,100,70.71067811865476,coarse,17388,60,3100,intra_cell,150,010-20081005225112-1,0,0.04503105590062112,,4014
14654,60,3644,True,geolife,100,270.71067811865476,coarse,17388,60,3100,intra_cell,150,010-20081005225112-1,200,0.15723487462617897,,4014
,120,,False,geolife,100,0.0,coarse,,60,200,cell,100,010-20081005225112-1,0,,no feasible adversarial claim under enabled constraints,4014
15498,120,3766,True,geolife,100,200.0,coarse,17388,60,3050,cell,100,010-20081005225112-1,200,0.10869565217391304,,4014
16605,120,3841,True,geolife,100,70.71067811865476,coarse,17388,60,3100,intra_cell,150,010-20081005225112-1,0,0.04503105590062112,,4014
14654,120,3644,True,geolife,100,270.71067811865476,coarse,17388,60,3100,intra_cell,150,010-20081005225112-1,200,0.15723487462617897,,4014
,300,,False,geolife,100,0.0,coarse,,60,200,cell,100,010-20081005225112-1,0,,no feasible adversarial claim under enabled constraints,4014
15498,300,3766,True,geolife,100,200.0,coarse,17388,60,3050,cell,100,010-20081005225112-1,200,0.10869565217391304,,4014
16605,300,3841,True,geolife,100,70.71067811865476,coarse,17388,60,3100,intra_cell,150,010-20081005225112-1,0,0.04503105590062112,,4014
14654,300,3644,True,geolife,100,270.71067811865476,coarse,17388,60,3100,intra_cell,150,010-20081005225112-1,200,0.15723487462617897,,4014
,60,,False,geolife,100,0.0,medium,,60,200,cell,100,010-20081005225112-1,0,,no feasible adversarial claim under enabled constraints,4014
15665,60,3815,True,geolife,100,200.0,medium,17388,60,3050,cell,100,010-20081005225112-1,200,0.09909132735219692,,4014
16605,60,3841,True,geolife,100,70.71067811865476,medium,17388,60,3100,intra_cell,150,010-20081005225112-1,0,0.04503105590062112,,4014
15228,60,3676,True,geolife,100,270.71067811865476,medium,17388,60,3100,intra_cell,150,010-20081005225112-1,200,0.12422360248447205,,4014
,120,,False,geolife,100,0.0,medium,,60,200,cell,100,010-20081005225112-1,0,,no feasible adversarial claim under enabled constraints,4014
15665,120,3815,True,geolife,100,200.0,medium,17388,60,3050,cell,100,010-20081005225112-1,200,0.09909132735219692,,4014
16605,120,3841,True,geolife,100,70.71067811865476,medium,17388,60,3100,intra_cell,150,010-20081005225112-1,0,0.04503105590062112,,4014
15228,120,3676,True,geolife,100,270.71067811865476,medium,17388,60,3100,intra_cell,150,010-20081005225112-1,200,0.12422360248447205,,4014
,300,,False,geolife,100,0.0,medium,,60,200,cell,100,010-20081005225112-1,0,,no feasible adversarial claim under enabled constraints,4014
15665,300,3815,True,geolife,100,200.0,medium,17388,60,3050,cell,100,010-20081005225112-1,200,0.09909132735219692,,4014
16605,300,3841,True,geolife,100,70.71067811865476,medium,17388,60,3100,intra_cell,150,010-20081005225112-1,0,0.04503105590062112,,4014
15228,300,3676,True,geolife,100,270.71067811865476,medium,17388,60,3100,intra_cell,150,010-20081005225112-1,200,0.12422360248447205,,4014
,60,,False,geolife,100,0.0,fine,,60,200,cell,100,010-20081005225112-1,0,,no feasible adversarial claim under enabled constraints,4014
15599,60,3793,True,geolife,100,200.0,fine,17388,60,3050,cell,100,010-20081005225112-1,200,0.10288704853922245,,4014
16605,60,3841,True,geolife,100,70.71067811865476,fine,17388,60,3100,intra_cell,150,010-20081005225112-1,0,0.04503105590062112,,4014
15228,60,3676,True,geolife,100,270.71067811865476,fine,17388,60,3100,intra_cell,150,010-20081005225112-1,200,0.12422360248447205,,4014
,120,,False,geolife,100,0.0,fine,,60,200,cell,100,010-20081005225112-1,0,,no feasible adversarial claim under enabled constraints,4014
15599,120,3793,True,geolife,100,200.0,fine,17388,60,3050,cell,100,010-20081005225112-1,200,0.10288704853922245,,4014
16605,120,3841,True,geolife,100,70.71067811865476,fine,17388,60,3100,intra_cell,150,010-20081005225112-1,0,0.04503105590062112,,4014
15228,120,3676,True,geolife,100,270.71067811865476,fine,17388,60,3100,intra_cell,150,010-20081005225112-1,200,0.12422360248447205,,4014
,300,,False,geolife,100,0.0,fine,,60,200,cell,100,010-20081005225112-1,0,,no feasible adversarial claim under enabled constraints,4014
15599,300,3793,True,geolife,100,200.0,fine,17388,60,3050,cell,100,010-20081005225112-1,200,0.10288704853922245,,4014
16605,300,3841,True,geolife,100,70.71067811865476,fine,17388,60,3100,intra_cell,150,010-20081005225112-1,0,0.04503105590062112,,4014
15228,300,3676,True,geolife,100,270.71067811865476,fine,17388,60,3100,intra_cell,150,010-20081005225112-1,200,0.12422360248447205,,4014
,60,,False,rome,100,0.0,coarse,,25,200,cell,100,rome:60:103-0-s96:p0,0,,no feasible adversarial claim under enabled constraints,1678
127956,60,1683,True,rome,100,200.0,coarse,138722,25,1300,cell,100,rome:60:103-0-s96:p0,200,0.07760845431870936,,1678
,60,,False,rome,100,70.71067811865476,coarse,,25,250,intra_cell,150,rome:60:103-0-s96:p0,0,,no feasible adversarial claim under enabled constraints,1678
126252,60,1567,True,rome,100,270.71067811865476,coarse,138722,25,1350,intra_cell,150,rome:60:103-0-s96:p0,200,0.08989201424431598,,1678
,120,,False,rome,100,0.0,coarse,,25,200,cell,100,rome:60:103-0-s96:p0,0,,no feasible adversarial claim under enabled constraints,1678
16168,120,1488,True,rome,100,200.0,coarse,18646,25,1300,cell,100,rome:60:103-0-s96:p0,200,0.13289713611498444,,1678
,120,,False,rome,100,70.71067811865476,coarse,,25,250,intra_cell,150,rome:60:103-0-s96:p0,0,,no feasible adversarial claim under enabled constraints,1678
14752,120,1383,True,rome,100,270.71067811865476,coarse,18646,25,1350,intra_cell,150,rome:60:103-0-s96:p0,200,0.20883835675211843,,1678
,300,,False,rome,100,0.0,coarse,,25,200,cell,100,rome:60:103-0-s96:p0,0,,no feasible adversarial claim under enabled constraints,1678
16168,300,1488,True,rome,100,200.0,coarse,18646,25,1300,cell,100,rome:60:103-0-s96:p0,200,0.13289713611498444,,1678
,300,,False,rome,100,70.71067811865476,coarse,,25,250,intra_cell,150,rome:60:103-0-s96:p0,0,,no feasible adversarial claim under enabled constraints,1678
14752,300,1383,True,rome,100,270.71067811865476,coarse,18646,25,1350,intra_cell,150,rome:60:103-0-s96:p0,200,0.20883835675211843,,1678
,60,,False,rome,100,0.0,medium,,25,200,cell,100,rome:60:103-0-s96:p0,0,,no feasible adversarial claim under enabled constraints,1678
127956,60,1683,True,rome,100,200.0,medium,138722,25,1300,cell,100,rome:60:103-0-s96:p0,200,0.07760845431870936,,1678
,60,,False,rome,100,70.71067811865476,medium,,25,250,intra_cell,150,rome:60:103-0-s96:p0,0,,no feasible adversarial claim under enabled constraints,1678
126252,60,1567,True,rome,100,270.71067811865476,medium,138722,25,1350,intra_cell,150,rome:60:103-0-s96:p0,200,0.08989201424431598,,1678
,120,,False,rome,100,0.0,medium,,25,200,cell,100,rome:60:103-0-s96:p0,0,,no feasible adversarial claim under enabled constraints,1678
16168,120,1488,True,rome,100,200.0,medium,18646,25,1300,cell,100,rome:60:103-0-s96:p0,200,0.13289713611498444,,1678
,120,,False,rome,100,70.71067811865476,medium,,25,250,intra_cell,150,rome:60:103-0-s96:p0,0,,no feasible adversarial claim under enabled constraints,1678
14752,120,1383,True,rome,100,270.71067811865476,medium,18646,25,1350,intra_cell,150,rome:60:103-0-s96:p0,200,0.20883835675211843,,1678
,300,,False,rome,100,0.0,medium,,25,200,cell,100,rome:60:103-0-s96:p0,0,,no feasible adversarial claim under enabled constraints,1678
16168,300,1488,True,rome,100,200.0,medium,18646,25,1300,cell,100,rome:60:103-0-s96:p0,200,0.13289713611498444,,1678
,300,,False,rome,100,70.71067811865476,medium,,25,250,intra_cell,150,rome:60:103-0-s96:p0,0,,no feasible adversarial claim under enabled constraints,1678
14752,300,1383,True,rome,100,270.71067811865476,medium,18646,25,1350,intra_cell,150,rome:60:103-0-s96:p0,200,0.20883835675211843,,1678
,60,,False,rome,100,0.0,fine,,25,200,cell,100,rome:60:103-0-s96:p0,0,,no feasible adversarial claim under enabled constraints,1678
127956,60,1683,True,rome,100,200.0,fine,138722,25,1300,cell,100,rome:60:103-0-s96:p0,200,0.07760845431870936,,1678
,60,,False,rome,100,70.71067811865476,fine,,25,250,intra_cell,150,rome:60:103-0-s96:p0,0,,no feasible adversarial claim under enabled constraints,1678
126252,60,1567,True,rome,100,270.71067811865476,fine,138722,25,1350,intra_cell,150,rome:60:103-0-s96:p0,200,0.08989201424431598,,1678
,120,,False,rome,100,0.0,fine,,25,200,cell,100,rome:60:103-0-s96:p0,0,,no feasible adversarial claim under enabled constraints,1678
15942,120,1522,True,rome,100,200.0,fine,18646,25,1300,cell,100,rome:60:103-0-s96:p0,200,0.14501769816582646,,1678
,120,,False,rome,100,70.71067811865476,fine,,25,250,intra_cell,150,rome:60:103-0-s96:p0,0,,no feasible adversarial claim under enabled constraints,1678
14752,120,1383,True,rome,100,270.71067811865476,fine,18646,25,1350,intra_cell,150,rome:60:103-0-s96:p0,200,0.20883835675211843,,1678
,300,,False,rome,100,0.0,fine,,25,200,cell,100,rome:60:103-0-s96:p0,0,,no feasible adversarial claim under enabled constraints,1678
15942,300,1522,True,rome,100,200.0,fine,18646,25,1300,cell,100,rome:60:103-0-s96:p0,200,0.14501769816582646,,1678
,300,,False,rome,100,70.71067811865476,fine,,25,250,intra_cell,150,rome:60:103-0-s96:p0,0,,no feasible adversarial claim under enabled constraints,1678
14752,300,1383,True,rome,100,270.71067811865476,fine,18646,25,1350,intra_cell,150,rome:60:103-0-s96:p0,200,0.20883835675211843,,1678
,60,,False,rome,100,0.0,coarse,,25,200,cell,100,rome:60:109-0-s11:p0,0,,no feasible adversarial claim under enabled constraints,854
125868,60,881,True,rome,100,200.0,coarse,130812,25,1300,cell,100,rome:60:109-0-s11:p0,200,0.03779469773415283,,854
129756,60,748,True,rome,100,70.71067811865476,coarse,130812,25,1350,intra_cell,150,rome:60:109-0-s11:p0,0,0.008072653884964682,,854
124164,60,798,True,rome,100,270.71067811865476,coarse,130812,25,1350,intra_cell,150,rome:60:109-0-s11:p0,200,0.0508210255939822,,854
,120,,False,rome,100,0.0,coarse,,25,200,cell,100,rome:60:109-0-s11:p0,0,,no feasible adversarial claim under enabled constraints,854
8664,120,722,True,rome,100,200.0,coarse,10248,25,1300,cell,100,rome:60:109-0-s11:p0,200,0.15456674473067916,,854
8976,120,748,True,rome,100,70.71067811865476,coarse,10248,25,1350,intra_cell,150,rome:60:109-0-s11:p0,0,0.12412177985948478,,854
7728,120,644,True,rome,100,270.71067811865476,coarse,10248,25,1350,intra_cell,150,rome:60:109-0-s11:p0,200,0.2459016393442623,,854
,300,,False,rome,100,0.0,coarse,,25,200,cell,100,rome:60:109-0-s11:p0,0,,no feasible adversarial claim under enabled constraints,854
8664,300,722,True,rome,100,200.0,coarse,10248,25,1300,cell,100,rome:60:109-0-s11:p0,200,0.15456674473067916,,854
8976,300,748,True,rome,100,70.71067811865476,coarse,10248,25,1350,intra_cell,150,rome:60:109-0-s11:p0,0,0.12412177985948478,,854
7728,300,644,True,rome,100,270.71067811865476,coarse,10248,25,1350,intra_cell,150,rome:60:109-0-s11:p0,200,0.2459016393442623,,854
,60,,False,rome,100,0.0,medium,,25,200,cell,100,rome:60:109-0-s11:p0,0,,no feasible adversarial claim under enabled constraints,854
125868,60,881,True,rome,100,200.0,medium,130812,25,1300,cell,100,rome:60:109-0-s11:p0,200,0.03779469773415283,,854
129756,60,748,True,rome,100,70.71067811865476,medium,130812,25,1350,intra_cell,150,rome:60:109-0-s11:p0,0,0.008072653884964682,,854
124164,60,798,True,rome,100,270.71067811865476,medium,130812,25,1350,intra_cell,150,rome:60:109-0-s11:p0,200,0.0508210255939822,,854
,120,,False,rome,100,0.0,medium,,25,200,cell,100,rome:60:109-0-s11:p0,0,,no feasible adversarial claim under enabled constraints,854
8664,120,722,True,rome,100,200.0,medium,10248,25,1300,cell,100,rome:60:109-0-s11:p0,200,0.15456674473067916,,854
8976,120,748,True,rome,100,70.71067811865476,medium,10248,25,1350,intra_cell,150,rome:60:109-0-s11:p0,0,0.12412177985948478,,854
7728,120,644,True,rome,100,270.71067811865476,medium,10248,25,1350,intra_cell,150,rome:60:109-0-s11:p0,200,0.2459016393442623,,854
,300,,False,rome,100,0.0,medium,,25,200,cell,100,rome:60:109-0-s11:p0,0,,no feasible adversarial claim under enabled constraints,854
8664,300,722,True,rome,100,200.0,medium,10248,25,1300,cell,100,rome:60:109-0-s11:p0,200,0.15456674473067916,,854
8976,300,748,True,rome,100,70.71067811865476,medium,10248,25,1350,intra_cell,150,rome:60:109-0-s11:p0,0,0.12412177985948478,,854
7728,300,644,True,rome,100,270.71067811865476,medium,10248,25,1350,intra_cell,150,rome:60:109-0-s11:p0,200,0.2459016393442623,,854
,60,,False,rome,100,0.0,fine,,25,200,cell,100,rome:60:109-0-s11:p0,0,,no feasible adversarial claim under enabled constraints,854
125868,60,881,True,rome,100,200.0,fine,130812,25,1300,cell,100,rome:60:109-0-s11:p0,200,0.03779469773415283,,854
129756,60,748,True,rome,100,70.71067811865476,fine,130812,25,1350,intra_cell,150,rome:60:109-0-s11:p0,0,0.008072653884964682,,854
124164,60,798,True,rome,100,270.71067811865476,fine,130812,25,1350,intra_cell,150,rome:60:109-0-s11:p0,200,0.0508210255939822,,854
,120,,False,rome,100,0.0,fine,,25,200,cell,100,rome:60:109-0-s11:p0,0,,no feasible adversarial claim under enabled constraints,854
8664,120,722,True,rome,100,200.0,fine,10248,25,1300,cell,100,rome:60:109-0-s11:p0,200,0.15456674473067916,,854
8976,120,748,True,rome,100,70.71067811865476,fine,10248,25,1350,intra_cell,150,rome:60:109-0-s11:p0,0,0.12412177985948478,,854
7728,120,644,True,rome,100,270.71067811865476,fine,10248,25,1350,intra_cell,150,rome:60:109-0-s11:p0,200,0.2459016393442623,,854
,300,,False,rome,100,0.0,fine,,25,200,cell,100,rome:60:109-0-s11:p0,0,,no feasible adversarial claim under enabled constraints,854
8664,300,722,True,rome,100,200.0,fine,10248,25,1300,cell,100,rome:60:109-0-s11:p0,200,0.15456674473067916,,854
8976,300,748,True,rome,100,70.71067811865476,fine,10248,25,1350,intra_cell,150,rome:60:109-0-s11:p0,0,0.12412177985948478,,854
7728,300,644,True,rome,100,270.71067811865476,fine,10248,25,1350,intra_cell,150,rome:60:109-0-s11:p0,200,0.2459016393442623,,854
,60,,False,rome,100,0.0,coarse,,25,200,cell,100,rome:60:109-0-s188:p0,0,,no feasible adversarial claim under enabled constraints,1076
146532,60,961,True,rome,100,200.0,coarse,154566,25,1300,cell,100,rome:60:109-0-s188:p0,200,0.05197779589301658,,1076
,60,,False,rome,100,70.71067811865476,coarse,,25,250,intra_cell,150,rome:60:109-0-s188:p0,0,,no feasible adversarial claim under enabled constraints,1076
145332,60,822,True,rome,100,270.71067811865476,coarse,154566,25,1350,intra_cell,150,rome:60:109-0-s188:p0,200,0.05974146966344474,,1076
,120,,False,rome,100,0.0,coarse,,25,200,cell,100,rome:60:109-0-s188:p0,0,,no feasible adversarial claim under enabled constraints,1076
9942,120,922,True,rome,100,200.0,coarse,11874,25,1300,cell,100,rome:60:109-0-s188:p0,200,0.16270843860535625,,1076
,120,,False,rome,100,70.71067811865476,coarse,,25,250,intra_cell,150,rome:60:109-0-s188:p0,0,,no feasible adversarial claim under enabled constraints,1076
8942,120,822,True,rome,100,270.71067811865476,coarse,11874,25,1350,intra_cell,150,rome:60:109-0-s188:p0,200,0.24692605693111,,1076
,300,,False,rome,100,0.0,coarse,,25,200,cell,100,rome:60:109-0-s188:p0,0,,no feasible adversarial claim under enabled constraints,1076
9942,300,922,True,rome,100,200.0,coarse,11874,25,1300,cell,100,rome:60:109-0-s188:p0,200,0.16270843860535625,,1076
,300,,False,rome,100,70.71067811865476,coarse,,25,250,intra_cell,150,rome:60:109-0-s188:p0,0,,no feasible adversarial claim under enabled constraints,1076
8942,300,822,True,rome,100,270.71067811865476,coarse,11874,25,1350,intra_cell,150,rome:60:109-0-s188:p0,200,0.24692605693111,,1076
,60,,False,rome,100,0.0,medium,,25,200,cell,100,rome:60:109-0-s188:p0,0,,no feasible adversarial claim under enabled constraints,1076
146532,60,961,True,rome,100,200.0,medium,154566,25,1300,cell,100,rome:60:109-0-s188:p0,200,0.05197779589301658,,1076
,60,,False,rome,100,70.71067811865476,medium,,25,250,intra_cell,150,rome:60:109-0-s188:p0,0,,no feasible adversarial claim under enabled constraints,1076
145332,60,822,True,rome,100,270.71067811865476,medium,154566,25,1350,intra_cell,150,rome:60:109-0-s188:p0,200,0.05974146966344474,,1076
,120,,False,rome,100,0.0,medium,,25,200,cell,100,rome:60:109-0-s188:p0,0,,no feasible adversarial claim under enabled constraints,1076
9942,120,922,True,rome,100,200.0,medium,11874,25,1300,cell,100,rome:60:109-0-s188:p0,200,0.16270843860535625,,1076
,120,,False,rome,100,70.71067811865476,medium,,25,250,intra_cell,150,rome:60:109-0-s188:p0,0,,no feasible adversarial claim under enabled constraints,1076
8942,120,822,True,rome,100,270.71067811865476,medium,11874,25,1350,intra_cell,150,rome:60:109-0-s188:p0,200,0.24692605693111,,1076
,300,,False,rome,100,0.0,medium,,25,200,cell,100,rome:60:109-0-s188:p0,0,,no feasible adversarial claim under enabled constraints,1076
9942,300,922,True,rome,100,200.0,medium,11874,25,1300,cell,100,rome:60:109-0-s188:p0,200,0.16270843860535625,,1076
,300,,False,rome,100,70.71067811865476,medium,,25,250,intra_cell,150,rome:60:109-0-s188:p0,0,,no feasible adversarial claim under enabled constraints,1076
8942,300,822,True,rome,100,270.71067811865476,medium,11874,25,1350,intra_cell,150,rome:60:109-0-s188:p0,200,0.24692605693111,,1076
,60,,False,rome,100,0.0,fine,,25,200,cell,100,rome:60:109-0-s188:p0,0,,no feasible adversarial claim under enabled constraints,1076
146532,60,961,True,rome,100,200.0,fine,154566,25,1300,cell,100,rome:60:109-0-s188:p0,200,0.05197779589301658,,1076
,60,,False,rome,100,70.71067811865476,fine,,25,250,intra_cell,150,rome:60:109-0-s188:p0,0,,no feasible adversarial claim under enabled constraints,1076
145332,60,822,True,rome,100,270.71067811865476,fine,154566,25,1350,intra_cell,150,rome:60:109-0-s188:p0,200,0.05974146966344474,,1076
,120,,False,rome,100,0.0,fine,,25,200,cell,100,rome:60:109-0-s188:p0,0,,no feasible adversarial claim under enabled constraints,1076
9942,120,922,True,rome,100,200.0,fine,11874,25,1300,cell,100,rome:60:109-0-s188:p0,200,0.16270843860535625,,1076
,120,,False,rome,100,70.71067811865476,fine,,25,250,intra_cell,150,rome:60:109-0-s188:p0,0,,no feasible adversarial claim under enabled constraints,1076
8942,120,822,True,rome,100,270.71067811865476,fine,11874,25,1350,intra_cell,150,rome:60:109-0-s188:p0,200,0.24692605693111,,1076
,300,,False,rome,100,0.0,fine,,25,200,cell,100,rome:60:109-0-s188:p0,0,,no feasible adversarial claim under enabled constraints,1076
9942,300,922,True,rome,100,200.0,fine,11874,25,1300,cell,100,rome:60:109-0-s188:p0,200,0.16270843860535625,,1076
,300,,False,rome,100,70.71067811865476,fine,,25,250,intra_cell,150,rome:60:109-0-s188:p0,0,,no feasible adversarial claim under enabled constraints,1076
8942,300,822,True,rome,100,270.71067811865476,fine,11874,25,1350,intra_cell,150,rome:60:109-0-s188:p0,200,0.24692605693111,,1076
,60,,False,rome,100,0.0,coarse,,25,200,cell,100,rome:60:109-0-s32:p0,0,,no feasible adversarial claim under enabled constraints,1408
175590,60,1364,True,rome,100,200.0,coarse,183394,25,1300,cell,100,rome:60:109-0-s32:p0,200,0.0425531914893617,,1408
,60,,False,rome,100,70.71067811865476,coarse,,25,250,intra_cell,150,rome:60:109-0-s32:p0,0,,no feasible adversarial claim under enabled constraints,1408
173886,60,1346,True,rome,100,270.71067811865476,coarse,183394,25,1350,intra_cell,150,rome:60:109-0-s32:p0,200,0.051844662311744116,,1408
,120,,False,rome,100,0.0,coarse,,25,200,cell,100,rome:60:109-0-s32:p0,0,,no feasible adversarial claim under enabled constraints,1408
12772,120,1205,True,rome,100,200.0,coarse,15742,25,1300,cell,100,rome:60:109-0-s32:p0,200,0.18866725956041164,,1408
,120,,False,rome,100,70.71067811865476,coarse,,25,250,intra_cell,150,rome:60:109-0-s32:p0,0,,no feasible adversarial claim under enabled constraints,1408
11616,120,1105,True,rome,100,270.71067811865476,coarse,15742,25,1350,intra_cell,150,rome:60:109-0-s32:p0,200,0.26210138483039,,1408
,300,,False,rome,100,0.0,coarse,,25,200,cell,100,rome:60:109-0-s32:p0,0,,no feasible adversarial claim under enabled constraints,1408
12772,300,1205,True,rome,100,200.0,coarse,15742,25,1300,cell,100,rome:60:109-0-s32:p0,200,0.18866725956041164,,1408
,300,,False,rome,100,70.71067811865476,coarse,,25,250,intra_cell,150,rome:60:109-0-s32:p0,0,,no feasible adversarial claim under enabled constraints,1408
11616,300,1105,True,rome,100,270.71067811865476,coarse,15742,25,1350,intra_cell,150,rome:60:109-0-s32:p0,200,0.26210138483039,,1408
,60,,False,rome,100,0.0,medium,,25,200,cell,100,rome:60:109-0-s32:p0,0,,no feasible adversarial claim under enabled constraints,1408
175590,60,1364,True,rome,100,200.0,medium,183394,25,1300,cell,100,rome:60:109-0-s32:p0,200,0.0425531914893617,,1408
,60,,False,rome,100,70.71067811865476,medium,,25,250,intra_cell,150,rome:60:109-0-s32:p0,0,,no feasible adversarial claim under enabled constraints,1408
173886,60,1346,True,rome,100,270.71067811865476,medium,183394,25,1350,intra_cell,150,rome:60:109-0-s32:p0,200,0.051844662311744116,,1408
,120,,False,rome,100,0.0,medium,,25,200,cell,100,rome:60:109-0-s32:p0,0,,no feasible adversarial claim under enabled constraints,1408
12552,120,1183,True,rome,100,200.0,medium,15742,25,1300,cell,100,rome:60:109-0-s32:p0,200,0.20264261212044213,,1408
,120,,False,rome,100,70.71067811865476,medium,,25,250,intra_cell,150,rome:60:109-0-s32:p0,0,,no feasible adversarial claim under enabled constraints,1408
11552,120,1083,True,rome,100,270.71067811865476,medium,15742,25,1350,intra_cell,150,rome:60:109-0-s32:p0,200,0.26616694193876256,,1408
,300,,False,rome,100,0.0,medium,,25,200,cell,100,rome:60:109-0-s32:p0,0,,no feasible adversarial claim under enabled constraints,1408
12552,300,1183,True,rome,100,200.0,medium,15742,25,1300,cell,100,rome:60:109-0-s32:p0,200,0.20264261212044213,,1408
,300,,False,rome,100,70.71067811865476,medium,,25,250,intra_cell,150,rome:60:109-0-s32:p0,0,,no feasible adversarial claim under enabled constraints,1408
11552,300,1083,True,rome,100,270.71067811865476,medium,15742,25,1350,intra_cell,150,rome:60:109-0-s32:p0,200,0.26616694193876256,,1408
,60,,False,rome,100,0.0,fine,,25,200,cell,100,rome:60:109-0-s32:p0,0,,no feasible adversarial claim under enabled constraints,1408
175590,60,1364,True,rome,100,200.0,fine,183394,25,1300,cell,100,rome:60:109-0-s32:p0,200,0.0425531914893617,,1408
,60,,False,rome,100,70.71067811865476,fine,,25,250,intra_cell,150,rome:60:109-0-s32:p0,0,,no feasible adversarial claim under enabled constraints,1408
173886,60,1324,True,rome,100,270.71067811865476,fine,183394,25,1350,intra_cell,150,rome:60:109-0-s32:p0,200,0.051844662311744116,,1408
,120,,False,rome,100,0.0,fine,,25,200,cell,100,rome:60:109-0-s32:p0,0,,no feasible adversarial claim under enabled constraints,1408
12772,120,1205,True,rome,100,200.0,fine,15742,25,1300,cell,100,rome:60:109-0-s32:p0,200,0.18866725956041164,,1408
,120,,False,rome,100,70.71067811865476,fine,,25,250,intra_cell,150,rome:60:109-0-s32:p0,0,,no feasible adversarial claim under enabled constraints,1408
11616,120,1105,True,rome,100,270.71067811865476,fine,15742,25,1350,intra_cell,150,rome:60:109-0-s32:p0,200,0.26210138483039,,1408
,300,,False,rome,100,0.0,fine,,25,200,cell,100,rome:60:109-0-s32:p0,0,,no feasible adversarial claim under enabled constraints,1408
12772,300,1205,True,rome,100,200.0,fine,15742,25,1300,cell,100,rome:60:109-0-s32:p0,200,0.18866725956041164,,1408
,300,,False,rome,100,70.71067811865476,fine,,25,250,intra_cell,150,rome:60:109-0-s32:p0,0,,no feasible adversarial claim under enabled constraints,1408
11616,300,1105,True,rome,100,270.71067811865476,fine,15742,25,1350,intra_cell,150,rome:60:109-0-s32:p0,200,0.26210138483039,,1408
,60,,False,rome,100,0.0,coarse,,25,200,cell,100,rome:60:109-0-s40:p0,0,,no feasible adversarial claim under enabled constraints,2463
132102,60,2399,True,rome,100,200.0,coarse,148140,25,1300,cell,100,rome:60:109-0-s40:p0,200,0.10826245443499392,,2463
,60,,False,rome,100,70.71067811865476,coarse,,25,250,intra_cell,150,rome:60:109-0-s40:p0,0,,no feasible adversarial claim under enabled constraints,2463
128922,60,2240,True,rome,100,270.71067811865476,coarse,148140,25,1350,intra_cell,150,rome:60:109-0-s40:p0,200,0.12972863507492913,,2463
,120,,False,rome,100,0.0,coarse,,25,200,cell,100,rome:60:109-0-s40:p0,0,,no feasible adversarial claim under enabled constraints,2463
24466,120,2210,True,rome,100,200.0,coarse,28662,25,1300,cell,100,rome:60:109-0-s40:p0,200,0.1463959249180099,,2463
,120,,False,rome,100,70.71067811865476,coarse,,25,250,intra_cell,150,rome:60:109-0-s40:p0,0,,no feasible adversarial claim under enabled constraints,2463
22894,120,2105,True,rome,100,270.71067811865476,coarse,28662,25,1350,intra_cell,150,rome:60:109-0-s40:p0,200,0.2012420626613635,,2463
,300,,False,rome,100,0.0,coarse,,25,200,cell,100,rome:60:109-0-s40:p0,0,,no feasible adversarial claim under enabled constraints,2463
24466,300,2210,True,rome,100,200.0,coarse,28662,25,1300,cell,100,rome:60:109-0-s40:p0,200,0.1463959249180099,,2463
,300,,False,rome,100,70.71067811865476,coarse,,25,250,intra_cell,150,rome:60:109-0-s40:p0,0,,no feasible adversarial claim under enabled constraints,2463
22894,300,2105,True,rome,100,270.71067811865476,coarse,28662,25,1350,intra_cell,150,rome:60:109-0-s40:p0,200,0.2012420626613635,,2463
,60,,False,rome,100,0.0,medium,,25,200,cell,100,rome:60:109-0-s40:p0,0,,no feasible adversarial claim under enabled constraints,2463
132102,60,2399,True,rome,100,200.0,medium,148140,25,1300,cell,100,rome:60:109-0-s40:p0,200,0.10826245443499392,,2463
,60,,False,rome,100,70.71067811865476,medium,,25,250,intra_cell,150,rome:60:109-0-s40:p0,0,,no feasible adversarial claim under enabled constraints,2463
128922,60,2240,True,rome,100,270.71067811865476,medium,148140,25,1350,intra_cell,150,rome:60:109-0-s40:p0,200,0.12972863507492913,,2463
,120,,False,rome,100,0.0,medium,,25,200,cell,100,rome:60:109-0-s40:p0,0,,no feasible adversarial claim under enabled constraints,2463
24548,120,2166,True,rome,100,200.0,medium,28662,25,1300,cell,100,rome:60:109-0-s40:p0,200,0.1435349940688019,,2463
,120,,False,rome,100,70.71067811865476,medium,,25,250,intra_cell,150,rome:60:109-0-s40:p0,0,,no feasible adversarial claim under enabled constraints,2463
23216,120,2105,True,rome,100,270.71067811865476,medium,28662,25,1350,intra_cell,150,rome:60:109-0-s40:p0,200,0.190007675668132,,2463
,300,,False,rome,100,0.0,medium,,25,200,cell,100,rome:60:109-0-s40:p0,0,,no feasible adversarial claim under enabled constraints,2463
24548,300,2166,True,rome,100,200.0,medium,28662,25,1300,cell,100,rome:60:109-0-s40:p0,200,0.1435349940688019,,2463
,300,,False,rome,100,70.71067811865476,medium,,25,250,intra_cell,150,rome:60:109-0-s40:p0,0,,no feasible adversarial claim under enabled constraints,2463
23216,300,2105,True,rome,100,270.71067811865476,medium,28662,25,1350,intra_cell,150,rome:60:109-0-s40:p0,200,0.190007675668132,,2463
,60,,False,rome,100,0.0,fine,,25,200,cell,100,rome:60:109-0-s40:p0,0,,no feasible adversarial claim under enabled constraints,2463
132240,60,2387,True,rome,100,200.0,fine,148140,25,1300,cell,100,rome:60:109-0-s40:p0,200,0.10733090319967598,,2463
,60,,False,rome,100,70.71067811865476,fine,,25,250,intra_cell,150,rome:60:109-0-s40:p0,0,,no feasible adversarial claim under enabled constraints,2463
128922,60,2240,True,rome,100,270.71067811865476,fine,148140,25,1350,intra_cell,150,rome:60:109-0-s40:p0,200,0.12972863507492913,,2463
,120,,False,rome,100,0.0,fine,,25,200,cell,100,rome:60:109-0-s40:p0,0,,no feasible adversarial claim under enabled constraints,2463
24304,120,2266,True,rome,100,200.0,fine,28662,25,1300,cell,100,rome:60:109-0-s40:p0,200,0.15204800781522573,,2463
,120,,False,rome,100,70.71067811865476,fine,,25,250,intra_cell,150,rome:60:109-0-s40:p0,0,,no feasible adversarial claim under enabled constraints,2463
22884,120,2144,True,rome,100,270.71067811865476,fine,28662,25,1350,intra_cell,150,rome:60:109-0-s40:p0,200,0.20159095666736446,,2463
,300,,False,rome,100,0.0,fine,,25,200,cell,100,rome:60:109-0-s40:p0,0,,no feasible adversarial claim under enabled constraints,2463
24304,300,2266,True,rome,100,200.0,fine,28662,25,1300,cell,100,rome:60:109-0-s40:p0,200,0.15204800781522573,,2463
,300,,False,rome,100,70.71067811865476,fine,,25,250,intra_cell,150,rome:60:109-0-s40:p0,0,,no feasible adversarial claim under enabled constraints,2463
22884,300,2144,True,rome,100,270.71067811865476,fine,28662,25,1350,intra_cell,150,rome:60:109-0-s40:p0,200,0.20159095666736446,,2463
,60,,False,rome,100,0.0,coarse,,25,200,cell,100,rome:60:109-0-s42:p0,0,,no feasible adversarial claim under enabled constraints,2377
178344,60,2462,True,rome,100,200.0,coarse,191614,25,1300,cell,100,rome:60:109-0-s42:p0,200,0.06925381235191583,,2377
,60,,False,rome,100,70.71067811865476,coarse,,25,250,intra_cell,150,rome:60:109-0-s42:p0,0,,no feasible adversarial claim under enabled constraints,2377
176652,60,2330,True,rome,100,270.71067811865476,coarse,191614,25,1350,intra_cell,150,rome:60:109-0-s42:p0,200,0.07808406483868612,,2377
,120,,False,rome,100,0.0,coarse,,25,200,cell,100,rome:60:109-0-s42:p0,0,,no feasible adversarial claim under enabled constraints,2377
23216,120,2105,True,rome,100,200.0,coarse,26936,25,1300,cell,100,rome:60:109-0-s42:p0,200,0.1381051381051381,,2377
,120,,False,rome,100,70.71067811865476,coarse,,25,250,intra_cell,150,rome:60:109-0-s42:p0,0,,no feasible adversarial claim under enabled constraints,2377
22162,120,2044,True,rome,100,270.71067811865476,coarse,26936,25,1350,intra_cell,150,rome:60:109-0-s42:p0,200,0.17723492723492723,,2377
,300,,False,rome,100,0.0,coarse,,25,200,cell,100,rome:60:109-0-s42:p0,0,,no feasible adversarial claim under enabled constraints,2377
23216,300,2105,True,rome,100,200.0,coarse,26936,25,1300,cell,100,rome:60:109-0-s42:p0,200,0.1381051381051381,,2377
,300,,False,rome,100,70.71067811865476,coarse,,25,250,intra_cell,150,rome:60:109-0-s42:p0,0,,no feasible adversarial claim under enabled constraints,2377
22162,300,2044,True,rome,100,270.71067811865476,coarse,26936,25,1350,intra_cell,150,rome:60:109-0-s42:p0,200,0.17723492723492723,,2377
,60,,False,rome,100,0.0,medium,,25,200,cell,100,rome:60:109-0-s42:p0,0,,no feasible adversarial claim under enabled constraints,2377
178344,60,2462,True,rome,100,200.0,medium,191614,25,1300,cell,100,rome:60:109-0-s42:p0,200,0.06925381235191583,,2377
,60,,False,rome,100,70.71067811865476,medium,,25,250,intra_cell,150,rome:60:109-0-s42:p0,0,,no feasible adversarial claim under enabled constraints,2377
176652,60,2330,True,rome,100,270.71067811865476,medium,191614,25,1350,intra_cell,150,rome:60:109-0-s42:p0,200,0.07808406483868612,,2377
,120,,False,rome,100,0.0,medium,,25,200,cell,100,rome:60:109-0-s42:p0,0,,no feasible adversarial claim under enabled constraints,2377
23436,120,2127,True,rome,100,200.0,medium,26936,25,1300,cell,100,rome:60:109-0-s42:p0,200,0.12993762993762994,,2377
,120,,False,rome,100,70.71067811865476,medium,,25,250,intra_cell,150,rome:60:109-0-s42:p0,0,,no feasible adversarial claim under enabled constraints,2377
22162,120,2044,True,rome,100,270.71067811865476,medium,26936,25,1350,intra_cell,150,rome:60:109-0-s42:p0,200,0.17723492723492723,,2377
,300,,False,rome,100,0.0,medium,,25,200,cell,100,rome:60:109-0-s42:p0,0,,no feasible adversarial claim under enabled constraints,2377
23436,300,2127,True,rome,100,200.0,medium,26936,25,1300,cell,100,rome:60:109-0-s42:p0,200,0.12993762993762994,,2377
,300,,False,rome,100,70.71067811865476,medium,,25,250,intra_cell,150,rome:60:109-0-s42:p0,0,,no feasible adversarial claim under enabled constraints,2377
22162,300,2044,True,rome,100,270.71067811865476,medium,26936,25,1350,intra_cell,150,rome:60:109-0-s42:p0,200,0.17723492723492723,,2377
,60,,False,rome,100,0.0,fine,,25,200,cell,100,rome:60:109-0-s42:p0,0,,no feasible adversarial claim under enabled constraints,2377
178344,60,2462,True,rome,100,200.0,fine,191614,25,1300,cell,100,rome:60:109-0-s42:p0,200,0.06925381235191583,,2377
,60,,False,rome,100,70.71067811865476,fine,,25,250,intra_cell,150,rome:60:109-0-s42:p0,0,,no feasible adversarial claim under enabled constraints,2377
176652,60,2330,True,rome,100,270.71067811865476,fine,191614,25,1350,intra_cell,150,rome:60:109-0-s42:p0,200,0.07808406483868612,,2377
,120,,False,rome,100,0.0,fine,,25,200,cell,100,rome:60:109-0-s42:p0,0,,no feasible adversarial claim under enabled constraints,2377
23216,120,2105,True,rome,100,200.0,fine,26936,25,1300,cell,100,rome:60:109-0-s42:p0,200,0.1381051381051381,,2377
,120,,False,rome,100,70.71067811865476,fine,,25,250,intra_cell,150,rome:60:109-0-s42:p0,0,,no feasible adversarial claim under enabled constraints,2377
21930,120,2093,True,rome,100,270.71067811865476,fine,26936,25,1350,intra_cell,150,rome:60:109-0-s42:p0,200,0.18584793584793585,,2377
,300,,False,rome,100,0.0,fine,,25,200,cell,100,rome:60:109-0-s42:p0,0,,no feasible adversarial claim under enabled constraints,2377
23216,300,2105,True,rome,100,200.0,fine,26936,25,1300,cell,100,rome:60:109-0-s42:p0,200,0.1381051381051381,,2377
,300,,False,rome,100,70.71067811865476,fine,,25,250,intra_cell,150,rome:60:109-0-s42:p0,0,,no feasible adversarial claim under enabled constraints,2377
21930,300,2093,True,rome,100,270.71067811865476,fine,26936,25,1350,intra_cell,150,rome:60:109-0-s42:p0,200,0.18584793584793585,,2377
259232,60,616,True,rome,100,0.0,coarse,258564,25,1300,cell,100,rome:60:11-0-s136:p0,0,0.0,,574
254440,60,565,True,rome,100,200.0,coarse,258564,25,1300,cell,100,rome:60:11-0-s136:p0,200,0.015949629492118006,,574
259232,60,616,True,rome,100,70.71067811865476,coarse,258564,25,1350,intra_cell,150,rome:60:11-0-s136:p0,0,0.0,,574
253440,60,424,True,rome,100,270.71067811865476,coarse,258564,25,1350,intra_cell,150,rome:60:11-0-s136:p0,200,0.019817143917946815,,574
6792,120,616,True,rome,100,0.0,coarse,6364,25,1300,cell,100,rome:60:11-0-s136:p0,0,0.0,,574
4610,120,461,True,rome,100,200.0,coarse,6364,25,1300,cell,100,rome:60:11-0-s136:p0,200,0.27561282212445004,,574
6792,120,616,True,rome,100,70.71067811865476,coarse,6364,25,1350,intra_cell,150,rome:60:11-0-s136:p0,0,0.0,,574
3610,120,361,True,rome,100,270.71067811865476,coarse,6364,25,1350,intra_cell,150,rome:60:11-0-s136:p0,200,0.43274670018856065,,574
6792,300,616,True,rome,100,0.0,coarse,6364,25,1300,cell,100,rome:60:11-0-s136:p0,0,0.0,,574
4610,300,461,True,rome,100,200.0,coarse,6364,25,1300,cell,100,rome:60:11-0-s136:p0,200,0.27561282212445004,,574
6792,300,616,True,rome,100,70.71067811865476,coarse,6364,25,1350,intra_cell,150,rome:60:11-0-s136:p0,0,0.0,,574
3610,300,361,True,rome,100,270.71067811865476,coarse,6364,25,1350,intra_cell,150,rome:60:11-0-s136:p0,200,0.43274670018856065,,574
258600,60,616,True,rome,100,0.0,medium,257940,25,1300,cell,100,rome:60:11-0-s136:p0,0,0.0,,574
254440,60,565,True,rome,100,200.0,medium,257940,25,1300,cell,100,rome:60:11-0-s136:p0,200,0.013569047065208964,,574
258600,60,616,True,rome,100,70.71067811865476,medium,257940,25,1350,intra_cell,150,rome:60:11-0-s136:p0,0,0.0,,574
253440,60,424,True,rome,100,270.71067811865476,medium,257940,25,1350,intra_cell,150,rome:60:11-0-s136:p0,200,0.017445917655268667,,574
6160,120,616,True,rome,100,0.0,medium,5740,25,1300,cell,100,rome:60:11-0-s136:p0,0,0.0,,574
4610,120,461,True,rome,100,200.0,medium,5740,25,1300,cell,100,rome:60:11-0-s136:p0,200,0.19686411149825783,,574
6160,120,616,True,rome,100,70.71067811865476,medium,5740,25,1350,intra_cell,150,rome:60:11-0-s136:p0,0,0.0,,574
3610,120,361,True,rome,100,270.71067811865476,medium,5740,25,1350,intra_cell,150,rome:60:11-0-s136:p0,200,0.3710801393728223,,574
6160,300,616,True,rome,100,0.0,medium,5740,25,1300,cell,100,rome:60:11-0-s136:p0,0,0.0,,574
4610,300,461,True,rome,100,200.0,medium,5740,25,1300,cell,100,rome:60:11-0-s136:p0,200,0.19686411149825783,,574
6160,300,616,True,rome,100,70.71067811865476,medium,5740,25,1350,intra_cell,150,rome:60:11-0-s136:p0,0,0.0,,574
3610,300,361,True,rome,100,270.71067811865476,medium,5740,25,1350,intra_cell,150,rome:60:11-0-s136:p0,200,0.3710801393728223,,574
258600,60,616,True,rome,100,0.0,fine,257940,25,1300,cell,100,rome:60:11-0-s136:p0,0,0.0,,574
254440,60,565,True,rome,100,200.0,fine,257940,25,1300,cell,100,rome:60:11-0-s136:p0,200,0.013569047065208964,,574
258600,60,616,True,rome,100,70.71067811865476,fine,257940,25,1350,intra_cell,150,rome:60:11-0-s136:p0,0,0.0,,574
253440,60,424,True,rome,100,270.71067811865476,fine,257940,25,1350,intra_cell,150,rome:60:11-0-s136:p0,200,0.017445917655268667,,574
6160,120,616,True,rome,100,0.0,fine,5740,25,1300,cell,100,rome:60:11-0-s136:p0,0,0.0,,574
4610,120,461,True,rome,100,200.0,fine,5740,25,1300,cell,100,rome:60:11-0-s136:p0,200,0.19686411149825783,,574
6160,120,616,True,rome,100,70.71067811865476,fine,5740,25,1350,intra_cell,150,rome:60:11-0-s136:p0,0,0.0,,574
3610,120,361,True,rome,100,270.71067811865476,fine,5740,25,1350,intra_cell,150,rome:60:11-0-s136:p0,200,0.3710801393728223,,574
6160,300,616,True,rome,100,0.0,fine,5740,25,1300,cell,100,rome:60:11-0-s136:p0,0,0.0,,574
4610,300,461,True,rome,100,200.0,fine,5740,25,1300,cell,100,rome:60:11-0-s136:p0,200,0.19686411149825783,,574
6160,300,616,True,rome,100,70.71067811865476,fine,5740,25,1350,intra_cell,150,rome:60:11-0-s136:p0,0,0.0,,574
3610,300,361,True,rome,100,270.71067811865476,fine,5740,25,1350,intra_cell,150,rome:60:11-0-s136:p0,200,0.3710801393728223,,574
274448,60,500,True,rome,100,0.0,coarse,276278,25,1300,cell,100,rome:60:11-0-s186:p0,0,0.006623763021304628,,568
272448,60,565,True,rome,100,200.0,coarse,276278,25,1300,cell,100,rome:60:11-0-s186:p0,200,0.013862848290490015,,568
274448,60,500,True,rome,100,70.71067811865476,coarse,276278,25,1350,intra_cell,150,rome:60:11-0-s186:p0,0,0.006623763021304628,,568
272448,60,424,True,rome,100,270.71067811865476,coarse,276278,25,1350,intra_cell,150,rome:60:11-0-s186:p0,200,0.013862848290490015,,568
5000,120,500,True,rome,100,0.0,coarse,5680,25,1300,cell,100,rome:60:11-0-s186:p0,0,0.11971830985915492,,568
4830,120,483,True,rome,100,200.0,coarse,5680,25,1300,cell,100,rome:60:11-0-s186:p0,200,0.14964788732394366,,568
5000,120,500,True,rome,100,70.71067811865476,coarse,5680,25,1350,intra_cell,150,rome:60:11-0-s186:p0,0,0.11971830985915492,,568
3610,120,361,True,rome,100,270.71067811865476,coarse,5680,25,1350,intra_cell,150,rome:60:11-0-s186:p0,200,0.3644366197183099,,568
5000,300,500,True,rome,100,0.0,coarse,5680,25,1300,cell,100,rome:60:11-0-s186:p0,0,0.11971830985915492,,568
4830,300,483,True,rome,100,200.0,coarse,5680,25,1300,cell,100,rome:60:11-0-s186:p0,200,0.14964788732394366,,568
5000,300,500,True,rome,100,70.71067811865476,coarse,5680,25,1350,intra_cell,150,rome:60:11-0-s186:p0,0,0.11971830985915492,,568
3610,300,361,True,rome,100,270.71067811865476,coarse,5680,25,1350,intra_cell,150,rome:60:11-0-s186:p0,200,0.3644366197183099,,568
274448,60,500,True,rome,100,0.0,medium,276278,25,1300,cell,100,rome:60:11-0-s186:p0,0,0.006623763021304628,,568
272448,60,565,True,rome,100,200.0,medium,276278,25,1300,cell,100,rome:60:11-0-s186:p0,200,0.013862848290490015,,568
274448,60,500,True,rome,100,70.71067811865476,medium,276278,25,1350,intra_cell,150,rome:60:11-0-s186:p0,0,0.006623763021304628,,568
272448,60,424,True,rome,100,270.71067811865476,medium,276278,25,1350,intra_cell,150,rome:60:11-0-s186:p0,200,0.013862848290490015,,568
5000,120,500,True,rome,100,0.0,medium,5680,25,1300,cell,100,rome:60:11-0-s186:p0,0,0.11971830985915492,,568
4610,120,461,True,rome,100,200.0,medium,5680,25,1300,cell,100,rome:60:11-0-s186:p0,200,0.18838028169014084,,568
5000,120,500,True,rome,100,70.71067811865476,medium,5680,25,1350,intra_cell,150,rome:60:11-0-s186:p0,0,0.11971830985915492,,568
3610,120,361,True,rome,100,270.71067811865476,medium,5680,25,1350,intra_cell,150,rome:60:11-0-s186:p0,200,0.3644366197183099,,568
5000,300,500,True,rome,100,0.0,medium,5680,25,1300,cell,100,rome:60:11-0-s186:p0,0,0.11971830985915492,,568
4610,300,461,True,rome,100,200.0,medium,5680,25,1300,cell,100,rome:60:11-0-s186:p0,200,0.18838028169014084,,568
5000,300,500,True,rome,100,70.71067811865476,medium,5680,25,1350,intra_cell,150,rome:60:11-0-s186:p0,0,0.11971830985915492,,568
3610,300,361,True,rome,100,270.71067811865476,medium,5680,25,1350,intra_cell,150,rome:60:11-0-s186:p0,200,0.3644366197183099,,568
274448,60,500,True,rome,100,0.0,fine,276278,25,1300,cell,100,rome:60:11-0-s186:p0,0,0.006623763021304628,,568
272448,60,565,True,rome,100,200.0,fine,276278,25,1300,cell,100,rome:60:11-0-s186:p0,200,0.013862848290490015,,568
274448,60,500,True,rome,100,70.71067811865476,fine,276278,25,1350,intra_cell,150,rome:60:11-0-s186:p0,0,0.006623763021304628,,568
272448,60,424,True,rome,100,270.71067811865476,fine,276278,25,1350,intra_cell,150,rome:60:11-0-s186:p0,200,0.013862848290490015,,568
5000,120,500,True,rome,100,0.0,fine,5680,25,1300,cell,100,rome:60:11-0-s186:p0,0,0.11971830985915492,,568
4610,120,461,True,rome,100,200.0,fine,5680,25,1300,cell,100,rome:60:11-0-s186:p0,200,0.18838028169014084,,568
5000,120,500,True,rome,100,70.71067811865476,fine,5680,25,1350,intra_cell,150,rome:60:11-0-s186:p0,0,0.11971830985915492,,568
3610,120,361,True,rome,100,270.71067811865476,fine,5680,25,1350,intra_cell,150,rome:60:11-0-s186:p0,200,0.3644366197183099,,568
5000,300,500,True,rome,100,0.0,fine,5680,25,1300,cell,100,rome:60:11-0-s186:p0,0,0.11971830985915492,,568
4610,300,461,True,rome,100,200.0,fine,5680,25,1300,cell,100,rome:60:11-0-s186:p0,200,0.18838028169014084,,568
5000,300,500,True,rome,100,70.71067811865476,fine,5680,25,1350,intra_cell,150,rome:60:11-0-s186:p0,0,0.11971830985915492,,568
3610,300,361,True,rome,100,270.71067811865476,fine,5680,25,1350,intra_cell,150,rome:60:11-0-s186:p0,200,0.3644366197183099,,568
,60,,False,rome,100,0.0,coarse,,25,200,cell,100,rome:60:127-0-s273:p0,0,,no feasible adversarial claim under enabled constraints,1292
59376,60,1205,True,rome,100,200.0,coarse,63780,25,1300,cell,100,rome:60:127-0-s273:p0,200,0.06904985888993415,,1292
63060,60,1229,True,rome,100,70.71067811865476,coarse,63780,25,1350,intra_cell,150,rome:60:127-0-s273:p0,0,0.011288805268109126,,1292
57684,60,1097,True,rome,100,270.71067811865476,coarse,63780,25,1350,intra_cell,150,rome:60:127-0-s273:p0,200,0.0955785512699906,,1292
,120,,False,rome,100,0.0,coarse,,25,200,cell,100,rome:60:127-0-s273:p0,0,,no feasible adversarial claim under enabled constraints,1292
12996,120,1083,True,rome,100,200.0,coarse,15504,25,1300,cell,100,rome:60:127-0-s273:p0,200,0.16176470588235295,,1292
14748,120,1229,True,rome,100,70.71067811865476,coarse,15504,25,1350,intra_cell,150,rome:60:127-0-s273:p0,0,0.048761609907120744,,1292
12060,120,1005,True,rome,100,270.71067811865476,coarse,15504,25,1350,intra_cell,150,rome:60:127-0-s273:p0,200,0.22213622291021673,,1292
,300,,False,rome,100,0.0,coarse,,25,200,cell,100,rome:60:127-0-s273:p0,0,,no feasible adversarial claim under enabled constraints,1292
12996,300,1083,True,rome,100,200.0,coarse,15504,25,1300,cell,100,rome:60:127-0-s273:p0,200,0.16176470588235295,,1292
14748,300,1229,True,rome,100,70.71067811865476,coarse,15504,25,1350,intra_cell,150,rome:60:127-0-s273:p0,0,0.048761609907120744,,1292
12060,300,1005,True,rome,100,270.71067811865476,coarse,15504,25,1350,intra_cell,150,rome:60:127-0-s273:p0,200,0.22213622291021673,,1292
,60,,False,rome,100,0.0,medium,,25,200,cell,100,rome:60:127-0-s273:p0,0,,no feasible adversarial claim under enabled constraints,1292
59376,60,1205,True,rome,100,200.0,medium,63780,25,1300,cell,100,rome:60:127-0-s273:p0,200,0.06904985888993415,,1292
63060,60,1229,True,rome,100,70.71067811865476,medium,63780,25,1350,intra_cell,150,rome:60:127-0-s273:p0,0,0.011288805268109126,,1292
57684,60,1097,True,rome,100,270.71067811865476,medium,63780,25,1350,intra_cell,150,rome:60:127-0-s273:p0,200,0.0955785512699906,,1292
,120,,False,rome,100,0.0,medium,,25,200,cell,100,rome:60:127-0-s273:p0,0,,no feasible adversarial claim under enabled constraints,1292
12996,120,1083,True,rome,100,200.0,medium,15504,25,1300,cell,100,rome:60:127-0-s273:p0,200,0.16176470588235295,,1292
14748,120,1229,True,rome,100,70.71067811865476,medium,15504,25,1350,intra_cell,150,rome:60:127-0-s273:p0,0,0.048761609907120744,,1292
12060,120,1005,True,rome,100,270.71067811865476,medium,15504,25,1350,intra_cell,150,rome:60:127-0-s273:p0,200,0.22213622291021673,,1292
,300,,False,rome,100,0.0,medium,,25,200,cell,100,rome:60:127-0-s273:p0,0,,no feasible adversarial claim under enabled constraints,1292
12996,300,1083,True,rome,100,200.0,medium,15504,25,1300,cell,100,rome:60:127-0-s273:p0,200,0.16176470588235295,,1292
14748,300,1229,True,rome,100,70.71067811865476,medium,15504,25,1350,intra_cell,150,rome:60:127-0-s273:p0,0,0.048761609907120744,,1292
12060,300,1005,True,rome,100,270.71067811865476,medium,15504,25,1350,intra_cell,150,rome:60:127-0-s273:p0,200,0.22213622291021673,,1292
,60,,False,rome,100,0.0,fine,,25,200,cell,100,rome:60:127-0-s273:p0,0,,no feasible adversarial claim under enabled constraints,1292
59376,60,1205,True,rome,100,200.0,fine,63780,25,1300,cell,100,rome:60:127-0-s273:p0,200,0.06904985888993415,,1292
63060,60,1229,True,rome,100,70.71067811865476,fine,63780,25,1350,intra_cell,150,rome:60:127-0-s273:p0,0,0.011288805268109126,,1292
57684,60,1097,True,rome,100,270.71067811865476,fine,63780,25,1350,intra_cell,150,rome:60:127-0-s273:p0,200,0.0955785512699906,,1292
,120,,False,rome,100,0.0,fine,,25,200,cell,100,rome:60:127-0-s273:p0,0,,no feasible adversarial claim under enabled constraints,1292
12996,120,1083,True,rome,100,200.0,fine,15504,25,1300,cell,100,rome:60:127-0-s273:p0,200,0.16176470588235295,,1292
14748,120,1229,True,rome,100,70.71067811865476,fine,15504,25,1350,intra_cell,150,rome:60:127-0-s273:p0,0,0.048761609907120744,,1292
12060,120,1005,True,rome,100,270.71067811865476,fine,15504,25,1350,intra_cell,150,rome:60:127-0-s273:p0,200,0.22213622291021673,,1292
,300,,False,rome,100,0.0,fine,,25,200,cell,100,rome:60:127-0-s273:p0,0,,no feasible adversarial claim under enabled constraints,1292
12996,300,1083,True,rome,100,200.0,fine,15504,25,1300,cell,100,rome:60:127-0-s273:p0,200,0.16176470588235295,,1292
14748,300,1229,True,rome,100,70.71067811865476,fine,15504,25,1350,intra_cell,150,rome:60:127-0-s273:p0,0,0.048761609907120744,,1292
12060,300,1005,True,rome,100,270.71067811865476,fine,15504,25,1350,intra_cell,150,rome:60:127-0-s273:p0,200,0.22213622291021673,,1292
,60,,False,rome,100,0.0,coarse,,25,200,cell,100,rome:60:128-0-s82:p0,0,,no feasible adversarial claim under enabled constraints,1752
128196,60,1698,True,rome,100,200.0,coarse,138804,25,1300,cell,100,rome:60:128-0-s82:p0,200,0.07642431053860119,,1752
137892,60,1693,True,rome,100,70.71067811865476,coarse,138804,25,1350,intra_cell,150,rome:60:128-0-s82:p0,0,0.006570415838160284,,1752
126708,60,1551,True,rome,100,270.71067811865476,coarse,138804,25,1350,intra_cell,150,rome:60:128-0-s82:p0,200,0.08714446269559956,,1752
,120,,False,rome,100,0.0,coarse,,25,200,cell,100,rome:60:128-0-s82:p0,0,,no feasible adversarial claim under enabled constraints,1752
17996,120,1583,True,rome,100,200.0,coarse,21024,25,1300,cell,100,rome:60:128-0-s82:p0,200,0.14402587519025875,,1752
20316,120,1693,True,rome,100,70.71067811865476,coarse,21024,25,1350,intra_cell,150,rome:60:128-0-s82:p0,0,0.03367579908675799,,1752
16574,120,1493,True,rome,100,270.71067811865476,coarse,21024,25,1350,intra_cell,150,rome:60:128-0-s82:p0,200,0.2116628614916286,,1752
,300,,False,rome,100,0.0,coarse,,25,200,cell,100,rome:60:128-0-s82:p0,0,,no feasible adversarial claim under enabled constraints,1752
17996,300,1583,True,rome,100,200.0,coarse,21024,25,1300,cell,100,rome:60:128-0-s82:p0,200,0.14402587519025875,,1752
20316,300,1693,True,rome,100,70.71067811865476,coarse,21024,25,1350,intra_cell,150,rome:60:128-0-s82:p0,0,0.03367579908675799,,1752
16574,300,1493,True,rome,100,270.71067811865476,coarse,21024,25,1350,intra_cell,150,rome:60:128-0-s82:p0,200,0.2116628614916286,,1752
,60,,False,rome,100,0.0,medium,,25,200,cell,100,rome:60:128-0-s82:p0,0,,no feasible adversarial claim under enabled constraints,1752
128196,60,1698,True,rome,100,200.0,medium,138804,25,1300,cell,100,rome:60:128-0-s82:p0,200,0.07642431053860119,,1752
137892,60,1693,True,rome,100,70.71067811865476,medium,138804,25,1350,intra_cell,150,rome:60:128-0-s82:p0,0,0.006570415838160284,,1752
126708,60,1551,True,rome,100,270.71067811865476,medium,138804,25,1350,intra_cell,150,rome:60:128-0-s82:p0,200,0.08714446269559956,,1752
,120,,False,rome,100,0.0,medium,,25,200,cell,100,rome:60:128-0-s82:p0,0,,no feasible adversarial claim under enabled constraints,1752
17996,120,1583,True,rome,100,200.0,medium,21024,25,1300,cell,100,rome:60:128-0-s82:p0,200,0.14402587519025875,,1752
20316,120,1693,True,rome,100,70.71067811865476,medium,21024,25,1350,intra_cell,150,rome:60:128-0-s82:p0,0,0.03367579908675799,,1752
16574,120,1493,True,rome,100,270.71067811865476,medium,21024,25,1350,intra_cell,150,rome:60:128-0-s82:p0,200,0.2116628614916286,,1752
,300,,False,rome,100,0.0,medium,,25,200,cell,100,rome:60:128-0-s82:p0,0,,no feasible adversarial claim under enabled constraints,1752
17996,300,1583,True,rome,100,200.0,medium,21024,25,1300,cell,100,rome:60:128-0-s82:p0,200,0.14402587519025875,,1752
20316,300,1693,True,rome,100,70.71067811865476,medium,21024,25,1350,intra_cell,150,rome:60:128-0-s82:p0,0,0.03367579908675799,,1752
16574,300,1493,True,rome,100,270.71067811865476,medium,21024,25,1350,intra_cell,150,rome:60:128-0-s82:p0,200,0.2116628614916286,,1752
,60,,False,rome,100,0.0,fine,,25,200,cell,100,rome:60:128-0-s82:p0,0,,no feasible adversarial claim under enabled constraints,1752
128196,60,1698,True,rome,100,200.0,fine,138804,25,1300,cell,100,rome:60:128-0-s82:p0,200,0.07642431053860119,,1752
137892,60,1693,True,rome,100,70.71067811865476,fine,138804,25,1350,intra_cell,150,rome:60:128-0-s82:p0,0,0.006570415838160284,,1752
126708,60,1551,True,rome,100,270.71067811865476,fine,138804,25,1350,intra_cell,150,rome:60:128-0-s82:p0,200,0.08714446269559956,,1752
,120,,False,rome,100,0.0,fine,,25,200,cell,100,rome:60:128-0-s82:p0,0,,no feasible adversarial claim under enabled constraints,1752
17996,120,1583,True,rome,100,200.0,fine,21024,25,1300,cell,100,rome:60:128-0-s82:p0,200,0.14402587519025875,,1752
20316,120,1693,True,rome,100,70.71067811865476,fine,21024,25,1350,intra_cell,150,rome:60:128-0-s82:p0,0,0.03367579908675799,,1752
16574,120,1493,True,rome,100,270.71067811865476,fine,21024,25,1350,intra_cell,150,rome:60:128-0-s82:p0,200,0.2116628614916286,,1752
,300,,False,rome,100,0.0,fine,,25,200,cell,100,rome:60:128-0-s82:p0,0,,no feasible adversarial claim under enabled constraints,1752
17996,300,1583,True,rome,100,200.0,fine,21024,25,1300,cell,100,rome:60:128-0-s82:p0,200,0.14402587519025875,,1752
20316,300,1693,True,rome,100,70.71067811865476,fine,21024,25,1350,intra_cell,150,rome:60:128-0-s82:p0,0,0.03367579908675799,,1752
16574,300,1493,True,rome,100,270.71067811865476,fine,21024,25,1350,intra_cell,150,rome:60:128-0-s82:p0,200,0.2116628614916286,,1752
