dataset,period_id,edge_idx,dt_sec,odo_delta_m,cell_idx,zone_id,zone_rate_cents_per_m,exact_fee_cents,fallback_distance_m,max_zone_rate_cents_per_m,break_even_rate_cents_per_m,break_even_alpha,movement_ratio,dwell_edge,speed_bound_slack_m,speed_bound_ok
geolife,010-20080916114237-0,0,60,551,4315,1,5,2755.0,1980.0,5.0,1.3914141414141414,0.2782828282828283,0.2782828282828283,False,1429.0,True
geolife,010-20080916114237-0,1,60,255,3816,1,5,1275.0,1980.0,5.0,0.6439393939393939,0.12878787878787878,0.12878787878787878,False,1725.0,True
geolife,010-20080916114237-0,2,60,1032,3616,1,5,5160.0,1980.0,5.0,2.606060606060606,0.5212121212121212,0.5212121212121212,False,948.0,True
geolife,010-20080916114237-0,3,60,1027,2516,1,5,5135.0,1980.0,5.0,2.5934343434343434,0.5186868686868686,0.5186868686868686,False,953.0,True
geolife,010-20080916114237-0,4,60,398,1516,1,5,1990.0,1980.0,5.0,1.005050505050505,0.201010101010101,0.201010101010101,False,1582.0,True
geolife,010-20080916114237-0,5,60,98,1116,2,3,294.0,1980.0,5.0,0.1484848484848485,0.0296969696969697,0.049494949494949494,False,1882.0,True
geolife,010-20080916114237-0,6,60,428,1016,2,3,1284.0,1980.0,5.0,0.6484848484848484,0.1296969696969697,0.21616161616161617,False,1552.0,True
geolife,010-20080916114237-0,7,60,464,616,2,3,1392.0,1980.0,5.0,0.703030303030303,0.1406060606060606,0.23434343434343435,False,1516.0,True
geolife,010-20080916114237-0,8,60,583,517,2,3,1749.0,1980.0,5.0,0.8833333333333333,0.17666666666666667,0.29444444444444445,False,1397.0,True
geolife,010-20080916114237-0,9,28,210,219,2,3,630.0,924.0,5.0,0.6818181818181818,0.13636363636363635,0.22727272727272727,False,714.0,True
geolife,010-20080917225654-0,0,60,208,417,2,3,624.0,1980.0,5.0,0.3151515151515151,0.06303030303030302,0.10505050505050505,False,1772.0,True
geolife,010-20080917225654-0,1,60,217,516,2,3,651.0,1980.0,5.0,0.3287878787878788,0.06575757575757576,0.1095959595959596,False,1763.0,True
geolife,010-20080917225654-0,2,60,190,716,2,3,570.0,1980.0,5.0,0.2878787878787879,0.05757575757575758,0.09595959595959595,False,1790.0,True
geolife,010-20080917225654-0,3,60,148,916,2,3,444.0,1980.0,5.0,0.22424242424242424,0.044848484848484846,0.07474747474747474,False,1832.0,True
geolife,010-20080917225654-0,4,60,786,1016,2,3,2358.0,1980.0,5.0,1.190909090909091,0.2381818181818182,0.396969696969697,False,1194.0,True
geolife,010-20080917225654-0,5,60,296,1816,1,5,1480.0,1980.0,5.0,0.7474747474747475,0.14949494949494951,0.1494949494949495,False,1684.0,True
geolife,010-20080917225654-0,6,60,348,2116,1,5,1740.0,1980.0,5.0,0.8787878787878788,0.17575757575757575,0.17575757575757575,False,1632.0,True
geolife,010-20080917225654-0,7,60,42,2416,1,5,210.0,1980.0,5.0,0.10606060606060606,0.021212121212121213,0.021212121212121213,False,1938.0,True
geolife,010-20080917225654-0,8,60,514,2516,1,5,2570.0,1980.0,5.0,1.297979797979798,0.2595959595959596,0.2595959595959596,False,1466.0,True
geolife,010-20080917225654-0,9,60,19,3016,1,5,95.0,1980.0,5.0,0.047979797979797977,0.009595959595959595,0.009595959595959595,False,1961.0,True
geolife,010-20080917225654-0,10,60,131,3016,1,5,655.0,1980.0,5.0,0.33080808080808083,0.06616161616161617,0.06616161616161616,False,1849.0,True
geolife,010-20080917225654-0,11,60,17,3116,1,5,85.0,1980.0,5.0,0.04292929292929293,0.008585858585858586,0.008585858585858586,False,1963.0,True
geolife,010-20080917225654-0,12,60,475,3116,1,5,2375.0,1980.0,5.0,1.1994949494949494,0.2398989898989899,0.2398989898989899,False,1505.0,True
geolife,010-20080917225654-0,13,60,613,3616,1,5,3065.0,1980.0,5.0,1.547979797979798,0.3095959595959596,0.3095959595959596,False,1367.0,True
geolife,010-20080917225654-0,14,60,42,4216,1,5,210.0,1980.0,5.0,0.10606060606060606,0.021212121212121213,0.021212121212121213,False,1938.0,True
geolife,010-20080917225654-0,15,26,45,4316,1,5,225.0,858.0,5.0,0.26223776223776224,0.05244755244755245,0.05244755244755245,False,813.0,True
geolife,010-20080921224934-0,0,60,266,417,2,3,798.0,1980.0,5.0,0.403030303030303,0.0806060606060606,0.13434343434343435,False,1714.0,True
geolife,010-20080921224934-0,1,60,96,516,2,3,288.0,1980.0,5.0,0.14545454545454545,0.02909090909090909,0.048484848484848485,False,1884.0,True
geolife,010-20080921224934-0,2,60,18,616,2,3,54.0,1980.0,5.0,0.02727272727272727,0.005454545454545454,0.00909090909090909,False,1962.0,True
geolife,010-20080921224934-0,3,60,47,616,2,3,141.0,1980.0,5.0,0.07121212121212121,0.014242424242424242,0.023737373737373738,False,1933.0,True
geolife,010-20080921224934-0,4,60,23,616,2,3,69.0,1980.0,5.0,0.03484848484848485,0.00696969696969697,0.011616161616161616,False,1957.0,True
geolife,010-20080921224934-0,5,60,64,616,2,3,192.0,1980.0,5.0,0.09696969696969697,0.019393939393939394,0.03232323232323232,False,1916.0,True
geolife,010-20080921224934-0,6,60,5,716,2,3,15.0,1980.0,5.0,0.007575757575757576,0.0015151515151515152,0.0025252525252525255,True,1975.0,True
geolife,010-20080921224934-0,7,60,68,716,2,3,204.0,1980.0,5.0,0.10303030303030303,0.020606060606060607,0.03434343434343434,False,1912.0,True
geolife,010-20080921224934-0,8,60,13,816,2,3,39.0,1980.0,5.0,0.019696969696969695,0.003939393939393939,0.0065656565656565654,False,1967.0,True
geolife,010-20080921224934-0,9,60,102,816,2,3,306.0,1980.0,5.0,0.15454545454545454,0.030909090909090907,0.051515151515151514,False,1878.0,True
geolife,010-20080921224934-0,10,60,1,916,2,3,3.0,1980.0,5.0,0.0015151515151515152,0.00030303030303030303,0.000505050505050505,True,1979.0,True
geolife,010-20080921224934-0,11,60,17,916,2,3,51.0,1980.0,5.0,0.025757575757575757,0.005151515151515152,0.008585858585858586,False,1963.0,True
geolife,010-20080921224934-0,12,60,560,916,2,3,1680.0,1980.0,5.0,0.8484848484848485,0.1696969696969697,0.2828282828282828,False,1420.0,True
geolife,010-20080921224934-0,13,60,76,1516,1,5,380.0,1980.0,5.0,0.1919191919191919,0.03838383838383838,0.03838383838383838,False,1904.0,True
geolife,010-20080921224934-0,14,60,257,1516,1,5,1285.0,1980.0,5.0,0.648989898989899,0.1297979797979798,0.1297979797979798,False,1723.0,True
geolife,010-20080921224934-0,15,60,128,1816,1,5,640.0,1980.0,5.0,0.32323232323232326,0.06464646464646465,0.06464646464646465,False,1852.0,True
geolife,010-20080921224934-0,16,60,28,1916,1,5,140.0,1980.0,5.0,0.0707070707070707,0.01414141414141414,0.014141414141414142,False,1952.0,True
geolife,010-20080921224934-0,17,60,29,1916,1,5,145.0,1980.0,5.0,0.07323232323232323,0.014646464646464647,0.014646464646464647,False,1951.0,True
geolife,010-20080921224934-0,18,60,461,2016,1,5,2305.0,1980.0,5.0,1.1641414141414141,0.23282828282828283,0.23282828282828283,False,1519.0,True
geolife,010-20080921224934-0,19,60,31,2416,1,5,155.0,1980.0,5.0,0.07828282828282829,0.015656565656565657,0.015656565656565657,False,1949.0,True
geolife,010-20080921224934-0,20,60,280,2516,1,5,1400.0,1980.0,5.0,0.7070707070707071,0.1414141414141414,0.1414141414141414,False,1700.0,True
geolife,010-20080921224934-0,21,60,109,2716,1,5,545.0,1980.0,5.0,0.27525252525252525,0.05505050505050505,0.05505050505050505,False,1871.0,True
geolife,010-20080921224934-0,22,60,12,2816,1,5,60.0,1980.0,5.0,0.030303030303030304,0.006060606060606061,0.006060606060606061,False,1968.0,True
geolife,010-20080921224934-0,23,60,12,2816,1,5,60.0,1980.0,5.0,0.030303030303030304,0.006060606060606061,0.006060606060606061,False,1968.0,True
geolife,010-20080921224934-0,24,60,121,2916,1,5,605.0,1980.0,5.0,0.3055555555555556,0.061111111111111116,0.06111111111111111,False,1859.0,True
geolife,010-20080921224934-0,25,60,6,3016,1,5,30.0,1980.0,5.0,0.015151515151515152,0.0030303030303030303,0.0030303030303030303,True,1974.0,True
geolife,010-20080921224934-0,26,60,50,3016,1,5,250.0,1980.0,5.0,0.12626262626262627,0.025252525252525256,0.025252525252525252,False,1930.0,True
geolife,010-20080921224934-0,27,60,71,3016,1,5,355.0,1980.0,5.0,0.17929292929292928,0.035858585858585854,0.03585858585858586,False,1909.0,True
geolife,010-20080921224934-0,28,60,23,3116,1,5,115.0,1980.0,5.0,0.05808080808080808,0.011616161616161616,0.011616161616161616,False,1957.0,True
geolife,010-20080921224934-0,29,60,339,3116,1,5,1695.0,1980.0,5.0,0.8560606060606061,0.1712121212121212,0.1712121212121212,False,1641.0,True
geolife,010-20080921224934-0,30,60,373,3416,1,5,1865.0,1980.0,5.0,0.9419191919191919,0.18838383838383838,0.18838383838383838,False,1607.0,True
geolife,010-20080921224934-0,31,60,158,3816,1,5,790.0,1980.0,5.0,0.398989898989899,0.0797979797979798,0.0797979797979798,False,1822.0,True
geolife,010-20080921224934-0,32,60,45,4016,1,5,225.0,1980.0,5.0,0.11363636363636363,0.022727272727272728,0.022727272727272728,False,1935.0,True
geolife,010-20080921224934-0,33,60,100,4016,1,5,500.0,1980.0,5.0,0.25252525252525254,0.05050505050505051,0.050505050505050504,False,1880.0,True
geolife,010-20080921224934-0,34,55,262,4116,1,5,1310.0,1815.0,5.0,0.721763085399449,0.1443526170798898,0.1443526170798898,False,1553.0,True
geolife,010-20080922111517-0,0,60,578,4315,1,5,2890.0,1980.0,5.0,1.4595959595959596,0.2919191919191919,0.2919191919191919,False,1402.0,True
geolife,010-20080922111517-0,1,60,479,3716,1,5,2395.0,1980.0,5.0,1.2095959595959596,0.24191919191919192,0.24191919191919192,False,1501.0,True
geolife,010-20080922111517-0,2,60,637,3316,1,5,3185.0,1980.0,5.0,1.6085858585858586,0.32171717171717173,0.32171717171717173,False,1343.0,True
geolife,010-20080922111517-0,3,60,132,2616,1,5,660.0,1980.0,5.0,0.3333333333333333,0.06666666666666667,0.06666666666666667,False,1848.0,True
geolife,010-20080922111517-0,4,60,487,2516,1,5,2435.0,1980.0,5.0,1.22979797979798,0.245959595959596,0.24595959595959596,False,1493.0,True
geolife,010-20080922111517-0,5,60,91,2016,1,5,455.0,1980.0,5.0,0.2297979797979798,0.045959595959595964,0.04595959595959596,False,1889.0,True
geolife,010-20080922111517-0,6,60,797,1916,1,5,3985.0,1980.0,5.0,2.0126262626262625,0.4025252525252525,0.4025252525252525,False,1183.0,True
geolife,010-20080922111517-0,7,60,18,1116,2,3,54.0,1980.0,5.0,0.02727272727272727,0.005454545454545454,0.00909090909090909,False,1962.0,True
geolife,010-20080922111517-0,8,60,339,1116,2,3,1017.0,1980.0,5.0,0.5136363636363637,0.10272727272727274,0.1712121212121212,False,1641.0,True
geolife,010-20080922111517-0,9,60,570,816,2,3,1710.0,1980.0,5.0,0.8636363636363636,0.17272727272727273,0.2878787878787879,False,1410.0,True
geolife,010-20080922111517-0,10,60,666,417,2,3,1998.0,1980.0,5.0,1.009090909090909,0.2018181818181818,0.33636363636363636,False,1314.0,True
geolife,010-20080922111517-0,11,27,203,219,2,3,609.0,891.0,5.0,0.6835016835016835,0.1367003367003367,0.22783389450056116,False,688.0,True
geolife,010-20080922234926-0,0,60,120,417,2,3,360.0,1980.0,5.0,0.18181818181818182,0.03636363636363636,0.06060606060606061,False,1860.0,True
geolife,010-20080922234926-0,1,60,42,416,2,3,126.0,1980.0,5.0,0.06363636363636363,0.012727272727272726,0.021212121212121213,False,1938.0,True
geolife,010-20080922234926-0,2,60,111,416,2,3,333.0,1980.0,5.0,0.16818181818181818,0.03363636363636364,0.05606060606060606,False,1869.0,True
geolife,010-20080922234926-0,3,60,40,616,2,3,120.0,1980.0,5.0,0.06060606060606061,0.012121212121212121,0.020202020202020204,False,1940.0,True
geolife,010-20080922234926-0,4,60,30,616,2,3,90.0,1980.0,5.0,0.045454545454545456,0.00909090909090909,0.015151515151515152,False,1950.0,True
geolife,010-20080922234926-0,5,60,107,616,2,3,321.0,1980.0,5.0,0.1621212121212121,0.032424242424242425,0.05404040404040404,False,1873.0,True
geolife,010-20080922234926-0,6,60,53,716,2,3,159.0,1980.0,5.0,0.0803030303030303,0.01606060606060606,0.026767676767676767,False,1927.0,True
geolife,010-20080922234926-0,7,60,7,816,2,3,21.0,1980.0,5.0,0.010606060606060607,0.0021212121212121214,0.0035353535353535356,True,1973.0,True
geolife,010-20080922234926-0,8,60,7,816,2,3,21.0,1980.0,5.0,0.010606060606060607,0.0021212121212121214,0.0035353535353535356,True,1973.0,True
geolife,010-20080922234926-0,9,60,8,816,2,3,24.0,1980.0,5.0,0.012121212121212121,0.0024242424242424242,0.00404040404040404,True,1972.0,True
geolife,010-20080922234926-0,10,60,179,816,2,3,537.0,1980.0,5.0,0.27121212121212124,0.054242424242424245,0.0904040404040404,False,1801.0,True
geolife,010-20080922234926-0,11,60,3,1016,2,3,9.0,1980.0,5.0,0.004545454545454545,0.0009090909090909091,0.0015151515151515152,True,1977.0,True
geolife,010-20080922234926-0,12,60,0,1016,2,3,0.0,1980.0,5.0,0.0,0.0,0.0,True,1980.0,True
geolife,010-20080922234926-0,13,60,4,1016,2,3,12.0,1980.0,5.0,0.006060606060606061,0.0012121212121212121,0.00202020202020202,True,1976.0,True
geolife,010-20080922234926-0,14,60,17,1016,2,3,51.0,1980.0,5.0,0.025757575757575757,0.005151515151515152,0.008585858585858586,False,1963.0,True
geolife,010-20080922234926-0,15,60,519,1016,2,3,1557.0,1980.0,5.0,0.7863636363636364,0.1572727272727273,0.26212121212121214,False,1461.0,True
geolife,010-20080922234926-0,16,60,84,1516,1,5,420.0,1980.0,5.0,0.21212121212121213,0.04242424242424243,0.04242424242424243,False,1896.0,True
geolife,010-20080922234926-0,17,60,77,1616,1,5,385.0,1980.0,5.0,0.19444444444444445,0.03888888888888889,0.03888888888888889,False,1903.0,True
geolife,010-20080922234926-0,18,60,140,1716,1,5,700.0,1980.0,5.0,0.35353535353535354,0.0707070707070707,0.0707070707070707,False,1840.0,True
geolife,010-20080922234926-0,19,60,45,1816,1,5,225.0,1980.0,5.0,0.11363636363636363,0.022727272727272728,0.022727272727272728,False,1935.0,True
geolife,010-20080922234926-0,20,60,62,1816,1,5,310.0,1980.0,5.0,0.15656565656565657,0.031313131313131314,0.031313131313131314,False,1918.0,True
geolife,010-20080922234926-0,21,60,460,1916,1,5,2300.0,1980.0,5.0,1.1616161616161615,0.23232323232323232,0.23232323232323232,False,1520.0,True
geolife,010-20080922234926-0,22,60,525,2416,1,5,2625.0,1980.0,5.0,1.3257575757575757,0.26515151515151514,0.26515151515151514,False,1455.0,True
geolife,010-20080922234926-0,23,60,12,2916,1,5,60.0,1980.0,5.0,0.030303030303030304,0.006060606060606061,0.006060606060606061,False,1968.0,True
geolife,010-20080922234926-0,24,60,12,2916,1,5,60.0,1980.0,5.0,0.030303030303030304,0.006060606060606061,0.006060606060606061,False,1968.0,True
geolife,010-20080922234926-0,25,60,114,2916,1,5,570.0,1980.0,5.0,0.2878787878787879,0.05757575757575758,0.05757575757575758,False,1866.0,True
geolife,010-20080922234926-0,26,60,1,3016,1,5,5.0,1980.0,5.0,0.0025252525252525255,0.000505050505050505,0.000505050505050505,True,1979.0,True
geolife,010-20080922234926-0,27,60,3,3016,1,5,15.0,1980.0,5.0,0.007575757575757576,0.0015151515151515152,0.0015151515151515152,True,1977.0,True
geolife,010-20080922234926-0,28,60,662,3016,1,5,3310.0,1980.0,5.0,1.6717171717171717,0.33434343434343433,0.33434343434343433,False,1318.0,True
geolife,010-20080922234926-0,29,60,26,3716,1,5,130.0,1980.0,5.0,0.06565656565656566,0.013131313131313133,0.013131313131313131,False,1954.0,True
geolife,010-20080922234926-0,30,60,120,3716,1,5,600.0,1980.0,5.0,0.30303030303030304,0.06060606060606061,0.06060606060606061,False,1860.0,True
geolife,010-20080922234926-0,31,60,218,3816,1,5,1090.0,1980.0,5.0,0.5505050505050505,0.1101010101010101,0.1101010101010101,False,1762.0,True
geolife,010-20080922234926-0,32,60,142,4016,1,5,710.0,1980.0,5.0,0.35858585858585856,0.07171717171717171,0.07171717171717172,False,1838.0,True
geolife,010-20080922234926-0,33,60,20,4216,1,5,100.0,1980.0,5.0,0.050505050505050504,0.0101010101010101,0.010101010101010102,False,1960.0,True
geolife,010-20080922234926-0,34,55,158,4216,1,5,790.0,1815.0,5.0,0.43526170798898073,0.08705234159779615,0.08705234159779614,False,1657.0,True
geolife,010-20080923121817-0,0,60,532,4315,1,5,2660.0,1980.0,5.0,1.3434343434343434,0.2686868686868687,0.2686868686868687,False,1448.0,True
geolife,010-20080923121817-0,1,60,616,3816,1,5,3080.0,1980.0,5.0,1.5555555555555556,0.3111111111111111,0.3111111111111111,False,1364.0,True
geolife,010-20080923121817-0,2,60,16,3216,1,5,80.0,1980.0,5.0,0.04040404040404041,0.00808080808080808,0.00808080808080808,False,1964.0,True
geolife,010-20080923121817-0,3,60,479,3216,1,5,2395.0,1980.0,5.0,1.2095959595959596,0.24191919191919192,0.24191919191919192,False,1501.0,True
geolife,010-20080923121817-0,4,60,559,2716,1,5,2795.0,1980.0,5.0,1.4116161616161615,0.2823232323232323,0.2823232323232323,False,1421.0,True
geolife,010-20080923121817-0,5,60,852,2216,1,5,4260.0,1980.0,5.0,2.1515151515151514,0.4303030303030303,0.4303030303030303,False,1128.0,True
geolife,010-20080923121817-0,6,60,171,1316,1,5,855.0,1980.0,5.0,0.4318181818181818,0.08636363636363636,0.08636363636363636,False,1809.0,True
geolife,010-20080923121817-0,7,60,225,1116,2,3,675.0,1980.0,5.0,0.3409090909090909,0.06818181818181818,0.11363636363636363,False,1755.0,True
geolife,010-20080923121817-0,8,60,366,916,2,3,1098.0,1980.0,5.0,0.5545454545454546,0.11090909090909092,0.18484848484848485,False,1614.0,True
geolife,010-20080923121817-0,9,60,420,616,2,3,1260.0,1980.0,5.0,0.6363636363636364,0.12727272727272726,0.21212121212121213,False,1560.0,True
geolife,010-20080923121817-0,10,60,638,517,2,3,1914.0,1980.0,5.0,0.9666666666666667,0.19333333333333333,0.32222222222222224,False,1342.0,True
geolife,010-20080923121817-0,11,30,221,220,2,3,663.0,990.0,5.0,0.6696969696969697,0.13393939393939394,0.22323232323232323,False,769.0,True
geolife,010-20080923231456-1,0,60,147,417,2,3,441.0,1980.0,5.0,0.22272727272727272,0.04454545454545454,0.07424242424242425,False,1833.0,True
geolife,010-20080923231456-1,1,60,10,416,2,3,30.0,1980.0,5.0,0.015151515151515152,0.0030303030303030303,0.005050505050505051,True,1970.0,True
geolife,010-20080923231456-1,2,60,10,416,2,3,30.0,1980.0,5.0,0.015151515151515152,0.0030303030303030303,0.005050505050505051,True,1970.0,True
geolife,010-20080923231456-1,3,60,39,416,2,3,117.0,1980.0,5.0,0.05909090909090909,0.011818181818181818,0.019696969696969695,False,1941.0,True
geolife,010-20080923231456-1,4,60,33,516,2,3,99.0,1980.0,5.0,0.05,0.01,0.016666666666666666,False,1947.0,True
geolife,010-20080923231456-1,5,60,53,516,2,3,159.0,1980.0,5.0,0.0803030303030303,0.01606060606060606,0.026767676767676767,False,1927.0,True
geolife,010-20080923231456-1,6,60,5,516,2,3,15.0,1980.0,5.0,0.007575757575757576,0.0015151515151515152,0.0025252525252525255,True,1975.0,True
geolife,010-20080923231456-1,7,60,4,516,2,3,12.0,1980.0,5.0,0.006060606060606061,0.0012121212121212121,0.00202020202020202,True,1976.0,True
geolife,010-20080923231456-1,8,60,5,516,2,3,15.0,1980.0,5.0,0.007575757575757576,0.0015151515151515152,0.0025252525252525255,True,1975.0,True
geolife,010-20080923231456-1,9,60,5,616,2,3,15.0,1980.0,5.0,0.007575757575757576,0.0015151515151515152,0.0025252525252525255,True,1975.0,True
geolife,010-20080923231456-1,10,60,5,616,2,3,15.0,1980.0,5.0,0.007575757575757576,0.0015151515151515152,0.0025252525252525255,True,1975.0,True
geolife,010-20080923231456-1,11,60,4,616,2,3,12.0,1980.0,5.0,0.006060606060606061,0.0012121212121212121,0.00202020202020202,True,1976.0,True
geolife,010-20080923231456-1,12,60,17,616,2,3,51.0,1980.0,5.0,0.025757575757575757,0.005151515151515152,0.008585858585858586,False,1963.0,True
geolife,010-20080923231456-1,13,60,30,616,2,3,90.0,1980.0,5.0,0.045454545454545456,0.00909090909090909,0.015151515151515152,False,1950.0,True
geolife,010-20080923231456-1,14,60,27,616,2,3,81.0,1980.0,5.0,0.04090909090909091,0.008181818181818182,0.013636363636363636,False,1953.0,True
geolife,010-20080923231456-1,15,60,24,616,2,3,72.0,1980.0,5.0,0.03636363636363636,0.007272727272727273,0.012121212121212121,False,1956.0,True
geolife,010-20080923231456-1,16,60,2,716,2,3,6.0,1980.0,5.0,0.0030303030303030303,0.0006060606060606061,0.00101010101010101,True,1978.0,True
geolife,010-20080923231456-1,17,60,0,716,2,3,0.0,1980.0,5.0,0.0,0.0,0.0,True,1980.0,True
geolife,010-20080923231456-1,18,60,48,716,2,3,144.0,1980.0,5.0,0.07272727272727272,0.014545454545454545,0.024242424242424242,False,1932.0,True
geolife,010-20080923231456-1,19,60,63,716,2,3,189.0,1980.0,5.0,0.09545454545454546,0.019090909090909092,0.031818181818181815,False,1917.0,True
geolife,010-20080923231456-1,20,60,12,816,2,3,36.0,1980.0,5.0,0.01818181818181818,0.0036363636363636364,0.006060606060606061,False,1968.0,True
geolife,010-20080923231456-1,21,60,166,816,2,3,498.0,1980.0,5.0,0.2515151515151515,0.05030303030303031,0.08383838383838384,False,1814.0,True
geolife,010-20080923231456-1,22,60,6,916,2,3,18.0,1980.0,5.0,0.00909090909090909,0.0018181818181818182,0.0030303030303030303,True,1974.0,True
geolife,010-20080923231456-1,23,60,12,916,2,3,36.0,1980.0,5.0,0.01818181818181818,0.0036363636363636364,0.006060606060606061,False,1968.0,True
geolife,010-20080923231456-1,24,60,16,916,2,3,48.0,1980.0,5.0,0.024242424242424242,0.0048484848484848485,0.00808080808080808,False,1964.0,True
geolife,010-20080923231456-1,25,60,419,1016,2,3,1257.0,1980.0,5.0,0.6348484848484849,0.12696969696969698,0.21161616161616162,False,1561.0,True
geolife,010-20080923231456-1,26,60,81,1416,1,5,405.0,1980.0,5.0,0.20454545454545456,0.04090909090909091,0.04090909090909091,False,1899.0,True
geolife,010-20080923231456-1,27,60,96,1516,1,5,480.0,1980.0,5.0,0.24242424242424243,0.048484848484848485,0.048484848484848485,False,1884.0,True
geolife,010-20080923231456-1,28,60,64,1516,1,5,320.0,1980.0,5.0,0.16161616161616163,0.03232323232323232,0.03232323232323232,False,1916.0,True
geolife,010-20080923231456-1,29,60,67,1616,1,5,335.0,1980.0,5.0,0.1691919191919192,0.03383838383838384,0.03383838383838384,False,1913.0,True
geolife,010-20080923231456-1,30,60,89,1716,1,5,445.0,1980.0,5.0,0.22474747474747475,0.04494949494949495,0.04494949494949495,False,1891.0,True
geolife,010-20080923231456-1,31,60,72,1816,1,5,360.0,1980.0,5.0,0.18181818181818182,0.03636363636363636,0.03636363636363636,False,1908.0,True
geolife,010-20080923231456-1,32,60,63,1816,1,5,315.0,1980.0,5.0,0.1590909090909091,0.031818181818181815,0.031818181818181815,False,1917.0,True
geolife,010-20080923231456-1,33,60,484,1916,1,5,2420.0,1980.0,5.0,1.2222222222222223,0.24444444444444446,0.24444444444444444,False,1496.0,True
geolife,010-20080923231456-1,34,60,221,2416,1,5,1105.0,1980.0,5.0,0.5580808080808081,0.11161616161616161,0.11161616161616161,False,1759.0,True
geolife,010-20080923231456-1,35,60,140,2616,1,5,700.0,1980.0,5.0,0.35353535353535354,0.0707070707070707,0.0707070707070707,False,1840.0,True
geolife,010-20080923231456-1,36,60,32,2716,1,5,160.0,1980.0,5.0,0.08080808080808081,0.01616161616161616,0.01616161616161616,False,1948.0,True
geolife,010-20080923231456-1,37,60,19,2816,1,5,95.0,1980.0,5.0,0.047979797979797977,0.009595959595959595,0.009595959595959595,False,1961.0,True
geolife,010-20080923231456-1,38,60,32,2816,1,5,160.0,1980.0,5.0,0.08080808080808081,0.01616161616161616,0.01616161616161616,False,1948.0,True
geolife,010-20080923231456-1,39,60,11,2816,1,5,55.0,1980.0,5.0,0.027777777777777776,0.005555555555555555,0.005555555555555556,False,1969.0,True
geolife,010-20080923231456-1,40,60,65,2816,1,5,325.0,1980.0,5.0,0.16414141414141414,0.03282828282828283,0.03282828282828283,False,1915.0,True
geolife,010-20080923231456-1,41,60,19,2916,1,5,95.0,1980.0,5.0,0.047979797979797977,0.009595959595959595,0.009595959595959595,False,1961.0,True
geolife,010-20080923231456-1,42,60,10,2916,1,5,50.0,1980.0,5.0,0.025252525252525252,0.00505050505050505,0.005050505050505051,True,1970.0,True
geolife,010-20080923231456-1,43,60,94,2916,1,5,470.0,1980.0,5.0,0.23737373737373738,0.047474747474747475,0.047474747474747475,False,1886.0,True
geolife,010-20080923231456-1,44,60,7,3016,1,5,35.0,1980.0,5.0,0.017676767676767676,0.003535353535353535,0.0035353535353535356,True,1973.0,True
geolife,010-20080923231456-1,45,60,58,3016,1,5,290.0,1980.0,5.0,0.14646464646464646,0.029292929292929294,0.029292929292929294,False,1922.0,True
geolife,010-20080923231456-1,46,60,426,3116,1,5,2130.0,1980.0,5.0,1.0757575757575757,0.21515151515151515,0.21515151515151515,False,1554.0,True
geolife,010-20080923231456-1,47,60,40,3516,1,5,200.0,1980.0,5.0,0.10101010101010101,0.0202020202020202,0.020202020202020204,False,1940.0,True
geolife,010-20080923231456-1,48,60,12,3516,1,5,60.0,1980.0,5.0,0.030303030303030304,0.006060606060606061,0.006060606060606061,False,1968.0,True
geolife,010-20080923231456-1,49,60,138,3516,1,5,690.0,1980.0,5.0,0.3484848484848485,0.0696969696969697,0.0696969696969697,False,1842.0,True
geolife,010-20080923231456-1,50,60,29,3716,1,5,145.0,1980.0,5.0,0.07323232323232323,0.014646464646464647,0.014646464646464647,False,1951.0,True
geolife,010-20080923231456-1,51,60,103,3716,1,5,515.0,1980.0,5.0,0.2601010101010101,0.05202020202020202,0.05202020202020202,False,1877.0,True
geolife,010-20080923231456-1,52,60,78,3816,1,5,390.0,1980.0,5.0,0.19696969696969696,0.03939393939393939,0.03939393939393939,False,1902.0,True
geolife,010-20080923231456-1,53,60,62,3816,1,5,310.0,1980.0,5.0,0.15656565656565657,0.031313131313131314,0.031313131313131314,False,1918.0,True
geolife,010-20080923231456-1,54,60,178,3916,1,5,890.0,1980.0,5.0,0.4494949494949495,0.0898989898989899,0.0898989898989899,False,1802.0,True
geolife,010-20080923231456-1,55,60,122,4016,1,5,610.0,1980.0,5.0,0.30808080808080807,0.06161616161616161,0.06161616161616162,False,1858.0,True
geolife,010-20080923231456-1,56,60,167,4116,1,5,835.0,1980.0,5.0,0.4217171717171717,0.08434343434343435,0.08434343434343435,False,1813.0,True
geolife,010-20080923231456-1,57,41,80,4216,1,5,400.0,1353.0,5.0,0.29563932002956395,0.059127864005912786,0.059127864005912786,False,1273.0,True
geolife,010-20080924113459-1,0,60,489,4315,1,5,2445.0,1980.0,5.0,1.2348484848484849,0.24696969696969698,0.24696969696969698,False,1491.0,True
geolife,010-20080924113459-1,1,60,72,3916,1,5,360.0,1980.0,5.0,0.18181818181818182,0.03636363636363636,0.03636363636363636,False,1908.0,True
geolife,010-20080924113459-1,2,60,605,3816,1,5,3025.0,1980.0,5.0,1.5277777777777777,0.3055555555555555,0.3055555555555556,False,1375.0,True
geolife,010-20080924113459-1,3,60,48,3216,1,5,240.0,1980.0,5.0,0.12121212121212122,0.024242424242424242,0.024242424242424242,False,1932.0,True
geolife,010-20080924113459-1,4,60,51,3216,1,5,255.0,1980.0,5.0,0.12878787878787878,0.025757575757575757,0.025757575757575757,False,1929.0,True
geolife,010-20080924113459-1,5,60,625,3116,1,5,3125.0,1980.0,5.0,1.5782828282828283,0.31565656565656564,0.31565656565656564,False,1355.0,True
geolife,010-20080924113459-1,6,60,212,2516,1,5,1060.0,1980.0,5.0,0.5353535353535354,0.10707070707070707,0.10707070707070707,False,1768.0,True
geolife,010-20080924113459-1,7,60,477,2316,1,5,2385.0,1980.0,5.0,1.2045454545454546,0.2409090909090909,0.2409090909090909,False,1503.0,True
geolife,010-20080924113459-1,8,60,669,1816,1,5,3345.0,1980.0,5.0,1.6893939393939394,0.3378787878787879,0.3378787878787879,False,1311.0,True
geolife,010-20080924113459-1,9,60,20,1116,2,3,60.0,1980.0,5.0,0.030303030303030304,0.006060606060606061,0.010101010101010102,False,1960.0,True
geolife,010-20080924113459-1,10,60,451,1116,2,3,1353.0,1980.0,5.0,0.6833333333333333,0.13666666666666666,0.22777777777777777,False,1529.0,True
geolife,010-20080924113459-1,11,60,412,716,2,3,1236.0,1980.0,5.0,0.6242424242424243,0.12484848484848485,0.2080808080808081,False,1568.0,True
geolife,010-20080924113459-1,12,60,624,417,2,3,1872.0,1980.0,5.0,0.9454545454545454,0.1890909090909091,0.3151515151515151,False,1356.0,True
geolife,010-20080924113459-1,13,42,404,318,2,3,1212.0,1386.0,5.0,0.8744588744588745,0.1748917748917749,0.29148629148629146,False,982.0,True
geolife,010-20080924231334-1,0,60,191,417,2,3,573.0,1980.0,5.0,0.28939393939393937,0.05787878787878788,0.09646464646464646,False,1789.0,True
geolife,010-20080924231334-1,1,60,277,516,2,3,831.0,1980.0,5.0,0.4196969696969697,0.08393939393939394,0.1398989898989899,False,1703.0,True
geolife,010-20080924231334-1,2,60,7,816,2,3,21.0,1980.0,5.0,0.010606060606060607,0.0021212121212121214,0.0035353535353535356,True,1973.0,True
geolife,010-20080924231334-1,3,60,7,816,2,3,21.0,1980.0,5.0,0.010606060606060607,0.0021212121212121214,0.0035353535353535356,True,1973.0,True
geolife,010-20080924231334-1,4,60,8,816,2,3,24.0,1980.0,5.0,0.012121212121212121,0.0024242424242424242,0.00404040404040404,True,1972.0,True
geolife,010-20080924231334-1,5,60,7,816,2,3,21.0,1980.0,5.0,0.010606060606060607,0.0021212121212121214,0.0035353535353535356,True,1973.0,True
geolife,010-20080924231334-1,6,60,115,816,2,3,345.0,1980.0,5.0,0.17424242424242425,0.03484848484848485,0.05808080808080808,False,1865.0,True
geolife,010-20080924231334-1,7,60,1,916,2,3,3.0,1980.0,5.0,0.0015151515151515152,0.00030303030303030303,0.000505050505050505,True,1979.0,True
geolife,010-20080924231334-1,8,60,572,916,2,3,1716.0,1980.0,5.0,0.8666666666666667,0.17333333333333334,0.28888888888888886,False,1408.0,True
geolife,010-20080924231334-1,9,60,354,1516,1,5,1770.0,1980.0,5.0,0.8939393939393939,0.17878787878787877,0.1787878787878788,False,1626.0,True
geolife,010-20080924231334-1,10,60,212,1816,1,5,1060.0,1980.0,5.0,0.5353535353535354,0.10707070707070707,0.10707070707070707,False,1768.0,True
geolife,010-20080924231334-1,11,60,318,2016,1,5,1590.0,1980.0,5.0,0.803030303030303,0.16060606060606059,0.1606060606060606,False,1662.0,True
geolife,010-20080924231334-1,12,60,16,2316,1,5,80.0,1980.0,5.0,0.04040404040404041,0.00808080808080808,0.00808080808080808,False,1964.0,True
geolife,010-20080924231334-1,13,60,66,2416,1,5,330.0,1980.0,5.0,0.16666666666666666,0.03333333333333333,0.03333333333333333,False,1914.0,True
geolife,010-20080924231334-1,14,60,190,2416,1,5,950.0,1980.0,5.0,0.4797979797979798,0.09595959595959595,0.09595959595959595,False,1790.0,True
geolife,010-20080924231334-1,15,60,219,2616,1,5,1095.0,1980.0,5.0,0.553030303030303,0.1106060606060606,0.11060606060606061,False,1761.0,True
geolife,010-20080924231334-1,16,60,76,2816,1,5,380.0,1980.0,5.0,0.1919191919191919,0.03838383838383838,0.03838383838383838,False,1904.0,True
geolife,010-20080924231334-1,17,60,19,2916,1,5,95.0,1980.0,5.0,0.047979797979797977,0.009595959595959595,0.009595959595959595,False,1961.0,True
geolife,010-20080924231334-1,18,60,15,2916,1,5,75.0,1980.0,5.0,0.03787878787878788,0.007575757575757576,0.007575757575757576,False,1965.0,True
geolife,010-20080924231334-1,19,60,132,2916,1,5,660.0,1980.0,5.0,0.3333333333333333,0.06666666666666667,0.06666666666666667,False,1848.0,True
geolife,010-20080924231334-1,20,60,1,3016,1,5,5.0,1980.0,5.0,0.0025252525252525255,0.000505050505050505,0.000505050505050505,True,1979.0,True
geolife,010-20080924231334-1,21,60,19,3016,1,5,95.0,1980.0,5.0,0.047979797979797977,0.009595959595959595,0.009595959595959595,False,1961.0,True
geolife,010-20080924231334-1,22,60,612,3116,1,5,3060.0,1980.0,5.0,1.5454545454545454,0.3090909090909091,0.3090909090909091,False,1368.0,True
geolife,010-20080924231334-1,23,60,245,3716,1,5,1225.0,1980.0,5.0,0.6186868686868687,0.12373737373737374,0.12373737373737374,False,1735.0,True
geolife,010-20080924231334-1,24,60,183,3916,1,5,915.0,1980.0,5.0,0.4621212121212121,0.09242424242424242,0.09242424242424242,False,1797.0,True
geolife,010-20080924231334-1,25,35,162,4116,1,5,810.0,1155.0,5.0,0.7012987012987013,0.14025974025974025,0.14025974025974025,False,993.0,True
geolife,010-20080925104204-0,0,60,517,4315,1,5,2585.0,1980.0,5.0,1.3055555555555556,0.2611111111111111,0.2611111111111111,False,1463.0,True
geolife,010-20080925104204-0,1,60,29,3816,1,5,145.0,1980.0,5.0,0.07323232323232323,0.014646464646464647,0.014646464646464647,False,1951.0,True
geolife,010-20080925104204-0,2,60,340,3816,1,5,1700.0,1980.0,5.0,0.8585858585858586,0.1717171717171717,0.1717171717171717,False,1640.0,True
geolife,010-20080925104204-0,3,60,64,3516,1,5,320.0,1980.0,5.0,0.16161616161616163,0.03232323232323232,0.03232323232323232,False,1916.0,True
geolife,010-20080925104204-0,4,60,102,3416,1,5,510.0,1980.0,5.0,0.25757575757575757,0.051515151515151514,0.051515151515151514,False,1878.0,True
geolife,010-20080925104204-0,5,60,15,3316,1,5,75.0,1980.0,5.0,0.03787878787878788,0.007575757575757576,0.007575757575757576,False,1965.0,True
geolife,010-20080925104204-0,6,60,108,3316,1,5,540.0,1980.0,5.0,0.2727272727272727,0.05454545454545454,0.05454545454545454,False,1872.0,True
geolife,010-20080925104204-0,7,60,31,3216,1,5,155.0,1980.0,5.0,0.07828282828282829,0.015656565656565657,0.015656565656565657,False,1949.0,True
geolife,010-20080925104204-0,8,60,108,3216,1,5,540.0,1980.0,5.0,0.2727272727272727,0.05454545454545454,0.05454545454545454,False,1872.0,True
geolife,010-20080925104204-0,9,60,538,3116,1,5,2690.0,1980.0,5.0,1.3585858585858586,0.2717171717171717,0.2717171717171717,False,1442.0,True
geolife,010-20080925104204-0,10,60,76,2616,1,5,380.0,1980.0,5.0,0.1919191919191919,0.03838383838383838,0.03838383838383838,False,1904.0,True
geolife,010-20080925104204-0,11,60,418,2516,1,5,2090.0,1980.0,5.0,1.0555555555555556,0.2111111111111111,0.2111111111111111,False,1562.0,True
geolife,010-20080925104204-0,12,60,111,2116,1,5,555.0,1980.0,5.0,0.2803030303030303,0.056060606060606054,0.05606060606060606,False,1869.0,True
geolife,010-20080925104204-0,13,60,680,2016,1,5,3400.0,1980.0,5.0,1.7171717171717171,0.3434343434343434,0.3434343434343434,False,1300.0,True
geolife,010-20080925104204-0,14,60,157,1316,1,5,785.0,1980.0,5.0,0.39646464646464646,0.07929292929292929,0.07929292929292929,False,1823.0,True
geolife,010-20080925104204-0,15,60,350,1116,2,3,1050.0,1980.0,5.0,0.5303030303030303,0.10606060606060605,0.17676767676767677,False,1630.0,True
geolife,010-20080925104204-0,16,60,311,816,2,3,933.0,1980.0,5.0,0.4712121212121212,0.09424242424242424,0.15707070707070708,False,1669.0,True
geolife,010-20080925104204-0,17,60,598,516,2,3,1794.0,1980.0,5.0,0.906060606060606,0.1812121212121212,0.302020202020202,False,1382.0,True
geolife,010-20080925104204-0,18,48,415,416,2,3,1245.0,1584.0,5.0,0.7859848484848485,0.1571969696969697,0.2619949494949495,False,1169.0,True
geolife,010-20080925233430-0,0,60,104,417,2,3,312.0,1980.0,5.0,0.15757575757575756,0.03151515151515151,0.052525252525252523,False,1876.0,True
geolife,010-20080925233430-0,1,60,55,416,2,3,165.0,1980.0,5.0,0.08333333333333333,0.016666666666666666,0.027777777777777776,False,1925.0,True
geolife,010-20080925233430-0,2,60,72,516,2,3,216.0,1980.0,5.0,0.10909090909090909,0.021818181818181816,0.03636363636363636,False,1908.0,True
geolife,010-20080925233430-0,3,60,15,516,2,3,45.0,1980.0,5.0,0.022727272727272728,0.004545454545454545,0.007575757575757576,False,1965.0,True
geolife,010-20080925233430-0,4,60,60,516,2,3,180.0,1980.0,5.0,0.09090909090909091,0.01818181818181818,0.030303030303030304,False,1920.0,True
geolife,010-20080925233430-0,5,60,21,616,2,3,63.0,1980.0,5.0,0.031818181818181815,0.006363636363636363,0.010606060606060607,False,1959.0,True
geolife,010-20080925233430-0,6,60,45,616,2,3,135.0,1980.0,5.0,0.06818181818181818,0.013636363636363636,0.022727272727272728,False,1935.0,True
geolife,010-20080925233430-0,7,60,26,716,2,3,78.0,1980.0,5.0,0.03939393939393939,0.007878787878787877,0.013131313131313131,False,1954.0,True
geolife,010-20080925233430-0,8,60,75,716,2,3,225.0,1980.0,5.0,0.11363636363636363,0.022727272727272728,0.03787878787878788,False,1905.0,True
geolife,010-20080925233430-0,9,60,50,816,2,3,150.0,1980.0,5.0,0.07575757575757576,0.015151515151515152,0.025252525252525252,False,1930.0,True
geolife,010-20080925233430-0,10,60,61,816,2,3,183.0,1980.0,5.0,0.09242424242424242,0.018484848484848486,0.03080808080808081,False,1919.0,True
geolife,010-20080925233430-0,11,60,22,916,2,3,66.0,1980.0,5.0,0.03333333333333333,0.006666666666666666,0.011111111111111112,False,1958.0,True
geolife,010-20080925233430-0,12,60,76,916,2,3,228.0,1980.0,5.0,0.11515151515151516,0.023030303030303033,0.03838383838383838,False,1904.0,True
geolife,010-20080925233430-0,13,60,19,1016,2,3,57.0,1980.0,5.0,0.02878787878787879,0.005757575757575758,0.009595959595959595,False,1961.0,True
geolife,010-20080925233430-0,14,60,420,1016,2,3,1260.0,1980.0,5.0,0.6363636363636364,0.12727272727272726,0.21212121212121213,False,1560.0,True
geolife,010-20080925233430-0,15,60,81,1416,1,5,405.0,1980.0,5.0,0.20454545454545456,0.04090909090909091,0.04090909090909091,False,1899.0,True
geolife,010-20080925233430-0,16,60,173,1516,1,5,865.0,1980.0,5.0,0.43686868686868685,0.08737373737373737,0.08737373737373737,False,1807.0,True
geolife,010-20080925233430-0,17,60,138,1616,1,5,690.0,1980.0,5.0,0.3484848484848485,0.0696969696969697,0.0696969696969697,False,1842.0,True
geolife,010-20080925233430-0,18,60,32,1816,1,5,160.0,1980.0,5.0,0.08080808080808081,0.01616161616161616,0.01616161616161616,False,1948.0,True
geolife,010-20080925233430-0,19,60,209,1816,1,5,1045.0,1980.0,5.0,0.5277777777777778,0.10555555555555556,0.10555555555555556,False,1771.0,True
geolife,010-20080925233430-0,20,60,344,2016,1,5,1720.0,1980.0,5.0,0.8686868686868687,0.17373737373737375,0.17373737373737375,False,1636.0,True
geolife,010-20080925233430-0,21,60,65,2416,1,5,325.0,1980.0,5.0,0.16414141414141414,0.03282828282828283,0.03282828282828283,False,1915.0,True
geolife,010-20080925233430-0,22,60,449,2416,1,5,2245.0,1980.0,5.0,1.1338383838383839,0.22676767676767678,0.22676767676767676,False,1531.0,True
geolife,010-20080925233430-0,23,60,138,2916,1,5,690.0,1980.0,5.0,0.3484848484848485,0.0696969696969697,0.0696969696969697,False,1842.0,True
geolife,010-20080925233430-0,24,60,15,3016,1,5,75.0,1980.0,5.0,0.03787878787878788,0.007575757575757576,0.007575757575757576,False,1965.0,True
geolife,010-20080925233430-0,25,60,307,3016,1,5,1535.0,1980.0,5.0,0.7752525252525253,0.15505050505050505,0.15505050505050505,False,1673.0,True
geolife,010-20080925233430-0,26,60,575,3316,1,5,2875.0,1980.0,5.0,1.452020202020202,0.2904040404040404,0.2904040404040404,False,1405.0,True
geolife,010-20080925233430-0,27,60,202,3916,1,5,1010.0,1980.0,5.0,0.51010101010101,0.10202020202020201,0.10202020202020202,False,1778.0,True
geolife,010-20080925233430-0,28,60,124,4117,1,5,620.0,1980.0,5.0,0.31313131313131315,0.06262626262626263,0.06262626262626263,False,1856.0,True
geolife,010-20080925233430-0,29,60,46,4216,1,5,230.0,1980.0,5.0,0.11616161616161616,0.023232323232323233,0.023232323232323233,False,1934.0,True
geolife,010-20080925233430-0,30,20,50,4316,1,5,250.0,660.0,5.0,0.3787878787878788,0.07575757575757576,0.07575757575757576,False,610.0,True
geolife,010-20080926105402-0,0,60,484,4315,1,5,2420.0,1980.0,5.0,1.2222222222222223,0.24444444444444446,0.24444444444444444,False,1496.0,True
geolife,010-20080926105402-0,1,60,18,3916,1,5,90.0,1980.0,5.0,0.045454545454545456,0.00909090909090909,0.00909090909090909,False,1962.0,True
geolife,010-20080926105402-0,2,60,555,3916,1,5,2775.0,1980.0,5.0,1.4015151515151516,0.28030303030303033,0.2803030303030303,False,1425.0,True
geolife,010-20080926105402-0,3,60,99,3316,1,5,495.0,1980.0,5.0,0.25,0.05,0.05,False,1881.0,True
geolife,010-20080926105402-0,4,60,14,3216,1,5,70.0,1980.0,5.0,0.03535353535353535,0.00707070707070707,0.007070707070707071,False,1966.0,True
geolife,010-20080926105402-0,5,60,445,3216,1,5,2225.0,1980.0,5.0,1.1237373737373737,0.22474747474747475,0.22474747474747475,False,1535.0,True
geolife,010-20080926105402-0,6,60,271,2816,1,5,1355.0,1980.0,5.0,0.6843434343434344,0.13686868686868686,0.13686868686868686,False,1709.0,True
geolife,010-20080926105402-0,7,60,613,2516,1,5,3065.0,1980.0,5.0,1.547979797979798,0.3095959595959596,0.3095959595959596,False,1367.0,True
geolife,010-20080926105402-0,8,60,773,1916,1,5,3865.0,1980.0,5.0,1.952020202020202,0.3904040404040404,0.3904040404040404,False,1207.0,True
geolife,010-20080926105402-0,9,60,18,1116,2,3,54.0,1980.0,5.0,0.02727272727272727,0.005454545454545454,0.00909090909090909,False,1962.0,True
geolife,010-20080926105402-0,10,60,359,1116,2,3,1077.0,1980.0,5.0,0.543939393939394,0.1087878787878788,0.18131313131313131,False,1621.0,True
geolife,010-20080926105402-0,11,60,206,816,2,3,618.0,1980.0,5.0,0.31212121212121213,0.062424242424242424,0.10404040404040404,False,1774.0,True
geolife,010-20080926105402-0,12,60,148,616,2,3,444.0,1980.0,5.0,0.22424242424242424,0.044848484848484846,0.07474747474747474,False,1832.0,True
geolife,010-20080926105402-0,13,60,620,416,2,3,1860.0,1980.0,5.0,0.9393939393939394,0.1878787878787879,0.31313131313131315,False,1360.0,True
geolife,010-20080926105402-0,14,55,501,417,2,3,1503.0,1815.0,5.0,0.828099173553719,0.1656198347107438,0.27603305785123966,False,1314.0,True
geolife,010-20080927232235-1,0,60,164,417,2,3,492.0,1980.0,5.0,0.24848484848484848,0.0496969696969697,0.08282828282828283,False,1816.0,True
geolife,010-20080927232235-1,1,60,179,516,2,3,537.0,1980.0,5.0,0.27121212121212124,0.054242424242424245,0.0904040404040404,False,1801.0,True
geolife,010-20080927232235-1,2,60,37,616,2,3,111.0,1980.0,5.0,0.05606060606060606,0.011212121212121211,0.018686868686868686,False,1943.0,True
geolife,010-20080927232235-1,3,60,50,716,2,3,150.0,1980.0,5.0,0.07575757575757576,0.015151515151515152,0.025252525252525252,False,1930.0,True
geolife,010-20080927232235-1,4,60,18,716,2,3,54.0,1980.0,5.0,0.02727272727272727,0.005454545454545454,0.00909090909090909,False,1962.0,True
geolife,010-20080927232235-1,5,60,24,716,2,3,72.0,1980.0,5.0,0.03636363636363636,0.007272727272727273,0.012121212121212121,False,1956.0,True
geolife,010-20080927232235-1,6,60,93,816,2,3,279.0,1980.0,5.0,0.1409090909090909,0.02818181818181818,0.04696969696969697,False,1887.0,True
geolife,010-20080927232235-1,7,60,9,916,2,3,27.0,1980.0,5.0,0.013636363636363636,0.002727272727272727,0.004545454545454545,True,1971.0,True
geolife,010-20080927232235-1,8,60,11,916,2,3,33.0,1980.0,5.0,0.016666666666666666,0.003333333333333333,0.005555555555555556,False,1969.0,True
geolife,010-20080927232235-1,9,60,410,916,2,3,1230.0,1980.0,5.0,0.6212121212121212,0.12424242424242424,0.20707070707070707,False,1570.0,True
geolife,010-20080927232235-1,10,60,618,1316,1,5,3090.0,1980.0,5.0,1.5606060606060606,0.31212121212121213,0.31212121212121213,False,1362.0,True
geolife,010-20080927232235-1,11,60,13,1916,1,5,65.0,1980.0,5.0,0.03282828282828283,0.006565656565656566,0.0065656565656565654,False,1967.0,True
geolife,010-20080927232235-1,12,60,274,1916,1,5,1370.0,1980.0,5.0,0.6919191919191919,0.1383838383838384,0.1383838383838384,False,1706.0,True
geolife,010-20080927232235-1,13,60,354,2216,1,5,1770.0,1980.0,5.0,0.8939393939393939,0.17878787878787877,0.1787878787878788,False,1626.0,True
geolife,010-20080927232235-1,14,60,327,2516,1,5,1635.0,1980.0,5.0,0.8257575757575758,0.16515151515151516,0.16515151515151516,False,1653.0,True
geolife,010-20080927232235-1,15,60,14,2916,1,5,70.0,1980.0,5.0,0.03535353535353535,0.00707070707070707,0.007070707070707071,False,1966.0,True
geolife,010-20080927232235-1,16,60,82,2916,1,5,410.0,1980.0,5.0,0.20707070707070707,0.04141414141414142,0.04141414141414142,False,1898.0,True
geolife,010-20080927232235-1,17,60,9,3016,1,5,45.0,1980.0,5.0,0.022727272727272728,0.004545454545454545,0.004545454545454545,True,1971.0,True
geolife,010-20080927232235-1,18,60,3,3016,1,5,15.0,1980.0,5.0,0.007575757575757576,0.0015151515151515152,0.0015151515151515152,True,1977.0,True
geolife,010-20080927232235-1,19,60,119,3016,1,5,595.0,1980.0,5.0,0.3005050505050505,0.0601010101010101,0.0601010101010101,False,1861.0,True
geolife,010-20080927232235-1,20,60,380,3116,1,5,1900.0,1980.0,5.0,0.9595959595959596,0.1919191919191919,0.1919191919191919,False,1600.0,True
geolife,010-20080927232235-1,21,35,417,3516,1,5,2085.0,1155.0,5.0,1.8051948051948052,0.36103896103896105,0.36103896103896105,False,738.0,True
geolife,010-20081005225112-1,0,60,45,417,2,3,135.0,1980.0,5.0,0.06818181818181818,0.013636363636363636,0.022727272727272728,False,1935.0,True
geolife,010-20081005225112-1,1,60,24,417,2,3,72.0,1980.0,5.0,0.03636363636363636,0.007272727272727273,0.012121212121212121,False,1956.0,True
geolife,010-20081005225112-1,2,60,65,416,2,3,195.0,1980.0,5.0,0.09848484848484848,0.019696969696969695,0.03282828282828283,False,1915.0,True
geolife,010-20081005225112-1,3,60,29,416,2,3,87.0,1980.0,5.0,0.04393939393939394,0.008787878787878787,0.014646464646464647,False,1951.0,True
geolife,010-20081005225112-1,4,60,10,416,2,3,30.0,1980.0,5.0,0.015151515151515152,0.0030303030303030303,0.005050505050505051,True,1970.0,True
geolife,010-20081005225112-1,5,60,10,416,2,3,30.0,1980.0,5.0,0.015151515151515152,0.0030303030303030303,0.005050505050505051,True,1970.0,True
geolife,010-20081005225112-1,6,60,124,416,2,3,372.0,1980.0,5.0,0.18787878787878787,0.037575757575757575,0.06262626262626263,False,1856.0,True
geolife,010-20081005225112-1,7,60,17,616,2,3,51.0,1980.0,5.0,0.025757575757575757,0.005151515151515152,0.008585858585858586,False,1963.0,True
geolife,010-20081005225112-1,8,60,28,616,2,3,84.0,1980.0,5.0,0.04242424242424243,0.008484848484848486,0.014141414141414142,False,1952.0,True
geolife,010-20081005225112-1,9,60,106,616,2,3,318.0,1980.0,5.0,0.1606060606060606,0.03212121212121212,0.05353535353535353,False,1874.0,True
geolife,010-20081005225112-1,10,60,21,716,2,3,63.0,1980.0,5.0,0.031818181818181815,0.006363636363636363,0.010606060606060607,False,1959.0,True
geolife,010-20081005225112-1,11,60,14,716,2,3,42.0,1980.0,5.0,0.021212121212121213,0.004242424242424243,0.007070707070707071,False,1966.0,True
geolife,010-20081005225112-1,12,60,178,716,2,3,534.0,1980.0,5.0,0.2696969696969697,0.05393939393939394,0.0898989898989899,False,1802.0,True
geolife,010-20081005225112-1,13,60,12,916,2,3,36.0,1980.0,5.0,0.01818181818181818,0.0036363636363636364,0.006060606060606061,False,1968.0,True
geolife,010-20081005225112-1,14,60,10,916,2,3,30.0,1980.0,5.0,0.015151515151515152,0.0030303030303030303,0.005050505050505051,True,1970.0,True
geolife,010-20081005225112-1,15,60,36,916,2,3,108.0,1980.0,5.0,0.05454545454545454,0.010909090909090908,0.01818181818181818,False,1944.0,True
geolife,010-20081005225112-1,16,60,612,1016,2,3,1836.0,1980.0,5.0,0.9272727272727272,0.18545454545454546,0.3090909090909091,False,1368.0,True
geolife,010-20081005225112-1,17,60,143,1616,1,5,715.0,1980.0,5.0,0.3611111111111111,0.07222222222222222,0.07222222222222222,False,1837.0,True
geolife,010-20081005225112-1,18,60,10,1716,1,5,50.0,1980.0,5.0,0.025252525252525252,0.00505050505050505,0.005050505050505051,True,1970.0,True
geolife,010-20081005225112-1,19,60,170,1716,1,5,850.0,1980.0,5.0,0.4292929292929293,0.08585858585858586,0.08585858585858586,False,1810.0,True
geolife,010-20081005225112-1,20,60,11,1916,1,5,55.0,1980.0,5.0,0.027777777777777776,0.005555555555555555,0.005555555555555556,False,1969.0,True
geolife,010-20081005225112-1,21,60,61,1916,1,5,305.0,1980.0,5.0,0.15404040404040403,0.030808080808080805,0.03080808080808081,False,1919.0,True
geolife,010-20081005225112-1,22,60,195,2016,1,5,975.0,1980.0,5.0,0.49242424242424243,0.09848484848484848,0.09848484848484848,False,1785.0,True
geolife,010-20081005225112-1,23,60,59,2116,1,5,295.0,1980.0,5.0,0.14898989898989898,0.029797979797979796,0.0297979797979798,False,1921.0,True
geolife,010-20081005225112-1,24,60,28,2216,1,5,140.0,1980.0,5.0,0.0707070707070707,0.01414141414141414,0.014141414141414142,False,1952.0,True
geolife,010-20081005225112-1,25,60,88,2216,1,5,440.0,1980.0,5.0,0.2222222222222222,0.04444444444444444,0.044444444444444446,False,1892.0,True
geolife,010-20081005225112-1,26,60,16,2316,1,5,80.0,1980.0,5.0,0.04040404040404041,0.00808080808080808,0.00808080808080808,False,1964.0,True
geolife,010-20081005225112-1,27,60,75,2316,1,5,375.0,1980.0,5.0,0.1893939393939394,0.03787878787878788,0.03787878787878788,False,1905.0,True
geolife,010-20081005225112-1,28,60,135,2416,1,5,675.0,1980.0,5.0,0.3409090909090909,0.06818181818181818,0.06818181818181818,False,1845.0,True
geolife,010-20081005225112-1,29,60,36,2516,1,5,180.0,1980.0,5.0,0.09090909090909091,0.01818181818181818,0.01818181818181818,False,1944.0,True
geolife,010-20081005225112-1,30,60,31,2516,1,5,155.0,1980.0,5.0,0.07828282828282829,0.015656565656565657,0.015656565656565657,False,1949.0,True
geolife,010-20081005225112-1,31,60,25,2616,1,5,125.0,1980.0,5.0,0.06313131313131314,0.012626262626262628,0.012626262626262626,False,1955.0,True
geolife,010-20081005225112-1,32,60,7,2616,1,5,35.0,1980.0,5.0,0.017676767676767676,0.003535353535353535,0.0035353535353535356,True,1973.0,True
geolife,010-20081005225112-1,33,60,8,2616,1,5,40.0,1980.0,5.0,0.020202020202020204,0.00404040404040404,0.00404040404040404,True,1972.0,True
geolife,010-20081005225112-1,34,60,8,2616,1,5,40.0,1980.0,5.0,0.020202020202020204,0.00404040404040404,0.00404040404040404,True,1972.0,True
geolife,010-20081005225112-1,35,60,59,2616,1,5,295.0,1980.0,5.0,0.14898989898989898,0.029797979797979796,0.0297979797979798,False,1921.0,True
geolife,010-20081005225112-1,36,60,60,2716,1,5,300.0,1980.0,5.0,0.15151515151515152,0.030303030303030304,0.030303030303030304,False,1920.0,True
geolife,010-20081005225112-1,37,60,1,2716,1,5,5.0,1980.0,5.0,0.0025252525252525255,0.000505050505050505,0.000505050505050505,True,1979.0,True
geolife,010-20081005225112-1,38,60,103,2716,1,5,515.0,1980.0,5.0,0.2601010101010101,0.05202020202020202,0.05202020202020202,False,1877.0,True
geolife,010-20081005225112-1,39,60,10,2816,1,5,50.0,1980.0,5.0,0.025252525252525252,0.00505050505050505,0.005050505050505051,True,1970.0,True
geolife,010-20081005225112-1,40,60,10,2816,1,5,50.0,1980.0,5.0,0.025252525252525252,0.00505050505050505,0.005050505050505051,True,1970.0,True
geolife,010-20081005225112-1,41,60,10,2816,1,5,50.0,1980.0,5.0,0.025252525252525252,0.00505050505050505,0.005050505050505051,True,1970.0,True
geolife,010-20081005225112-1,42,60,65,2916,1,5,325.0,1980.0,5.0,0.16414141414141414,0.03282828282828283,0.03282828282828283,False,1915.0,True
geolife,010-20081005225112-1,43,60,17,2916,1,5,85.0,1980.0,5.0,0.04292929292929293,0.008585858585858586,0.008585858585858586,False,1963.0,True
geolife,010-20081005225112-1,44,60,95,2916,1,5,475.0,1980.0,5.0,0.2398989898989899,0.047979797979797977,0.047979797979797977,False,1885.0,True
geolife,010-20081005225112-1,45,60,13,3016,1,5,65.0,1980.0,5.0,0.03282828282828283,0.006565656565656566,0.0065656565656565654,False,1967.0,True
geolife,010-20081005225112-1,46,60,12,3016,1,5,60.0,1980.0,5.0,0.030303030303030304,0.006060606060606061,0.006060606060606061,False,1968.0,True
geolife,010-20081005225112-1,47,60,157,3016,1,5,785.0,1980.0,5.0,0.39646464646464646,0.07929292929292929,0.07929292929292929,False,1823.0,True
geolife,010-20081005225112-1,48,60,196,3216,1,5,980.0,1980.0,5.0,0.494949494949495,0.09898989898989899,0.09898989898989899,False,1784.0,True
geolife,010-20081005225112-1,49,60,15,3416,1,5,75.0,1980.0,5.0,0.03787878787878788,0.007575757575757576,0.007575757575757576,False,1965.0,True
geolife,010-20081005225112-1,50,60,130,3416,1,5,650.0,1980.0,5.0,0.3282828282828283,0.06565656565656566,0.06565656565656566,False,1850.0,True
geolife,010-20081005225112-1,51,60,67,3516,1,5,335.0,1980.0,5.0,0.1691919191919192,0.03383838383838384,0.03383838383838384,False,1913.0,True
geolife,010-20081005225112-1,52,60,12,3616,1,5,60.0,1980.0,5.0,0.030303030303030304,0.006060606060606061,0.006060606060606061,False,1968.0,True
geolife,010-20081005225112-1,53,60,100,3616,1,5,500.0,1980.0,5.0,0.25252525252525254,0.05050505050505051,0.050505050505050504,False,1880.0,True
geolife,010-20081005225112-1,54,60,45,3716,1,5,225.0,1980.0,5.0,0.11363636363636363,0.022727272727272728,0.022727272727272728,False,1935.0,True
geolife,010-20081005225112-1,55,60,58,3716,1,5,290.0,1980.0,5.0,0.14646464646464646,0.029292929292929294,0.029292929292929294,False,1922.0,True
geolife,010-20081005225112-1,56,60,174,3816,1,5,870.0,1980.0,5.0,0.4393939393939394,0.08787878787878788,0.08787878787878788,False,1806.0,True
geolife,010-20081005225112-1,57,60,124,3916,1,5,620.0,1980.0,5.0,0.31313131313131315,0.06262626262626263,0.06262626262626263,False,1856.0,True
geolife,010-20081005225112-1,58,12,34,4017,1,5,170.0,396.0,5.0,0.4292929292929293,0.08585858585858586,0.08585858585858586,False,362.0,True
rome,rome:60:103-0-s96:p0,0,59,452,906,120,12,5424.0,1947.0,12.0,2.785824345146379,0.23215202876219823,0.23215202876219826,False,1495.0,True
rome,rome:60:103-0-s96:p0,1,60,481,909,120,12,5772.0,1980.0,12.0,2.915151515151515,0.2429292929292929,0.24292929292929294,False,1499.0,True
rome,rome:60:103-0-s96:p0,2,59,316,1212,100,10,3160.0,1947.0,12.0,1.623009758602979,0.13525081321691493,0.1623009758602979,False,1631.0,True
rome,rome:60:103-0-s96:p0,3,61,58,1413,100,10,580.0,2013.0,12.0,0.28812717337307503,0.024010597781089587,0.028812717337307503,False,1955.0,True
rome,rome:60:103-0-s96:p0,4,60,95,1514,100,10,950.0,1980.0,12.0,0.4797979797979798,0.03998316498316498,0.047979797979797977,False,1885.0,True
rome,rome:60:103-0-s96:p0,5,61,0,1514,100,10,0.0,2013.0,12.0,0.0,0.0,0.0,True,2013.0,True
rome,rome:60:103-0-s96:p0,6,59,0,1514,100,10,0.0,1947.0,12.0,0.0,0.0,0.0,True,1947.0,True
rome,rome:60:103-0-s96:p0,7,60,0,1514,100,10,0.0,1980.0,12.0,0.0,0.0,0.0,True,1980.0,True
rome,rome:60:103-0-s96:p0,8,59,0,1514,100,10,0.0,1947.0,12.0,0.0,0.0,0.0,True,1947.0,True
rome,rome:60:103-0-s96:p0,9,61,20,1514,100,10,200.0,2013.0,12.0,0.09935419771485346,0.008279516476237788,0.009935419771485345,False,1993.0,True
rome,rome:60:103-0-s96:p0,10,60,8,1514,100,10,80.0,1980.0,12.0,0.04040404040404041,0.0033670033670033673,0.00404040404040404,True,1972.0,True
rome,rome:60:103-0-s96:p0,11,60,23,1514,100,10,230.0,1980.0,12.0,0.11616161616161616,0.00968013468013468,0.011616161616161616,False,1957.0,True
rome,rome:60:103-0-s96:p0,12,60,52,1514,100,10,520.0,1980.0,12.0,0.26262626262626265,0.021885521885521887,0.026262626262626262,False,1928.0,True
rome,rome:60:103-0-s96:p0,13,59,15,1514,100,10,150.0,1947.0,12.0,0.07704160246533127,0.0064201335387776065,0.007704160246533128,False,1932.0,True
rome,rome:60:103-0-s96:p0,14,62,14,1514,100,10,140.0,2046.0,12.0,0.06842619745845552,0.00570218312153796,0.006842619745845552,False,2032.0,True
rome,rome:60:103-0-s96:p0,15,58,14,1514,100,10,140.0,1914.0,12.0,0.07314524555903866,0.006095437129919889,0.0073145245559038665,False,1900.0,True
rome,rome:60:103-0-s96:p0,16,61,18,1514,100,10,180.0,2013.0,12.0,0.08941877794336811,0.007451564828614009,0.00894187779433681,False,1995.0,True
rome,rome:60:103-0-s96:p0,17,59,14,1514,100,10,140.0,1947.0,12.0,0.07190549563430919,0.005992124636192433,0.007190549563430919,False,1933.0,True
rome,rome:60:103-0-s96:p0,18,60,15,1514,100,10,150.0,1980.0,12.0,0.07575757575757576,0.006313131313131313,0.007575757575757576,False,1965.0,True
rome,rome:60:103-0-s96:p0,19,60,11,1514,100,10,110.0,1980.0,12.0,0.05555555555555555,0.004629629629629629,0.005555555555555556,False,1969.0,True
rome,rome:60:103-0-s96:p0,20,60,20,1514,100,10,200.0,1980.0,12.0,0.10101010101010101,0.008417508417508417,0.010101010101010102,False,1960.0,True
rome,rome:60:103-0-s96:p0,21,60,17,1514,100,10,170.0,1980.0,12.0,0.08585858585858586,0.007154882154882154,0.008585858585858586,False,1963.0,True
rome,rome:60:103-0-s96:p0,22,60,16,1514,100,10,160.0,1980.0,12.0,0.08080808080808081,0.006734006734006735,0.00808080808080808,False,1964.0,True
rome,rome:60:103-0-s96:p0,23,60,19,1514,100,10,190.0,1980.0,12.0,0.09595959595959595,0.007996632996632997,0.009595959595959595,False,1961.0,True
rome,rome:60:104-0-s145:p0,0,75,101,1513,100,10,1010.0,2475.0,12.0,0.4080808080808081,0.034006734006734006,0.04080808080808081,False,2374.0,True
rome,rome:60:104-0-s145:p0,1,45,0,1514,100,10,0.0,1485.0,12.0,0.0,0.0,0.0,True,1485.0,True
rome,rome:60:104-0-s145:p0,2,74,9,1514,100,10,90.0,2442.0,12.0,0.036855036855036855,0.003071253071253071,0.0036855036855036856,True,2433.0,True
rome,rome:60:104-0-s145:p0,3,46,0,1514,100,10,0.0,1518.0,12.0,0.0,0.0,0.0,True,1518.0,True
rome,rome:60:104-0-s145:p0,4,74,7,1514,100,10,70.0,2442.0,12.0,0.028665028665028666,0.002388752388752389,0.0028665028665028664,True,2435.0,True
rome,rome:60:104-0-s145:p0,5,60,21,1514,100,10,210.0,1980.0,12.0,0.10606060606060606,0.008838383838383838,0.010606060606060607,False,1959.0,True
rome,rome:60:104-0-s145:p0,6,60,12,1514,100,10,120.0,1980.0,12.0,0.06060606060606061,0.005050505050505051,0.006060606060606061,False,1968.0,True
rome,rome:60:104-0-s145:p0,7,61,9,1513,100,10,90.0,2013.0,12.0,0.044709388971684055,0.0037257824143070045,0.004470938897168405,True,2004.0,True
rome,rome:60:104-0-s145:p0,8,59,2,1513,100,10,20.0,1947.0,12.0,0.01027221366204417,0.0008560178051703475,0.001027221366204417,True,1945.0,True
rome,rome:60:104-0-s145:p0,9,61,2,1513,100,10,20.0,2013.0,12.0,0.009935419771485345,0.0008279516476237788,0.0009935419771485345,True,2011.0,True
rome,rome:60:104-0-s145:p0,10,59,1,1513,100,10,10.0,1947.0,12.0,0.005136106831022085,0.00042800890258517377,0.0005136106831022085,True,1946.0,True
rome,rome:60:104-0-s145:p0,11,61,2,1513,100,10,20.0,2013.0,12.0,0.009935419771485345,0.0008279516476237788,0.0009935419771485345,True,2011.0,True
rome,rome:60:104-0-s145:p0,12,45,6,1513,100,10,60.0,1485.0,12.0,0.04040404040404041,0.0033670033670033673,0.00404040404040404,True,1479.0,True
rome,rome:60:104-0-s145:p0,13,75,0,1513,100,10,0.0,2475.0,12.0,0.0,0.0,0.0,True,2475.0,True
rome,rome:60:104-0-s145:p0,14,46,2,1513,100,10,20.0,1518.0,12.0,0.013175230566534914,0.0010979358805445762,0.0013175230566534915,True,1516.0,True
rome,rome:60:104-0-s145:p0,15,73,11,1513,100,10,110.0,2409.0,12.0,0.045662100456621,0.00380517503805175,0.0045662100456621,False,2398.0,True
rome,rome:60:104-0-s145:p0,16,46,11,1513,100,10,110.0,1518.0,12.0,0.07246376811594203,0.006038647342995169,0.007246376811594203,False,1507.0,True
rome,rome:60:104-0-s145:p0,17,74,1,1513,100,10,10.0,2442.0,12.0,0.004095004095004095,0.00034125034125034127,0.0004095004095004095,True,2441.0,True
rome,rome:60:104-0-s145:p0,18,60,0,1513,100,10,0.0,1980.0,12.0,0.0,0.0,0.0,True,1980.0,True
rome,rome:60:104-0-s145:p0,19,60,3,1513,100,10,30.0,1980.0,12.0,0.015151515151515152,0.0012626262626262627,0.0015151515151515152,True,1977.0,True
rome,rome:60:104-0-s145:p0,20,60,9,1513,100,10,90.0,1980.0,12.0,0.045454545454545456,0.003787878787878788,0.004545454545454545,True,1971.0,True
rome,rome:60:104-0-s145:p0,21,46,0,1513,100,10,0.0,1518.0,12.0,0.0,0.0,0.0,True,1518.0,True
rome,rome:60:104-0-s145:p0,22,75,0,1513,100,10,0.0,2475.0,12.0,0.0,0.0,0.0,True,2475.0,True
rome,rome:60:104-0-s145:p0,23,59,0,1513,100,10,0.0,1947.0,12.0,0.0,0.0,0.0,True,1947.0,True
rome,rome:60:105-0-s77:p0,0,56,0,6,120,12,0.0,1848.0,12.0,0.0,0.0,0.0,True,1848.0,True
rome,rome:60:105-0-s77:p0,1,60,0,6,120,12,0.0,1980.0,12.0,0.0,0.0,0.0,True,1980.0,True
rome,rome:60:105-0-s77:p0,2,62,0,6,120,12,0.0,2046.0,12.0,0.0,0.0,0.0,True,2046.0,True
rome,rome:60:105-0-s77:p0,3,58,0,6,120,12,0.0,1914.0,12.0,0.0,0.0,0.0,True,1914.0,True
rome,rome:60:105-0-s77:p0,4,69,3,6,120,12,36.0,2277.0,12.0,0.015810276679841896,0.0013175230566534913,0.0013175230566534915,True,2274.0,True
rome,rome:60:105-0-s77:p0,5,51,0,6,120,12,0.0,1683.0,12.0,0.0,0.0,0.0,True,1683.0,True
rome,rome:60:105-0-s77:p0,6,63,0,6,120,12,0.0,2079.0,12.0,0.0,0.0,0.0,True,2079.0,True
rome,rome:60:105-0-s77:p0,7,57,0,6,120,12,0.0,1881.0,12.0,0.0,0.0,0.0,True,1881.0,True
rome,rome:60:105-0-s77:p0,8,60,0,6,120,12,0.0,1980.0,12.0,0.0,0.0,0.0,True,1980.0,True
rome,rome:60:105-0-s77:p0,9,60,12,6,120,12,144.0,1980.0,12.0,0.07272727272727272,0.006060606060606061,0.006060606060606061,False,1968.0,True
rome,rome:60:105-0-s77:p0,10,60,0,6,120,12,0.0,1980.0,12.0,0.0,0.0,0.0,True,1980.0,True
rome,rome:60:105-0-s77:p0,11,60,0,6,120,12,0.0,1980.0,12.0,0.0,0.0,0.0,True,1980.0,True
rome,rome:60:105-0-s77:p0,12,62,0,6,120,12,0.0,2046.0,12.0,0.0,0.0,0.0,True,2046.0,True
rome,rome:60:105-0-s77:p0,13,60,0,6,120,12,0.0,1980.0,12.0,0.0,0.0,0.0,True,1980.0,True
rome,rome:60:105-0-s77:p0,14,58,7,6,120,12,84.0,1914.0,12.0,0.0438871473354232,0.0036572622779519333,0.0036572622779519333,True,1907.0,True
rome,rome:60:105-0-s77:p0,15,61,8,6,120,12,96.0,2013.0,12.0,0.04769001490312966,0.003974167908594138,0.003974167908594138,True,2005.0,True
rome,rome:60:105-0-s77:p0,16,60,0,6,120,12,0.0,1980.0,12.0,0.0,0.0,0.0,True,1980.0,True
rome,rome:60:105-0-s77:p0,17,62,0,6,120,12,0.0,2046.0,12.0,0.0,0.0,0.0,True,2046.0,True
rome,rome:60:105-0-s77:p0,18,61,0,6,120,12,0.0,2013.0,12.0,0.0,0.0,0.0,True,2013.0,True
rome,rome:60:105-0-s77:p0,19,59,0,6,120,12,0.0,1947.0,12.0,0.0,0.0,0.0,True,1947.0,True
rome,rome:60:105-0-s77:p0,20,57,0,6,120,12,0.0,1881.0,12.0,0.0,0.0,0.0,True,1881.0,True
rome,rome:60:105-0-s77:p0,21,60,0,6,120,12,0.0,1980.0,12.0,0.0,0.0,0.0,True,1980.0,True
rome,rome:60:105-0-s77:p0,22,60,0,6,120,12,0.0,1980.0,12.0,0.0,0.0,0.0,True,1980.0,True
rome,rome:60:105-0-s77:p0,23,67,0,6,120,12,0.0,2211.0,12.0,0.0,0.0,0.0,True,2211.0,True
rome,rome:60:109-0-s11:p0,0,60,545,606,120,12,6540.0,1980.0,12.0,3.303030303030303,0.27525252525252525,0.27525252525252525,False,1435.0,True
rome,rome:60:109-0-s11:p0,1,60,222,909,120,12,2664.0,1980.0,12.0,1.3454545454545455,0.11212121212121212,0.11212121212121212,False,1758.0,True
rome,rome:60:109-0-s11:p0,2,58,69,1011,120,12,828.0,1914.0,12.0,0.43260188087774293,0.03605015673981191,0.03605015673981191,False,1845.0,True
rome,rome:60:109-0-s11:p0,3,60,0,1012,120,12,0.0,1980.0,12.0,0.0,0.0,0.0,True,1980.0,True
rome,rome:60:109-0-s11:p0,4,61,0,1012,120,12,0.0,2013.0,12.0,0.0,0.0,0.0,True,2013.0,True
rome,rome:60:109-0-s11:p0,5,59,0,1012,120,12,0.0,1947.0,12.0,0.0,0.0,0.0,True,1947.0,True
rome,rome:60:109-0-s11:p0,6,61,0,1012,120,12,0.0,2013.0,12.0,0.0,0.0,0.0,True,2013.0,True
rome,rome:60:109-0-s11:p0,7,61,2,1012,120,12,24.0,2013.0,12.0,0.011922503725782414,0.0009935419771485345,0.0009935419771485345,True,2011.0,True
rome,rome:60:109-0-s11:p0,8,59,0,1012,120,12,0.0,1947.0,12.0,0.0,0.0,0.0,True,1947.0,True
rome,rome:60:109-0-s11:p0,9,60,0,1012,120,12,0.0,1980.0,12.0,0.0,0.0,0.0,True,1980.0,True
rome,rome:60:109-0-s11:p0,10,60,0,1012,120,12,0.0,1980.0,12.0,0.0,0.0,0.0,True,1980.0,True
rome,rome:60:109-0-s11:p0,11,60,0,1012,120,12,0.0,1980.0,12.0,0.0,0.0,0.0,True,1980.0,True
rome,rome:60:109-0-s11:p0,12,60,0,1012,120,12,0.0,1980.0,12.0,0.0,0.0,0.0,True,1980.0,True
rome,rome:60:109-0-s11:p0,13,59,0,1012,120,12,0.0,1947.0,12.0,0.0,0.0,0.0,True,1947.0,True
rome,rome:60:109-0-s11:p0,14,61,16,1012,120,12,192.0,2013.0,12.0,0.09538002980625931,0.007948335817188276,0.007948335817188276,False,1997.0,True
rome,rome:60:109-0-s11:p0,15,60,0,1012,120,12,0.0,1980.0,12.0,0.0,0.0,0.0,True,1980.0,True
rome,rome:60:109-0-s11:p0,16,60,0,1012,120,12,0.0,1980.0,12.0,0.0,0.0,0.0,True,1980.0,True
rome,rome:60:109-0-s11:p0,17,60,0,1012,120,12,0.0,1980.0,12.0,0.0,0.0,0.0,True,1980.0,True
rome,rome:60:109-0-s11:p0,18,60,0,1012,120,12,0.0,1980.0,12.0,0.0,0.0,0.0,True,1980.0,True
rome,rome:60:109-0-s11:p0,19,60,0,1012,120,12,0.0,1980.0,12.0,0.0,0.0,0.0,True,1980.0,True
rome,rome:60:109-0-s11:p0,20,60,0,1012,120,12,0.0,1980.0,12.0,0.0,0.0,0.0,True,1980.0,True
rome,rome:60:109-0-s11:p0,21,60,0,1012,120,12,0.0,1980.0,12.0,0.0,0.0,0.0,True,1980.0,True
rome,rome:60:109-0-s11:p0,22,61,0,1012,120,12,0.0,2013.0,12.0,0.0,0.0,0.0,True,2013.0,True
rome,rome:60:109-0-s11:p0,23,59,0,1012,120,12,0.0,1947.0,12.0,0.0,0.0,0.0,True,1947.0,True
rome,rome:60:109-0-s11:p1,0,62,0,1112,120,12,0.0,2046.0,12.0,0.0,0.0,0.0,True,2046.0,True
rome,rome:60:109-0-s11:p1,1,59,0,1112,120,12,0.0,1947.0,12.0,0.0,0.0,0.0,True,1947.0,True
rome,rome:60:109-0-s11:p1,2,60,8,1112,120,12,96.0,1980.0,12.0,0.048484848484848485,0.00404040404040404,0.00404040404040404,True,1972.0,True
rome,rome:60:109-0-s11:p1,3,60,0,1112,120,12,0.0,1980.0,12.0,0.0,0.0,0.0,True,1980.0,True
rome,rome:60:109-0-s11:p1,4,59,8,1112,120,12,96.0,1947.0,12.0,0.04930662557781202,0.004108885464817668,0.004108885464817668,True,1939.0,True
rome,rome:60:109-0-s11:p1,5,61,0,1112,120,12,0.0,2013.0,12.0,0.0,0.0,0.0,True,2013.0,True
rome,rome:60:109-0-s11:p1,6,59,16,1112,120,12,192.0,1947.0,12.0,0.09861325115562404,0.008217770929635337,0.008217770929635337,False,1931.0,True
rome,rome:60:109-0-s11:p1,7,61,5,1112,120,12,60.0,2013.0,12.0,0.029806259314456036,0.0024838549428713363,0.0024838549428713363,True,2008.0,True
rome,rome:60:109-0-s11:p1,8,59,15,1112,120,12,180.0,1947.0,12.0,0.09244992295839753,0.007704160246533128,0.007704160246533128,False,1932.0,True
rome,rome:60:109-0-s11:p1,9,60,20,1112,120,12,240.0,1980.0,12.0,0.12121212121212122,0.010101010101010102,0.010101010101010102,False,1960.0,True
rome,rome:60:109-0-s11:p1,10,60,15,1112,120,12,180.0,1980.0,12.0,0.09090909090909091,0.007575757575757576,0.007575757575757576,False,1965.0,True
rome,rome:60:109-0-s11:p1,11,61,14,1112,120,12,168.0,2013.0,12.0,0.08345752608047691,0.0069547938400397425,0.006954793840039742,False,1999.0,True
rome,rome:60:109-0-s11:p1,12,60,19,1112,120,12,228.0,1980.0,12.0,0.11515151515151516,0.009595959595959597,0.009595959595959595,False,1961.0,True
rome,rome:60:109-0-s11:p1,13,60,20,1112,120,12,240.0,1980.0,12.0,0.12121212121212122,0.010101010101010102,0.010101010101010102,False,1960.0,True
rome,rome:60:109-0-s11:p1,14,60,5,1112,120,12,60.0,1980.0,12.0,0.030303030303030304,0.0025252525252525255,0.0025252525252525255,True,1975.0,True
rome,rome:60:109-0-s11:p1,15,60,0,1112,120,12,0.0,1980.0,12.0,0.0,0.0,0.0,True,1980.0,True
rome,rome:60:109-0-s11:p1,16,60,0,1112,120,12,0.0,1980.0,12.0,0.0,0.0,0.0,True,1980.0,True
rome,rome:60:109-0-s11:p1,17,61,0,1112,120,12,0.0,2013.0,12.0,0.0,0.0,0.0,True,2013.0,True
rome,rome:60:109-0-s11:p1,18,59,0,1112,120,12,0.0,1947.0,12.0,0.0,0.0,0.0,True,1947.0,True
rome,rome:60:109-0-s11:p1,19,61,0,1112,120,12,0.0,2013.0,12.0,0.0,0.0,0.0,True,2013.0,True
rome,rome:60:109-0-s11:p1,20,59,21,1112,120,12,252.0,1947.0,12.0,0.12942989214175654,0.010785824345146378,0.01078582434514638,False,1926.0,True
rome,rome:60:109-0-s11:p1,21,59,18,1112,120,12,216.0,1947.0,12.0,0.11093990755007704,0.009244992295839754,0.009244992295839754,False,1929.0,True
rome,rome:60:109-0-s11:p1,22,61,0,1112,120,12,0.0,2013.0,12.0,0.0,0.0,0.0,True,2013.0,True
rome,rome:60:109-0-s11:p1,23,59,0,1112,120,12,0.0,1947.0,12.0,0.0,0.0,0.0,True,1947.0,True
rome,rome:60:109-0-s188:p0,0,59,106,909,120,12,1272.0,1947.0,12.0,0.6533127889060092,0.0544427324088341,0.054442732408834106,False,1841.0,True
rome,rome:60:109-0-s188:p0,1,62,0,1010,120,12,0.0,2046.0,12.0,0.0,0.0,0.0,True,2046.0,True
rome,rome:60:109-0-s188:p0,2,59,0,1010,120,12,0.0,1947.0,12.0,0.0,0.0,0.0,True,1947.0,True
rome,rome:60:109-0-s188:p0,3,60,0,1010,120,12,0.0,1980.0,12.0,0.0,0.0,0.0,True,1980.0,True
rome,rome:60:109-0-s188:p0,4,59,226,1010,120,12,2712.0,1947.0,12.0,1.3929121725731894,0.11607601438109912,0.11607601438109913,False,1721.0,True
rome,rome:60:109-0-s188:p0,5,60,225,1112,120,12,2700.0,1980.0,12.0,1.3636363636363635,0.11363636363636363,0.11363636363636363,False,1755.0,True
rome,rome:60:109-0-s188:p0,6,61,182,1312,100,10,1820.0,2013.0,12.0,0.9041231992051664,0.07534359993376387,0.09041231992051664,False,1831.0,True
rome,rome:60:109-0-s188:p0,7,59,207,1413,100,10,2070.0,1947.0,12.0,1.0631741140215716,0.08859784283513096,0.10631741140215717,False,1740.0,True
rome,rome:60:109-0-s188:p0,8,61,0,1514,100,10,0.0,2013.0,12.0,0.0,0.0,0.0,True,2013.0,True
rome,rome:60:109-0-s188:p0,9,59,0,1514,100,10,0.0,1947.0,12.0,0.0,0.0,0.0,True,1947.0,True
rome,rome:60:109-0-s188:p0,10,61,52,1514,100,10,520.0,2013.0,12.0,0.25832091405861896,0.021526742838218246,0.025832091405861898,False,1961.0,True
rome,rome:60:109-0-s188:p0,11,59,0,1514,100,10,0.0,1947.0,12.0,0.0,0.0,0.0,True,1947.0,True
rome,rome:60:109-0-s188:p0,12,60,1,1514,100,10,10.0,1980.0,12.0,0.005050505050505051,0.0004208754208754209,0.000505050505050505,True,1979.0,True
rome,rome:60:109-0-s188:p0,13,61,0,1514,100,10,0.0,2013.0,12.0,0.0,0.0,0.0,True,2013.0,True
rome,rome:60:109-0-s188:p0,14,60,13,1514,100,10,130.0,1980.0,12.0,0.06565656565656566,0.005471380471380472,0.0065656565656565654,False,1967.0,True
rome,rome:60:109-0-s188:p0,15,60,0,1514,100,10,0.0,1980.0,12.0,0.0,0.0,0.0,True,1980.0,True
rome,rome:60:109-0-s188:p0,16,60,0,1514,100,10,0.0,1980.0,12.0,0.0,0.0,0.0,True,1980.0,True
rome,rome:60:109-0-s188:p0,17,60,0,1514,100,10,0.0,1980.0,12.0,0.0,0.0,0.0,True,1980.0,True
rome,rome:60:109-0-s188:p0,18,60,0,1514,100,10,0.0,1980.0,12.0,0.0,0.0,0.0,True,1980.0,True
rome,rome:60:109-0-s188:p0,19,60,0,1514,100,10,0.0,1980.0,12.0,0.0,0.0,0.0,True,1980.0,True
rome,rome:60:109-0-s188:p0,20,60,0,1514,100,10,0.0,1980.0,12.0,0.0,0.0,0.0,True,1980.0,True
rome,rome:60:109-0-s188:p0,21,60,0,1514,100,10,0.0,1980.0,12.0,0.0,0.0,0.0,True,1980.0,True
rome,rome:60:109-0-s188:p0,22,60,34,1514,100,10,340.0,1980.0,12.0,0.1717171717171717,0.014309764309764309,0.01717171717171717,False,1946.0,True
rome,rome:60:109-0-s188:p0,23,61,30,1514,100,10,300.0,2013.0,12.0,0.14903129657228018,0.01241927471435668,0.014903129657228018,False,1983.0,True
rome,rome:60:109-0-s188:p1,0,60,32,1514,100,10,320.0,1980.0,12.0,0.16161616161616163,0.01346801346801347,0.01616161616161616,False,1948.0,True
rome,rome:60:109-0-s188:p1,1,60,5,1514,100,10,50.0,1980.0,12.0,0.025252525252525252,0.0021043771043771043,0.0025252525252525255,True,1975.0,True
rome,rome:60:109-0-s188:p1,2,60,0,1514,100,10,0.0,1980.0,12.0,0.0,0.0,0.0,True,1980.0,True
rome,rome:60:109-0-s188:p1,3,60,0,1514,100,10,0.0,1980.0,12.0,0.0,0.0,0.0,True,1980.0,True
rome,rome:60:109-0-s188:p1,4,60,0,1514,100,10,0.0,1980.0,12.0,0.0,0.0,0.0,True,1980.0,True
rome,rome:60:109-0-s188:p1,5,60,0,1514,100,10,0.0,1980.0,12.0,0.0,0.0,0.0,True,1980.0,True
rome,rome:60:109-0-s188:p1,6,59,29,1514,100,10,290.0,1947.0,12.0,0.14894709809964046,0.012412258174970039,0.014894709809964048,False,1918.0,True
rome,rome:60:109-0-s188:p1,7,61,18,1514,100,10,180.0,2013.0,12.0,0.08941877794336811,0.007451564828614009,0.00894187779433681,False,1995.0,True
rome,rome:60:109-0-s188:p1,8,59,3,1514,100,10,30.0,1947.0,12.0,0.015408320493066256,0.0012840267077555213,0.0015408320493066256,True,1944.0,True
rome,rome:60:109-0-s188:p1,9,62,6,1514,100,10,60.0,2046.0,12.0,0.02932551319648094,0.0024437927663734115,0.002932551319648094,True,2040.0,True
rome,rome:60:109-0-s188:p1,10,58,4,1514,100,10,40.0,1914.0,12.0,0.02089864158829676,0.0017415534656913968,0.0020898641588296763,True,1910.0,True
rome,rome:60:109-0-s188:p1,11,61,19,1514,100,10,190.0,2013.0,12.0,0.09438648782911079,0.007865540652425899,0.009438648782911079,False,1994.0,True
rome,rome:60:109-0-s188:p1,12,60,31,1514,100,10,310.0,1980.0,12.0,0.15656565656565657,0.013047138047138048,0.015656565656565657,False,1949.0,True
rome,rome:60:109-0-s188:p1,13,60,12,1514,100,10,120.0,1980.0,12.0,0.06060606060606061,0.005050505050505051,0.006060606060606061,False,1968.0,True
rome,rome:60:109-0-s188:p1,14,59,15,1514,100,10,150.0,1947.0,12.0,0.07704160246533127,0.0064201335387776065,0.007704160246533128,False,1932.0,True
rome,rome:60:109-0-s188:p1,15,61,0,1514,100,10,0.0,2013.0,12.0,0.0,0.0,0.0,True,2013.0,True
rome,rome:60:109-0-s188:p1,16,61,1,1514,100,10,10.0,2013.0,12.0,0.004967709885742673,0.0004139758238118894,0.0004967709885742673,True,2012.0,True
rome,rome:60:109-0-s188:p1,17,59,9,1514,100,10,90.0,1947.0,12.0,0.046224961479198766,0.003852080123266564,0.004622496147919877,True,1938.0,True
rome,rome:60:109-0-s188:p1,18,60,33,1514,100,10,330.0,1980.0,12.0,0.16666666666666666,0.013888888888888888,0.016666666666666666,False,1947.0,True
rome,rome:60:109-0-s188:p1,19,60,1,1513,100,10,10.0,1980.0,12.0,0.005050505050505051,0.0004208754208754209,0.000505050505050505,True,1979.0,True
rome,rome:60:109-0-s188:p1,20,61,0,1513,100,10,0.0,2013.0,12.0,0.0,0.0,0.0,True,2013.0,True
rome,rome:60:109-0-s188:p1,21,59,0,1513,100,10,0.0,1947.0,12.0,0.0,0.0,0.0,True,1947.0,True
rome,rome:60:109-0-s188:p1,22,60,0,1513,100,10,0.0,1980.0,12.0,0.0,0.0,0.0,True,1980.0,True
rome,rome:60:109-0-s188:p1,23,60,12,1513,100,10,120.0,1980.0,12.0,0.06060606060606061,0.005050505050505051,0.006060606060606061,False,1968.0,True
rome,rome:60:109-0-s32:p0,0,60,472,908,120,12,5664.0,1980.0,12.0,2.860606060606061,0.2383838383838384,0.2383838383838384,False,1508.0,True
rome,rome:60:109-0-s32:p0,1,59,359,1112,120,12,4308.0,1947.0,12.0,2.2126348228043144,0.18438623523369288,0.18438623523369285,False,1588.0,True
rome,rome:60:109-0-s32:p0,2,60,156,1313,100,10,1560.0,1980.0,12.0,0.7878787878787878,0.06565656565656565,0.07878787878787878,False,1824.0,True
rome,rome:60:109-0-s32:p0,3,60,103,1513,100,10,1030.0,1980.0,12.0,0.5202020202020202,0.043350168350168354,0.05202020202020202,False,1877.0,True
rome,rome:60:109-0-s32:p0,4,61,0,1514,100,10,0.0,2013.0,12.0,0.0,0.0,0.0,True,2013.0,True
rome,rome:60:109-0-s32:p0,5,59,0,1514,100,10,0.0,1947.0,12.0,0.0,0.0,0.0,True,1947.0,True
rome,rome:60:109-0-s32:p0,6,61,49,1514,100,10,490.0,2013.0,12.0,0.24341778440139095,0.020284815366782578,0.024341778440139097,False,1964.0,True
rome,rome:60:109-0-s32:p0,7,60,0,1514,100,10,0.0,1980.0,12.0,0.0,0.0,0.0,True,1980.0,True
rome,rome:60:109-0-s32:p0,8,59,16,1514,100,10,160.0,1947.0,12.0,0.08217770929635336,0.00684814244136278,0.008217770929635337,False,1931.0,True
rome,rome:60:109-0-s32:p0,9,61,28,1514,100,10,280.0,2013.0,12.0,0.13909587680079483,0.011591323066732903,0.013909587680079483,False,1985.0,True
rome,rome:60:109-0-s32:p0,10,59,21,1514,100,10,210.0,1947.0,12.0,0.10785824345146379,0.008988186954288649,0.01078582434514638,False,1926.0,True
rome,rome:60:109-0-s32:p0,11,61,23,1514,100,10,230.0,2013.0,12.0,0.11425732737208147,0.009521443947673456,0.011425732737208148,False,1990.0,True
rome,rome:60:109-0-s32:p0,12,59,21,1514,100,10,210.0,1947.0,12.0,0.10785824345146379,0.008988186954288649,0.01078582434514638,False,1926.0,True
rome,rome:60:109-0-s32:p0,13,61,7,1514,100,10,70.0,2013.0,12.0,0.03477396920019871,0.0028978307666832257,0.003477396920019871,True,2006.0,True
rome,rome:60:109-0-s32:p0,14,59,17,1514,100,10,170.0,1947.0,12.0,0.08731381612737545,0.007276151343947954,0.008731381612737545,False,1930.0,True
rome,rome:60:109-0-s32:p0,15,60,19,1514,100,10,190.0,1980.0,12.0,0.09595959595959595,0.007996632996632997,0.009595959595959595,False,1961.0,True
rome,rome:60:109-0-s32:p0,16,60,6,1514,100,10,60.0,1980.0,12.0,0.030303030303030304,0.0025252525252525255,0.0030303030303030303,True,1974.0,True
rome,rome:60:109-0-s32:p0,17,60,13,1514,100,10,130.0,1980.0,12.0,0.06565656565656566,0.005471380471380472,0.0065656565656565654,False,1967.0,True
rome,rome:60:109-0-s32:p0,18,61,27,1514,100,10,270.0,2013.0,12.0,0.13412816691505217,0.011177347242921014,0.013412816691505217,False,1986.0,True
rome,rome:60:109-0-s32:p0,19,59,16,1514,100,10,160.0,1947.0,12.0,0.08217770929635336,0.00684814244136278,0.008217770929635337,False,1931.0,True
rome,rome:60:109-0-s32:p0,20,61,10,1514,100,10,100.0,2013.0,12.0,0.04967709885742673,0.004139758238118894,0.004967709885742673,True,2003.0,True
rome,rome:60:109-0-s32:p0,21,59,19,1514,100,10,190.0,1947.0,12.0,0.09758602978941962,0.008132169149118301,0.009758602978941962,False,1928.0,True
rome,rome:60:109-0-s32:p0,22,60,10,1514,100,10,100.0,1980.0,12.0,0.050505050505050504,0.004208754208754209,0.005050505050505051,True,1970.0,True
rome,rome:60:109-0-s32:p0,23,60,16,1514,100,10,160.0,1980.0,12.0,0.08080808080808081,0.006734006734006735,0.00808080808080808,False,1964.0,True
rome,rome:60:109-0-s40:p0,0,60,515,207,120,12,6180.0,1980.0,12.0,3.121212121212121,0.2601010101010101,0.2601010101010101,False,1465.0,True
rome,rome:60:109-0-s40:p0,1,60,585,606,120,12,7020.0,1980.0,12.0,3.5454545454545454,0.29545454545454547,0.29545454545454547,False,1395.0,True
rome,rome:60:109-0-s40:p0,2,60,321,1009,120,12,3852.0,1980.0,12.0,1.9454545454545455,0.16212121212121214,0.1621212121212121,False,1659.0,True
rome,rome:60:109-0-s40:p0,3,60,46,1111,120,12,552.0,1980.0,12.0,0.2787878787878788,0.023232323232323233,0.023232323232323233,False,1934.0,True
rome,rome:60:109-0-s40:p0,4,60,0,1111,120,12,0.0,1980.0,12.0,0.0,0.0,0.0,True,1980.0,True
rome,rome:60:109-0-s40:p0,5,61,6,1111,120,12,72.0,2013.0,12.0,0.03576751117734724,0.0029806259314456036,0.0029806259314456036,True,2007.0,True
rome,rome:60:109-0-s40:p0,6,59,0,1111,120,12,0.0,1947.0,12.0,0.0,0.0,0.0,True,1947.0,True
rome,rome:60:109-0-s40:p0,7,61,0,1111,120,12,0.0,2013.0,12.0,0.0,0.0,0.0,True,2013.0,True
rome,rome:60:109-0-s40:p0,8,59,67,1111,120,12,804.0,1947.0,12.0,0.41294298921417566,0.034411915767847974,0.034411915767847974,False,1880.0,True
rome,rome:60:109-0-s40:p0,9,60,145,1011,120,12,1740.0,1980.0,12.0,0.8787878787878788,0.07323232323232323,0.07323232323232323,False,1835.0,True
rome,rome:60:109-0-s40:p0,10,60,331,1112,120,12,3972.0,1980.0,12.0,2.006060606060606,0.16717171717171717,0.16717171717171717,False,1649.0,True
rome,rome:60:109-0-s40:p0,11,60,266,1313,100,10,2660.0,1980.0,12.0,1.3434343434343434,0.11195286195286196,0.13434343434343435,False,1714.0,True
rome,rome:60:109-0-s40:p0,12,60,0,1514,100,10,0.0,1980.0,12.0,0.0,0.0,0.0,True,1980.0,True
rome,rome:60:109-0-s40:p0,13,60,0,1514,100,10,0.0,1980.0,12.0,0.0,0.0,0.0,True,1980.0,True
rome,rome:60:109-0-s40:p0,14,60,0,1514,100,10,0.0,1980.0,12.0,0.0,0.0,0.0,True,1980.0,True
rome,rome:60:109-0-s40:p0,15,60,0,1514,100,10,0.0,1980.0,12.0,0.0,0.0,0.0,True,1980.0,True
rome,rome:60:109-0-s40:p0,16,61,79,1514,100,10,790.0,2013.0,12.0,0.39244908097367115,0.03270409008113926,0.039244908097367116,False,1934.0,True
rome,rome:60:109-0-s40:p0,17,59,15,1514,100,10,150.0,1947.0,12.0,0.07704160246533127,0.0064201335387776065,0.007704160246533128,False,1932.0,True
rome,rome:60:109-0-s40:p0,18,61,23,1514,100,10,230.0,2013.0,12.0,0.11425732737208147,0.009521443947673456,0.011425732737208148,False,1990.0,True
rome,rome:60:109-0-s40:p0,19,59,7,1514,100,10,70.0,1947.0,12.0,0.035952747817154594,0.0029960623180962163,0.0035952747817154596,True,1940.0,True
rome,rome:60:109-0-s40:p0,20,61,21,1514,100,10,210.0,2013.0,12.0,0.10432190760059612,0.008693492300049677,0.010432190760059613,False,1992.0,True
rome,rome:60:109-0-s40:p0,21,59,4,1514,100,10,40.0,1947.0,12.0,0.02054442732408834,0.001712035610340695,0.002054442732408834,True,1943.0,True
rome,rome:60:109-0-s40:p0,22,60,7,1514,100,10,70.0,1980.0,12.0,0.03535353535353535,0.002946127946127946,0.0035353535353535356,True,1973.0,True
rome,rome:60:109-0-s40:p0,23,60,25,1514,100,10,250.0,1980.0,12.0,0.12626262626262627,0.010521885521885523,0.012626262626262626,False,1955.0,True
rome,rome:60:109-0-s42:p0,0,53,73,404,120,12,876.0,1749.0,12.0,0.5008576329331046,0.04173813607775872,0.04173813607775872,False,1676.0,True
rome,rome:60:109-0-s42:p0,1,60,267,404,120,12,3204.0,1980.0,12.0,1.6181818181818182,0.13484848484848486,0.13484848484848486,False,1713.0,True
rome,rome:60:109-0-s42:p0,2,60,197,505,120,12,2364.0,1980.0,12.0,1.1939393939393939,0.09949494949494948,0.0994949494949495,False,1783.0,True
rome,rome:60:109-0-s42:p0,3,60,230,705,120,12,2760.0,1980.0,12.0,1.393939393939394,0.11616161616161617,0.11616161616161616,False,1750.0,True
rome,rome:60:109-0-s42:p0,4,60,370,806,120,12,4440.0,1980.0,12.0,2.242424242424242,0.18686868686868685,0.18686868686868688,False,1610.0,True
rome,rome:60:109-0-s42:p0,5,60,293,1009,120,12,3516.0,1980.0,12.0,1.7757575757575759,0.147979797979798,0.147979797979798,False,1687.0,True
rome,rome:60:109-0-s42:p0,6,61,153,1012,120,12,1836.0,2013.0,12.0,0.9120715350223547,0.07600596125186289,0.07600596125186289,False,1860.0,True
rome,rome:60:109-0-s42:p0,7,59,235,1212,100,10,2350.0,1947.0,12.0,1.20698510529019,0.10058209210751584,0.120698510529019,False,1712.0,True
rome,rome:60:109-0-s42:p0,8,63,168,1313,100,10,1680.0,2079.0,12.0,0.8080808080808081,0.06734006734006734,0.08080808080808081,False,1911.0,True
rome,rome:60:109-0-s42:p0,9,57,65,1514,100,10,650.0,1881.0,12.0,0.34556087187666135,0.028796739323055112,0.03455608718766613,False,1816.0,True
rome,rome:60:109-0-s42:p0,10,56,0,1514,100,10,0.0,1848.0,12.0,0.0,0.0,0.0,True,1848.0,True
rome,rome:60:109-0-s42:p0,11,60,0,1514,100,10,0.0,1980.0,12.0,0.0,0.0,0.0,True,1980.0,True
rome,rome:60:109-0-s42:p0,12,60,14,1514,100,10,140.0,1980.0,12.0,0.0707070707070707,0.005892255892255892,0.007070707070707071,False,1966.0,True
rome,rome:60:109-0-s42:p0,13,60,0,1514,100,10,0.0,1980.0,12.0,0.0,0.0,0.0,True,1980.0,True
rome,rome:60:109-0-s42:p0,14,60,24,1514,100,10,240.0,1980.0,12.0,0.12121212121212122,0.010101010101010102,0.012121212121212121,False,1956.0,True
rome,rome:60:109-0-s42:p0,15,61,51,1514,100,10,510.0,2013.0,12.0,0.2533532041728763,0.02111276701440636,0.02533532041728763,False,1962.0,True
rome,rome:60:109-0-s42:p0,16,59,13,1514,100,10,130.0,1947.0,12.0,0.0667693888032871,0.005564115733607259,0.00667693888032871,False,1934.0,True
rome,rome:60:109-0-s42:p0,17,61,12,1514,100,10,120.0,2013.0,12.0,0.05961251862891207,0.004967709885742673,0.005961251862891207,False,2001.0,True
rome,rome:60:109-0-s42:p0,18,59,16,1514,100,10,160.0,1947.0,12.0,0.08217770929635336,0.00684814244136278,0.008217770929635337,False,1931.0,True
rome,rome:60:109-0-s42:p0,19,61,39,1514,100,10,390.0,2013.0,12.0,0.19374068554396423,0.016145057128663685,0.019374068554396422,False,1974.0,True
rome,rome:60:109-0-s42:p0,20,59,33,1514,100,10,330.0,1947.0,12.0,0.1694915254237288,0.014124293785310734,0.01694915254237288,False,1914.0,True
rome,rome:60:109-0-s42:p0,21,61,0,1514,100,10,0.0,2013.0,12.0,0.0,0.0,0.0,True,2013.0,True
rome,rome:60:109-0-s42:p0,22,59,57,1514,100,10,570.0,1947.0,12.0,0.29275808936825887,0.024396507447354904,0.029275808936825885,False,1890.0,True
rome,rome:60:109-0-s42:p0,23,61,67,1514,100,10,670.0,2013.0,12.0,0.33283656234475906,0.02773638019539659,0.033283656234475906,False,1946.0,True
rome,rome:60:11-0-s11:p0,0,59,0,1513,100,10,0.0,1947.0,12.0,0.0,0.0,0.0,True,1947.0,True
rome,rome:60:11-0-s11:p0,1,60,149,1513,100,10,1490.0,1980.0,12.0,0.7525252525252525,0.0627104377104377,0.07525252525252525,False,1831.0,True
rome,rome:60:11-0-s11:p0,2,60,0,1513,100,10,0.0,1980.0,12.0,0.0,0.0,0.0,True,1980.0,True
rome,rome:60:11-0-s11:p0,3,60,0,1513,100,10,0.0,1980.0,12.0,0.0,0.0,0.0,True,1980.0,True
rome,rome:60:11-0-s11:p0,4,60,0,1513,100,10,0.0,1980.0,12.0,0.0,0.0,0.0,True,1980.0,True
rome,rome:60:11-0-s11:p0,5,60,11,1513,100,10,110.0,1980.0,12.0,0.05555555555555555,0.004629629629629629,0.005555555555555556,False,1969.0,True
rome,rome:60:11-0-s11:p0,6,60,5,1513,100,10,50.0,1980.0,12.0,0.025252525252525252,0.0021043771043771043,0.0025252525252525255,True,1975.0,True
rome,rome:60:11-0-s11:p0,7,60,26,1513,100,10,260.0,1980.0,12.0,0.13131313131313133,0.010942760942760943,0.013131313131313131,False,1954.0,True
rome,rome:60:11-0-s11:p0,8,61,17,1513,100,10,170.0,2013.0,12.0,0.08445106805762544,0.00703758900480212,0.008445106805762544,False,1996.0,True
rome,rome:60:11-0-s11:p0,9,59,0,1513,100,10,0.0,1947.0,12.0,0.0,0.0,0.0,True,1947.0,True
rome,rome:60:11-0-s11:p0,10,63,7,1513,100,10,70.0,2079.0,12.0,0.03367003367003367,0.0028058361391694723,0.003367003367003367,True,2072.0,True
rome,rome:60:11-0-s11:p0,11,57,1,1513,100,10,10.0,1881.0,12.0,0.00531632110579479,0.0004430267588162325,0.000531632110579479,True,1880.0,True
rome,rome:60:11-0-s11:p0,12,62,0,1513,100,10,0.0,2046.0,12.0,0.0,0.0,0.0,True,2046.0,True
rome,rome:60:11-0-s11:p0,13,58,0,1513,100,10,0.0,1914.0,12.0,0.0,0.0,0.0,True,1914.0,True
rome,rome:60:11-0-s11:p0,14,62,0,1513,100,10,0.0,2046.0,12.0,0.0,0.0,0.0,True,2046.0,True
rome,rome:60:11-0-s11:p0,15,58,0,1513,100,10,0.0,1914.0,12.0,0.0,0.0,0.0,True,1914.0,True
rome,rome:60:11-0-s11:p0,16,60,5,1513,100,10,50.0,1980.0,12.0,0.025252525252525252,0.0021043771043771043,0.0025252525252525255,True,1975.0,True
rome,rome:60:11-0-s11:p0,17,60,7,1513,100,10,70.0,1980.0,12.0,0.03535353535353535,0.002946127946127946,0.0035353535353535356,True,1973.0,True
rome,rome:60:11-0-s11:p0,18,60,19,1513,100,10,190.0,1980.0,12.0,0.09595959595959595,0.007996632996632997,0.009595959595959595,False,1961.0,True
rome,rome:60:11-0-s11:p0,19,60,13,1513,100,10,130.0,1980.0,12.0,0.06565656565656566,0.005471380471380472,0.0065656565656565654,False,1967.0,True
rome,rome:60:11-0-s11:p0,20,60,34,1514,100,10,340.0,1980.0,12.0,0.1717171717171717,0.014309764309764309,0.01717171717171717,False,1946.0,True
rome,rome:60:11-0-s11:p0,21,60,8,1513,100,10,80.0,1980.0,12.0,0.04040404040404041,0.0033670033670033673,0.00404040404040404,True,1972.0,True
rome,rome:60:11-0-s11:p0,22,60,0,1513,100,10,0.0,1980.0,12.0,0.0,0.0,0.0,True,1980.0,True
rome,rome:60:11-0-s11:p0,23,60,2,1513,100,10,20.0,1980.0,12.0,0.010101010101010102,0.0008417508417508418,0.00101010101010101,True,1978.0,True
rome,rome:60:11-0-s11:p1,0,60,23,1513,100,10,230.0,1980.0,12.0,0.11616161616161616,0.00968013468013468,0.011616161616161616,False,1957.0,True
rome,rome:60:11-0-s11:p1,1,60,8,1513,100,10,80.0,1980.0,12.0,0.04040404040404041,0.0033670033670033673,0.00404040404040404,True,1972.0,True
rome,rome:60:11-0-s11:p1,2,60,0,1513,100,10,0.0,1980.0,12.0,0.0,0.0,0.0,True,1980.0,True
rome,rome:60:11-0-s11:p1,3,61,0,1513,100,10,0.0,2013.0,12.0,0.0,0.0,0.0,True,2013.0,True
rome,rome:60:11-0-s11:p1,4,59,0,1513,100,10,0.0,1947.0,12.0,0.0,0.0,0.0,True,1947.0,True
rome,rome:60:11-0-s11:p1,5,60,0,1513,100,10,0.0,1980.0,12.0,0.0,0.0,0.0,True,1980.0,True
rome,rome:60:11-0-s11:p1,6,60,7,1513,100,10,70.0,1980.0,12.0,0.03535353535353535,0.002946127946127946,0.0035353535353535356,True,1973.0,True
rome,rome:60:11-0-s11:p1,7,61,5,1513,100,10,50.0,2013.0,12.0,0.024838549428713365,0.002069879119059447,0.0024838549428713363,True,2008.0,True
rome,rome:60:11-0-s11:p1,8,59,2,1513,100,10,20.0,1947.0,12.0,0.01027221366204417,0.0008560178051703475,0.001027221366204417,True,1945.0,True
rome,rome:60:11-0-s11:p1,9,63,1,1513,100,10,10.0,2079.0,12.0,0.00481000481000481,0.00040083373416706754,0.000481000481000481,True,2078.0,True
rome,rome:60:11-0-s11:p1,10,57,1,1513,100,10,10.0,1881.0,12.0,0.00531632110579479,0.0004430267588162325,0.000531632110579479,True,1880.0,True
rome,rome:60:11-0-s11:p1,11,63,1,1513,100,10,10.0,2079.0,12.0,0.00481000481000481,0.00040083373416706754,0.000481000481000481,True,2078.0,True
rome,rome:60:11-0-s11:p1,12,57,3,1513,100,10,30.0,1881.0,12.0,0.01594896331738437,0.0013290802764486973,0.001594896331738437,True,1878.0,True
rome,rome:60:11-0-s11:p1,13,63,1,1513,100,10,10.0,2079.0,12.0,0.00481000481000481,0.00040083373416706754,0.000481000481000481,True,2078.0,True
rome,rome:60:11-0-s11:p1,14,58,0,1513,100,10,0.0,1914.0,12.0,0.0,0.0,0.0,True,1914.0,True
rome,rome:60:11-0-s11:p1,15,59,9,1513,100,10,90.0,1947.0,12.0,0.046224961479198766,0.003852080123266564,0.004622496147919877,True,1938.0,True
rome,rome:60:11-0-s11:p1,16,60,0,1513,100,10,0.0,1980.0,12.0,0.0,0.0,0.0,True,1980.0,True
rome,rome:60:11-0-s11:p1,17,60,0,1513,100,10,0.0,1980.0,12.0,0.0,0.0,0.0,True,1980.0,True
rome,rome:60:11-0-s11:p1,18,63,11,1513,100,10,110.0,2079.0,12.0,0.05291005291005291,0.004409171075837742,0.005291005291005291,False,2068.0,True
rome,rome:60:11-0-s11:p1,19,57,30,1513,100,10,300.0,1881.0,12.0,0.1594896331738437,0.013290802764486976,0.01594896331738437,False,1851.0,True
rome,rome:60:11-0-s11:p1,20,62,12,1513,100,10,120.0,2046.0,12.0,0.05865102639296188,0.004887585532746823,0.005865102639296188,False,2034.0,True
rome,rome:60:11-0-s11:p1,21,58,0,1513,100,10,0.0,1914.0,12.0,0.0,0.0,0.0,True,1914.0,True
rome,rome:60:11-0-s11:p1,22,63,15,1513,100,10,150.0,2079.0,12.0,0.07215007215007214,0.006012506012506012,0.007215007215007215,False,2064.0,True
rome,rome:60:11-0-s11:p1,23,57,8,1513,100,10,80.0,1881.0,12.0,0.04253056884635832,0.00354421407052986,0.004253056884635832,True,1873.0,True
rome,rome:60:11-0-s11:p2,0,56,1,1513,100,10,10.0,1848.0,12.0,0.005411255411255411,0.00045093795093795094,0.0005411255411255411,True,1847.0,True
rome,rome:60:11-0-s11:p2,1,60,0,1513,100,10,0.0,1980.0,12.0,0.0,0.0,0.0,True,1980.0,True
rome,rome:60:11-0-s11:p2,2,60,0,1513,100,10,0.0,1980.0,12.0,0.0,0.0,0.0,True,1980.0,True
rome,rome:60:11-0-s11:p2,3,60,0,1513,100,10,0.0,1980.0,12.0,0.0,0.0,0.0,True,1980.0,True
rome,rome:60:11-0-s11:p2,4,61,22,1513,100,10,220.0,2013.0,12.0,0.1092896174863388,0.009107468123861566,0.01092896174863388,False,1991.0,True
rome,rome:60:11-0-s11:p2,5,59,27,1513,100,10,270.0,1947.0,12.0,0.1386748844375963,0.011556240369799691,0.01386748844375963,False,1920.0,True
rome,rome:60:11-0-s11:p2,6,60,12,1513,100,10,120.0,1980.0,12.0,0.06060606060606061,0.005050505050505051,0.006060606060606061,False,1968.0,True
rome,rome:60:11-0-s11:p2,7,60,0,1513,100,10,0.0,1980.0,12.0,0.0,0.0,0.0,True,1980.0,True
rome,rome:60:11-0-s11:p2,8,60,0,1513,100,10,0.0,1980.0,12.0,0.0,0.0,0.0,True,1980.0,True
rome,rome:60:11-0-s11:p2,9,60,5,1513,100,10,50.0,1980.0,12.0,0.025252525252525252,0.0021043771043771043,0.0025252525252525255,True,1975.0,True
rome,rome:60:11-0-s11:p2,10,60,9,1513,100,10,90.0,1980.0,12.0,0.045454545454545456,0.003787878787878788,0.004545454545454545,True,1971.0,True
rome,rome:60:11-0-s11:p2,11,60,0,1513,100,10,0.0,1980.0,12.0,0.0,0.0,0.0,True,1980.0,True
rome,rome:60:11-0-s11:p2,12,60,0,1513,100,10,0.0,1980.0,12.0,0.0,0.0,0.0,True,1980.0,True
rome,rome:60:11-0-s11:p2,13,64,15,1513,100,10,150.0,2112.0,12.0,0.07102272727272728,0.005918560606060607,0.007102272727272727,False,2097.0,True
rome,rome:60:11-0-s11:p2,14,56,43,1513,100,10,430.0,1848.0,12.0,0.2326839826839827,0.019390331890331892,0.023268398268398268,False,1805.0,True
rome,rome:60:11-0-s11:p2,15,61,14,1513,100,10,140.0,2013.0,12.0,0.06954793840039741,0.005795661533366451,0.006954793840039742,False,1999.0,True
rome,rome:60:11-0-s11:p2,16,59,0,1513,100,10,0.0,1947.0,12.0,0.0,0.0,0.0,True,1947.0,True
rome,rome:60:11-0-s11:p2,17,63,0,1513,100,10,0.0,2079.0,12.0,0.0,0.0,0.0,True,2079.0,True
rome,rome:60:11-0-s11:p2,18,57,37,1513,100,10,370.0,1881.0,12.0,0.19670388091440724,0.016391990076200603,0.019670388091440724,False,1844.0,True
rome,rome:60:11-0-s11:p2,19,63,20,1513,100,10,200.0,2079.0,12.0,0.0962000962000962,0.00801667468334135,0.00962000962000962,False,2059.0,True
rome,rome:60:11-0-s11:p2,20,57,16,1513,100,10,160.0,1881.0,12.0,0.08506113769271664,0.00708842814105972,0.008506113769271665,False,1865.0,True
rome,rome:60:11-0-s11:p2,21,60,21,1513,100,10,210.0,1980.0,12.0,0.10606060606060606,0.008838383838383838,0.010606060606060607,False,1959.0,True
rome,rome:60:11-0-s11:p2,22,61,32,1513,100,10,320.0,2013.0,12.0,0.15896671634376552,0.01324722636198046,0.015896671634376552,False,1981.0,True
rome,rome:60:11-0-s11:p2,23,59,10,1513,100,10,100.0,1947.0,12.0,0.05136106831022085,0.004280089025851737,0.005136106831022085,True,1937.0,True
rome,rome:60:11-0-s136:p0,0,53,312,1411,100,10,3120.0,1749.0,12.0,1.783876500857633,0.14865637507146942,0.1783876500857633,False,1437.0,True
rome,rome:60:11-0-s136:p0,1,54,96,1514,100,10,960.0,1782.0,12.0,0.5387205387205387,0.04489337822671156,0.05387205387205387,False,1686.0,True
rome,rome:60:11-0-s136:p0,2,72,34,1515,100,10,340.0,2376.0,12.0,0.14309764309764308,0.011924803591470258,0.01430976430976431,False,2342.0,True
rome,rome:60:11-0-s136:p0,3,62,10,1514,100,10,100.0,2046.0,12.0,0.04887585532746823,0.0040729879439556855,0.004887585532746823,True,2036.0,True
rome,rome:60:11-0-s136:p0,4,58,6,1514,100,10,60.0,1914.0,12.0,0.03134796238244514,0.0026123301985370947,0.003134796238244514,True,1908.0,True
rome,rome:60:11-0-s136:p0,5,62,6,1514,100,10,60.0,2046.0,12.0,0.02932551319648094,0.0024437927663734115,0.002932551319648094,True,2040.0,True
rome,rome:60:11-0-s136:p0,6,58,11,1514,100,10,110.0,1914.0,12.0,0.05747126436781609,0.004789272030651341,0.005747126436781609,False,1903.0,True
rome,rome:60:11-0-s136:p0,7,63,12,1514,100,10,120.0,2079.0,12.0,0.05772005772005772,0.00481000481000481,0.005772005772005772,False,2067.0,True
rome,rome:60:11-0-s136:p0,8,57,14,1514,100,10,140.0,1881.0,12.0,0.07442849548112707,0.006202374623427255,0.007442849548112706,False,1867.0,True
rome,rome:60:11-0-s136:p0,9,60,0,1514,100,10,0.0,1980.0,12.0,0.0,0.0,0.0,True,1980.0,True
rome,rome:60:11-0-s136:p0,10,59,0,1514,100,10,0.0,1947.0,12.0,0.0,0.0,0.0,True,1947.0,True
rome,rome:60:11-0-s136:p0,11,61,47,1514,100,10,470.0,2013.0,12.0,0.23348236462990563,0.019456863719158803,0.02334823646299056,False,1966.0,True
rome,rome:60:11-0-s136:p0,12,59,0,1514,100,10,0.0,1947.0,12.0,0.0,0.0,0.0,True,1947.0,True
rome,rome:60:11-0-s136:p0,13,61,0,1514,100,10,0.0,2013.0,12.0,0.0,0.0,0.0,True,2013.0,True
rome,rome:60:11-0-s136:p0,14,59,2,1514,100,10,20.0,1947.0,12.0,0.01027221366204417,0.0008560178051703475,0.001027221366204417,True,1945.0,True
rome,rome:60:11-0-s136:p0,15,62,8,1514,100,10,80.0,2046.0,12.0,0.039100684261974585,0.0032583903551645487,0.0039100684261974585,True,2038.0,True
rome,rome:60:11-0-s136:p0,16,61,7,1514,100,10,70.0,2013.0,12.0,0.03477396920019871,0.0028978307666832257,0.003477396920019871,True,2006.0,True
rome,rome:60:11-0-s136:p0,17,60,0,1514,100,10,0.0,1980.0,12.0,0.0,0.0,0.0,True,1980.0,True
rome,rome:60:11-0-s136:p0,18,58,1,1514,100,10,10.0,1914.0,12.0,0.00522466039707419,0.0004353883664228492,0.0005224660397074191,True,1913.0,True
rome,rome:60:11-0-s136:p0,19,59,0,1514,100,10,0.0,1947.0,12.0,0.0,0.0,0.0,True,1947.0,True
rome,rome:60:11-0-s136:p0,20,60,0,1514,100,10,0.0,1980.0,12.0,0.0,0.0,0.0,True,1980.0,True
rome,rome:60:11-0-s136:p0,21,50,8,1514,100,10,80.0,1650.0,12.0,0.048484848484848485,0.00404040404040404,0.0048484848484848485,True,1642.0,True
rome,rome:60:11-0-s136:p0,22,71,0,1513,100,10,0.0,2343.0,12.0,0.0,0.0,0.0,True,2343.0,True
rome,rome:60:11-0-s136:p0,23,65,0,1513,100,10,0.0,2145.0,12.0,0.0,0.0,0.0,True,2145.0,True
rome,rome:60:11-0-s186:p0,0,60,223,1513,100,10,2230.0,1980.0,12.0,1.1262626262626263,0.09385521885521886,0.11262626262626263,False,1757.0,True
rome,rome:60:11-0-s186:p0,1,61,0,1514,100,10,0.0,2013.0,12.0,0.0,0.0,0.0,True,2013.0,True
rome,rome:60:11-0-s186:p0,2,59,0,1514,100,10,0.0,1947.0,12.0,0.0,0.0,0.0,True,1947.0,True
rome,rome:60:11-0-s186:p0,3,62,41,1514,100,10,410.0,2046.0,12.0,0.20039100684261973,0.016699250570218312,0.020039100684261974,False,2005.0,True
rome,rome:60:11-0-s186:p0,4,58,0,1514,100,10,0.0,1914.0,12.0,0.0,0.0,0.0,True,1914.0,True
rome,rome:60:11-0-s186:p0,5,63,24,1514,100,10,240.0,2079.0,12.0,0.11544011544011544,0.00962000962000962,0.011544011544011544,False,2055.0,True
rome,rome:60:11-0-s186:p0,6,44,14,1514,100,10,140.0,1452.0,12.0,0.09641873278236915,0.008034894398530763,0.009641873278236915,False,1438.0,True
rome,rome:60:11-0-s186:p0,7,60,19,1514,100,10,190.0,1980.0,12.0,0.09595959595959595,0.007996632996632997,0.009595959595959595,False,1961.0,True
rome,rome:60:11-0-s186:p0,8,59,38,1514,100,10,380.0,1947.0,12.0,0.19517205957883924,0.016264338298236602,0.019517205957883924,False,1909.0,True
rome,rome:60:11-0-s186:p0,9,77,25,1514,100,10,250.0,2541.0,12.0,0.09838646202282567,0.008198871835235473,0.009838646202282565,False,2516.0,True
rome,rome:60:11-0-s186:p0,10,57,23,1514,100,10,230.0,1881.0,12.0,0.12227538543328018,0.010189615452773347,0.012227538543328018,False,1858.0,True
rome,rome:60:11-0-s186:p0,11,63,15,1514,100,10,150.0,2079.0,12.0,0.07215007215007214,0.006012506012506012,0.007215007215007215,False,2064.0,True
rome,rome:60:11-0-s186:p0,12,43,13,1514,100,10,130.0,1419.0,12.0,0.0916138125440451,0.007634484378670425,0.009161381254404511,False,1406.0,True
rome,rome:60:11-0-s186:p0,13,81,16,1514,100,10,160.0,2673.0,12.0,0.05985783763561541,0.004988153136301284,0.005985783763561541,False,2657.0,True
rome,rome:60:11-0-s186:p0,14,55,12,1514,100,10,120.0,1815.0,12.0,0.06611570247933884,0.005509641873278237,0.006611570247933884,False,1803.0,True
rome,rome:60:11-0-s186:p0,15,45,11,1514,100,10,110.0,1485.0,12.0,0.07407407407407407,0.006172839506172839,0.007407407407407408,False,1474.0,True
rome,rome:60:11-0-s186:p0,16,78,25,1514,100,10,250.0,2574.0,12.0,0.09712509712509712,0.008093758093758093,0.009712509712509712,False,2549.0,True
rome,rome:60:11-0-s186:p0,17,55,9,1513,100,10,90.0,1815.0,12.0,0.049586776859504134,0.004132231404958678,0.0049586776859504135,True,1806.0,True
rome,rome:60:11-0-s186:p0,18,63,19,1513,100,10,190.0,2079.0,12.0,0.0913900913900914,0.007615840949174283,0.00913900913900914,False,2060.0,True
rome,rome:60:11-0-s186:p0,19,57,16,1514,100,10,160.0,1881.0,12.0,0.08506113769271664,0.00708842814105972,0.008506113769271665,False,1865.0,True
rome,rome:60:11-0-s186:p0,20,68,18,1513,100,10,180.0,2244.0,12.0,0.08021390374331551,0.0066844919786096255,0.008021390374331552,False,2226.0,True
rome,rome:60:11-0-s186:p0,21,40,5,1514,100,10,50.0,1320.0,12.0,0.03787878787878788,0.0031565656565656565,0.003787878787878788,True,1315.0,True
rome,rome:60:11-0-s186:p0,22,72,2,1514,100,10,20.0,2376.0,12.0,0.008417508417508417,0.0007014590347923681,0.0008417508417508417,True,2374.0,True
rome,rome:60:11-0-s186:p0,23,50,0,1514,100,10,0.0,1650.0,12.0,0.0,0.0,0.0,True,1650.0,True
rome,rome:60:11-0-s84:p0,0,60,0,1514,100,10,0.0,1980.0,12.0,0.0,0.0,0.0,True,1980.0,True
rome,rome:60:11-0-s84:p0,1,60,0,1514,100,10,0.0,1980.0,12.0,0.0,0.0,0.0,True,1980.0,True
rome,rome:60:11-0-s84:p0,2,59,0,1514,100,10,0.0,1947.0,12.0,0.0,0.0,0.0,True,1947.0,True
rome,rome:60:11-0-s84:p0,3,61,0,1514,100,10,0.0,2013.0,12.0,0.0,0.0,0.0,True,2013.0,True
rome,rome:60:11-0-s84:p0,4,60,18,1514,100,10,180.0,1980.0,12.0,0.09090909090909091,0.007575757575757576,0.00909090909090909,False,1962.0,True
rome,rome:60:11-0-s84:p0,5,60,35,1514,100,10,350.0,1980.0,12.0,0.17676767676767677,0.014730639730639731,0.017676767676767676,False,1945.0,True
rome,rome:60:11-0-s84:p0,6,60,5,1514,100,10,50.0,1980.0,12.0,0.025252525252525252,0.0021043771043771043,0.0025252525252525255,True,1975.0,True
rome,rome:60:11-0-s84:p0,7,60,16,1514,100,10,160.0,1980.0,12.0,0.08080808080808081,0.006734006734006735,0.00808080808080808,False,1964.0,True
rome,rome:60:11-0-s84:p0,8,60,17,1514,100,10,170.0,1980.0,12.0,0.08585858585858586,0.007154882154882154,0.008585858585858586,False,1963.0,True
rome,rome:60:11-0-s84:p0,9,59,14,1514,100,10,140.0,1947.0,12.0,0.07190549563430919,0.005992124636192433,0.007190549563430919,False,1933.0,True
rome,rome:60:11-0-s84:p0,10,61,16,1514,100,10,160.0,2013.0,12.0,0.07948335817188276,0.00662361318099023,0.007948335817188276,False,1997.0,True
rome,rome:60:11-0-s84:p0,11,60,9,1514,100,10,90.0,1980.0,12.0,0.045454545454545456,0.003787878787878788,0.004545454545454545,True,1971.0,True
rome,rome:60:11-0-s84:p0,12,60,9,1514,100,10,90.0,1980.0,12.0,0.045454545454545456,0.003787878787878788,0.004545454545454545,True,1971.0,True
rome,rome:60:11-0-s84:p0,13,60,10,1514,100,10,100.0,1980.0,12.0,0.050505050505050504,0.004208754208754209,0.005050505050505051,True,1970.0,True
rome,rome:60:11-0-s84:p0,14,60,18,1514,100,10,180.0,1980.0,12.0,0.09090909090909091,0.007575757575757576,0.00909090909090909,False,1962.0,True
rome,rome:60:11-0-s84:p0,15,60,10,1514,100,10,100.0,1980.0,12.0,0.050505050505050504,0.004208754208754209,0.005050505050505051,True,1970.0,True
rome,rome:60:11-0-s84:p0,16,60,7,1514,100,10,70.0,1980.0,12.0,0.03535353535353535,0.002946127946127946,0.0035353535353535356,True,1973.0,True
rome,rome:60:11-0-s84:p0,17,60,19,1514,100,10,190.0,1980.0,12.0,0.09595959595959595,0.007996632996632997,0.009595959595959595,False,1961.0,True
rome,rome:60:11-0-s84:p0,18,60,21,1514,100,10,210.0,1980.0,12.0,0.10606060606060606,0.008838383838383838,0.010606060606060607,False,1959.0,True
rome,rome:60:11-0-s84:p0,19,60,18,1514,100,10,180.0,1980.0,12.0,0.09090909090909091,0.007575757575757576,0.00909090909090909,False,1962.0,True
rome,rome:60:11-0-s84:p0,20,59,14,1514,100,10,140.0,1947.0,12.0,0.07190549563430919,0.005992124636192433,0.007190549563430919,False,1933.0,True
rome,rome:60:11-0-s84:p0,21,63,12,1514,100,10,120.0,2079.0,12.0,0.05772005772005772,0.00481000481000481,0.005772005772005772,False,2067.0,True
rome,rome:60:11-0-s84:p0,22,59,17,1514,100,10,170.0,1947.0,12.0,0.08731381612737545,0.007276151343947954,0.008731381612737545,False,1930.0,True
rome,rome:60:11-0-s84:p0,23,59,21,1514,100,10,210.0,1947.0,12.0,0.10785824345146379,0.008988186954288649,0.01078582434514638,False,1926.0,True
rome,rome:60:124-1-s99:p0,0,49,17,1514,100,10,170.0,1617.0,12.0,0.10513296227581942,0.008761080189651618,0.010513296227581941,False,1600.0,True
rome,rome:60:124-1-s99:p0,1,81,16,1514,100,10,160.0,2673.0,12.0,0.05985783763561541,0.004988153136301284,0.005985783763561541,False,2657.0,True
rome,rome:60:124-1-s99:p0,2,45,20,1514,100,10,200.0,1485.0,12.0,0.13468013468013468,0.01122334455667789,0.013468013468013467,False,1465.0,True
rome,rome:60:124-1-s99:p0,3,60,12,1514,100,10,120.0,1980.0,12.0,0.06060606060606061,0.005050505050505051,0.006060606060606061,False,1968.0,True
rome,rome:60:124-1-s99:p0,4,58,11,1514,100,10,110.0,1914.0,12.0,0.05747126436781609,0.004789272030651341,0.005747126436781609,False,1903.0,True
rome,rome:60:124-1-s99:p0,5,54,1,1514,100,10,10.0,1782.0,12.0,0.005611672278338945,0.0004676393565282454,0.0005611672278338945,True,1781.0,True
rome,rome:60:124-1-s99:p0,6,54,0,1514,100,10,0.0,1782.0,12.0,0.0,0.0,0.0,True,1782.0,True
rome,rome:60:124-1-s99:p0,7,62,0,1514,100,10,0.0,2046.0,12.0,0.0,0.0,0.0,True,2046.0,True
rome,rome:60:124-1-s99:p0,8,68,13,1514,100,10,130.0,2244.0,12.0,0.057932263814616754,0.004827688651218063,0.005793226381461676,False,2231.0,True
rome,rome:60:124-1-s99:p0,9,61,0,1514,100,10,0.0,2013.0,12.0,0.0,0.0,0.0,True,2013.0,True
rome,rome:60:124-1-s99:p0,10,62,2,1514,100,10,20.0,2046.0,12.0,0.009775171065493646,0.0008145975887911372,0.0009775171065493646,True,2044.0,True
rome,rome:60:124-1-s99:p0,11,76,8,1514,100,10,80.0,2508.0,12.0,0.03189792663476874,0.0026581605528973947,0.003189792663476874,True,2500.0,True
rome,rome:60:124-1-s99:p0,12,34,4,1514,100,10,40.0,1122.0,12.0,0.035650623885918005,0.0029708853238265003,0.0035650623885918,True,1118.0,True
rome,rome:60:124-1-s99:p0,13,65,0,1514,100,10,0.0,2145.0,12.0,0.0,0.0,0.0,True,2145.0,True
rome,rome:60:124-1-s99:p0,14,58,23,1514,100,10,230.0,1914.0,12.0,0.12016718913270637,0.01001393242772553,0.012016718913270637,False,1891.0,True
rome,rome:60:124-1-s99:p0,15,58,5,1514,100,10,50.0,1914.0,12.0,0.02612330198537095,0.002176941832114246,0.002612330198537095,True,1909.0,True
rome,rome:60:124-1-s99:p0,16,63,3,1514,100,10,30.0,2079.0,12.0,0.01443001443001443,0.0012025012025012026,0.001443001443001443,True,2076.0,True
rome,rome:60:124-1-s99:p0,17,62,11,1514,100,10,110.0,2046.0,12.0,0.053763440860215055,0.004480286738351254,0.005376344086021506,False,2035.0,True
rome,rome:60:124-1-s99:p0,18,62,7,1514,100,10,70.0,2046.0,12.0,0.03421309872922776,0.00285109156076898,0.003421309872922776,True,2039.0,True
rome,rome:60:124-1-s99:p0,19,56,1,1514,100,10,10.0,1848.0,12.0,0.005411255411255411,0.00045093795093795094,0.0005411255411255411,True,1847.0,True
rome,rome:60:124-1-s99:p0,20,66,0,1514,100,10,0.0,2178.0,12.0,0.0,0.0,0.0,True,2178.0,True
rome,rome:60:124-1-s99:p0,21,49,0,1514,100,10,0.0,1617.0,12.0,0.0,0.0,0.0,True,1617.0,True
rome,rome:60:124-1-s99:p0,22,60,0,1514,100,10,0.0,1980.0,12.0,0.0,0.0,0.0,True,1980.0,True
rome,rome:60:124-1-s99:p0,23,60,0,1514,100,10,0.0,1980.0,12.0,0.0,0.0,0.0,True,1980.0,True
rome,rome:60:127-0-s273:p0,0,52,255,315,120,12,3060.0,1716.0,12.0,1.7832167832167831,0.1486013986013986,0.1486013986013986,False,1461.0,True
rome,rome:60:127-0-s273:p0,1,60,87,514,120,12,1044.0,1980.0,12.0,0.5272727272727272,0.04393939393939394,0.04393939393939394,False,1893.0,True
rome,rome:60:127-0-s273:p0,2,60,661,613,120,12,7932.0,1980.0,12.0,4.006060606060606,0.3338383838383838,0.3338383838383838,False,1319.0,True
rome,rome:60:127-0-s273:p0,3,60,183,1109,120,12,2196.0,1980.0,12.0,1.1090909090909091,0.09242424242424242,0.09242424242424242,False,1797.0,True
rome,rome:60:127-0-s273:p0,4,60,1,1207,120,12,12.0,1980.0,12.0,0.006060606060606061,0.000505050505050505,0.000505050505050505,True,1979.0,True
rome,rome:60:127-0-s273:p0,5,60,17,1207,120,12,204.0,1980.0,12.0,0.10303030303030303,0.008585858585858586,0.008585858585858586,False,1963.0,True
rome,rome:60:127-0-s273:p0,6,60,8,1207,120,12,96.0,1980.0,12.0,0.048484848484848485,0.00404040404040404,0.00404040404040404,True,1972.0,True
rome,rome:60:127-0-s273:p0,7,61,3,1207,120,12,36.0,2013.0,12.0,0.01788375558867362,0.0014903129657228018,0.0014903129657228018,True,2010.0,True
rome,rome:60:127-0-s273:p0,8,59,5,1207,120,12,60.0,1947.0,12.0,0.030816640986132512,0.0025680534155110425,0.0025680534155110425,True,1942.0,True
rome,rome:60:127-0-s273:p0,9,60,13,1207,120,12,156.0,1980.0,12.0,0.07878787878787878,0.0065656565656565654,0.0065656565656565654,False,1967.0,True
rome,rome:60:127-0-s273:p0,10,60,15,1207,120,12,180.0,1980.0,12.0,0.09090909090909091,0.007575757575757576,0.007575757575757576,False,1965.0,True
rome,rome:60:127-0-s273:p0,11,60,0,1207,120,12,0.0,1980.0,12.0,0.0,0.0,0.0,True,1980.0,True
rome,rome:60:127-0-s273:p0,12,60,5,1207,120,12,60.0,1980.0,12.0,0.030303030303030304,0.0025252525252525255,0.0025252525252525255,True,1975.0,True
rome,rome:60:127-0-s273:p0,13,60,0,1207,120,12,0.0,1980.0,12.0,0.0,0.0,0.0,True,1980.0,True
rome,rome:60:127-0-s273:p0,14,60,0,1207,120,12,0.0,1980.0,12.0,0.0,0.0,0.0,True,1980.0,True
rome,rome:60:127-0-s273:p0,15,60,14,1207,120,12,168.0,1980.0,12.0,0.08484848484848485,0.007070707070707071,0.007070707070707071,False,1966.0,True
rome,rome:60:127-0-s273:p0,16,60,9,1207,120,12,108.0,1980.0,12.0,0.05454545454545454,0.004545454545454545,0.004545454545454545,True,1971.0,True
rome,rome:60:127-0-s273:p0,17,60,11,1207,120,12,132.0,1980.0,12.0,0.06666666666666667,0.005555555555555556,0.005555555555555556,False,1969.0,True
rome,rome:60:127-0-s273:p0,18,60,3,1207,120,12,36.0,1980.0,12.0,0.01818181818181818,0.0015151515151515152,0.0015151515151515152,True,1977.0,True
rome,rome:60:127-0-s273:p0,19,60,0,1207,120,12,0.0,1980.0,12.0,0.0,0.0,0.0,True,1980.0,True
rome,rome:60:127-0-s273:p0,20,60,0,1207,120,12,0.0,1980.0,12.0,0.0,0.0,0.0,True,1980.0,True
rome,rome:60:127-0-s273:p0,21,60,1,1207,120,12,12.0,1980.0,12.0,0.006060606060606061,0.000505050505050505,0.000505050505050505,True,1979.0,True
rome,rome:60:127-0-s273:p0,22,61,0,1207,120,12,0.0,2013.0,12.0,0.0,0.0,0.0,True,2013.0,True
rome,rome:60:127-0-s273:p0,23,59,1,1207,120,12,12.0,1947.0,12.0,0.0061633281972265025,0.0005136106831022085,0.0005136106831022085,True,1946.0,True
rome,rome:60:128-0-s16:p0,0,60,0,1514,100,10,0.0,1980.0,12.0,0.0,0.0,0.0,True,1980.0,True
rome,rome:60:128-0-s16:p0,1,59,0,1514,100,10,0.0,1947.0,12.0,0.0,0.0,0.0,True,1947.0,True
rome,rome:60:128-0-s16:p0,2,61,6,1514,100,10,60.0,2013.0,12.0,0.029806259314456036,0.0024838549428713363,0.0029806259314456036,True,2007.0,True
rome,rome:60:128-0-s16:p0,3,61,0,1514,100,10,0.0,2013.0,12.0,0.0,0.0,0.0,True,2013.0,True
rome,rome:60:128-0-s16:p0,4,59,2,1514,100,10,20.0,1947.0,12.0,0.01027221366204417,0.0008560178051703475,0.001027221366204417,True,1945.0,True
rome,rome:60:128-0-s16:p0,5,62,0,1514,100,10,0.0,2046.0,12.0,0.0,0.0,0.0,True,2046.0,True
rome,rome:60:128-0-s16:p0,6,58,0,1514,100,10,0.0,1914.0,12.0,0.0,0.0,0.0,True,1914.0,True
rome,rome:60:128-0-s16:p0,7,64,0,1514,100,10,0.0,2112.0,12.0,0.0,0.0,0.0,True,2112.0,True
rome,rome:60:128-0-s16:p0,8,56,0,1514,100,10,0.0,1848.0,12.0,0.0,0.0,0.0,True,1848.0,True
rome,rome:60:128-0-s16:p0,9,60,0,1514,100,10,0.0,1980.0,12.0,0.0,0.0,0.0,True,1980.0,True
rome,rome:60:128-0-s16:p0,10,60,1,1514,100,10,10.0,1980.0,12.0,0.005050505050505051,0.0004208754208754209,0.000505050505050505,True,1979.0,True
rome,rome:60:128-0-s16:p0,11,60,1,1514,100,10,10.0,1980.0,12.0,0.005050505050505051,0.0004208754208754209,0.000505050505050505,True,1979.0,True
rome,rome:60:128-0-s16:p0,12,60,1,1514,100,10,10.0,1980.0,12.0,0.005050505050505051,0.0004208754208754209,0.000505050505050505,True,1979.0,True
rome,rome:60:128-0-s16:p0,13,60,20,1514,100,10,200.0,1980.0,12.0,0.10101010101010101,0.008417508417508417,0.010101010101010102,False,1960.0,True
rome,rome:60:128-0-s16:p0,14,60,1,1514,100,10,10.0,1980.0,12.0,0.005050505050505051,0.0004208754208754209,0.000505050505050505,True,1979.0,True
rome,rome:60:128-0-s16:p0,15,60,36,1514,100,10,360.0,1980.0,12.0,0.18181818181818182,0.015151515151515152,0.01818181818181818,False,1944.0,True
rome,rome:60:128-0-s16:p0,16,60,0,1514,100,10,0.0,1980.0,12.0,0.0,0.0,0.0,True,1980.0,True
rome,rome:60:128-0-s16:p0,17,59,0,1514,100,10,0.0,1947.0,12.0,0.0,0.0,0.0,True,1947.0,True
rome,rome:60:128-0-s16:p0,18,64,1,1514,100,10,10.0,2112.0,12.0,0.004734848484848485,0.00039457070707070706,0.0004734848484848485,True,2111.0,True
rome,rome:60:128-0-s16:p0,19,57,0,1514,100,10,0.0,1881.0,12.0,0.0,0.0,0.0,True,1881.0,True
rome,rome:60:128-0-s16:p0,20,60,0,1514,100,10,0.0,1980.0,12.0,0.0,0.0,0.0,True,1980.0,True
rome,rome:60:128-0-s16:p0,21,60,0,1514,100,10,0.0,1980.0,12.0,0.0,0.0,0.0,True,1980.0,True
rome,rome:60:128-0-s16:p0,22,60,0,1514,100,10,0.0,1980.0,12.0,0.0,0.0,0.0,True,1980.0,True
rome,rome:60:128-0-s16:p0,23,59,0,1514,100,10,0.0,1947.0,12.0,0.0,0.0,0.0,True,1947.0,True
rome,rome:60:128-0-s16:p1,0,60,12,1514,100,10,120.0,1980.0,12.0,0.06060606060606061,0.005050505050505051,0.006060606060606061,False,1968.0,True
rome,rome:60:128-0-s16:p1,1,61,1,1514,100,10,10.0,2013.0,12.0,0.004967709885742673,0.0004139758238118894,0.0004967709885742673,True,2012.0,True
rome,rome:60:128-0-s16:p1,2,59,21,1514,100,10,210.0,1947.0,12.0,0.10785824345146379,0.008988186954288649,0.01078582434514638,False,1926.0,True
rome,rome:60:128-0-s16:p1,3,61,24,1514,100,10,240.0,2013.0,12.0,0.11922503725782414,0.009935419771485345,0.011922503725782414,False,1989.0,True
rome,rome:60:128-0-s16:p1,4,59,23,1514,100,10,230.0,1947.0,12.0,0.11813045711350796,0.009844204759458996,0.011813045711350795,False,1924.0,True
rome,rome:60:128-0-s16:p1,5,61,12,1514,100,10,120.0,2013.0,12.0,0.05961251862891207,0.004967709885742673,0.005961251862891207,False,2001.0,True
rome,rome:60:128-0-s16:p1,6,59,0,1514,100,10,0.0,1947.0,12.0,0.0,0.0,0.0,True,1947.0,True
rome,rome:60:128-0-s16:p1,7,61,0,1514,100,10,0.0,2013.0,12.0,0.0,0.0,0.0,True,2013.0,True
rome,rome:60:128-0-s16:p1,8,60,16,1514,100,10,160.0,1980.0,12.0,0.08080808080808081,0.006734006734006735,0.00808080808080808,False,1964.0,True
rome,rome:60:128-0-s16:p1,9,60,1,1514,100,10,10.0,1980.0,12.0,0.005050505050505051,0.0004208754208754209,0.000505050505050505,True,1979.0,True
rome,rome:60:128-0-s16:p1,10,60,15,1514,100,10,150.0,1980.0,12.0,0.07575757575757576,0.006313131313131313,0.007575757575757576,False,1965.0,True
rome,rome:60:128-0-s16:p1,11,60,2,1514,100,10,20.0,1980.0,12.0,0.010101010101010102,0.0008417508417508418,0.00101010101010101,True,1978.0,True
rome,rome:60:128-0-s16:p1,12,60,1,1514,100,10,10.0,1980.0,12.0,0.005050505050505051,0.0004208754208754209,0.000505050505050505,True,1979.0,True
rome,rome:60:128-0-s16:p1,13,60,1,1514,100,10,10.0,1980.0,12.0,0.005050505050505051,0.0004208754208754209,0.000505050505050505,True,1979.0,True
rome,rome:60:128-0-s16:p1,14,60,8,1514,100,10,80.0,1980.0,12.0,0.04040404040404041,0.0033670033670033673,0.00404040404040404,True,1972.0,True
rome,rome:60:128-0-s16:p1,15,60,1,1514,100,10,10.0,1980.0,12.0,0.005050505050505051,0.0004208754208754209,0.000505050505050505,True,1979.0,True
rome,rome:60:128-0-s16:p1,16,60,1,1514,100,10,10.0,1980.0,12.0,0.005050505050505051,0.0004208754208754209,0.000505050505050505,True,1979.0,True
rome,rome:60:128-0-s16:p1,17,61,0,1514,100,10,0.0,2013.0,12.0,0.0,0.0,0.0,True,2013.0,True
rome,rome:60:128-0-s16:p1,18,59,10,1514,100,10,100.0,1947.0,12.0,0.05136106831022085,0.004280089025851737,0.005136106831022085,True,1937.0,True
rome,rome:60:128-0-s16:p1,19,60,1,1513,100,10,10.0,1980.0,12.0,0.005050505050505051,0.0004208754208754209,0.000505050505050505,True,1979.0,True
rome,rome:60:128-0-s16:p1,20,60,1,1513,100,10,10.0,1980.0,12.0,0.005050505050505051,0.0004208754208754209,0.000505050505050505,True,1979.0,True
rome,rome:60:128-0-s16:p1,21,60,0,1513,100,10,0.0,1980.0,12.0,0.0,0.0,0.0,True,1980.0,True
rome,rome:60:128-0-s16:p1,22,60,1,1513,100,10,10.0,1980.0,12.0,0.005050505050505051,0.0004208754208754209,0.000505050505050505,True,1979.0,True
rome,rome:60:128-0-s16:p1,23,60,0,1513,100,10,0.0,1980.0,12.0,0.0,0.0,0.0,True,1980.0,True
rome,rome:60:128-0-s65:p0,0,59,23,202,120,12,276.0,1947.0,12.0,0.14175654853620956,0.011813045711350797,0.011813045711350795,False,1924.0,True
rome,rome:60:128-0-s65:p0,1,61,25,202,120,12,300.0,2013.0,12.0,0.14903129657228018,0.01241927471435668,0.012419274714356682,False,1988.0,True
rome,rome:60:128-0-s65:p0,2,60,0,202,120,12,0.0,1980.0,12.0,0.0,0.0,0.0,True,1980.0,True
rome,rome:60:128-0-s65:p0,3,59,0,202,120,12,0.0,1947.0,12.0,0.0,0.0,0.0,True,1947.0,True
rome,rome:60:128-0-s65:p0,4,60,5,202,120,12,60.0,1980.0,12.0,0.030303030303030304,0.0025252525252525255,0.0025252525252525255,True,1975.0,True
rome,rome:60:128-0-s65:p0,5,60,0,202,120,12,0.0,1980.0,12.0,0.0,0.0,0.0,True,1980.0,True
rome,rome:60:128-0-s65:p0,6,61,5,202,120,12,60.0,2013.0,12.0,0.029806259314456036,0.0024838549428713363,0.0024838549428713363,True,2008.0,True
rome,rome:60:128-0-s65:p0,7,60,4,202,120,12,48.0,1980.0,12.0,0.024242424242424242,0.00202020202020202,0.00202020202020202,True,1976.0,True
rome,rome:60:128-0-s65:p0,8,59,0,202,120,12,0.0,1947.0,12.0,0.0,0.0,0.0,True,1947.0,True
rome,rome:60:128-0-s65:p0,9,61,0,202,120,12,0.0,2013.0,12.0,0.0,0.0,0.0,True,2013.0,True
rome,rome:60:128-0-s65:p0,10,60,0,202,120,12,0.0,1980.0,12.0,0.0,0.0,0.0,True,1980.0,True
rome,rome:60:128-0-s65:p0,11,60,2,202,120,12,24.0,1980.0,12.0,0.012121212121212121,0.00101010101010101,0.00101010101010101,True,1978.0,True
rome,rome:60:128-0-s65:p0,12,60,2,202,120,12,24.0,1980.0,12.0,0.012121212121212121,0.00101010101010101,0.00101010101010101,True,1978.0,True
rome,rome:60:128-0-s65:p0,13,60,0,202,120,12,0.0,1980.0,12.0,0.0,0.0,0.0,True,1980.0,True
rome,rome:60:128-0-s65:p0,14,60,0,202,120,12,0.0,1980.0,12.0,0.0,0.0,0.0,True,1980.0,True
rome,rome:60:128-0-s65:p0,15,60,0,202,120,12,0.0,1980.0,12.0,0.0,0.0,0.0,True,1980.0,True
rome,rome:60:128-0-s65:p0,16,60,0,202,120,12,0.0,1980.0,12.0,0.0,0.0,0.0,True,1980.0,True
rome,rome:60:128-0-s65:p0,17,60,0,202,120,12,0.0,1980.0,12.0,0.0,0.0,0.0,True,1980.0,True
rome,rome:60:128-0-s65:p0,18,59,0,202,120,12,0.0,1947.0,12.0,0.0,0.0,0.0,True,1947.0,True
rome,rome:60:128-0-s65:p0,19,61,9,202,120,12,108.0,2013.0,12.0,0.05365126676602087,0.004470938897168405,0.004470938897168405,True,2004.0,True
rome,rome:60:128-0-s65:p0,20,59,32,202,120,12,384.0,1947.0,12.0,0.19722650231124808,0.016435541859270673,0.016435541859270673,False,1915.0,True
rome,rome:60:128-0-s65:p0,21,61,32,202,120,12,384.0,2013.0,12.0,0.19076005961251863,0.015896671634376552,0.015896671634376552,False,1981.0,True
rome,rome:60:128-0-s65:p0,22,59,1,202,120,12,12.0,1947.0,12.0,0.0061633281972265025,0.0005136106831022085,0.0005136106831022085,True,1946.0,True
rome,rome:60:128-0-s65:p0,23,60,2,202,120,12,24.0,1980.0,12.0,0.012121212121212121,0.00101010101010101,0.00101010101010101,True,1978.0,True
rome,rome:60:128-0-s82:p0,0,59,213,302,120,12,2556.0,1947.0,12.0,1.312788906009245,0.10939907550077042,0.10939907550077041,False,1734.0,True
rome,rome:60:128-0-s82:p0,1,61,128,403,120,12,1536.0,2013.0,12.0,0.7630402384500745,0.06358668653750621,0.06358668653750621,False,1885.0,True
rome,rome:60:128-0-s82:p0,2,60,0,404,120,12,0.0,1980.0,12.0,0.0,0.0,0.0,True,1980.0,True
rome,rome:60:128-0-s82:p0,3,61,137,404,120,12,1644.0,2013.0,12.0,0.8166915052160953,0.06805762543467461,0.06805762543467461,False,1876.0,True
rome,rome:60:128-0-s82:p0,4,59,262,406,120,12,3144.0,1947.0,12.0,1.6147919876733436,0.13456599897277863,0.13456599897277863,False,1685.0,True
rome,rome:60:128-0-s82:p0,5,60,186,605,120,12,2232.0,1980.0,12.0,1.1272727272727272,0.09393939393939393,0.09393939393939393,False,1794.0,True
rome,rome:60:128-0-s82:p0,6,60,336,805,120,12,4032.0,1980.0,12.0,2.036363636363636,0.16969696969696968,0.1696969696969697,False,1644.0,True
rome,rome:60:128-0-s82:p0,7,60,407,908,120,12,4884.0,1980.0,12.0,2.466666666666667,0.20555555555555557,0.20555555555555555,False,1573.0,True
rome,rome:60:128-0-s82:p0,8,60,6,1012,120,12,72.0,1980.0,12.0,0.03636363636363636,0.0030303030303030303,0.0030303030303030303,True,1974.0,True
rome,rome:60:128-0-s82:p0,9,60,0,1012,120,12,0.0,1980.0,12.0,0.0,0.0,0.0,True,1980.0,True
rome,rome:60:128-0-s82:p0,10,60,0,1012,120,12,0.0,1980.0,12.0,0.0,0.0,0.0,True,1980.0,True
rome,rome:60:128-0-s82:p0,11,60,0,1012,120,12,0.0,1980.0,12.0,0.0,0.0,0.0,True,1980.0,True
rome,rome:60:128-0-s82:p0,12,59,3,1012,120,12,36.0,1947.0,12.0,0.01848998459167951,0.0015408320493066256,0.0015408320493066256,True,1944.0,True
rome,rome:60:128-0-s82:p0,13,61,14,1012,120,12,168.0,2013.0,12.0,0.08345752608047691,0.0069547938400397425,0.006954793840039742,False,1999.0,True
rome,rome:60:128-0-s82:p0,14,62,4,1012,120,12,48.0,2046.0,12.0,0.02346041055718475,0.0019550342130987292,0.0019550342130987292,True,2042.0,True
rome,rome:60:128-0-s82:p0,15,57,0,1012,120,12,0.0,1881.0,12.0,0.0,0.0,0.0,True,1881.0,True
rome,rome:60:128-0-s82:p0,16,61,0,1012,120,12,0.0,2013.0,12.0,0.0,0.0,0.0,True,2013.0,True
rome,rome:60:128-0-s82:p0,17,60,0,1012,120,12,0.0,1980.0,12.0,0.0,0.0,0.0,True,1980.0,True
rome,rome:60:128-0-s82:p0,18,60,0,1012,120,12,0.0,1980.0,12.0,0.0,0.0,0.0,True,1980.0,True
rome,rome:60:128-0-s82:p0,19,60,0,1012,120,12,0.0,1980.0,12.0,0.0,0.0,0.0,True,1980.0,True
rome,rome:60:128-0-s82:p0,20,60,3,1012,120,12,36.0,1980.0,12.0,0.01818181818181818,0.0015151515151515152,0.0015151515151515152,True,1977.0,True
rome,rome:60:128-0-s82:p0,21,60,15,1012,120,12,180.0,1980.0,12.0,0.09090909090909091,0.007575757575757576,0.007575757575757576,False,1965.0,True
rome,rome:60:128-0-s82:p0,22,60,12,1012,120,12,144.0,1980.0,12.0,0.07272727272727272,0.006060606060606061,0.006060606060606061,False,1968.0,True
rome,rome:60:128-0-s82:p0,23,59,26,1112,120,12,312.0,1947.0,12.0,0.16024653312788906,0.01335387776065742,0.01335387776065742,False,1921.0,True
rome,rome:60:128-0-s82:p1,0,60,2,1112,120,12,24.0,1980.0,12.0,0.012121212121212121,0.00101010101010101,0.00101010101010101,True,1978.0,True
rome,rome:60:128-0-s82:p1,1,60,5,1112,120,12,60.0,1980.0,12.0,0.030303030303030304,0.0025252525252525255,0.0025252525252525255,True,1975.0,True
rome,rome:60:128-0-s82:p1,2,59,11,1112,120,12,132.0,1947.0,12.0,0.06779661016949153,0.005649717514124294,0.005649717514124294,False,1936.0,True
rome,rome:60:128-0-s82:p1,3,61,5,1112,120,12,60.0,2013.0,12.0,0.029806259314456036,0.0024838549428713363,0.0024838549428713363,True,2008.0,True
rome,rome:60:128-0-s82:p1,4,59,3,1112,120,12,36.0,1947.0,12.0,0.01848998459167951,0.0015408320493066256,0.0015408320493066256,True,1944.0,True
rome,rome:60:128-0-s82:p1,5,61,28,1112,120,12,336.0,2013.0,12.0,0.16691505216095381,0.013909587680079485,0.013909587680079483,False,1985.0,True
rome,rome:60:128-0-s82:p1,6,60,3,1012,120,12,36.0,1980.0,12.0,0.01818181818181818,0.0015151515151515152,0.0015151515151515152,True,1977.0,True
rome,rome:60:128-0-s82:p1,7,60,2,1012,120,12,24.0,1980.0,12.0,0.012121212121212121,0.00101010101010101,0.00101010101010101,True,1978.0,True
rome,rome:60:128-0-s82:p1,8,60,9,1012,120,12,108.0,1980.0,12.0,0.05454545454545454,0.004545454545454545,0.004545454545454545,True,1971.0,True
rome,rome:60:128-0-s82:p1,9,60,17,1012,120,12,204.0,1980.0,12.0,0.10303030303030303,0.008585858585858586,0.008585858585858586,False,1963.0,True
rome,rome:60:128-0-s82:p1,10,60,8,1012,120,12,96.0,1980.0,12.0,0.048484848484848485,0.00404040404040404,0.00404040404040404,True,1972.0,True
rome,rome:60:128-0-s82:p1,11,60,16,1012,120,12,192.0,1980.0,12.0,0.09696969696969697,0.00808080808080808,0.00808080808080808,False,1964.0,True
rome,rome:60:128-0-s82:p1,12,62,0,1012,120,12,0.0,2046.0,12.0,0.0,0.0,0.0,True,2046.0,True
rome,rome:60:128-0-s82:p1,13,57,6,1012,120,12,72.0,1881.0,12.0,0.03827751196172249,0.003189792663476874,0.003189792663476874,True,1875.0,True
rome,rome:60:128-0-s82:p1,14,61,13,1012,120,12,156.0,2013.0,12.0,0.07749627421758569,0.006458022851465474,0.006458022851465474,False,2000.0,True
rome,rome:60:128-0-s82:p1,15,59,4,1112,120,12,48.0,1947.0,12.0,0.02465331278890601,0.002054442732408834,0.002054442732408834,True,1943.0,True
rome,rome:60:128-0-s82:p1,16,61,0,1112,120,12,0.0,2013.0,12.0,0.0,0.0,0.0,True,2013.0,True
rome,rome:60:128-0-s82:p1,17,60,10,1112,120,12,120.0,1980.0,12.0,0.06060606060606061,0.005050505050505051,0.005050505050505051,True,1970.0,True
rome,rome:60:128-0-s82:p1,18,60,3,1112,120,12,36.0,1980.0,12.0,0.01818181818181818,0.0015151515151515152,0.0015151515151515152,True,1977.0,True
rome,rome:60:128-0-s82:p1,19,59,2,1112,120,12,24.0,1947.0,12.0,0.012326656394453005,0.001027221366204417,0.001027221366204417,True,1945.0,True
rome,rome:60:128-0-s82:p1,20,61,13,1112,120,12,156.0,2013.0,12.0,0.07749627421758569,0.006458022851465474,0.006458022851465474,False,2000.0,True
rome,rome:60:128-0-s82:p1,21,60,2,1112,120,12,24.0,1980.0,12.0,0.012121212121212121,0.00101010101010101,0.00101010101010101,True,1978.0,True
rome,rome:60:128-0-s82:p1,22,60,20,1112,120,12,240.0,1980.0,12.0,0.12121212121212122,0.010101010101010102,0.010101010101010102,False,1960.0,True
rome,rome:60:128-0-s82:p1,23,60,34,1012,120,12,408.0,1980.0,12.0,0.20606060606060606,0.01717171717171717,0.01717171717171717,False,1946.0,True
rome,rome:60:128-0-s82:p2,0,60,2,1012,120,12,24.0,1980.0,12.0,0.012121212121212121,0.00101010101010101,0.00101010101010101,True,1978.0,True
rome,rome:60:128-0-s82:p2,1,60,3,1012,120,12,36.0,1980.0,12.0,0.01818181818181818,0.0015151515151515152,0.0015151515151515152,True,1977.0,True
rome,rome:60:128-0-s82:p2,2,60,3,1012,120,12,36.0,1980.0,12.0,0.01818181818181818,0.0015151515151515152,0.0015151515151515152,True,1977.0,True
rome,rome:60:128-0-s82:p2,3,60,32,1012,120,12,384.0,1980.0,12.0,0.19393939393939394,0.01616161616161616,0.01616161616161616,False,1948.0,True
rome,rome:60:128-0-s82:p2,4,60,0,1112,120,12,0.0,1980.0,12.0,0.0,0.0,0.0,True,1980.0,True
rome,rome:60:128-0-s82:p2,5,60,0,1112,120,12,0.0,1980.0,12.0,0.0,0.0,0.0,True,1980.0,True
rome,rome:60:128-0-s82:p2,6,60,0,1112,120,12,0.0,1980.0,12.0,0.0,0.0,0.0,True,1980.0,True
rome,rome:60:128-0-s82:p2,7,60,0,1112,120,12,0.0,1980.0,12.0,0.0,0.0,0.0,True,1980.0,True
rome,rome:60:128-0-s82:p2,8,60,0,1112,120,12,0.0,1980.0,12.0,0.0,0.0,0.0,True,1980.0,True
rome,rome:60:128-0-s82:p2,9,60,0,1112,120,12,0.0,1980.0,12.0,0.0,0.0,0.0,True,1980.0,True
rome,rome:60:128-0-s82:p2,10,60,0,1112,120,12,0.0,1980.0,12.0,0.0,0.0,0.0,True,1980.0,True
rome,rome:60:128-0-s82:p2,11,60,0,1112,120,12,0.0,1980.0,12.0,0.0,0.0,0.0,True,1980.0,True
rome,rome:60:128-0-s82:p2,12,60,6,1112,120,12,72.0,1980.0,12.0,0.03636363636363636,0.0030303030303030303,0.0030303030303030303,True,1974.0,True
rome,rome:60:128-0-s82:p2,13,60,0,1112,120,12,0.0,1980.0,12.0,0.0,0.0,0.0,True,1980.0,True
rome,rome:60:128-0-s82:p2,14,60,0,1112,120,12,0.0,1980.0,12.0,0.0,0.0,0.0,True,1980.0,True
rome,rome:60:128-0-s82:p2,15,60,0,1112,120,12,0.0,1980.0,12.0,0.0,0.0,0.0,True,1980.0,True
rome,rome:60:128-0-s82:p2,16,61,0,1112,120,12,0.0,2013.0,12.0,0.0,0.0,0.0,True,2013.0,True
rome,rome:60:128-0-s82:p2,17,59,0,1112,120,12,0.0,1947.0,12.0,0.0,0.0,0.0,True,1947.0,True
rome,rome:60:128-0-s82:p2,18,59,0,1112,120,12,0.0,1947.0,12.0,0.0,0.0,0.0,True,1947.0,True
rome,rome:60:128-0-s82:p2,19,61,0,1112,120,12,0.0,2013.0,12.0,0.0,0.0,0.0,True,2013.0,True
rome,rome:60:128-0-s82:p2,20,59,5,1112,120,12,60.0,1947.0,12.0,0.030816640986132512,0.0025680534155110425,0.0025680534155110425,True,1942.0,True
rome,rome:60:128-0-s82:p2,21,61,0,1112,120,12,0.0,2013.0,12.0,0.0,0.0,0.0,True,2013.0,True
rome,rome:60:128-0-s82:p2,22,60,0,1112,120,12,0.0,1980.0,12.0,0.0,0.0,0.0,True,1980.0,True
rome,rome:60:128-0-s82:p2,23,60,0,1112,120,12,0.0,1980.0,12.0,0.0,0.0,0.0,True,1980.0,True
rome,rome:60:134-0-s99:p0,0,59,0,1012,120,12,0.0,1947.0,12.0,0.0,0.0,0.0,True,1947.0,True
rome,rome:60:134-0-s99:p0,1,60,0,1012,120,12,0.0,1980.0,12.0,0.0,0.0,0.0,True,1980.0,True
rome,rome:60:134-0-s99:p0,2,60,0,1012,120,12,0.0,1980.0,12.0,0.0,0.0,0.0,True,1980.0,True
rome,rome:60:134-0-s99:p0,3,60,0,1012,120,12,0.0,1980.0,12.0,0.0,0.0,0.0,True,1980.0,True
rome,rome:60:134-0-s99:p0,4,60,1,1012,120,12,12.0,1980.0,12.0,0.006060606060606061,0.000505050505050505,0.000505050505050505,True,1979.0,True
rome,rome:60:134-0-s99:p0,5,61,0,1012,120,12,0.0,2013.0,12.0,0.0,0.0,0.0,True,2013.0,True
rome,rome:60:134-0-s99:p0,6,60,15,1012,120,12,180.0,1980.0,12.0,0.09090909090909091,0.007575757575757576,0.007575757575757576,False,1965.0,True
rome,rome:60:134-0-s99:p0,7,59,9,1012,120,12,108.0,1947.0,12.0,0.05546995377503852,0.004622496147919877,0.004622496147919877,True,1938.0,True
rome,rome:60:134-0-s99:p0,8,60,0,1012,120,12,0.0,1980.0,12.0,0.0,0.0,0.0,True,1980.0,True
rome,rome:60:134-0-s99:p0,9,60,0,1012,120,12,0.0,1980.0,12.0,0.0,0.0,0.0,True,1980.0,True
rome,rome:60:134-0-s99:p0,10,62,3,1012,120,12,36.0,2046.0,12.0,0.017595307917888565,0.0014662756598240471,0.001466275659824047,True,2043.0,True
rome,rome:60:134-0-s99:p0,11,58,0,1012,120,12,0.0,1914.0,12.0,0.0,0.0,0.0,True,1914.0,True
rome,rome:60:134-0-s99:p0,12,60,0,1012,120,12,0.0,1980.0,12.0,0.0,0.0,0.0,True,1980.0,True
rome,rome:60:134-0-s99:p0,13,61,0,1012,120,12,0.0,2013.0,12.0,0.0,0.0,0.0,True,2013.0,True
rome,rome:60:134-0-s99:p0,14,59,0,1012,120,12,0.0,1947.0,12.0,0.0,0.0,0.0,True,1947.0,True
rome,rome:60:134-0-s99:p0,15,61,33,1012,120,12,396.0,2013.0,12.0,0.19672131147540983,0.01639344262295082,0.01639344262295082,False,1980.0,True
rome,rome:60:134-0-s99:p0,16,59,0,1112,120,12,0.0,1947.0,12.0,0.0,0.0,0.0,True,1947.0,True
rome,rome:60:134-0-s99:p0,17,61,0,1112,120,12,0.0,2013.0,12.0,0.0,0.0,0.0,True,2013.0,True
rome,rome:60:134-0-s99:p0,18,59,0,1112,120,12,0.0,1947.0,12.0,0.0,0.0,0.0,True,1947.0,True
rome,rome:60:134-0-s99:p0,19,60,12,1112,120,12,144.0,1980.0,12.0,0.07272727272727272,0.006060606060606061,0.006060606060606061,False,1968.0,True
rome,rome:60:134-0-s99:p0,20,60,0,1112,120,12,0.0,1980.0,12.0,0.0,0.0,0.0,True,1980.0,True
rome,rome:60:134-0-s99:p0,21,60,0,1112,120,12,0.0,1980.0,12.0,0.0,0.0,0.0,True,1980.0,True
rome,rome:60:134-0-s99:p0,22,61,10,1112,120,12,120.0,2013.0,12.0,0.05961251862891207,0.004967709885742673,0.004967709885742673,True,2003.0,True
rome,rome:60:134-0-s99:p0,23,59,76,1112,120,12,912.0,1947.0,12.0,0.46841294298921415,0.03903441191576785,0.03903441191576785,False,1871.0,True
rome,rome:60:137-0-s71:p0,0,59,487,1011,120,12,5844.0,1947.0,12.0,3.0015408320493067,0.2501284026707756,0.2501284026707756,False,1460.0,True
rome,rome:60:137-0-s71:p0,1,61,136,1313,100,10,1360.0,2013.0,12.0,0.6756085444610035,0.05630071203841696,0.06756085444610035,False,1877.0,True
rome,rome:60:137-0-s71:p0,2,59,132,1513,100,10,1320.0,1947.0,12.0,0.6779661016949152,0.05649717514124294,0.06779661016949153,False,1815.0,True
rome,rome:60:137-0-s71:p0,3,61,0,1514,100,10,0.0,2013.0,12.0,0.0,0.0,0.0,True,2013.0,True
rome,rome:60:137-0-s71:p0,4,59,0,1514,100,10,0.0,1947.0,12.0,0.0,0.0,0.0,True,1947.0,True
rome,rome:60:137-0-s71:p0,5,61,27,1514,100,10,270.0,2013.0,12.0,0.13412816691505217,0.011177347242921014,0.013412816691505217,False,1986.0,True
rome,rome:60:137-0-s71:p0,6,61,11,1514,100,10,110.0,2013.0,12.0,0.0546448087431694,0.004553734061930783,0.00546448087431694,False,2002.0,True
rome,rome:60:137-0-s71:p0,7,58,20,1514,100,10,200.0,1914.0,12.0,0.1044932079414838,0.008707767328456984,0.01044932079414838,False,1894.0,True
rome,rome:60:137-0-s71:p0,8,60,1,1514,100,10,10.0,1980.0,12.0,0.005050505050505051,0.0004208754208754209,0.000505050505050505,True,1979.0,True
rome,rome:60:137-0-s71:p0,9,60,0,1514,100,10,0.0,1980.0,12.0,0.0,0.0,0.0,True,1980.0,True
rome,rome:60:137-0-s71:p0,10,60,17,1514,100,10,170.0,1980.0,12.0,0.08585858585858586,0.007154882154882154,0.008585858585858586,False,1963.0,True
rome,rome:60:137-0-s71:p0,11,61,14,1514,100,10,140.0,2013.0,12.0,0.06954793840039741,0.005795661533366451,0.006954793840039742,False,1999.0,True
rome,rome:60:137-0-s71:p0,12,60,20,1514,100,10,200.0,1980.0,12.0,0.10101010101010101,0.008417508417508417,0.010101010101010102,False,1960.0,True
rome,rome:60:137-0-s71:p0,13,60,13,1514,100,10,130.0,1980.0,12.0,0.06565656565656566,0.005471380471380472,0.0065656565656565654,False,1967.0,True
rome,rome:60:137-0-s71:p0,14,59,1,1514,100,10,10.0,1947.0,12.0,0.005136106831022085,0.00042800890258517377,0.0005136106831022085,True,1946.0,True
rome,rome:60:137-0-s71:p0,15,61,27,1514,100,10,270.0,2013.0,12.0,0.13412816691505217,0.011177347242921014,0.013412816691505217,False,1986.0,True
rome,rome:60:137-0-s71:p0,16,59,23,1514,100,10,230.0,1947.0,12.0,0.11813045711350796,0.009844204759458996,0.011813045711350795,False,1924.0,True
rome,rome:60:137-0-s71:p0,17,61,0,1514,100,10,0.0,2013.0,12.0,0.0,0.0,0.0,True,2013.0,True
rome,rome:60:137-0-s71:p0,18,59,6,1514,100,10,60.0,1947.0,12.0,0.030816640986132512,0.0025680534155110425,0.0030816640986132513,True,1941.0,True
rome,rome:60:137-0-s71:p0,19,61,8,1514,100,10,80.0,2013.0,12.0,0.03974167908594138,0.003311806590495115,0.003974167908594138,True,2005.0,True
rome,rome:60:137-0-s71:p0,20,59,0,1514,100,10,0.0,1947.0,12.0,0.0,0.0,0.0,True,1947.0,True
rome,rome:60:137-0-s71:p0,21,60,16,1514,100,10,160.0,1980.0,12.0,0.08080808080808081,0.006734006734006735,0.00808080808080808,False,1964.0,True
rome,rome:60:137-0-s71:p0,22,61,19,1514,100,10,190.0,2013.0,12.0,0.09438648782911079,0.007865540652425899,0.009438648782911079,False,1994.0,True
rome,rome:60:137-0-s71:p0,23,59,22,1514,100,10,220.0,1947.0,12.0,0.11299435028248588,0.009416195856873822,0.011299435028248588,False,1925.0,True
rome,rome:60:137-0-s71:p1,0,60,9,1514,100,10,90.0,1980.0,12.0,0.045454545454545456,0.003787878787878788,0.004545454545454545,True,1971.0,True
rome,rome:60:137-0-s71:p1,1,60,9,1514,100,10,90.0,1980.0,12.0,0.045454545454545456,0.003787878787878788,0.004545454545454545,True,1971.0,True
rome,rome:60:137-0-s71:p1,2,59,17,1514,100,10,170.0,1947.0,12.0,0.08731381612737545,0.007276151343947954,0.008731381612737545,False,1930.0,True
rome,rome:60:137-0-s71:p1,3,61,20,1514,100,10,200.0,2013.0,12.0,0.09935419771485346,0.008279516476237788,0.009935419771485345,False,1993.0,True
rome,rome:60:137-0-s71:p1,4,60,6,1514,100,10,60.0,1980.0,12.0,0.030303030303030304,0.0025252525252525255,0.0030303030303030303,True,1974.0,True
rome,rome:60:137-0-s71:p1,5,62,0,1514,100,10,0.0,2046.0,12.0,0.0,0.0,0.0,True,2046.0,True
rome,rome:60:137-0-s71:p1,6,58,0,1514,100,10,0.0,1914.0,12.0,0.0,0.0,0.0,True,1914.0,True
rome,rome:60:137-0-s71:p1,7,59,7,1514,100,10,70.0,1947.0,12.0,0.035952747817154594,0.0029960623180962163,0.0035952747817154596,True,1940.0,True
rome,rome:60:137-0-s71:p1,8,61,3,1514,100,10,30.0,2013.0,12.0,0.014903129657228018,0.0012419274714356682,0.0014903129657228018,True,2010.0,True
rome,rome:60:137-0-s71:p1,9,59,0,1514,100,10,0.0,1947.0,12.0,0.0,0.0,0.0,True,1947.0,True
rome,rome:60:137-0-s71:p1,10,61,0,1514,100,10,0.0,2013.0,12.0,0.0,0.0,0.0,True,2013.0,True
rome,rome:60:137-0-s71:p1,11,59,0,1514,100,10,0.0,1947.0,12.0,0.0,0.0,0.0,True,1947.0,True
rome,rome:60:137-0-s71:p1,12,61,0,1514,100,10,0.0,2013.0,12.0,0.0,0.0,0.0,True,2013.0,True
rome,rome:60:137-0-s71:p1,13,59,0,1514,100,10,0.0,1947.0,12.0,0.0,0.0,0.0,True,1947.0,True
rome,rome:60:137-0-s71:p1,14,61,7,1514,100,10,70.0,2013.0,12.0,0.03477396920019871,0.0028978307666832257,0.003477396920019871,True,2006.0,True
rome,rome:60:137-0-s71:p1,15,60,9,1514,100,10,90.0,1980.0,12.0,0.045454545454545456,0.003787878787878788,0.004545454545454545,True,1971.0,True
rome,rome:60:137-0-s71:p1,16,60,7,1514,100,10,70.0,1980.0,12.0,0.03535353535353535,0.002946127946127946,0.0035353535353535356,True,1973.0,True
rome,rome:60:137-0-s71:p1,17,59,22,1514,100,10,220.0,1947.0,12.0,0.11299435028248588,0.009416195856873822,0.011299435028248588,False,1925.0,True
rome,rome:60:137-0-s71:p1,18,61,11,1514,100,10,110.0,2013.0,12.0,0.0546448087431694,0.004553734061930783,0.00546448087431694,False,2002.0,True
rome,rome:60:137-0-s71:p1,19,60,2,1514,100,10,20.0,1980.0,12.0,0.010101010101010102,0.0008417508417508418,0.00101010101010101,True,1978.0,True
rome,rome:60:137-0-s71:p1,20,60,4,1514,100,10,40.0,1980.0,12.0,0.020202020202020204,0.0016835016835016836,0.00202020202020202,True,1976.0,True
rome,rome:60:137-0-s71:p1,21,60,0,1514,100,10,0.0,1980.0,12.0,0.0,0.0,0.0,True,1980.0,True
rome,rome:60:137-0-s71:p1,22,59,0,1514,100,10,0.0,1947.0,12.0,0.0,0.0,0.0,True,1947.0,True
rome,rome:60:137-0-s71:p1,23,61,0,1514,100,10,0.0,2013.0,12.0,0.0,0.0,0.0,True,2013.0,True
rome,rome:60:137-0-s71:p2,0,60,0,1514,100,10,0.0,1980.0,12.0,0.0,0.0,0.0,True,1980.0,True
rome,rome:60:137-0-s71:p2,1,60,0,1514,100,10,0.0,1980.0,12.0,0.0,0.0,0.0,True,1980.0,True
rome,rome:60:137-0-s71:p2,2,60,17,1514,100,10,170.0,1980.0,12.0,0.08585858585858586,0.007154882154882154,0.008585858585858586,False,1963.0,True
rome,rome:60:137-0-s71:p2,3,59,35,1514,100,10,350.0,1947.0,12.0,0.17976373908577298,0.014980311590481082,0.017976373908577297,False,1912.0,True
rome,rome:60:137-0-s71:p2,4,60,4,1513,100,10,40.0,1980.0,12.0,0.020202020202020204,0.0016835016835016836,0.00202020202020202,True,1976.0,True
rome,rome:60:137-0-s71:p2,5,61,3,1513,100,10,30.0,2013.0,12.0,0.014903129657228018,0.0012419274714356682,0.0014903129657228018,True,2010.0,True
rome,rome:60:137-0-s71:p2,6,60,1,1513,100,10,10.0,1980.0,12.0,0.005050505050505051,0.0004208754208754209,0.000505050505050505,True,1979.0,True
rome,rome:60:137-0-s71:p2,7,60,4,1513,100,10,40.0,1980.0,12.0,0.020202020202020204,0.0016835016835016836,0.00202020202020202,True,1976.0,True
rome,rome:60:137-0-s71:p2,8,60,4,1513,100,10,40.0,1980.0,12.0,0.020202020202020204,0.0016835016835016836,0.00202020202020202,True,1976.0,True
rome,rome:60:137-0-s71:p2,9,59,7,1513,100,10,70.0,1947.0,12.0,0.035952747817154594,0.0029960623180962163,0.0035952747817154596,True,1940.0,True
rome,rome:60:137-0-s71:p2,10,61,6,1513,100,10,60.0,2013.0,12.0,0.029806259314456036,0.0024838549428713363,0.0029806259314456036,True,2007.0,True
rome,rome:60:137-0-s71:p2,11,59,1,1513,100,10,10.0,1947.0,12.0,0.005136106831022085,0.00042800890258517377,0.0005136106831022085,True,1946.0,True
rome,rome:60:137-0-s71:p2,12,61,2,1513,100,10,20.0,2013.0,12.0,0.009935419771485345,0.0008279516476237788,0.0009935419771485345,True,2011.0,True
rome,rome:60:137-0-s71:p2,13,59,55,1513,100,10,550.0,1947.0,12.0,0.2824858757062147,0.023540489642184557,0.02824858757062147,False,1892.0,True
rome,rome:60:137-0-s71:p2,14,61,20,1514,100,10,200.0,2013.0,12.0,0.09935419771485346,0.008279516476237788,0.009935419771485345,False,1993.0,True
rome,rome:60:137-0-s71:p2,15,60,16,1514,100,10,160.0,1980.0,12.0,0.08080808080808081,0.006734006734006735,0.00808080808080808,False,1964.0,True
rome,rome:60:137-0-s71:p2,16,60,8,1513,100,10,80.0,1980.0,12.0,0.04040404040404041,0.0033670033670033673,0.00404040404040404,True,1972.0,True
rome,rome:60:137-0-s71:p2,17,60,9,1513,100,10,90.0,1980.0,12.0,0.045454545454545456,0.003787878787878788,0.004545454545454545,True,1971.0,True
rome,rome:60:137-0-s71:p2,18,59,0,1513,100,10,0.0,1947.0,12.0,0.0,0.0,0.0,True,1947.0,True
rome,rome:60:137-0-s71:p2,19,61,0,1513,100,10,0.0,2013.0,12.0,0.0,0.0,0.0,True,2013.0,True
rome,rome:60:137-0-s71:p2,20,60,5,1513,100,10,50.0,1980.0,12.0,0.025252525252525252,0.0021043771043771043,0.0025252525252525255,True,1975.0,True
rome,rome:60:137-0-s71:p2,21,60,21,1513,100,10,210.0,1980.0,12.0,0.10606060606060606,0.008838383838383838,0.010606060606060607,False,1959.0,True
rome,rome:60:137-0-s71:p2,22,60,32,1513,100,10,320.0,1980.0,12.0,0.16161616161616163,0.01346801346801347,0.01616161616161616,False,1948.0,True
rome,rome:60:137-0-s71:p2,23,59,8,1514,100,10,80.0,1947.0,12.0,0.04108885464817668,0.00342407122068139,0.004108885464817668,True,1939.0,True
rome,rome:60:140-0-s121:p0,0,61,87,107,120,12,1044.0,2013.0,12.0,0.518628912071535,0.043219076005961254,0.043219076005961254,False,1926.0,True
rome,rome:60:140-0-s121:p0,1,59,0,208,120,12,0.0,1947.0,12.0,0.0,0.0,0.0,True,1947.0,True
rome,rome:60:140-0-s121:p0,2,61,0,208,120,12,0.0,2013.0,12.0,0.0,0.0,0.0,True,2013.0,True
rome,rome:60:140-0-s121:p0,3,59,7,208,120,12,84.0,1947.0,12.0,0.04314329738058552,0.00359527478171546,0.0035952747817154596,True,1940.0,True
rome,rome:60:140-0-s121:p0,4,61,0,208,120,12,0.0,2013.0,12.0,0.0,0.0,0.0,True,2013.0,True
rome,rome:60:140-0-s121:p0,5,59,12,208,120,12,144.0,1947.0,12.0,0.07395993836671803,0.0061633281972265025,0.0061633281972265025,False,1935.0,True
rome,rome:60:140-0-s121:p0,6,61,14,208,120,12,168.0,2013.0,12.0,0.08345752608047691,0.0069547938400397425,0.006954793840039742,False,1999.0,True
rome,rome:60:140-0-s121:p0,7,59,23,208,120,12,276.0,1947.0,12.0,0.14175654853620956,0.011813045711350797,0.011813045711350795,False,1924.0,True
rome,rome:60:140-0-s121:p0,8,62,14,208,120,12,168.0,2046.0,12.0,0.08211143695014662,0.006842619745845552,0.006842619745845552,False,2032.0,True
rome,rome:60:140-0-s121:p0,9,58,2,208,120,12,24.0,1914.0,12.0,0.012539184952978056,0.001044932079414838,0.0010449320794148381,True,1912.0,True
rome,rome:60:140-0-s121:p0,10,61,0,208,120,12,0.0,2013.0,12.0,0.0,0.0,0.0,True,2013.0,True
rome,rome:60:140-0-s121:p0,11,59,0,208,120,12,0.0,1947.0,12.0,0.0,0.0,0.0,True,1947.0,True
rome,rome:60:140-0-s121:p0,12,62,0,208,120,12,0.0,2046.0,12.0,0.0,0.0,0.0,True,2046.0,True
rome,rome:60:140-0-s121:p0,13,59,0,208,120,12,0.0,1947.0,12.0,0.0,0.0,0.0,True,1947.0,True
rome,rome:60:140-0-s121:p0,14,60,14,208,120,12,168.0,1980.0,12.0,0.08484848484848485,0.007070707070707071,0.007070707070707071,False,1966.0,True
rome,rome:60:140-0-s121:p0,15,60,0,208,120,12,0.0,1980.0,12.0,0.0,0.0,0.0,True,1980.0,True
rome,rome:60:140-0-s121:p0,16,60,0,208,120,12,0.0,1980.0,12.0,0.0,0.0,0.0,True,1980.0,True
rome,rome:60:140-0-s121:p0,17,48,0,208,120,12,0.0,1584.0,12.0,0.0,0.0,0.0,True,1584.0,True
rome,rome:60:140-0-s121:p0,18,72,0,208,120,12,0.0,2376.0,12.0,0.0,0.0,0.0,True,2376.0,True
rome,rome:60:140-0-s121:p0,19,60,0,208,120,12,0.0,1980.0,12.0,0.0,0.0,0.0,True,1980.0,True
rome,rome:60:140-0-s121:p0,20,61,5,208,120,12,60.0,2013.0,12.0,0.029806259314456036,0.0024838549428713363,0.0024838549428713363,True,2008.0,True
rome,rome:60:140-0-s121:p0,21,45,0,208,120,12,0.0,1485.0,12.0,0.0,0.0,0.0,True,1485.0,True
rome,rome:60:140-0-s121:p0,22,73,0,208,120,12,0.0,2409.0,12.0,0.0,0.0,0.0,True,2409.0,True
rome,rome:60:140-0-s121:p0,23,61,19,208,120,12,228.0,2013.0,12.0,0.11326378539493294,0.009438648782911079,0.009438648782911079,False,1994.0,True
rome,rome:60:140-0-s121:p1,0,61,0,208,120,12,0.0,2013.0,12.0,0.0,0.0,0.0,True,2013.0,True
rome,rome:60:140-0-s121:p1,1,61,0,208,120,12,0.0,2013.0,12.0,0.0,0.0,0.0,True,2013.0,True
rome,rome:60:140-0-s121:p1,2,59,0,208,120,12,0.0,1947.0,12.0,0.0,0.0,0.0,True,1947.0,True
rome,rome:60:140-0-s121:p1,3,59,0,208,120,12,0.0,1947.0,12.0,0.0,0.0,0.0,True,1947.0,True
rome,rome:60:140-0-s121:p1,4,61,0,208,120,12,0.0,2013.0,12.0,0.0,0.0,0.0,True,2013.0,True
rome,rome:60:140-0-s121:p1,5,59,0,208,120,12,0.0,1947.0,12.0,0.0,0.0,0.0,True,1947.0,True
rome,rome:60:140-0-s121:p1,6,61,0,208,120,12,0.0,2013.0,12.0,0.0,0.0,0.0,True,2013.0,True
rome,rome:60:140-0-s121:p1,7,59,0,208,120,12,0.0,1947.0,12.0,0.0,0.0,0.0,True,1947.0,True
rome,rome:60:140-0-s121:p1,8,61,7,208,120,12,84.0,2013.0,12.0,0.041728763040238454,0.0034773969200198713,0.003477396920019871,True,2006.0,True
rome,rome:60:140-0-s121:p1,9,60,0,208,120,12,0.0,1980.0,12.0,0.0,0.0,0.0,True,1980.0,True
rome,rome:60:140-0-s121:p1,10,60,0,208,120,12,0.0,1980.0,12.0,0.0,0.0,0.0,True,1980.0,True
rome,rome:60:140-0-s121:p1,11,60,0,208,120,12,0.0,1980.0,12.0,0.0,0.0,0.0,True,1980.0,True
rome,rome:60:140-0-s121:p1,12,60,0,208,120,12,0.0,1980.0,12.0,0.0,0.0,0.0,True,1980.0,True
rome,rome:60:140-0-s121:p1,13,62,0,208,120,12,0.0,2046.0,12.0,0.0,0.0,0.0,True,2046.0,True
rome,rome:60:140-0-s121:p1,14,58,0,208,120,12,0.0,1914.0,12.0,0.0,0.0,0.0,True,1914.0,True
rome,rome:60:140-0-s121:p1,15,59,0,208,120,12,0.0,1947.0,12.0,0.0,0.0,0.0,True,1947.0,True
rome,rome:60:140-0-s121:p1,16,61,0,208,120,12,0.0,2013.0,12.0,0.0,0.0,0.0,True,2013.0,True
rome,rome:60:140-0-s121:p1,17,61,0,208,120,12,0.0,2013.0,12.0,0.0,0.0,0.0,True,2013.0,True
rome,rome:60:140-0-s121:p1,18,59,0,208,120,12,0.0,1947.0,12.0,0.0,0.0,0.0,True,1947.0,True
rome,rome:60:140-0-s121:p1,19,59,13,208,120,12,156.0,1947.0,12.0,0.08012326656394453,0.00667693888032871,0.00667693888032871,False,1934.0,True
rome,rome:60:140-0-s121:p1,20,64,0,207,120,12,0.0,2112.0,12.0,0.0,0.0,0.0,True,2112.0,True
rome,rome:60:140-0-s121:p1,21,56,0,207,120,12,0.0,1848.0,12.0,0.0,0.0,0.0,True,1848.0,True
rome,rome:60:140-0-s121:p1,22,61,0,207,120,12,0.0,2013.0,12.0,0.0,0.0,0.0,True,2013.0,True
rome,rome:60:140-0-s121:p1,23,60,44,207,120,12,528.0,1980.0,12.0,0.26666666666666666,0.022222222222222223,0.022222222222222223,False,1936.0,True
rome,rome:60:149-0-s182:p0,0,59,172,1111,120,12,2064.0,1947.0,12.0,1.0600924499229585,0.08834103749357987,0.08834103749357987,False,1775.0,True
rome,rome:60:149-0-s182:p0,1,60,353,1112,120,12,4236.0,1980.0,12.0,2.139393939393939,0.17828282828282827,0.1782828282828283,False,1627.0,True
rome,rome:60:149-0-s182:p0,2,61,114,1313,100,10,1140.0,2013.0,12.0,0.5663189269746647,0.04719324391455539,0.05663189269746647,False,1899.0,True
rome,rome:60:149-0-s182:p0,3,59,133,1413,100,10,1330.0,1947.0,12.0,0.6831022085259374,0.05692518404382812,0.06831022085259374,False,1814.0,True
rome,rome:60:149-0-s182:p0,4,67,7,1514,100,10,70.0,2211.0,12.0,0.031659882406151064,0.002638323533845922,0.003165988240615106,True,2204.0,True
rome,rome:60:149-0-s182:p0,5,53,0,1514,100,10,0.0,1749.0,12.0,0.0,0.0,0.0,True,1749.0,True
rome,rome:60:149-0-s182:p0,6,60,0,1514,100,10,0.0,1980.0,12.0,0.0,0.0,0.0,True,1980.0,True
rome,rome:60:149-0-s182:p0,7,60,0,1514,100,10,0.0,1980.0,12.0,0.0,0.0,0.0,True,1980.0,True
rome,rome:60:149-0-s182:p0,8,60,0,1514,100,10,0.0,1980.0,12.0,0.0,0.0,0.0,True,1980.0,True
rome,rome:60:149-0-s182:p0,9,61,0,1514,100,10,0.0,2013.0,12.0,0.0,0.0,0.0,True,2013.0,True
rome,rome:60:149-0-s182:p0,10,59,0,1514,100,10,0.0,1947.0,12.0,0.0,0.0,0.0,True,1947.0,True
rome,rome:60:149-0-s182:p0,11,60,0,1514,100,10,0.0,1980.0,12.0,0.0,0.0,0.0,True,1980.0,True
rome,rome:60:149-0-s182:p0,12,64,0,1514,100,10,0.0,2112.0,12.0,0.0,0.0,0.0,True,2112.0,True
rome,rome:60:149-0-s182:p0,13,57,2,1514,100,10,20.0,1881.0,12.0,0.01063264221158958,0.000886053517632465,0.001063264221158958,True,1879.0,True
rome,rome:60:149-0-s182:p0,14,59,18,1514,100,10,180.0,1947.0,12.0,0.09244992295839753,0.007704160246533128,0.009244992295839754,False,1929.0,True
rome,rome:60:149-0-s182:p0,15,60,13,1514,100,10,130.0,1980.0,12.0,0.06565656565656566,0.005471380471380472,0.0065656565656565654,False,1967.0,True
rome,rome:60:149-0-s182:p0,16,60,3,1514,100,10,30.0,1980.0,12.0,0.015151515151515152,0.0012626262626262627,0.0015151515151515152,True,1977.0,True
rome,rome:60:149-0-s182:p0,17,68,14,1514,100,10,140.0,2244.0,12.0,0.062388591800356503,0.005199049316696376,0.006238859180035651,False,2230.0,True
rome,rome:60:149-0-s182:p0,18,55,60,1514,100,10,600.0,1815.0,12.0,0.3305785123966942,0.027548209366391185,0.03305785123966942,False,1755.0,True
rome,rome:60:149-0-s182:p0,19,58,0,1514,100,10,0.0,1914.0,12.0,0.0,0.0,0.0,True,1914.0,True
rome,rome:60:149-0-s182:p0,20,61,0,1514,100,10,0.0,2013.0,12.0,0.0,0.0,0.0,True,2013.0,True
rome,rome:60:149-0-s182:p0,21,58,0,1514,100,10,0.0,1914.0,12.0,0.0,0.0,0.0,True,1914.0,True
rome,rome:60:149-0-s182:p0,22,60,0,1514,100,10,0.0,1980.0,12.0,0.0,0.0,0.0,True,1980.0,True
rome,rome:60:149-0-s182:p0,23,60,0,1514,100,10,0.0,1980.0,12.0,0.0,0.0,0.0,True,1980.0,True
rome,rome:60:149-0-s21:p0,0,60,101,1515,100,10,1010.0,1980.0,12.0,0.51010101010101,0.0425084175084175,0.05101010101010101,False,1879.0,True
rome,rome:60:149-0-s21:p0,1,60,0,1514,100,10,0.0,1980.0,12.0,0.0,0.0,0.0,True,1980.0,True
rome,rome:60:149-0-s21:p0,2,63,0,1514,100,10,0.0,2079.0,12.0,0.0,0.0,0.0,True,2079.0,True
rome,rome:60:149-0-s21:p0,3,57,0,1514,100,10,0.0,1881.0,12.0,0.0,0.0,0.0,True,1881.0,True
rome,rome:60:149-0-s21:p0,4,60,0,1514,100,10,0.0,1980.0,12.0,0.0,0.0,0.0,True,1980.0,True
rome,rome:60:149-0-s21:p0,5,60,0,1514,100,10,0.0,1980.0,12.0,0.0,0.0,0.0,True,1980.0,True
rome,rome:60:149-0-s21:p0,6,63,0,1514,100,10,0.0,2079.0,12.0,0.0,0.0,0.0,True,2079.0,True
rome,rome:60:149-0-s21:p0,7,58,0,1514,100,10,0.0,1914.0,12.0,0.0,0.0,0.0,True,1914.0,True
rome,rome:60:149-0-s21:p0,8,63,0,1514,100,10,0.0,2079.0,12.0,0.0,0.0,0.0,True,2079.0,True
rome,rome:60:149-0-s21:p0,9,56,0,1514,100,10,0.0,1848.0,12.0,0.0,0.0,0.0,True,1848.0,True
rome,rome:60:149-0-s21:p0,10,60,0,1514,100,10,0.0,1980.0,12.0,0.0,0.0,0.0,True,1980.0,True
rome,rome:60:149-0-s21:p0,11,63,0,1514,100,10,0.0,2079.0,12.0,0.0,0.0,0.0,True,2079.0,True
rome,rome:60:149-0-s21:p0,12,57,0,1514,100,10,0.0,1881.0,12.0,0.0,0.0,0.0,True,1881.0,True
rome,rome:60:149-0-s21:p0,13,63,0,1514,100,10,0.0,2079.0,12.0,0.0,0.0,0.0,True,2079.0,True
rome,rome:60:149-0-s21:p0,14,57,0,1514,100,10,0.0,1881.0,12.0,0.0,0.0,0.0,True,1881.0,True
rome,rome:60:149-0-s21:p0,15,62,0,1514,100,10,0.0,2046.0,12.0,0.0,0.0,0.0,True,2046.0,True
rome,rome:60:149-0-s21:p0,16,58,0,1514,100,10,0.0,1914.0,12.0,0.0,0.0,0.0,True,1914.0,True
rome,rome:60:149-0-s21:p0,17,62,0,1514,100,10,0.0,2046.0,12.0,0.0,0.0,0.0,True,2046.0,True
rome,rome:60:149-0-s21:p0,18,59,0,1514,100,10,0.0,1947.0,12.0,0.0,0.0,0.0,True,1947.0,True
rome,rome:60:149-0-s21:p0,19,59,0,1514,100,10,0.0,1947.0,12.0,0.0,0.0,0.0,True,1947.0,True
rome,rome:60:149-0-s21:p0,20,62,0,1514,100,10,0.0,2046.0,12.0,0.0,0.0,0.0,True,2046.0,True
rome,rome:60:149-0-s21:p0,21,58,0,1514,100,10,0.0,1914.0,12.0,0.0,0.0,0.0,True,1914.0,True
rome,rome:60:149-0-s21:p0,22,62,0,1514,100,10,0.0,2046.0,12.0,0.0,0.0,0.0,True,2046.0,True
rome,rome:60:149-0-s21:p0,23,58,29,1514,100,10,290.0,1914.0,12.0,0.15151515151515152,0.012626262626262626,0.015151515151515152,False,1885.0,True
rome,rome:60:149-0-s21:p1,0,60,9,1513,100,10,90.0,1980.0,12.0,0.045454545454545456,0.003787878787878788,0.004545454545454545,True,1971.0,True
rome,rome:60:149-0-s21:p1,1,61,0,1513,100,10,0.0,2013.0,12.0,0.0,0.0,0.0,True,2013.0,True
rome,rome:60:149-0-s21:p1,2,59,0,1513,100,10,0.0,1947.0,12.0,0.0,0.0,0.0,True,1947.0,True
rome,rome:60:149-0-s21:p1,3,63,0,1513,100,10,0.0,2079.0,12.0,0.0,0.0,0.0,True,2079.0,True
rome,rome:60:149-0-s21:p1,4,57,0,1513,100,10,0.0,1881.0,12.0,0.0,0.0,0.0,True,1881.0,True
rome,rome:60:149-0-s21:p1,5,60,2,1513,100,10,20.0,1980.0,12.0,0.010101010101010102,0.0008417508417508418,0.00101010101010101,True,1978.0,True
rome,rome:60:149-0-s21:p1,6,62,0,1513,100,10,0.0,2046.0,12.0,0.0,0.0,0.0,True,2046.0,True
rome,rome:60:149-0-s21:p1,7,58,0,1513,100,10,0.0,1914.0,12.0,0.0,0.0,0.0,True,1914.0,True
rome,rome:60:149-0-s21:p1,8,62,0,1513,100,10,0.0,2046.0,12.0,0.0,0.0,0.0,True,2046.0,True
rome,rome:60:149-0-s21:p1,9,58,0,1513,100,10,0.0,1914.0,12.0,0.0,0.0,0.0,True,1914.0,True
rome,rome:60:149-0-s21:p1,10,63,0,1513,100,10,0.0,2079.0,12.0,0.0,0.0,0.0,True,2079.0,True
rome,rome:60:149-0-s21:p1,11,57,0,1513,100,10,0.0,1881.0,12.0,0.0,0.0,0.0,True,1881.0,True
rome,rome:60:149-0-s21:p1,12,62,0,1513,100,10,0.0,2046.0,12.0,0.0,0.0,0.0,True,2046.0,True
rome,rome:60:149-0-s21:p1,13,59,0,1513,100,10,0.0,1947.0,12.0,0.0,0.0,0.0,True,1947.0,True
rome,rome:60:149-0-s21:p1,14,62,0,1513,100,10,0.0,2046.0,12.0,0.0,0.0,0.0,True,2046.0,True
rome,rome:60:149-0-s21:p1,15,57,0,1513,100,10,0.0,1881.0,12.0,0.0,0.0,0.0,True,1881.0,True
rome,rome:60:149-0-s21:p1,16,60,0,1513,100,10,0.0,1980.0,12.0,0.0,0.0,0.0,True,1980.0,True
rome,rome:60:149-0-s21:p1,17,62,0,1513,100,10,0.0,2046.0,12.0,0.0,0.0,0.0,True,2046.0,True
rome,rome:60:149-0-s21:p1,18,58,0,1513,100,10,0.0,1914.0,12.0,0.0,0.0,0.0,True,1914.0,True
rome,rome:60:149-0-s21:p1,19,60,0,1513,100,10,0.0,1980.0,12.0,0.0,0.0,0.0,True,1980.0,True
rome,rome:60:149-0-s21:p1,20,60,0,1513,100,10,0.0,1980.0,12.0,0.0,0.0,0.0,True,1980.0,True
rome,rome:60:149-0-s21:p1,21,62,0,1513,100,10,0.0,2046.0,12.0,0.0,0.0,0.0,True,2046.0,True
rome,rome:60:149-0-s21:p1,22,58,0,1513,100,10,0.0,1914.0,12.0,0.0,0.0,0.0,True,1914.0,True
rome,rome:60:149-0-s21:p1,23,63,0,1513,100,10,0.0,2079.0,12.0,0.0,0.0,0.0,True,2079.0,True
rome,rome:60:149-0-s21:p2,0,60,16,1513,100,10,160.0,1980.0,12.0,0.08080808080808081,0.006734006734006735,0.00808080808080808,False,1964.0,True
rome,rome:60:149-0-s21:p2,1,61,0,1513,100,10,0.0,2013.0,12.0,0.0,0.0,0.0,True,2013.0,True
rome,rome:60:149-0-s21:p2,2,59,0,1513,100,10,0.0,1947.0,12.0,0.0,0.0,0.0,True,1947.0,True
rome,rome:60:149-0-s21:p2,3,61,0,1513,100,10,0.0,2013.0,12.0,0.0,0.0,0.0,True,2013.0,True
rome,rome:60:149-0-s21:p2,4,59,0,1513,100,10,0.0,1947.0,12.0,0.0,0.0,0.0,True,1947.0,True
rome,rome:60:149-0-s21:p2,5,62,0,1513,100,10,0.0,2046.0,12.0,0.0,0.0,0.0,True,2046.0,True
rome,rome:60:149-0-s21:p2,6,58,0,1513,100,10,0.0,1914.0,12.0,0.0,0.0,0.0,True,1914.0,True
rome,rome:60:149-0-s21:p2,7,63,0,1513,100,10,0.0,2079.0,12.0,0.0,0.0,0.0,True,2079.0,True
rome,rome:60:149-0-s21:p2,8,60,0,1513,100,10,0.0,1980.0,12.0,0.0,0.0,0.0,True,1980.0,True
rome,rome:60:149-0-s21:p2,9,57,0,1513,100,10,0.0,1881.0,12.0,0.0,0.0,0.0,True,1881.0,True
rome,rome:60:149-0-s21:p2,10,60,0,1513,100,10,0.0,1980.0,12.0,0.0,0.0,0.0,True,1980.0,True
rome,rome:60:149-0-s21:p2,11,60,0,1513,100,10,0.0,1980.0,12.0,0.0,0.0,0.0,True,1980.0,True
rome,rome:60:149-0-s21:p2,12,60,0,1513,100,10,0.0,1980.0,12.0,0.0,0.0,0.0,True,1980.0,True
rome,rome:60:149-0-s21:p2,13,60,0,1513,100,10,0.0,1980.0,12.0,0.0,0.0,0.0,True,1980.0,True
rome,rome:60:149-0-s21:p2,14,61,0,1513,100,10,0.0,2013.0,12.0,0.0,0.0,0.0,True,2013.0,True
rome,rome:60:149-0-s21:p2,15,59,0,1513,100,10,0.0,1947.0,12.0,0.0,0.0,0.0,True,1947.0,True
rome,rome:60:149-0-s21:p2,16,63,0,1513,100,10,0.0,2079.0,12.0,0.0,0.0,0.0,True,2079.0,True
rome,rome:60:149-0-s21:p2,17,57,0,1513,100,10,0.0,1881.0,12.0,0.0,0.0,0.0,True,1881.0,True
rome,rome:60:149-0-s21:p2,18,60,0,1513,100,10,0.0,1980.0,12.0,0.0,0.0,0.0,True,1980.0,True
rome,rome:60:149-0-s21:p2,19,60,0,1513,100,10,0.0,1980.0,12.0,0.0,0.0,0.0,True,1980.0,True
rome,rome:60:149-0-s21:p2,20,63,0,1513,100,10,0.0,2079.0,12.0,0.0,0.0,0.0,True,2079.0,True
rome,rome:60:149-0-s21:p2,21,57,0,1513,100,10,0.0,1881.0,12.0,0.0,0.0,0.0,True,1881.0,True
rome,rome:60:149-0-s21:p2,22,63,0,1513,100,10,0.0,2079.0,12.0,0.0,0.0,0.0,True,2079.0,True
rome,rome:60:149-0-s21:p2,23,57,0,1513,100,10,0.0,1881.0,12.0,0.0,0.0,0.0,True,1881.0,True
rome,rome:60:149-0-s21:p3,0,61,0,1513,100,10,0.0,2013.0,12.0,0.0,0.0,0.0,True,2013.0,True
rome,rome:60:149-0-s21:p3,1,59,0,1513,100,10,0.0,1947.0,12.0,0.0,0.0,0.0,True,1947.0,True
rome,rome:60:149-0-s21:p3,2,62,0,1513,100,10,0.0,2046.0,12.0,0.0,0.0,0.0,True,2046.0,True
rome,rome:60:149-0-s21:p3,3,58,0,1513,100,10,0.0,1914.0,12.0,0.0,0.0,0.0,True,1914.0,True
rome,rome:60:149-0-s21:p3,4,63,0,1513,100,10,0.0,2079.0,12.0,0.0,0.0,0.0,True,2079.0,True
rome,rome:60:149-0-s21:p3,5,57,1,1513,100,10,10.0,1881.0,12.0,0.00531632110579479,0.0004430267588162325,0.000531632110579479,True,1880.0,True
rome,rome:60:149-0-s21:p3,6,63,6,1513,100,10,60.0,2079.0,12.0,0.02886002886002886,0.002405002405002405,0.002886002886002886,True,2073.0,True
rome,rome:60:149-0-s21:p3,7,57,0,1513,100,10,0.0,1881.0,12.0,0.0,0.0,0.0,True,1881.0,True
rome,rome:60:149-0-s21:p3,8,60,14,1513,100,10,140.0,1980.0,12.0,0.0707070707070707,0.005892255892255892,0.007070707070707071,False,1966.0,True
rome,rome:60:149-0-s21:p3,9,61,8,1513,100,10,80.0,2013.0,12.0,0.03974167908594138,0.003311806590495115,0.003974167908594138,True,2005.0,True
rome,rome:60:149-0-s21:p3,10,59,2,1513,100,10,20.0,1947.0,12.0,0.01027221366204417,0.0008560178051703475,0.001027221366204417,True,1945.0,True
rome,rome:60:149-0-s21:p3,11,62,0,1513,100,10,0.0,2046.0,12.0,0.0,0.0,0.0,True,2046.0,True
rome,rome:60:149-0-s21:p3,12,58,7,1513,100,10,70.0,1914.0,12.0,0.03657262277951933,0.0030477185649599443,0.0036572622779519333,True,1907.0,True
rome,rome:60:149-0-s21:p3,13,64,8,1513,100,10,80.0,2112.0,12.0,0.03787878787878788,0.0031565656565656565,0.003787878787878788,True,2104.0,True
rome,rome:60:149-0-s21:p3,14,56,5,1513,100,10,50.0,1848.0,12.0,0.027056277056277056,0.0022546897546897545,0.0027056277056277055,True,1843.0,True
rome,rome:60:149-0-s21:p3,15,60,5,1513,100,10,50.0,1980.0,12.0,0.025252525252525252,0.0021043771043771043,0.0025252525252525255,True,1975.0,True
rome,rome:60:149-0-s21:p3,16,60,12,1513,100,10,120.0,1980.0,12.0,0.06060606060606061,0.005050505050505051,0.006060606060606061,False,1968.0,True
rome,rome:60:149-0-s21:p3,17,61,7,1513,100,10,70.0,2013.0,12.0,0.03477396920019871,0.0028978307666832257,0.003477396920019871,True,2006.0,True
rome,rome:60:149-0-s21:p3,18,59,0,1513,100,10,0.0,1947.0,12.0,0.0,0.0,0.0,True,1947.0,True
rome,rome:60:149-0-s21:p3,19,60,0,1513,100,10,0.0,1980.0,12.0,0.0,0.0,0.0,True,1980.0,True
rome,rome:60:149-0-s21:p3,20,60,0,1513,100,10,0.0,1980.0,12.0,0.0,0.0,0.0,True,1980.0,True
rome,rome:60:149-0-s21:p3,21,60,0,1513,100,10,0.0,1980.0,12.0,0.0,0.0,0.0,True,1980.0,True
rome,rome:60:149-0-s21:p3,22,62,0,1513,100,10,0.0,2046.0,12.0,0.0,0.0,0.0,True,2046.0,True
rome,rome:60:149-0-s21:p3,23,58,0,1513,100,10,0.0,1914.0,12.0,0.0,0.0,0.0,True,1914.0,True
rome,rome:60:150-0-s108:p0,0,54,141,1414,100,10,1410.0,1782.0,12.0,0.7912457912457912,0.0659371492704826,0.07912457912457913,False,1641.0,True
rome,rome:60:150-0-s108:p0,1,60,0,1514,100,10,0.0,1980.0,12.0,0.0,0.0,0.0,True,1980.0,True
rome,rome:60:150-0-s108:p0,2,60,0,1514,100,10,0.0,1980.0,12.0,0.0,0.0,0.0,True,1980.0,True
rome,rome:60:150-0-s108:p0,3,60,0,1514,100,10,0.0,1980.0,12.0,0.0,0.0,0.0,True,1980.0,True
rome,rome:60:150-0-s108:p0,4,61,0,1514,100,10,0.0,2013.0,12.0,0.0,0.0,0.0,True,2013.0,True
rome,rome:60:150-0-s108:p0,5,60,8,1514,100,10,80.0,1980.0,12.0,0.04040404040404041,0.0033670033670033673,0.00404040404040404,True,1972.0,True
rome,rome:60:150-0-s108:p0,6,61,0,1514,100,10,0.0,2013.0,12.0,0.0,0.0,0.0,True,2013.0,True
rome,rome:60:150-0-s108:p0,7,65,5,1514,100,10,50.0,2145.0,12.0,0.023310023310023312,0.0019425019425019427,0.002331002331002331,True,2140.0,True
rome,rome:60:150-0-s108:p0,8,53,0,1514,100,10,0.0,1749.0,12.0,0.0,0.0,0.0,True,1749.0,True
rome,rome:60:150-0-s108:p0,9,60,0,1514,100,10,0.0,1980.0,12.0,0.0,0.0,0.0,True,1980.0,True
rome,rome:60:150-0-s108:p0,10,63,0,1514,100,10,0.0,2079.0,12.0,0.0,0.0,0.0,True,2079.0,True
rome,rome:60:150-0-s108:p0,11,57,16,1514,100,10,160.0,1881.0,12.0,0.08506113769271664,0.00708842814105972,0.008506113769271665,False,1865.0,True
rome,rome:60:150-0-s108:p0,12,63,0,1514,100,10,0.0,2079.0,12.0,0.0,0.0,0.0,True,2079.0,True
rome,rome:60:150-0-s108:p0,13,57,18,1514,100,10,180.0,1881.0,12.0,0.09569377990430622,0.007974481658692184,0.009569377990430622,False,1863.0,True
rome,rome:60:150-0-s108:p0,14,60,0,1513,100,10,0.0,1980.0,12.0,0.0,0.0,0.0,True,1980.0,True
rome,rome:60:150-0-s108:p0,15,63,0,1513,100,10,0.0,2079.0,12.0,0.0,0.0,0.0,True,2079.0,True
rome,rome:60:150-0-s108:p0,16,57,0,1513,100,10,0.0,1881.0,12.0,0.0,0.0,0.0,True,1881.0,True
rome,rome:60:150-0-s108:p0,17,62,0,1513,100,10,0.0,2046.0,12.0,0.0,0.0,0.0,True,2046.0,True
rome,rome:60:150-0-s108:p0,18,58,0,1513,100,10,0.0,1914.0,12.0,0.0,0.0,0.0,True,1914.0,True
rome,rome:60:150-0-s108:p0,19,63,6,1513,100,10,60.0,2079.0,12.0,0.02886002886002886,0.002405002405002405,0.002886002886002886,True,2073.0,True
rome,rome:60:150-0-s108:p0,20,57,4,1513,100,10,40.0,1881.0,12.0,0.02126528442317916,0.00177210703526493,0.002126528442317916,True,1877.0,True
rome,rome:60:150-0-s108:p0,21,61,13,1513,100,10,130.0,2013.0,12.0,0.06458022851465474,0.005381685709554562,0.006458022851465474,False,2000.0,True
rome,rome:60:150-0-s108:p0,22,59,14,1513,100,10,140.0,1947.0,12.0,0.07190549563430919,0.005992124636192433,0.007190549563430919,False,1933.0,True
rome,rome:60:150-0-s108:p0,23,60,13,1513,100,10,130.0,1980.0,12.0,0.06565656565656566,0.005471380471380472,0.0065656565656565654,False,1967.0,True
rome,rome:60:153-0-s12:p0,0,59,54,1012,120,12,648.0,1947.0,12.0,0.33281972265023113,0.02773497688751926,0.02773497688751926,False,1893.0,True
rome,rome:60:153-0-s12:p0,1,61,0,1012,120,12,0.0,2013.0,12.0,0.0,0.0,0.0,True,2013.0,True
rome,rome:60:153-0-s12:p0,2,61,0,1012,120,12,0.0,2013.0,12.0,0.0,0.0,0.0,True,2013.0,True
rome,rome:60:153-0-s12:p0,3,59,0,1012,120,12,0.0,1947.0,12.0,0.0,0.0,0.0,True,1947.0,True
rome,rome:60:153-0-s12:p0,4,60,0,1012,120,12,0.0,1980.0,12.0,0.0,0.0,0.0,True,1980.0,True
rome,rome:60:153-0-s12:p0,5,61,7,1012,120,12,84.0,2013.0,12.0,0.041728763040238454,0.0034773969200198713,0.003477396920019871,True,2006.0,True
rome,rome:60:153-0-s12:p0,6,59,0,1012,120,12,0.0,1947.0,12.0,0.0,0.0,0.0,True,1947.0,True
rome,rome:60:153-0-s12:p0,7,60,0,1012,120,12,0.0,1980.0,12.0,0.0,0.0,0.0,True,1980.0,True
rome,rome:60:153-0-s12:p0,8,60,2,1012,120,12,24.0,1980.0,12.0,0.012121212121212121,0.00101010101010101,0.00101010101010101,True,1978.0,True
rome,rome:60:153-0-s12:p0,9,60,1,1012,120,12,12.0,1980.0,12.0,0.006060606060606061,0.000505050505050505,0.000505050505050505,True,1979.0,True
rome,rome:60:153-0-s12:p0,10,60,1,1012,120,12,12.0,1980.0,12.0,0.006060606060606061,0.000505050505050505,0.000505050505050505,True,1979.0,True
rome,rome:60:153-0-s12:p0,11,61,0,1012,120,12,0.0,2013.0,12.0,0.0,0.0,0.0,True,2013.0,True
rome,rome:60:153-0-s12:p0,12,59,0,1012,120,12,0.0,1947.0,12.0,0.0,0.0,0.0,True,1947.0,True
rome,rome:60:153-0-s12:p0,13,60,0,1012,120,12,0.0,1980.0,12.0,0.0,0.0,0.0,True,1980.0,True
rome,rome:60:153-0-s12:p0,14,60,4,1012,120,12,48.0,1980.0,12.0,0.024242424242424242,0.00202020202020202,0.00202020202020202,True,1976.0,True
rome,rome:60:153-0-s12:p0,15,60,1,1112,120,12,12.0,1980.0,12.0,0.006060606060606061,0.000505050505050505,0.000505050505050505,True,1979.0,True
rome,rome:60:153-0-s12:p0,16,60,4,1112,120,12,48.0,1980.0,12.0,0.024242424242424242,0.00202020202020202,0.00202020202020202,True,1976.0,True
rome,rome:60:153-0-s12:p0,17,60,0,1112,120,12,0.0,1980.0,12.0,0.0,0.0,0.0,True,1980.0,True
rome,rome:60:153-0-s12:p0,18,60,0,1112,120,12,0.0,1980.0,12.0,0.0,0.0,0.0,True,1980.0,True
rome,rome:60:153-0-s12:p0,19,60,0,1112,120,12,0.0,1980.0,12.0,0.0,0.0,0.0,True,1980.0,True
rome,rome:60:153-0-s12:p0,20,60,0,1112,120,12,0.0,1980.0,12.0,0.0,0.0,0.0,True,1980.0,True
rome,rome:60:153-0-s12:p0,21,60,2,1112,120,12,24.0,1980.0,12.0,0.012121212121212121,0.00101010101010101,0.00101010101010101,True,1978.0,True
rome,rome:60:153-0-s12:p0,22,61,0,1112,120,12,0.0,2013.0,12.0,0.0,0.0,0.0,True,2013.0,True
rome,rome:60:153-0-s12:p0,23,59,0,1112,120,12,0.0,1947.0,12.0,0.0,0.0,0.0,True,1947.0,True
rome,rome:60:153-0-s12:p1,0,60,0,1112,120,12,0.0,1980.0,12.0,0.0,0.0,0.0,True,1980.0,True
rome,rome:60:153-0-s12:p1,1,60,0,1112,120,12,0.0,1980.0,12.0,0.0,0.0,0.0,True,1980.0,True
rome,rome:60:153-0-s12:p1,2,59,0,1112,120,12,0.0,1947.0,12.0,0.0,0.0,0.0,True,1947.0,True
rome,rome:60:153-0-s12:p1,3,62,0,1112,120,12,0.0,2046.0,12.0,0.0,0.0,0.0,True,2046.0,True
rome,rome:60:153-0-s12:p1,4,59,0,1112,120,12,0.0,1947.0,12.0,0.0,0.0,0.0,True,1947.0,True
rome,rome:60:153-0-s12:p1,5,60,0,1112,120,12,0.0,1980.0,12.0,0.0,0.0,0.0,True,1980.0,True
rome,rome:60:153-0-s12:p1,6,60,0,1112,120,12,0.0,1980.0,12.0,0.0,0.0,0.0,True,1980.0,True
rome,rome:60:153-0-s12:p1,7,60,0,1112,120,12,0.0,1980.0,12.0,0.0,0.0,0.0,True,1980.0,True
rome,rome:60:153-0-s12:p1,8,61,0,1112,120,12,0.0,2013.0,12.0,0.0,0.0,0.0,True,2013.0,True
rome,rome:60:153-0-s12:p1,9,59,0,1112,120,12,0.0,1947.0,12.0,0.0,0.0,0.0,True,1947.0,True
rome,rome:60:153-0-s12:p1,10,61,0,1112,120,12,0.0,2013.0,12.0,0.0,0.0,0.0,True,2013.0,True
rome,rome:60:153-0-s12:p1,11,59,0,1112,120,12,0.0,1947.0,12.0,0.0,0.0,0.0,True,1947.0,True
rome,rome:60:153-0-s12:p1,12,60,0,1112,120,12,0.0,1980.0,12.0,0.0,0.0,0.0,True,1980.0,True
rome,rome:60:153-0-s12:p1,13,60,54,1112,120,12,648.0,1980.0,12.0,0.32727272727272727,0.02727272727272727,0.02727272727272727,False,1926.0,True
rome,rome:60:153-0-s12:p1,14,61,0,1112,120,12,0.0,2013.0,12.0,0.0,0.0,0.0,True,2013.0,True
rome,rome:60:153-0-s12:p1,15,59,0,1112,120,12,0.0,1947.0,12.0,0.0,0.0,0.0,True,1947.0,True
rome,rome:60:153-0-s12:p1,16,60,0,1112,120,12,0.0,1980.0,12.0,0.0,0.0,0.0,True,1980.0,True
rome,rome:60:153-0-s12:p1,17,60,46,1112,120,12,552.0,1980.0,12.0,0.2787878787878788,0.023232323232323233,0.023232323232323233,False,1934.0,True
rome,rome:60:153-0-s12:p1,18,60,0,1112,120,12,0.0,1980.0,12.0,0.0,0.0,0.0,True,1980.0,True
rome,rome:60:153-0-s12:p1,19,61,0,1112,120,12,0.0,2013.0,12.0,0.0,0.0,0.0,True,2013.0,True
rome,rome:60:153-0-s12:p1,20,59,0,1112,120,12,0.0,1947.0,12.0,0.0,0.0,0.0,True,1947.0,True
rome,rome:60:153-0-s12:p1,21,61,0,1112,120,12,0.0,2013.0,12.0,0.0,0.0,0.0,True,2013.0,True
rome,rome:60:153-0-s12:p1,22,59,0,1112,120,12,0.0,1947.0,12.0,0.0,0.0,0.0,True,1947.0,True
rome,rome:60:153-0-s12:p1,23,61,0,1112,120,12,0.0,2013.0,12.0,0.0,0.0,0.0,True,2013.0,True
rome,rome:60:153-0-s15:p0,0,59,78,1011,120,12,936.0,1947.0,12.0,0.48073959938366717,0.040061633281972264,0.040061633281972264,False,1869.0,True
rome,rome:60:153-0-s15:p0,1,60,0,1012,120,12,0.0,1980.0,12.0,0.0,0.0,0.0,True,1980.0,True
rome,rome:60:153-0-s15:p0,2,60,0,1012,120,12,0.0,1980.0,12.0,0.0,0.0,0.0,True,1980.0,True
rome,rome:60:153-0-s15:p0,3,60,0,1012,120,12,0.0,1980.0,12.0,0.0,0.0,0.0,True,1980.0,True
rome,rome:60:153-0-s15:p0,4,63,1,1012,120,12,12.0,2079.0,12.0,0.005772005772005772,0.000481000481000481,0.000481000481000481,True,2078.0,True
rome,rome:60:153-0-s15:p0,5,57,0,1012,120,12,0.0,1881.0,12.0,0.0,0.0,0.0,True,1881.0,True
rome,rome:60:153-0-s15:p0,6,60,0,1012,120,12,0.0,1980.0,12.0,0.0,0.0,0.0,True,1980.0,True
rome,rome:60:153-0-s15:p0,7,60,0,1012,120,12,0.0,1980.0,12.0,0.0,0.0,0.0,True,1980.0,True
rome,rome:60:153-0-s15:p0,8,62,0,1012,120,12,0.0,2046.0,12.0,0.0,0.0,0.0,True,2046.0,True
rome,rome:60:153-0-s15:p0,9,58,0,1012,120,12,0.0,1914.0,12.0,0.0,0.0,0.0,True,1914.0,True
rome,rome:60:153-0-s15:p0,10,60,0,1012,120,12,0.0,1980.0,12.0,0.0,0.0,0.0,True,1980.0,True
rome,rome:60:153-0-s15:p0,11,60,3,1012,120,12,36.0,1980.0,12.0,0.01818181818181818,0.0015151515151515152,0.0015151515151515152,True,1977.0,True
rome,rome:60:153-0-s15:p0,12,61,8,1012,120,12,96.0,2013.0,12.0,0.04769001490312966,0.003974167908594138,0.003974167908594138,True,2005.0,True
rome,rome:60:153-0-s15:p0,13,59,28,1012,120,12,336.0,1947.0,12.0,0.17257318952234207,0.01438109912686184,0.014381099126861838,False,1919.0,True
rome,rome:60:153-0-s15:p0,14,60,0,1112,120,12,0.0,1980.0,12.0,0.0,0.0,0.0,True,1980.0,True
rome,rome:60:153-0-s15:p0,15,60,0,1112,120,12,0.0,1980.0,12.0,0.0,0.0,0.0,True,1980.0,True
rome,rome:60:153-0-s15:p0,16,60,0,1112,120,12,0.0,1980.0,12.0,0.0,0.0,0.0,True,1980.0,True
rome,rome:60:153-0-s15:p0,17,61,0,1112,120,12,0.0,2013.0,12.0,0.0,0.0,0.0,True,2013.0,True
rome,rome:60:153-0-s15:p0,18,58,3,1112,120,12,36.0,1914.0,12.0,0.018808777429467086,0.0015673981191222572,0.001567398119122257,True,1911.0,True
rome,rome:60:153-0-s15:p0,19,62,2,1112,120,12,24.0,2046.0,12.0,0.011730205278592375,0.0009775171065493646,0.0009775171065493646,True,2044.0,True
rome,rome:60:153-0-s15:p0,20,59,0,1112,120,12,0.0,1947.0,12.0,0.0,0.0,0.0,True,1947.0,True
rome,rome:60:153-0-s15:p0,21,60,0,1112,120,12,0.0,1980.0,12.0,0.0,0.0,0.0,True,1980.0,True
rome,rome:60:153-0-s15:p0,22,60,0,1112,120,12,0.0,1980.0,12.0,0.0,0.0,0.0,True,1980.0,True
rome,rome:60:153-0-s15:p0,23,60,0,1112,120,12,0.0,1980.0,12.0,0.0,0.0,0.0,True,1980.0,True
rome,rome:60:153-0-s15:p1,0,60,0,1112,120,12,0.0,1980.0,12.0,0.0,0.0,0.0,True,1980.0,True
rome,rome:60:153-0-s15:p1,1,61,4,1112,120,12,48.0,2013.0,12.0,0.02384500745156483,0.001987083954297069,0.001987083954297069,True,2009.0,True
rome,rome:60:153-0-s15:p1,2,59,5,1112,120,12,60.0,1947.0,12.0,0.030816640986132512,0.0025680534155110425,0.0025680534155110425,True,1942.0,True
rome,rome:60:153-0-s15:p1,3,61,19,1112,120,12,228.0,2013.0,12.0,0.11326378539493294,0.009438648782911079,0.009438648782911079,False,1994.0,True
rome,rome:60:153-0-s15:p1,4,59,0,1112,120,12,0.0,1947.0,12.0,0.0,0.0,0.0,True,1947.0,True
rome,rome:60:153-0-s15:p1,5,61,15,1112,120,12,180.0,2013.0,12.0,0.08941877794336811,0.007451564828614009,0.007451564828614009,False,1998.0,True
rome,rome:60:153-0-s15:p1,6,59,23,1113,120,12,276.0,1947.0,12.0,0.14175654853620956,0.011813045711350797,0.011813045711350795,False,1924.0,True
rome,rome:60:153-0-s15:p1,7,61,27,1112,120,12,324.0,2013.0,12.0,0.16095380029806258,0.013412816691505215,0.013412816691505217,False,1986.0,True
rome,rome:60:153-0-s15:p1,8,59,11,1112,120,12,132.0,1947.0,12.0,0.06779661016949153,0.005649717514124294,0.005649717514124294,False,1936.0,True
rome,rome:60:153-0-s15:p1,9,60,4,1112,120,12,48.0,1980.0,12.0,0.024242424242424242,0.00202020202020202,0.00202020202020202,True,1976.0,True
rome,rome:60:153-0-s15:p1,10,60,23,1112,120,12,276.0,1980.0,12.0,0.1393939393939394,0.011616161616161616,0.011616161616161616,False,1957.0,True
rome,rome:60:153-0-s15:p1,11,60,16,1112,120,12,192.0,1980.0,12.0,0.09696969696969697,0.00808080808080808,0.00808080808080808,False,1964.0,True
rome,rome:60:153-0-s15:p1,12,61,14,1112,120,12,168.0,2013.0,12.0,0.08345752608047691,0.0069547938400397425,0.006954793840039742,False,1999.0,True
rome,rome:60:153-0-s15:p1,13,59,11,1112,120,12,132.0,1947.0,12.0,0.06779661016949153,0.005649717514124294,0.005649717514124294,False,1936.0,True
rome,rome:60:153-0-s15:p1,14,61,0,1112,120,12,0.0,2013.0,12.0,0.0,0.0,0.0,True,2013.0,True
rome,rome:60:153-0-s15:p1,15,59,0,1112,120,12,0.0,1947.0,12.0,0.0,0.0,0.0,True,1947.0,True
rome,rome:60:153-0-s15:p1,16,61,31,1112,120,12,372.0,2013.0,12.0,0.18479880774962743,0.015399900645802286,0.015399900645802286,False,1982.0,True
rome,rome:60:153-0-s15:p1,17,59,38,1112,120,12,456.0,1947.0,12.0,0.23420647149460708,0.019517205957883924,0.019517205957883924,False,1909.0,True
rome,rome:60:153-0-s15:p1,18,61,0,1113,120,12,0.0,2013.0,12.0,0.0,0.0,0.0,True,2013.0,True
rome,rome:60:153-0-s15:p1,19,59,25,1113,120,12,300.0,1947.0,12.0,0.15408320493066255,0.012840267077555213,0.012840267077555213,False,1922.0,True
rome,rome:60:153-0-s15:p1,20,60,21,1112,120,12,252.0,1980.0,12.0,0.12727272727272726,0.010606060606060605,0.010606060606060607,False,1959.0,True
rome,rome:60:153-0-s15:p1,21,60,9,1113,120,12,108.0,1980.0,12.0,0.05454545454545454,0.004545454545454545,0.004545454545454545,True,1971.0,True
rome,rome:60:153-0-s15:p1,22,60,16,1112,120,12,192.0,1980.0,12.0,0.09696969696969697,0.00808080808080808,0.00808080808080808,False,1964.0,True
rome,rome:60:153-0-s15:p1,23,61,32,1112,120,12,384.0,2013.0,12.0,0.19076005961251863,0.015896671634376552,0.015896671634376552,False,1981.0,True
rome,rome:60:153-0-s15:p2,0,61,36,1113,120,12,432.0,2013.0,12.0,0.21460506706408347,0.01788375558867362,0.01788375558867362,False,1977.0,True
rome,rome:60:153-0-s15:p2,1,59,49,1112,120,12,588.0,1947.0,12.0,0.3020030816640986,0.025166923472008218,0.025166923472008218,False,1898.0,True
rome,rome:60:153-0-s15:p2,2,61,84,1113,120,12,1008.0,2013.0,12.0,0.5007451564828614,0.041728763040238454,0.041728763040238454,False,1929.0,True
rome,rome:60:153-0-s15:p2,3,59,34,1112,120,12,408.0,1947.0,12.0,0.20955315870570107,0.01746276322547509,0.01746276322547509,False,1913.0,True
rome,rome:60:153-0-s15:p2,4,61,13,1112,120,12,156.0,2013.0,12.0,0.07749627421758569,0.006458022851465474,0.006458022851465474,False,2000.0,True
rome,rome:60:153-0-s15:p2,5,59,34,1112,120,12,408.0,1947.0,12.0,0.20955315870570107,0.01746276322547509,0.01746276322547509,False,1913.0,True
rome,rome:60:153-0-s15:p2,6,60,24,1112,120,12,288.0,1980.0,12.0,0.14545454545454545,0.012121212121212121,0.012121212121212121,False,1956.0,True
rome,rome:60:153-0-s15:p2,7,59,25,1112,120,12,300.0,1947.0,12.0,0.15408320493066255,0.012840267077555213,0.012840267077555213,False,1922.0,True
rome,rome:60:153-0-s15:p2,8,61,3,1113,120,12,36.0,2013.0,12.0,0.01788375558867362,0.0014903129657228018,0.0014903129657228018,True,2010.0,True
rome,rome:60:153-0-s15:p2,9,61,20,1113,120,12,240.0,2013.0,12.0,0.11922503725782414,0.009935419771485345,0.009935419771485345,False,1993.0,True
rome,rome:60:153-0-s15:p2,10,59,19,1113,120,12,228.0,1947.0,12.0,0.11710323574730354,0.009758602978941962,0.009758602978941962,False,1928.0,True
rome,rome:60:153-0-s15:p2,11,60,20,1113,120,12,240.0,1980.0,12.0,0.12121212121212122,0.010101010101010102,0.010101010101010102,False,1960.0,True
rome,rome:60:153-0-s15:p2,12,60,42,1113,120,12,504.0,1980.0,12.0,0.2545454545454545,0.02121212121212121,0.021212121212121213,False,1938.0,True
rome,rome:60:153-0-s15:p2,13,60,19,1113,120,12,228.0,1980.0,12.0,0.11515151515151516,0.009595959595959597,0.009595959595959595,False,1961.0,True
rome,rome:60:153-0-s15:p2,14,60,0,1113,120,12,0.0,1980.0,12.0,0.0,0.0,0.0,True,1980.0,True
rome,rome:60:153-0-s15:p2,15,60,0,1113,120,12,0.0,1980.0,12.0,0.0,0.0,0.0,True,1980.0,True
rome,rome:60:153-0-s15:p2,16,60,46,1113,120,12,552.0,1980.0,12.0,0.2787878787878788,0.023232323232323233,0.023232323232323233,False,1934.0,True
rome,rome:60:153-0-s15:p2,17,61,23,1112,120,12,276.0,2013.0,12.0,0.13710879284649777,0.011425732737208148,0.011425732737208148,False,1990.0,True
rome,rome:60:153-0-s15:p2,18,61,49,1112,120,12,588.0,2013.0,12.0,0.29210134128166915,0.024341778440139097,0.024341778440139097,False,1964.0,True
rome,rome:60:153-0-s15:p2,19,58,33,1112,120,12,396.0,1914.0,12.0,0.20689655172413793,0.017241379310344827,0.017241379310344827,False,1881.0,True
rome,rome:60:153-0-s15:p2,20,61,10,1112,120,12,120.0,2013.0,12.0,0.05961251862891207,0.004967709885742673,0.004967709885742673,True,2003.0,True
rome,rome:60:153-0-s15:p2,21,59,13,1112,120,12,156.0,1947.0,12.0,0.08012326656394453,0.00667693888032871,0.00667693888032871,False,1934.0,True
rome,rome:60:153-0-s15:p2,22,61,53,1112,120,12,636.0,2013.0,12.0,0.31594634873323396,0.026328862394436162,0.026328862394436166,False,1960.0,True
rome,rome:60:153-0-s15:p2,23,59,20,1112,120,12,240.0,1947.0,12.0,0.12326656394453005,0.01027221366204417,0.01027221366204417,False,1927.0,True
rome,rome:60:153-0-s214:p0,0,61,11,1514,100,10,110.0,2013.0,12.0,0.0546448087431694,0.004553734061930783,0.00546448087431694,False,2002.0,True
rome,rome:60:153-0-s214:p0,1,59,0,1514,100,10,0.0,1947.0,12.0,0.0,0.0,0.0,True,1947.0,True
rome,rome:60:153-0-s214:p0,2,62,0,1514,100,10,0.0,2046.0,12.0,0.0,0.0,0.0,True,2046.0,True
rome,rome:60:153-0-s214:p0,3,58,0,1514,100,10,0.0,1914.0,12.0,0.0,0.0,0.0,True,1914.0,True
rome,rome:60:153-0-s214:p0,4,60,0,1514,100,10,0.0,1980.0,12.0,0.0,0.0,0.0,True,1980.0,True
rome,rome:60:153-0-s214:p0,5,60,19,1514,100,10,190.0,1980.0,12.0,0.09595959595959595,0.007996632996632997,0.009595959595959595,False,1961.0,True
rome,rome:60:153-0-s214:p0,6,60,71,1514,100,10,710.0,1980.0,12.0,0.35858585858585856,0.02988215488215488,0.03585858585858586,False,1909.0,True
rome,rome:60:153-0-s214:p0,7,60,6,1514,100,10,60.0,1980.0,12.0,0.030303030303030304,0.0025252525252525255,0.0030303030303030303,True,1974.0,True
rome,rome:60:153-0-s214:p0,8,60,26,1514,100,10,260.0,1980.0,12.0,0.13131313131313133,0.010942760942760943,0.013131313131313131,False,1954.0,True
rome,rome:60:153-0-s214:p0,9,60,19,1514,100,10,190.0,1980.0,12.0,0.09595959595959595,0.007996632996632997,0.009595959595959595,False,1961.0,True
rome,rome:60:153-0-s214:p0,10,60,6,1514,100,10,60.0,1980.0,12.0,0.030303030303030304,0.0025252525252525255,0.0030303030303030303,True,1974.0,True
rome,rome:60:153-0-s214:p0,11,60,20,1514,100,10,200.0,1980.0,12.0,0.10101010101010101,0.008417508417508417,0.010101010101010102,False,1960.0,True
rome,rome:60:153-0-s214:p0,12,60,5,1514,100,10,50.0,1980.0,12.0,0.025252525252525252,0.0021043771043771043,0.0025252525252525255,True,1975.0,True
rome,rome:60:153-0-s214:p0,13,60,0,1514,100,10,0.0,1980.0,12.0,0.0,0.0,0.0,True,1980.0,True
rome,rome:60:153-0-s214:p0,14,60,0,1514,100,10,0.0,1980.0,12.0,0.0,0.0,0.0,True,1980.0,True
rome,rome:60:153-0-s214:p0,15,60,0,1514,100,10,0.0,1980.0,12.0,0.0,0.0,0.0,True,1980.0,True
rome,rome:60:153-0-s214:p0,16,60,0,1514,100,10,0.0,1980.0,12.0,0.0,0.0,0.0,True,1980.0,True
rome,rome:60:153-0-s214:p0,17,60,0,1514,100,10,0.0,1980.0,12.0,0.0,0.0,0.0,True,1980.0,True
rome,rome:60:153-0-s214:p0,18,60,1,1514,100,10,10.0,1980.0,12.0,0.005050505050505051,0.0004208754208754209,0.000505050505050505,True,1979.0,True
rome,rome:60:153-0-s214:p0,19,60,0,1514,100,10,0.0,1980.0,12.0,0.0,0.0,0.0,True,1980.0,True
rome,rome:60:153-0-s214:p0,20,61,11,1514,100,10,110.0,2013.0,12.0,0.0546448087431694,0.004553734061930783,0.00546448087431694,False,2002.0,True
rome,rome:60:153-0-s214:p0,21,59,3,1514,100,10,30.0,1947.0,12.0,0.015408320493066256,0.0012840267077555213,0.0015408320493066256,True,1944.0,True
rome,rome:60:153-0-s214:p0,22,60,171,1514,100,10,1710.0,1980.0,12.0,0.8636363636363636,0.07196969696969698,0.08636363636363636,False,1809.0,True
rome,rome:60:153-0-s214:p0,23,60,337,1313,100,10,3370.0,1980.0,12.0,1.702020202020202,0.14183501683501684,0.17020202020202022,False,1643.0,True
rome,rome:60:155-0-s239:p0,0,60,0,1514,100,10,0.0,1980.0,12.0,0.0,0.0,0.0,True,1980.0,True
rome,rome:60:155-0-s239:p0,1,60,0,1514,100,10,0.0,1980.0,12.0,0.0,0.0,0.0,True,1980.0,True
rome,rome:60:155-0-s239:p0,2,60,0,1514,100,10,0.0,1980.0,12.0,0.0,0.0,0.0,True,1980.0,True
rome,rome:60:155-0-s239:p0,3,60,0,1514,100,10,0.0,1980.0,12.0,0.0,0.0,0.0,True,1980.0,True
rome,rome:60:155-0-s239:p0,4,61,7,1514,100,10,70.0,2013.0,12.0,0.03477396920019871,0.0028978307666832257,0.003477396920019871,True,2006.0,True
rome,rome:60:155-0-s239:p0,5,59,8,1514,100,10,80.0,1947.0,12.0,0.04108885464817668,0.00342407122068139,0.004108885464817668,True,1939.0,True
rome,rome:60:155-0-s239:p0,6,63,6,1514,100,10,60.0,2079.0,12.0,0.02886002886002886,0.002405002405002405,0.002886002886002886,True,2073.0,True
rome,rome:60:155-0-s239:p0,7,57,26,1514,100,10,260.0,1881.0,12.0,0.13822434875066453,0.011518695729222045,0.013822434875066455,False,1855.0,True
rome,rome:60:155-0-s239:p0,8,60,12,1514,100,10,120.0,1980.0,12.0,0.06060606060606061,0.005050505050505051,0.006060606060606061,False,1968.0,True
rome,rome:60:155-0-s239:p0,9,60,2,1514,100,10,20.0,1980.0,12.0,0.010101010101010102,0.0008417508417508418,0.00101010101010101,True,1978.0,True
rome,rome:60:155-0-s239:p0,10,60,7,1514,100,10,70.0,1980.0,12.0,0.03535353535353535,0.002946127946127946,0.0035353535353535356,True,1973.0,True
rome,rome:60:155-0-s239:p0,11,61,7,1514,100,10,70.0,2013.0,12.0,0.03477396920019871,0.0028978307666832257,0.003477396920019871,True,2006.0,True
rome,rome:60:155-0-s239:p0,12,63,1,1514,100,10,10.0,2079.0,12.0,0.00481000481000481,0.00040083373416706754,0.000481000481000481,True,2078.0,True
rome,rome:60:155-0-s239:p0,13,57,7,1514,100,10,70.0,1881.0,12.0,0.03721424774056353,0.0031011873117136276,0.003721424774056353,True,1874.0,True
rome,rome:60:155-0-s239:p0,14,61,0,1514,100,10,0.0,2013.0,12.0,0.0,0.0,0.0,True,2013.0,True
rome,rome:60:155-0-s239:p0,15,58,20,1514,100,10,200.0,1914.0,12.0,0.1044932079414838,0.008707767328456984,0.01044932079414838,False,1894.0,True
rome,rome:60:155-0-s239:p0,16,60,20,1513,100,10,200.0,1980.0,12.0,0.10101010101010101,0.008417508417508417,0.010101010101010102,False,1960.0,True
rome,rome:60:155-0-s239:p0,17,63,22,1513,100,10,220.0,2079.0,12.0,0.10582010582010581,0.008818342151675485,0.010582010582010581,False,2057.0,True
rome,rome:60:155-0-s239:p0,18,58,20,1513,100,10,200.0,1914.0,12.0,0.1044932079414838,0.008707767328456984,0.01044932079414838,False,1894.0,True
rome,rome:60:155-0-s239:p0,19,59,14,1513,100,10,140.0,1947.0,12.0,0.07190549563430919,0.005992124636192433,0.007190549563430919,False,1933.0,True
rome,rome:60:155-0-s239:p0,20,61,16,1513,100,10,160.0,2013.0,12.0,0.07948335817188276,0.00662361318099023,0.007948335817188276,False,1997.0,True
rome,rome:60:155-0-s239:p0,21,63,14,1513,100,10,140.0,2079.0,12.0,0.06734006734006734,0.005611672278338945,0.006734006734006734,False,2065.0,True
rome,rome:60:155-0-s239:p0,22,57,0,1513,100,10,0.0,1881.0,12.0,0.0,0.0,0.0,True,1881.0,True
rome,rome:60:155-0-s239:p0,23,63,27,1513,100,10,270.0,2079.0,12.0,0.12987012987012986,0.010822510822510822,0.012987012987012988,False,2052.0,True
rome,rome:60:155-0-s253:p0,0,59,298,1101,100,10,2980.0,1947.0,12.0,1.5305598356445813,0.12754665297038179,0.15305598356445815,False,1649.0,True
rome,rome:60:155-0-s253:p0,1,61,2,1203,100,10,20.0,2013.0,12.0,0.009935419771485345,0.0008279516476237788,0.0009935419771485345,True,2011.0,True
rome,rome:60:155-0-s253:p0,2,59,13,1203,100,10,130.0,1947.0,12.0,0.0667693888032871,0.005564115733607259,0.00667693888032871,False,1934.0,True
rome,rome:60:155-0-s253:p0,3,61,0,1204,100,10,0.0,2013.0,12.0,0.0,0.0,0.0,True,2013.0,True
rome,rome:60:155-0-s253:p0,4,59,0,1204,100,10,0.0,1947.0,12.0,0.0,0.0,0.0,True,1947.0,True
rome,rome:60:155-0-s253:p0,5,61,2,1204,100,10,20.0,2013.0,12.0,0.009935419771485345,0.0008279516476237788,0.0009935419771485345,True,2011.0,True
rome,rome:60:155-0-s253:p0,6,59,14,1204,100,10,140.0,1947.0,12.0,0.07190549563430919,0.005992124636192433,0.007190549563430919,False,1933.0,True
rome,rome:60:155-0-s253:p0,7,61,15,1204,100,10,150.0,2013.0,12.0,0.07451564828614009,0.00620963735717834,0.007451564828614009,False,1998.0,True
rome,rome:60:155-0-s253:p0,8,60,15,1204,100,10,150.0,1980.0,12.0,0.07575757575757576,0.006313131313131313,0.007575757575757576,False,1965.0,True
rome,rome:60:155-0-s253:p0,9,59,18,1204,100,10,180.0,1947.0,12.0,0.09244992295839753,0.007704160246533128,0.009244992295839754,False,1929.0,True
rome,rome:60:155-0-s253:p0,10,60,6,1204,100,10,60.0,1980.0,12.0,0.030303030303030304,0.0025252525252525255,0.0030303030303030303,True,1974.0,True
rome,rome:60:155-0-s253:p0,11,62,10,1204,100,10,100.0,2046.0,12.0,0.04887585532746823,0.0040729879439556855,0.004887585532746823,True,2036.0,True
rome,rome:60:155-0-s253:p0,12,60,13,1204,100,10,130.0,1980.0,12.0,0.06565656565656566,0.005471380471380472,0.0065656565656565654,False,1967.0,True
rome,rome:60:155-0-s253:p0,13,61,13,1204,100,10,130.0,2013.0,12.0,0.06458022851465474,0.005381685709554562,0.006458022851465474,False,2000.0,True
rome,rome:60:155-0-s253:p0,14,59,17,1204,100,10,170.0,1947.0,12.0,0.08731381612737545,0.007276151343947954,0.008731381612737545,False,1930.0,True
rome,rome:60:155-0-s253:p0,15,59,13,1204,100,10,130.0,1947.0,12.0,0.0667693888032871,0.005564115733607259,0.00667693888032871,False,1934.0,True
rome,rome:60:155-0-s253:p0,16,60,3,1204,100,10,30.0,1980.0,12.0,0.015151515151515152,0.0012626262626262627,0.0015151515151515152,True,1977.0,True
rome,rome:60:155-0-s253:p0,17,60,0,1204,100,10,0.0,1980.0,12.0,0.0,0.0,0.0,True,1980.0,True
rome,rome:60:155-0-s253:p0,18,59,6,1204,100,10,60.0,1947.0,12.0,0.030816640986132512,0.0025680534155110425,0.0030816640986132513,True,1941.0,True
rome,rome:60:155-0-s253:p0,19,72,0,1204,100,10,0.0,2376.0,12.0,0.0,0.0,0.0,True,2376.0,True
rome,rome:60:155-0-s253:p0,20,48,9,1204,100,10,90.0,1584.0,12.0,0.056818181818181816,0.004734848484848485,0.005681818181818182,True,1575.0,True
rome,rome:60:155-0-s253:p0,21,61,7,1204,100,10,70.0,2013.0,12.0,0.03477396920019871,0.0028978307666832257,0.003477396920019871,True,2006.0,True
rome,rome:60:155-0-s253:p0,22,59,0,1204,100,10,0.0,1947.0,12.0,0.0,0.0,0.0,True,1947.0,True
rome,rome:60:155-0-s253:p0,23,60,0,1204,100,10,0.0,1980.0,12.0,0.0,0.0,0.0,True,1980.0,True
rome,rome:60:155-0-s266:p0,0,58,310,1200,100,10,3100.0,1914.0,12.0,1.619644723092999,0.13497039359108323,0.1619644723092999,False,1604.0,True
rome,rome:60:155-0-s266:p0,1,65,0,1203,100,10,0.0,2145.0,12.0,0.0,0.0,0.0,True,2145.0,True
rome,rome:60:155-0-s266:p0,2,54,0,1203,100,10,0.0,1782.0,12.0,0.0,0.0,0.0,True,1782.0,True
rome,rome:60:155-0-s266:p0,3,60,0,1203,100,10,0.0,1980.0,12.0,0.0,0.0,0.0,True,1980.0,True
rome,rome:60:155-0-s266:p0,4,64,0,1203,100,10,0.0,2112.0,12.0,0.0,0.0,0.0,True,2112.0,True
rome,rome:60:155-0-s266:p0,5,65,9,1203,100,10,90.0,2145.0,12.0,0.04195804195804196,0.0034965034965034965,0.004195804195804196,True,2136.0,True
rome,rome:60:155-0-s266:p0,6,52,4,1203,100,10,40.0,1716.0,12.0,0.023310023310023312,0.0019425019425019427,0.002331002331002331,True,1712.0,True
rome,rome:60:155-0-s266:p0,7,63,0,1203,100,10,0.0,2079.0,12.0,0.0,0.0,0.0,True,2079.0,True
rome,rome:60:155-0-s266:p0,8,62,19,1203,100,10,190.0,2046.0,12.0,0.09286412512218964,0.007738677093515803,0.009286412512218964,False,2027.0,True
rome,rome:60:155-0-s266:p0,9,55,14,1204,100,10,140.0,1815.0,12.0,0.07713498622589532,0.00642791551882461,0.007713498622589532,False,1801.0,True
rome,rome:60:155-0-s266:p0,10,64,2,1204,100,10,20.0,2112.0,12.0,0.00946969696969697,0.0007891414141414141,0.000946969696969697,True,2110.0,True
rome,rome:60:155-0-s266:p0,11,57,0,1204,100,10,0.0,1881.0,12.0,0.0,0.0,0.0,True,1881.0,True
rome,rome:60:155-0-s266:p0,12,61,5,1204,100,10,50.0,2013.0,12.0,0.024838549428713365,0.002069879119059447,0.0024838549428713363,True,2008.0,True
rome,rome:60:155-0-s266:p0,13,58,1,1204,100,10,10.0,1914.0,12.0,0.00522466039707419,0.0004353883664228492,0.0005224660397074191,True,1913.0,True
rome,rome:60:155-0-s266:p0,14,62,8,1204,100,10,80.0,2046.0,12.0,0.039100684261974585,0.0032583903551645487,0.0039100684261974585,True,2038.0,True
rome,rome:60:155-0-s266:p0,15,63,38,1204,100,10,380.0,2079.0,12.0,0.1827801827801828,0.015231681898348566,0.01827801827801828,False,2041.0,True
rome,rome:60:155-0-s266:p0,16,65,4,1204,100,10,40.0,2145.0,12.0,0.018648018648018648,0.001554001554001554,0.0018648018648018648,True,2141.0,True
rome,rome:60:155-0-s266:p0,17,50,2,1204,100,10,20.0,1650.0,12.0,0.012121212121212121,0.00101010101010101,0.0012121212121212121,True,1648.0,True
rome,rome:60:155-0-s266:p0,18,60,3,1204,100,10,30.0,1980.0,12.0,0.015151515151515152,0.0012626262626262627,0.0015151515151515152,True,1977.0,True
rome,rome:60:155-0-s266:p0,19,60,26,1204,100,10,260.0,1980.0,12.0,0.13131313131313133,0.010942760942760943,0.013131313131313131,False,1954.0,True
rome,rome:60:155-0-s266:p0,20,52,13,1204,100,10,130.0,1716.0,12.0,0.07575757575757576,0.006313131313131313,0.007575757575757576,False,1703.0,True
rome,rome:60:155-0-s266:p0,21,59,25,1204,100,10,250.0,1947.0,12.0,0.12840267077555212,0.010700222564629344,0.012840267077555213,False,1922.0,True
rome,rome:60:155-0-s266:p0,22,60,15,1204,100,10,150.0,1980.0,12.0,0.07575757575757576,0.006313131313131313,0.007575757575757576,False,1965.0,True
rome,rome:60:155-0-s266:p0,23,60,16,1204,100,10,160.0,1980.0,12.0,0.08080808080808081,0.006734006734006735,0.00808080808080808,False,1964.0,True
rome,rome:60:156-0-s76:p0,0,60,476,202,120,12,5712.0,1980.0,12.0,2.8848484848484848,0.2404040404040404,0.2404040404040404,False,1504.0,True
rome,rome:60:156-0-s76:p0,1,60,338,6,120,12,4056.0,1980.0,12.0,2.0484848484848484,0.1707070707070707,0.1707070707070707,False,1642.0,True
rome,rome:60:156-0-s76:p0,2,60,577,307,120,12,6924.0,1980.0,12.0,3.496969696969697,0.2914141414141414,0.2914141414141414,False,1403.0,True
rome,rome:60:156-0-s76:p0,3,60,156,806,120,12,1872.0,1980.0,12.0,0.9454545454545454,0.07878787878787878,0.07878787878787878,False,1824.0,True
rome,rome:60:156-0-s76:p0,4,60,18,805,120,12,216.0,1980.0,12.0,0.10909090909090909,0.00909090909090909,0.00909090909090909,False,1962.0,True
rome,rome:60:156-0-s76:p0,5,60,0,806,120,12,0.0,1980.0,12.0,0.0,0.0,0.0,True,1980.0,True
rome,rome:60:156-0-s76:p0,6,60,0,806,120,12,0.0,1980.0,12.0,0.0,0.0,0.0,True,1980.0,True
rome,rome:60:156-0-s76:p0,7,60,0,806,120,12,0.0,1980.0,12.0,0.0,0.0,0.0,True,1980.0,True
rome,rome:60:156-0-s76:p0,8,61,2,806,120,12,24.0,2013.0,12.0,0.011922503725782414,0.0009935419771485345,0.0009935419771485345,True,2011.0,True
rome,rome:60:156-0-s76:p0,9,59,0,806,120,12,0.0,1947.0,12.0,0.0,0.0,0.0,True,1947.0,True
rome,rome:60:156-0-s76:p0,10,60,0,806,120,12,0.0,1980.0,12.0,0.0,0.0,0.0,True,1980.0,True
rome,rome:60:156-0-s76:p0,11,60,0,806,120,12,0.0,1980.0,12.0,0.0,0.0,0.0,True,1980.0,True
rome,rome:60:156-0-s76:p0,12,60,0,806,120,12,0.0,1980.0,12.0,0.0,0.0,0.0,True,1980.0,True
rome,rome:60:156-0-s76:p0,13,60,12,806,120,12,144.0,1980.0,12.0,0.07272727272727272,0.006060606060606061,0.006060606060606061,False,1968.0,True
rome,rome:60:156-0-s76:p0,14,61,0,806,120,12,0.0,2013.0,12.0,0.0,0.0,0.0,True,2013.0,True
rome,rome:60:156-0-s76:p0,15,59,0,806,120,12,0.0,1947.0,12.0,0.0,0.0,0.0,True,1947.0,True
rome,rome:60:156-0-s76:p0,16,61,0,806,120,12,0.0,2013.0,12.0,0.0,0.0,0.0,True,2013.0,True
rome,rome:60:156-0-s76:p0,17,59,0,806,120,12,0.0,1947.0,12.0,0.0,0.0,0.0,True,1947.0,True
rome,rome:60:156-0-s76:p0,18,60,0,806,120,12,0.0,1980.0,12.0,0.0,0.0,0.0,True,1980.0,True
rome,rome:60:156-0-s76:p0,19,61,2,806,120,12,24.0,2013.0,12.0,0.011922503725782414,0.0009935419771485345,0.0009935419771485345,True,2011.0,True
rome,rome:60:156-0-s76:p0,20,59,0,806,120,12,0.0,1947.0,12.0,0.0,0.0,0.0,True,1947.0,True
rome,rome:60:156-0-s76:p0,21,61,0,806,120,12,0.0,2013.0,12.0,0.0,0.0,0.0,True,2013.0,True
rome,rome:60:156-0-s76:p0,22,59,0,806,120,12,0.0,1947.0,12.0,0.0,0.0,0.0,True,1947.0,True
rome,rome:60:156-0-s76:p0,23,61,0,806,120,12,0.0,2013.0,12.0,0.0,0.0,0.0,True,2013.0,True
rome,rome:60:157-0-s98:p0,0,60,0,614,120,12,0.0,1980.0,12.0,0.0,0.0,0.0,True,1980.0,True
rome,rome:60:157-0-s98:p0,1,47,0,614,120,12,0.0,1551.0,12.0,0.0,0.0,0.0,True,1551.0,True
rome,rome:60:157-0-s98:p0,2,72,0,614,120,12,0.0,2376.0,12.0,0.0,0.0,0.0,True,2376.0,True
rome,rome:60:157-0-s98:p0,3,64,0,614,120,12,0.0,2112.0,12.0,0.0,0.0,0.0,True,2112.0,True
rome,rome:60:157-0-s98:p0,4,57,10,614,120,12,120.0,1881.0,12.0,0.06379585326953748,0.005316321105794789,0.00531632110579479,True,1871.0,True
rome,rome:60:157-0-s98:p0,5,62,0,614,120,12,0.0,2046.0,12.0,0.0,0.0,0.0,True,2046.0,True
rome,rome:60:157-0-s98:p0,6,45,0,614,120,12,0.0,1485.0,12.0,0.0,0.0,0.0,True,1485.0,True
rome,rome:60:157-0-s98:p0,7,73,5,614,120,12,60.0,2409.0,12.0,0.024906600249066,0.0020755500207555,0.0020755500207555004,True,2404.0,True
rome,rome:60:157-0-s98:p0,8,59,31,614,120,12,372.0,1947.0,12.0,0.19106317411402157,0.015921931176168466,0.015921931176168466,False,1916.0,True
rome,rome:60:157-0-s98:p0,9,61,33,614,120,12,396.0,2013.0,12.0,0.19672131147540983,0.01639344262295082,0.01639344262295082,False,1980.0,True
rome,rome:60:157-0-s98:p0,10,62,20,614,120,12,240.0,2046.0,12.0,0.11730205278592376,0.009775171065493646,0.009775171065493646,False,2026.0,True
rome,rome:60:157-0-s98:p0,11,58,17,614,120,12,204.0,1914.0,12.0,0.10658307210031348,0.008881922675026124,0.008881922675026124,False,1897.0,True
rome,rome:60:157-0-s98:p0,12,61,7,614,120,12,84.0,2013.0,12.0,0.041728763040238454,0.0034773969200198713,0.003477396920019871,True,2006.0,True
rome,rome:60:157-0-s98:p0,13,58,0,614,120,12,0.0,1914.0,12.0,0.0,0.0,0.0,True,1914.0,True
rome,rome:60:157-0-s98:p0,14,60,7,614,120,12,84.0,1980.0,12.0,0.04242424242424243,0.0035353535353535356,0.0035353535353535356,True,1973.0,True
rome,rome:60:157-0-s98:p0,15,60,20,614,120,12,240.0,1980.0,12.0,0.12121212121212122,0.010101010101010102,0.010101010101010102,False,1960.0,True
rome,rome:60:157-0-s98:p0,16,60,1,614,120,12,12.0,1980.0,12.0,0.006060606060606061,0.000505050505050505,0.000505050505050505,True,1979.0,True
rome,rome:60:157-0-s98:p0,17,61,0,614,120,12,0.0,2013.0,12.0,0.0,0.0,0.0,True,2013.0,True
rome,rome:60:157-0-s98:p0,18,59,0,614,120,12,0.0,1947.0,12.0,0.0,0.0,0.0,True,1947.0,True
rome,rome:60:157-0-s98:p0,19,61,0,614,120,12,0.0,2013.0,12.0,0.0,0.0,0.0,True,2013.0,True
rome,rome:60:157-0-s98:p0,20,59,0,614,120,12,0.0,1947.0,12.0,0.0,0.0,0.0,True,1947.0,True
rome,rome:60:157-0-s98:p0,21,61,0,614,120,12,0.0,2013.0,12.0,0.0,0.0,0.0,True,2013.0,True
rome,rome:60:157-0-s98:p0,22,59,6,614,120,12,72.0,1947.0,12.0,0.03697996918335902,0.0030816640986132513,0.0030816640986132513,True,1941.0,True
rome,rome:60:157-0-s98:p0,23,61,1,614,120,12,12.0,2013.0,12.0,0.005961251862891207,0.0004967709885742673,0.0004967709885742673,True,2012.0,True
rome,rome:60:162-0-s40:p0,0,59,506,1510,100,10,5060.0,1947.0,12.0,2.598870056497175,0.21657250470809794,0.2598870056497175,False,1441.0,True
rome,rome:60:162-0-s40:p0,1,60,474,1413,100,10,4740.0,1980.0,12.0,2.393939393939394,0.1994949494949495,0.23939393939393938,False,1506.0,True
rome,rome:60:162-0-s40:p0,2,60,26,1012,120,12,312.0,1980.0,12.0,0.15757575757575756,0.013131313131313131,0.013131313131313131,False,1954.0,True
rome,rome:60:162-0-s40:p0,3,57,0,1112,120,12,0.0,1881.0,12.0,0.0,0.0,0.0,True,1881.0,True
rome,rome:60:162-0-s40:p0,4,64,0,1112,120,12,0.0,2112.0,12.0,0.0,0.0,0.0,True,2112.0,True
rome,rome:60:162-0-s40:p0,5,60,0,1112,120,12,0.0,1980.0,12.0,0.0,0.0,0.0,True,1980.0,True
rome,rome:60:162-0-s40:p0,6,60,11,1112,120,12,132.0,1980.0,12.0,0.06666666666666667,0.005555555555555556,0.005555555555555556,False,1969.0,True
rome,rome:60:162-0-s40:p0,7,61,11,1112,120,12,132.0,2013.0,12.0,0.06557377049180328,0.00546448087431694,0.00546448087431694,False,2002.0,True
rome,rome:60:162-0-s40:p0,8,59,16,1112,120,12,192.0,1947.0,12.0,0.09861325115562404,0.008217770929635337,0.008217770929635337,False,1931.0,True
rome,rome:60:162-0-s40:p0,9,59,8,1112,120,12,96.0,1947.0,12.0,0.04930662557781202,0.004108885464817668,0.004108885464817668,True,1939.0,True
rome,rome:60:162-0-s40:p0,10,61,20,1112,120,12,240.0,2013.0,12.0,0.11922503725782414,0.009935419771485345,0.009935419771485345,False,1993.0,True
rome,rome:60:162-0-s40:p0,11,60,15,1112,120,12,180.0,1980.0,12.0,0.09090909090909091,0.007575757575757576,0.007575757575757576,False,1965.0,True
rome,rome:60:162-0-s40:p0,12,60,14,1112,120,12,168.0,1980.0,12.0,0.08484848484848485,0.007070707070707071,0.007070707070707071,False,1966.0,True
rome,rome:60:162-0-s40:p0,13,60,15,1112,120,12,180.0,1980.0,12.0,0.09090909090909091,0.007575757575757576,0.007575757575757576,False,1965.0,True
rome,rome:60:162-0-s40:p0,14,60,16,1112,120,12,192.0,1980.0,12.0,0.09696969696969697,0.00808080808080808,0.00808080808080808,False,1964.0,True
rome,rome:60:162-0-s40:p0,15,60,5,1112,120,12,60.0,1980.0,12.0,0.030303030303030304,0.0025252525252525255,0.0025252525252525255,True,1975.0,True
rome,rome:60:162-0-s40:p0,16,60,5,1112,120,12,60.0,1980.0,12.0,0.030303030303030304,0.0025252525252525255,0.0025252525252525255,True,1975.0,True
rome,rome:60:162-0-s40:p0,17,61,24,1112,120,12,288.0,2013.0,12.0,0.14307004470938897,0.011922503725782414,0.011922503725782414,False,1989.0,True
rome,rome:60:162-0-s40:p0,18,59,11,1112,120,12,132.0,1947.0,12.0,0.06779661016949153,0.005649717514124294,0.005649717514124294,False,1936.0,True
rome,rome:60:162-0-s40:p0,19,60,17,1112,120,12,204.0,1980.0,12.0,0.10303030303030303,0.008585858585858586,0.008585858585858586,False,1963.0,True
rome,rome:60:162-0-s40:p0,20,60,14,1112,120,12,168.0,1980.0,12.0,0.08484848484848485,0.007070707070707071,0.007070707070707071,False,1966.0,True
rome,rome:60:162-0-s40:p0,21,60,13,1112,120,12,156.0,1980.0,12.0,0.07878787878787878,0.0065656565656565654,0.0065656565656565654,False,1967.0,True
rome,rome:60:162-0-s40:p0,22,60,17,1112,120,12,204.0,1980.0,12.0,0.10303030303030303,0.008585858585858586,0.008585858585858586,False,1963.0,True
rome,rome:60:162-0-s40:p0,23,60,19,1112,120,12,228.0,1980.0,12.0,0.11515151515151516,0.009595959595959597,0.009595959595959595,False,1961.0,True
rome,rome:60:162-0-s40:p1,0,71,9,1112,120,12,108.0,2343.0,12.0,0.046094750320102434,0.0038412291933418697,0.0038412291933418692,True,2334.0,True
rome,rome:60:162-0-s40:p1,1,54,3,1112,120,12,36.0,1782.0,12.0,0.020202020202020204,0.0016835016835016836,0.0016835016835016834,True,1779.0,True
rome,rome:60:162-0-s40:p1,2,60,0,1112,120,12,0.0,1980.0,12.0,0.0,0.0,0.0,True,1980.0,True
rome,rome:60:162-0-s40:p1,3,60,3,1112,120,12,36.0,1980.0,12.0,0.01818181818181818,0.0015151515151515152,0.0015151515151515152,True,1977.0,True
rome,rome:60:162-0-s40:p1,4,60,0,1112,120,12,0.0,1980.0,12.0,0.0,0.0,0.0,True,1980.0,True
rome,rome:60:162-0-s40:p1,5,60,0,1112,120,12,0.0,1980.0,12.0,0.0,0.0,0.0,True,1980.0,True
rome,rome:60:162-0-s40:p1,6,60,15,1112,120,12,180.0,1980.0,12.0,0.09090909090909091,0.007575757575757576,0.007575757575757576,False,1965.0,True
rome,rome:60:162-0-s40:p1,7,60,11,1112,120,12,132.0,1980.0,12.0,0.06666666666666667,0.005555555555555556,0.005555555555555556,False,1969.0,True
rome,rome:60:162-0-s40:p1,8,60,23,1112,120,12,276.0,1980.0,12.0,0.1393939393939394,0.011616161616161616,0.011616161616161616,False,1957.0,True
rome,rome:60:162-0-s40:p1,9,62,21,1112,120,12,252.0,2046.0,12.0,0.12316715542521994,0.010263929618768328,0.010263929618768328,False,2025.0,True
rome,rome:60:162-0-s40:p1,10,58,11,1112,120,12,132.0,1914.0,12.0,0.06896551724137931,0.005747126436781609,0.005747126436781609,False,1903.0,True
rome,rome:60:162-0-s40:p1,11,59,17,1112,120,12,204.0,1947.0,12.0,0.10477657935285054,0.008731381612737545,0.008731381612737545,False,1930.0,True
rome,rome:60:162-0-s40:p1,12,60,23,1112,120,12,276.0,1980.0,12.0,0.1393939393939394,0.011616161616161616,0.011616161616161616,False,1957.0,True
rome,rome:60:162-0-s40:p1,13,60,13,1112,120,12,156.0,1980.0,12.0,0.07878787878787878,0.0065656565656565654,0.0065656565656565654,False,1967.0,True
rome,rome:60:162-0-s40:p1,14,61,28,1112,120,12,336.0,2013.0,12.0,0.16691505216095381,0.013909587680079485,0.013909587680079483,False,1985.0,True
rome,rome:60:162-0-s40:p1,15,60,21,1112,120,12,252.0,1980.0,12.0,0.12727272727272726,0.010606060606060605,0.010606060606060607,False,1959.0,True
rome,rome:60:162-0-s40:p1,16,61,26,1112,120,12,312.0,2013.0,12.0,0.15499254843517138,0.012916045702930949,0.012916045702930949,False,1987.0,True
rome,rome:60:162-0-s40:p1,17,46,8,1112,120,12,96.0,1518.0,12.0,0.06324110671936758,0.005270092226613965,0.005270092226613966,True,1510.0,True
rome,rome:60:162-0-s40:p1,18,75,26,1112,120,12,312.0,2475.0,12.0,0.12606060606060607,0.010505050505050505,0.010505050505050505,False,2449.0,True
rome,rome:60:162-0-s40:p1,19,62,6,1112,120,12,72.0,2046.0,12.0,0.03519061583577713,0.0029325513196480943,0.002932551319648094,True,2040.0,True
rome,rome:60:162-0-s40:p1,20,57,3,1112,120,12,36.0,1881.0,12.0,0.019138755980861243,0.001594896331738437,0.001594896331738437,True,1878.0,True
rome,rome:60:162-0-s40:p1,21,46,7,1112,120,12,84.0,1518.0,12.0,0.05533596837944664,0.00461133069828722,0.00461133069828722,True,1511.0,True
rome,rome:60:162-0-s40:p1,22,73,26,1112,120,12,312.0,2409.0,12.0,0.1295143212951432,0.0107928601079286,0.010792860107928601,False,2383.0,True
rome,rome:60:162-0-s40:p1,23,47,20,1112,120,12,240.0,1551.0,12.0,0.15473887814313347,0.01289490651192779,0.012894906511927788,False,1531.0,True
rome,rome:60:163-0-s105:p0,0,60,627,614,120,12,7524.0,1980.0,12.0,3.8,0.31666666666666665,0.31666666666666665,False,1353.0,True
rome,rome:60:163-0-s105:p0,1,60,144,1010,120,12,1728.0,1980.0,12.0,0.8727272727272727,0.07272727272727272,0.07272727272727272,False,1836.0,True
rome,rome:60:163-0-s105:p0,2,60,67,1011,120,12,804.0,1980.0,12.0,0.40606060606060607,0.03383838383838384,0.03383838383838384,False,1913.0,True
rome,rome:60:163-0-s105:p0,3,60,0,1012,120,12,0.0,1980.0,12.0,0.0,0.0,0.0,True,1980.0,True
rome,rome:60:163-0-s105:p0,4,60,0,1012,120,12,0.0,1980.0,12.0,0.0,0.0,0.0,True,1980.0,True
rome,rome:60:163-0-s105:p0,5,60,0,1012,120,12,0.0,1980.0,12.0,0.0,0.0,0.0,True,1980.0,True
rome,rome:60:163-0-s105:p0,6,60,6,1012,120,12,72.0,1980.0,12.0,0.03636363636363636,0.0030303030303030303,0.0030303030303030303,True,1974.0,True
rome,rome:60:163-0-s105:p0,7,60,4,1012,120,12,48.0,1980.0,12.0,0.024242424242424242,0.00202020202020202,0.00202020202020202,True,1976.0,True
rome,rome:60:163-0-s105:p0,8,61,24,1012,120,12,288.0,2013.0,12.0,0.14307004470938897,0.011922503725782414,0.011922503725782414,False,1989.0,True
rome,rome:60:163-0-s105:p0,9,59,0,1012,120,12,0.0,1947.0,12.0,0.0,0.0,0.0,True,1947.0,True
rome,rome:60:163-0-s105:p0,10,60,0,1012,120,12,0.0,1980.0,12.0,0.0,0.0,0.0,True,1980.0,True
rome,rome:60:163-0-s105:p0,11,60,0,1012,120,12,0.0,1980.0,12.0,0.0,0.0,0.0,True,1980.0,True
rome,rome:60:163-0-s105:p0,12,60,1,1012,120,12,12.0,1980.0,12.0,0.006060606060606061,0.000505050505050505,0.000505050505050505,True,1979.0,True
rome,rome:60:163-0-s105:p0,13,60,2,1012,120,12,24.0,1980.0,12.0,0.012121212121212121,0.00101010101010101,0.00101010101010101,True,1978.0,True
rome,rome:60:163-0-s105:p0,14,60,3,1012,120,12,36.0,1980.0,12.0,0.01818181818181818,0.0015151515151515152,0.0015151515151515152,True,1977.0,True
rome,rome:60:163-0-s105:p0,15,60,1,1012,120,12,12.0,1980.0,12.0,0.006060606060606061,0.000505050505050505,0.000505050505050505,True,1979.0,True
rome,rome:60:163-0-s105:p0,16,60,3,1012,120,12,36.0,1980.0,12.0,0.01818181818181818,0.0015151515151515152,0.0015151515151515152,True,1977.0,True
rome,rome:60:163-0-s105:p0,17,62,6,1012,120,12,72.0,2046.0,12.0,0.03519061583577713,0.0029325513196480943,0.002932551319648094,True,2040.0,True
rome,rome:60:163-0-s105:p0,18,58,6,1012,120,12,72.0,1914.0,12.0,0.03761755485893417,0.0031347962382445144,0.003134796238244514,True,1908.0,True
rome,rome:60:163-0-s105:p0,19,61,4,1012,120,12,48.0,2013.0,12.0,0.02384500745156483,0.001987083954297069,0.001987083954297069,True,2009.0,True
rome,rome:60:163-0-s105:p0,20,59,0,1012,120,12,0.0,1947.0,12.0,0.0,0.0,0.0,True,1947.0,True
rome,rome:60:163-0-s105:p0,21,60,10,1012,120,12,120.0,1980.0,12.0,0.06060606060606061,0.005050505050505051,0.005050505050505051,True,1970.0,True
rome,rome:60:163-0-s105:p0,22,60,7,1012,120,12,84.0,1980.0,12.0,0.04242424242424243,0.0035353535353535356,0.0035353535353535356,True,1973.0,True
rome,rome:60:163-0-s105:p0,23,61,8,1012,120,12,96.0,2013.0,12.0,0.04769001490312966,0.003974167908594138,0.003974167908594138,True,2005.0,True
rome,rome:60:167-0-s26:p0,0,60,253,5,120,12,3036.0,1980.0,12.0,1.5333333333333334,0.1277777777777778,0.12777777777777777,False,1727.0,True
rome,rome:60:167-0-s26:p0,1,60,162,107,120,12,1944.0,1980.0,12.0,0.9818181818181818,0.08181818181818182,0.08181818181818182,False,1818.0,True
rome,rome:60:167-0-s26:p0,2,60,0,208,120,12,0.0,1980.0,12.0,0.0,0.0,0.0,True,1980.0,True
rome,rome:60:167-0-s26:p0,3,61,0,208,120,12,0.0,2013.0,12.0,0.0,0.0,0.0,True,2013.0,True
rome,rome:60:167-0-s26:p0,4,59,0,208,120,12,0.0,1947.0,12.0,0.0,0.0,0.0,True,1947.0,True
rome,rome:60:167-0-s26:p0,5,61,0,208,120,12,0.0,2013.0,12.0,0.0,0.0,0.0,True,2013.0,True
rome,rome:60:167-0-s26:p0,6,59,28,208,120,12,336.0,1947.0,12.0,0.17257318952234207,0.01438109912686184,0.014381099126861838,False,1919.0,True
rome,rome:60:167-0-s26:p0,7,60,27,208,120,12,324.0,1980.0,12.0,0.16363636363636364,0.013636363636363636,0.013636363636363636,False,1953.0,True
rome,rome:60:167-0-s26:p0,8,60,17,208,120,12,204.0,1980.0,12.0,0.10303030303030303,0.008585858585858586,0.008585858585858586,False,1963.0,True
rome,rome:60:167-0-s26:p0,9,60,20,208,120,12,240.0,1980.0,12.0,0.12121212121212122,0.010101010101010102,0.010101010101010102,False,1960.0,True
rome,rome:60:167-0-s26:p0,10,61,15,208,120,12,180.0,2013.0,12.0,0.08941877794336811,0.007451564828614009,0.007451564828614009,False,1998.0,True
rome,rome:60:167-0-s26:p0,11,59,19,208,120,12,228.0,1947.0,12.0,0.11710323574730354,0.009758602978941962,0.009758602978941962,False,1928.0,True
rome,rome:60:167-0-s26:p0,12,61,25,208,120,12,300.0,2013.0,12.0,0.14903129657228018,0.01241927471435668,0.012419274714356682,False,1988.0,True
rome,rome:60:167-0-s26:p0,13,59,19,208,120,12,228.0,1947.0,12.0,0.11710323574730354,0.009758602978941962,0.009758602978941962,False,1928.0,True
rome,rome:60:167-0-s26:p0,14,61,22,208,120,12,264.0,2013.0,12.0,0.13114754098360656,0.01092896174863388,0.01092896174863388,False,1991.0,True
rome,rome:60:167-0-s26:p0,15,59,0,208,120,12,0.0,1947.0,12.0,0.0,0.0,0.0,True,1947.0,True
rome,rome:60:167-0-s26:p0,16,60,0,208,120,12,0.0,1980.0,12.0,0.0,0.0,0.0,True,1980.0,True
rome,rome:60:167-0-s26:p0,17,60,0,208,120,12,0.0,1980.0,12.0,0.0,0.0,0.0,True,1980.0,True
rome,rome:60:167-0-s26:p0,18,60,0,208,120,12,0.0,1980.0,12.0,0.0,0.0,0.0,True,1980.0,True
rome,rome:60:167-0-s26:p0,19,60,0,208,120,12,0.0,1980.0,12.0,0.0,0.0,0.0,True,1980.0,True
rome,rome:60:167-0-s26:p0,20,60,0,208,120,12,0.0,1980.0,12.0,0.0,0.0,0.0,True,1980.0,True
rome,rome:60:167-0-s26:p0,21,61,0,208,120,12,0.0,2013.0,12.0,0.0,0.0,0.0,True,2013.0,True
rome,rome:60:167-0-s26:p0,22,59,0,208,120,12,0.0,1947.0,12.0,0.0,0.0,0.0,True,1947.0,True
rome,rome:60:167-0-s26:p0,23,60,7,208,120,12,84.0,1980.0,12.0,0.04242424242424243,0.0035353535353535356,0.0035353535353535356,True,1973.0,True
rome,rome:60:167-0-s73:p0,0,60,104,109,120,12,1248.0,1980.0,12.0,0.6303030303030303,0.052525252525252523,0.052525252525252523,False,1876.0,True
rome,rome:60:167-0-s73:p0,1,60,0,108,120,12,0.0,1980.0,12.0,0.0,0.0,0.0,True,1980.0,True
rome,rome:60:167-0-s73:p0,2,60,0,108,120,12,0.0,1980.0,12.0,0.0,0.0,0.0,True,1980.0,True
rome,rome:60:167-0-s73:p0,3,61,0,108,120,12,0.0,2013.0,12.0,0.0,0.0,0.0,True,2013.0,True
rome,rome:60:167-0-s73:p0,4,59,3,108,120,12,36.0,1947.0,12.0,0.01848998459167951,0.0015408320493066256,0.0015408320493066256,True,1944.0,True
rome,rome:60:167-0-s73:p0,5,60,41,108,120,12,492.0,1980.0,12.0,0.24848484848484848,0.020707070707070705,0.02070707070707071,False,1939.0,True
rome,rome:60:167-0-s73:p0,6,61,15,208,120,12,180.0,2013.0,12.0,0.08941877794336811,0.007451564828614009,0.007451564828614009,False,1998.0,True
rome,rome:60:167-0-s73:p0,7,60,21,108,120,12,252.0,1980.0,12.0,0.12727272727272726,0.010606060606060605,0.010606060606060607,False,1959.0,True
rome,rome:60:167-0-s73:p0,8,59,25,208,120,12,300.0,1947.0,12.0,0.15408320493066255,0.012840267077555213,0.012840267077555213,False,1922.0,True
rome,rome:60:167-0-s73:p0,9,60,48,208,120,12,576.0,1980.0,12.0,0.2909090909090909,0.024242424242424242,0.024242424242424242,False,1932.0,True
rome,rome:60:167-0-s73:p0,10,60,14,208,120,12,168.0,1980.0,12.0,0.08484848484848485,0.007070707070707071,0.007070707070707071,False,1966.0,True
rome,rome:60:167-0-s73:p0,11,60,15,208,120,12,180.0,1980.0,12.0,0.09090909090909091,0.007575757575757576,0.007575757575757576,False,1965.0,True
rome,rome:60:167-0-s73:p0,12,60,18,208,120,12,216.0,1980.0,12.0,0.10909090909090909,0.00909090909090909,0.00909090909090909,False,1962.0,True
rome,rome:60:167-0-s73:p0,13,60,15,208,120,12,180.0,1980.0,12.0,0.09090909090909091,0.007575757575757576,0.007575757575757576,False,1965.0,True
rome,rome:60:167-0-s73:p0,14,60,20,208,120,12,240.0,1980.0,12.0,0.12121212121212122,0.010101010101010102,0.010101010101010102,False,1960.0,True
rome,rome:60:167-0-s73:p0,15,61,28,208,120,12,336.0,2013.0,12.0,0.16691505216095381,0.013909587680079485,0.013909587680079483,False,1985.0,True
rome,rome:60:167-0-s73:p0,16,59,2,208,120,12,24.0,1947.0,12.0,0.012326656394453005,0.001027221366204417,0.001027221366204417,True,1945.0,True
rome,rome:60:167-0-s73:p0,17,61,0,208,120,12,0.0,2013.0,12.0,0.0,0.0,0.0,True,2013.0,True
rome,rome:60:167-0-s73:p0,18,59,0,208,120,12,0.0,1947.0,12.0,0.0,0.0,0.0,True,1947.0,True
rome,rome:60:167-0-s73:p0,19,61,0,208,120,12,0.0,2013.0,12.0,0.0,0.0,0.0,True,2013.0,True
rome,rome:60:167-0-s73:p0,20,60,0,208,120,12,0.0,1980.0,12.0,0.0,0.0,0.0,True,1980.0,True
rome,rome:60:167-0-s73:p0,21,60,17,208,120,12,204.0,1980.0,12.0,0.10303030303030303,0.008585858585858586,0.008585858585858586,False,1963.0,True
rome,rome:60:167-0-s73:p0,22,59,0,208,120,12,0.0,1947.0,12.0,0.0,0.0,0.0,True,1947.0,True
rome,rome:60:167-0-s73:p0,23,61,0,208,120,12,0.0,2013.0,12.0,0.0,0.0,0.0,True,2013.0,True
rome,rome:60:172-0-s6:p0,0,45,8,1513,100,10,80.0,1485.0,12.0,0.05387205387205387,0.0044893378226711555,0.0053872053872053875,True,1477.0,True
rome,rome:60:172-0-s6:p0,1,74,0,1513,100,10,0.0,2442.0,12.0,0.0,0.0,0.0,True,2442.0,True
rome,rome:60:172-0-s6:p0,2,60,0,1513,100,10,0.0,1980.0,12.0,0.0,0.0,0.0,True,1980.0,True
rome,rome:60:172-0-s6:p0,3,61,0,1513,100,10,0.0,2013.0,12.0,0.0,0.0,0.0,True,2013.0,True
rome,rome:60:172-0-s6:p0,4,59,1,1513,100,10,10.0,1947.0,12.0,0.005136106831022085,0.00042800890258517377,0.0005136106831022085,True,1946.0,True
rome,rome:60:172-0-s6:p0,5,60,0,1513,100,10,0.0,1980.0,12.0,0.0,0.0,0.0,True,1980.0,True
rome,rome:60:172-0-s6:p0,6,60,0,1513,100,10,0.0,1980.0,12.0,0.0,0.0,0.0,True,1980.0,True
rome,rome:60:172-0-s6:p0,7,60,0,1513,100,10,0.0,1980.0,12.0,0.0,0.0,0.0,True,1980.0,True
rome,rome:60:172-0-s6:p0,8,61,0,1513,100,10,0.0,2013.0,12.0,0.0,0.0,0.0,True,2013.0,True
rome,rome:60:172-0-s6:p0,9,59,0,1513,100,10,0.0,1947.0,12.0,0.0,0.0,0.0,True,1947.0,True
rome,rome:60:172-0-s6:p0,10,60,0,1513,100,10,0.0,1980.0,12.0,0.0,0.0,0.0,True,1980.0,True
rome,rome:60:172-0-s6:p0,11,46,0,1513,100,10,0.0,1518.0,12.0,0.0,0.0,0.0,True,1518.0,True
rome,rome:60:172-0-s6:p0,12,75,0,1513,100,10,0.0,2475.0,12.0,0.0,0.0,0.0,True,2475.0,True
rome,rome:60:172-0-s6:p0,13,59,0,1513,100,10,0.0,1947.0,12.0,0.0,0.0,0.0,True,1947.0,True
rome,rome:60:172-0-s6:p0,14,60,0,1513,100,10,0.0,1980.0,12.0,0.0,0.0,0.0,True,1980.0,True
rome,rome:60:172-0-s6:p0,15,60,0,1513,100,10,0.0,1980.0,12.0,0.0,0.0,0.0,True,1980.0,True
rome,rome:60:172-0-s6:p0,16,60,0,1513,100,10,0.0,1980.0,12.0,0.0,0.0,0.0,True,1980.0,True
rome,rome:60:172-0-s6:p0,17,60,0,1513,100,10,0.0,1980.0,12.0,0.0,0.0,0.0,True,1980.0,True
rome,rome:60:172-0-s6:p0,18,60,0,1513,100,10,0.0,1980.0,12.0,0.0,0.0,0.0,True,1980.0,True
rome,rome:60:172-0-s6:p0,19,61,0,1513,100,10,0.0,2013.0,12.0,0.0,0.0,0.0,True,2013.0,True
rome,rome:60:172-0-s6:p0,20,59,11,1513,100,10,110.0,1947.0,12.0,0.05649717514124294,0.004708097928436911,0.005649717514124294,False,1936.0,True
rome,rome:60:172-0-s6:p0,21,61,0,1513,100,10,0.0,2013.0,12.0,0.0,0.0,0.0,True,2013.0,True
rome,rome:60:172-0-s6:p0,22,59,0,1513,100,10,0.0,1947.0,12.0,0.0,0.0,0.0,True,1947.0,True
rome,rome:60:172-0-s6:p0,23,60,0,1513,100,10,0.0,1980.0,12.0,0.0,0.0,0.0,True,1980.0,True
rome,rome:60:178-0-s37:p0,0,66,0,202,120,12,0.0,2178.0,12.0,0.0,0.0,0.0,True,2178.0,True
rome,rome:60:178-0-s37:p0,1,60,0,202,120,12,0.0,1980.0,12.0,0.0,0.0,0.0,True,1980.0,True
rome,rome:60:178-0-s37:p0,2,61,0,202,120,12,0.0,2013.0,12.0,0.0,0.0,0.0,True,2013.0,True
rome,rome:60:178-0-s37:p0,3,59,0,202,120,12,0.0,1947.0,12.0,0.0,0.0,0.0,True,1947.0,True
rome,rome:60:178-0-s37:p0,4,60,1,202,120,12,12.0,1980.0,12.0,0.006060606060606061,0.000505050505050505,0.000505050505050505,True,1979.0,True
rome,rome:60:178-0-s37:p0,5,60,13,202,120,12,156.0,1980.0,12.0,0.07878787878787878,0.0065656565656565654,0.0065656565656565654,False,1967.0,True
rome,rome:60:178-0-s37:p0,6,60,2,202,120,12,24.0,1980.0,12.0,0.012121212121212121,0.00101010101010101,0.00101010101010101,True,1978.0,True
rome,rome:60:178-0-s37:p0,7,60,0,202,120,12,0.0,1980.0,12.0,0.0,0.0,0.0,True,1980.0,True
rome,rome:60:178-0-s37:p0,8,60,0,202,120,12,0.0,1980.0,12.0,0.0,0.0,0.0,True,1980.0,True
rome,rome:60:178-0-s37:p0,9,60,13,202,120,12,156.0,1980.0,12.0,0.07878787878787878,0.0065656565656565654,0.0065656565656565654,False,1967.0,True
rome,rome:60:178-0-s37:p0,10,61,0,202,120,12,0.0,2013.0,12.0,0.0,0.0,0.0,True,2013.0,True
rome,rome:60:178-0-s37:p0,11,59,0,202,120,12,0.0,1947.0,12.0,0.0,0.0,0.0,True,1947.0,True
rome,rome:60:178-0-s37:p0,12,60,0,202,120,12,0.0,1980.0,12.0,0.0,0.0,0.0,True,1980.0,True
rome,rome:60:178-0-s37:p0,13,60,0,202,120,12,0.0,1980.0,12.0,0.0,0.0,0.0,True,1980.0,True
rome,rome:60:178-0-s37:p0,14,60,0,202,120,12,0.0,1980.0,12.0,0.0,0.0,0.0,True,1980.0,True
rome,rome:60:178-0-s37:p0,15,61,0,202,120,12,0.0,2013.0,12.0,0.0,0.0,0.0,True,2013.0,True
rome,rome:60:178-0-s37:p0,16,59,0,202,120,12,0.0,1947.0,12.0,0.0,0.0,0.0,True,1947.0,True
rome,rome:60:178-0-s37:p0,17,59,0,202,120,12,0.0,1947.0,12.0,0.0,0.0,0.0,True,1947.0,True
rome,rome:60:178-0-s37:p0,18,61,0,202,120,12,0.0,2013.0,12.0,0.0,0.0,0.0,True,2013.0,True
rome,rome:60:178-0-s37:p0,19,59,8,202,120,12,96.0,1947.0,12.0,0.04930662557781202,0.004108885464817668,0.004108885464817668,True,1939.0,True
rome,rome:60:178-0-s37:p0,20,60,0,202,120,12,0.0,1980.0,12.0,0.0,0.0,0.0,True,1980.0,True
rome,rome:60:178-0-s37:p0,21,62,0,202,120,12,0.0,2046.0,12.0,0.0,0.0,0.0,True,2046.0,True
rome,rome:60:178-0-s37:p0,22,59,5,202,120,12,60.0,1947.0,12.0,0.030816640986132512,0.0025680534155110425,0.0025680534155110425,True,1942.0,True
rome,rome:60:178-0-s37:p0,23,60,22,202,120,12,264.0,1980.0,12.0,0.13333333333333333,0.011111111111111112,0.011111111111111112,False,1958.0,True
rome,rome:60:178-1-s43:p0,0,60,271,1200,100,10,2710.0,1980.0,12.0,1.3686868686868687,0.11405723905723907,0.13686868686868686,False,1709.0,True
rome,rome:60:178-1-s43:p0,1,60,186,1102,100,10,1860.0,1980.0,12.0,0.9393939393939394,0.07828282828282829,0.09393939393939393,False,1794.0,True
rome,rome:60:178-1-s43:p0,2,60,120,1003,100,10,1200.0,1980.0,12.0,0.6060606060606061,0.050505050505050504,0.06060606060606061,False,1860.0,True
rome,rome:60:178-1-s43:p0,3,60,187,903,100,10,1870.0,1980.0,12.0,0.9444444444444444,0.0787037037037037,0.09444444444444444,False,1793.0,True
rome,rome:60:178-1-s43:p0,4,60,117,905,120,12,1404.0,1980.0,12.0,0.7090909090909091,0.05909090909090909,0.05909090909090909,False,1863.0,True
rome,rome:60:178-1-s43:p0,5,58,125,805,120,12,1500.0,1914.0,12.0,0.7836990595611285,0.06530825496342738,0.06530825496342738,False,1789.0,True
rome,rome:60:178-1-s43:p0,6,62,31,906,120,12,372.0,2046.0,12.0,0.18181818181818182,0.015151515151515152,0.015151515151515152,False,2015.0,True
rome,rome:60:178-1-s43:p0,7,60,22,906,120,12,264.0,1980.0,12.0,0.13333333333333333,0.011111111111111112,0.011111111111111112,False,1958.0,True
rome,rome:60:178-1-s43:p0,8,61,2,905,120,12,24.0,2013.0,12.0,0.011922503725782414,0.0009935419771485345,0.0009935419771485345,True,2011.0,True
rome,rome:60:178-1-s43:p0,9,59,0,905,120,12,0.0,1947.0,12.0,0.0,0.0,0.0,True,1947.0,True
rome,rome:60:178-1-s43:p0,10,61,23,905,120,12,276.0,2013.0,12.0,0.13710879284649777,0.011425732737208148,0.011425732737208148,False,1990.0,True
rome,rome:60:178-1-s43:p0,11,62,0,905,120,12,0.0,2046.0,12.0,0.0,0.0,0.0,True,2046.0,True
rome,rome:60:178-1-s43:p0,12,58,2,905,120,12,24.0,1914.0,12.0,0.012539184952978056,0.001044932079414838,0.0010449320794148381,True,1912.0,True
rome,rome:60:178-1-s43:p0,13,59,14,905,120,12,168.0,1947.0,12.0,0.08628659476117104,0.00719054956343092,0.007190549563430919,False,1933.0,True
rome,rome:60:178-1-s43:p0,14,60,15,805,120,12,180.0,1980.0,12.0,0.09090909090909091,0.007575757575757576,0.007575757575757576,False,1965.0,True
rome,rome:60:178-1-s43:p0,15,60,4,805,120,12,48.0,1980.0,12.0,0.024242424242424242,0.00202020202020202,0.00202020202020202,True,1976.0,True
rome,rome:60:178-1-s43:p0,16,60,3,806,120,12,36.0,1980.0,12.0,0.01818181818181818,0.0015151515151515152,0.0015151515151515152,True,1977.0,True
rome,rome:60:178-1-s43:p0,17,60,18,806,120,12,216.0,1980.0,12.0,0.10909090909090909,0.00909090909090909,0.00909090909090909,False,1962.0,True
rome,rome:60:178-1-s43:p0,18,60,4,806,120,12,48.0,1980.0,12.0,0.024242424242424242,0.00202020202020202,0.00202020202020202,True,1976.0,True
rome,rome:60:178-1-s43:p0,19,59,5,806,120,12,60.0,1947.0,12.0,0.030816640986132512,0.0025680534155110425,0.0025680534155110425,True,1942.0,True
rome,rome:60:178-1-s43:p0,20,61,4,806,120,12,48.0,2013.0,12.0,0.02384500745156483,0.001987083954297069,0.001987083954297069,True,2009.0,True
rome,rome:60:178-1-s43:p0,21,60,9,806,120,12,108.0,1980.0,12.0,0.05454545454545454,0.004545454545454545,0.004545454545454545,True,1971.0,True
rome,rome:60:178-1-s43:p0,22,60,10,806,120,12,120.0,1980.0,12.0,0.06060606060606061,0.005050505050505051,0.005050505050505051,True,1970.0,True
rome,rome:60:178-1-s43:p0,23,60,42,806,120,12,504.0,1980.0,12.0,0.2545454545454545,0.02121212121212121,0.021212121212121213,False,1938.0,True
rome,rome:60:185-0-s124:p0,0,68,47,1514,100,10,470.0,2244.0,12.0,0.20944741532976827,0.01745395127748069,0.02094474153297683,False,2197.0,True
rome,rome:60:185-0-s124:p0,1,60,0,1514,100,10,0.0,1980.0,12.0,0.0,0.0,0.0,True,1980.0,True
rome,rome:60:185-0-s124:p0,2,60,0,1514,100,10,0.0,1980.0,12.0,0.0,0.0,0.0,True,1980.0,True
rome,rome:60:185-0-s124:p0,3,60,0,1514,100,10,0.0,1980.0,12.0,0.0,0.0,0.0,True,1980.0,True
rome,rome:60:185-0-s124:p0,4,48,0,1514,100,10,0.0,1584.0,12.0,0.0,0.0,0.0,True,1584.0,True
rome,rome:60:185-0-s124:p0,5,62,0,1514,100,10,0.0,2046.0,12.0,0.0,0.0,0.0,True,2046.0,True
rome,rome:60:185-0-s124:p0,6,60,0,1514,100,10,0.0,1980.0,12.0,0.0,0.0,0.0,True,1980.0,True
rome,rome:60:185-0-s124:p0,7,60,0,1514,100,10,0.0,1980.0,12.0,0.0,0.0,0.0,True,1980.0,True
rome,rome:60:185-0-s124:p0,8,60,0,1514,100,10,0.0,1980.0,12.0,0.0,0.0,0.0,True,1980.0,True
rome,rome:60:185-0-s124:p0,9,60,0,1514,100,10,0.0,1980.0,12.0,0.0,0.0,0.0,True,1980.0,True
rome,rome:60:185-0-s124:p0,10,60,0,1514,100,10,0.0,1980.0,12.0,0.0,0.0,0.0,True,1980.0,True
rome,rome:60:185-0-s124:p0,11,60,0,1514,100,10,0.0,1980.0,12.0,0.0,0.0,0.0,True,1980.0,True
rome,rome:60:185-0-s124:p0,12,60,0,1514,100,10,0.0,1980.0,12.0,0.0,0.0,0.0,True,1980.0,True
rome,rome:60:185-0-s124:p0,13,60,23,1514,100,10,230.0,1980.0,12.0,0.11616161616161616,0.00968013468013468,0.011616161616161616,False,1957.0,True
rome,rome:60:185-0-s124:p0,14,60,1,1514,100,10,10.0,1980.0,12.0,0.005050505050505051,0.0004208754208754209,0.000505050505050505,True,1979.0,True
rome,rome:60:185-0-s124:p0,15,60,13,1514,100,10,130.0,1980.0,12.0,0.06565656565656566,0.005471380471380472,0.0065656565656565654,False,1967.0,True
rome,rome:60:185-0-s124:p0,16,60,1,1514,100,10,10.0,1980.0,12.0,0.005050505050505051,0.0004208754208754209,0.000505050505050505,True,1979.0,True
rome,rome:60:185-0-s124:p0,17,60,0,1514,100,10,0.0,1980.0,12.0,0.0,0.0,0.0,True,1980.0,True
rome,rome:60:185-0-s124:p0,18,60,1,1514,100,10,10.0,1980.0,12.0,0.005050505050505051,0.0004208754208754209,0.000505050505050505,True,1979.0,True
rome,rome:60:185-0-s124:p0,19,60,1,1514,100,10,10.0,1980.0,12.0,0.005050505050505051,0.0004208754208754209,0.000505050505050505,True,1979.0,True
rome,rome:60:185-0-s124:p0,20,60,0,1514,100,10,0.0,1980.0,12.0,0.0,0.0,0.0,True,1980.0,True
rome,rome:60:185-0-s124:p0,21,60,0,1514,100,10,0.0,1980.0,12.0,0.0,0.0,0.0,True,1980.0,True
rome,rome:60:185-0-s124:p0,22,60,0,1514,100,10,0.0,1980.0,12.0,0.0,0.0,0.0,True,1980.0,True
rome,rome:60:185-0-s124:p0,23,60,1,1514,100,10,10.0,1980.0,12.0,0.005050505050505051,0.0004208754208754209,0.000505050505050505,True,1979.0,True
rome,rome:60:185-0-s150:p0,0,60,103,1413,100,10,1030.0,1980.0,12.0,0.5202020202020202,0.043350168350168354,0.05202020202020202,False,1877.0,True
rome,rome:60:185-0-s150:p0,1,47,532,1313,100,10,5320.0,1551.0,12.0,3.4300451321727916,0.28583709434773263,0.34300451321727915,False,1019.0,True
rome,rome:60:185-0-s150:p0,2,60,317,1010,120,12,3804.0,1980.0,12.0,1.9212121212121211,0.1601010101010101,0.1601010101010101,False,1663.0,True
rome,rome:60:185-0-s150:p0,3,60,36,1208,120,12,432.0,1980.0,12.0,0.21818181818181817,0.01818181818181818,0.01818181818181818,False,1944.0,True
rome,rome:60:185-0-s150:p0,4,60,1,1207,120,12,12.0,1980.0,12.0,0.006060606060606061,0.000505050505050505,0.000505050505050505,True,1979.0,True
rome,rome:60:185-0-s150:p0,5,60,0,1207,120,12,0.0,1980.0,12.0,0.0,0.0,0.0,True,1980.0,True
rome,rome:60:185-0-s150:p0,6,60,6,1207,120,12,72.0,1980.0,12.0,0.03636363636363636,0.0030303030303030303,0.0030303030303030303,True,1974.0,True
rome,rome:60:185-0-s150:p0,7,61,18,1207,120,12,216.0,2013.0,12.0,0.10730253353204174,0.00894187779433681,0.00894187779433681,False,1995.0,True
rome,rome:60:185-0-s150:p0,8,59,13,1208,120,12,156.0,1947.0,12.0,0.08012326656394453,0.00667693888032871,0.00667693888032871,False,1934.0,True
rome,rome:60:185-0-s150:p0,9,60,16,1207,120,12,192.0,1980.0,12.0,0.09696969696969697,0.00808080808080808,0.00808080808080808,False,1964.0,True
rome,rome:60:185-0-s150:p0,10,60,21,1207,120,12,252.0,1980.0,12.0,0.12727272727272726,0.010606060606060605,0.010606060606060607,False,1959.0,True
rome,rome:60:185-0-s150:p0,11,60,15,1208,120,12,180.0,1980.0,12.0,0.09090909090909091,0.007575757575757576,0.007575757575757576,False,1965.0,True
rome,rome:60:185-0-s150:p0,12,60,7,1207,120,12,84.0,1980.0,12.0,0.04242424242424243,0.0035353535353535356,0.0035353535353535356,True,1973.0,True
rome,rome:60:185-0-s150:p0,13,60,5,1207,120,12,60.0,1980.0,12.0,0.030303030303030304,0.0025252525252525255,0.0025252525252525255,True,1975.0,True
rome,rome:60:185-0-s150:p0,14,60,5,1207,120,12,60.0,1980.0,12.0,0.030303030303030304,0.0025252525252525255,0.0025252525252525255,True,1975.0,True
rome,rome:60:185-0-s150:p0,15,55,7,1207,120,12,84.0,1815.0,12.0,0.04628099173553719,0.0038567493112947656,0.003856749311294766,True,1808.0,True
rome,rome:60:185-0-s150:p0,16,65,8,1207,120,12,96.0,2145.0,12.0,0.044755244755244755,0.0037296037296037296,0.0037296037296037296,True,2137.0,True
rome,rome:60:185-0-s150:p0,17,63,4,1207,120,12,48.0,2079.0,12.0,0.023088023088023088,0.001924001924001924,0.001924001924001924,True,2075.0,True
rome,rome:60:185-0-s150:p0,18,63,7,1207,120,12,84.0,2079.0,12.0,0.04040404040404041,0.0033670033670033673,0.003367003367003367,True,2072.0,True
rome,rome:60:185-0-s150:p0,19,51,4,1207,120,12,48.0,1683.0,12.0,0.0285204991087344,0.0023767082590612,0.0023767082590612004,True,1679.0,True
rome,rome:60:185-0-s150:p0,20,60,9,1207,120,12,108.0,1980.0,12.0,0.05454545454545454,0.004545454545454545,0.004545454545454545,True,1971.0,True
rome,rome:60:185-0-s150:p0,21,60,8,1207,120,12,96.0,1980.0,12.0,0.048484848484848485,0.00404040404040404,0.00404040404040404,True,1972.0,True
rome,rome:60:185-0-s150:p0,22,60,16,1207,120,12,192.0,1980.0,12.0,0.09696969696969697,0.00808080808080808,0.00808080808080808,False,1964.0,True
rome,rome:60:185-0-s150:p0,23,59,0,1207,120,12,0.0,1947.0,12.0,0.0,0.0,0.0,True,1947.0,True
rome,rome:60:193-0-s204:p0,0,61,0,1513,100,10,0.0,2013.0,12.0,0.0,0.0,0.0,True,2013.0,True
rome,rome:60:193-0-s204:p0,1,60,0,1513,100,10,0.0,1980.0,12.0,0.0,0.0,0.0,True,1980.0,True
rome,rome:60:193-0-s204:p0,2,59,0,1513,100,10,0.0,1947.0,12.0,0.0,0.0,0.0,True,1947.0,True
rome,rome:60:193-0-s204:p0,3,61,0,1513,100,10,0.0,2013.0,12.0,0.0,0.0,0.0,True,2013.0,True
rome,rome:60:193-0-s204:p0,4,60,2,1513,100,10,20.0,1980.0,12.0,0.010101010101010102,0.0008417508417508418,0.00101010101010101,True,1978.0,True
rome,rome:60:193-0-s204:p0,5,60,0,1513,100,10,0.0,1980.0,12.0,0.0,0.0,0.0,True,1980.0,True
rome,rome:60:193-0-s204:p0,6,60,0,1513,100,10,0.0,1980.0,12.0,0.0,0.0,0.0,True,1980.0,True
rome,rome:60:193-0-s204:p0,7,60,0,1513,100,10,0.0,1980.0,12.0,0.0,0.0,0.0,True,1980.0,True
rome,rome:60:193-0-s204:p0,8,60,0,1513,100,10,0.0,1980.0,12.0,0.0,0.0,0.0,True,1980.0,True
rome,rome:60:193-0-s204:p0,9,60,0,1513,100,10,0.0,1980.0,12.0,0.0,0.0,0.0,True,1980.0,True
rome,rome:60:193-0-s204:p0,10,60,0,1513,100,10,0.0,1980.0,12.0,0.0,0.0,0.0,True,1980.0,True
rome,rome:60:193-0-s204:p0,11,60,1,1513,100,10,10.0,1980.0,12.0,0.005050505050505051,0.0004208754208754209,0.000505050505050505,True,1979.0,True
rome,rome:60:193-0-s204:p0,12,60,0,1513,100,10,0.0,1980.0,12.0,0.0,0.0,0.0,True,1980.0,True
rome,rome:60:193-0-s204:p0,13,60,0,1513,100,10,0.0,1980.0,12.0,0.0,0.0,0.0,True,1980.0,True
rome,rome:60:193-0-s204:p0,14,60,0,1513,100,10,0.0,1980.0,12.0,0.0,0.0,0.0,True,1980.0,True
rome,rome:60:193-0-s204:p0,15,60,0,1513,100,10,0.0,1980.0,12.0,0.0,0.0,0.0,True,1980.0,True
rome,rome:60:193-0-s204:p0,16,60,0,1513,100,10,0.0,1980.0,12.0,0.0,0.0,0.0,True,1980.0,True
rome,rome:60:193-0-s204:p0,17,60,2,1513,100,10,20.0,1980.0,12.0,0.010101010101010102,0.0008417508417508418,0.00101010101010101,True,1978.0,True
rome,rome:60:193-0-s204:p0,18,60,2,1513,100,10,20.0,1980.0,12.0,0.010101010101010102,0.0008417508417508418,0.00101010101010101,True,1978.0,True
rome,rome:60:193-0-s204:p0,19,60,0,1513,100,10,0.0,1980.0,12.0,0.0,0.0,0.0,True,1980.0,True
rome,rome:60:193-0-s204:p0,20,59,1,1513,100,10,10.0,1947.0,12.0,0.005136106831022085,0.00042800890258517377,0.0005136106831022085,True,1946.0,True
rome,rome:60:193-0-s204:p0,21,61,0,1513,100,10,0.0,2013.0,12.0,0.0,0.0,0.0,True,2013.0,True
rome,rome:60:193-0-s204:p0,22,59,0,1513,100,10,0.0,1947.0,12.0,0.0,0.0,0.0,True,1947.0,True
rome,rome:60:193-0-s204:p0,23,60,0,1513,100,10,0.0,1980.0,12.0,0.0,0.0,0.0,True,1980.0,True
rome,rome:60:213-0-s41:p0,0,57,236,1210,120,12,2832.0,1881.0,12.0,1.5055821371610845,0.12546517809675703,0.12546517809675706,False,1645.0,True
rome,rome:60:213-0-s41:p0,1,60,9,1308,120,12,108.0,1980.0,12.0,0.05454545454545454,0.004545454545454545,0.004545454545454545,True,1971.0,True
rome,rome:60:213-0-s41:p0,2,61,0,1308,120,12,0.0,2013.0,12.0,0.0,0.0,0.0,True,2013.0,True
rome,rome:60:213-0-s41:p0,3,59,0,1308,120,12,0.0,1947.0,12.0,0.0,0.0,0.0,True,1947.0,True
rome,rome:60:213-0-s41:p0,4,61,0,1308,120,12,0.0,2013.0,12.0,0.0,0.0,0.0,True,2013.0,True
rome,rome:60:213-0-s41:p0,5,61,7,1308,120,12,84.0,2013.0,12.0,0.041728763040238454,0.0034773969200198713,0.003477396920019871,True,2006.0,True
rome,rome:60:213-0-s41:p0,6,59,9,1308,120,12,108.0,1947.0,12.0,0.05546995377503852,0.004622496147919877,0.004622496147919877,True,1938.0,True
rome,rome:60:213-0-s41:p0,7,59,5,1308,120,12,60.0,1947.0,12.0,0.030816640986132512,0.0025680534155110425,0.0025680534155110425,True,1942.0,True
rome,rome:60:213-0-s41:p0,8,60,6,1308,120,12,72.0,1980.0,12.0,0.03636363636363636,0.0030303030303030303,0.0030303030303030303,True,1974.0,True
rome,rome:60:213-0-s41:p0,9,60,0,1308,120,12,0.0,1980.0,12.0,0.0,0.0,0.0,True,1980.0,True
rome,rome:60:213-0-s41:p0,10,61,0,1308,120,12,0.0,2013.0,12.0,0.0,0.0,0.0,True,2013.0,True
rome,rome:60:213-0-s41:p0,11,59,2,1308,120,12,24.0,1947.0,12.0,0.012326656394453005,0.001027221366204417,0.001027221366204417,True,1945.0,True
rome,rome:60:213-0-s41:p0,12,61,4,1308,120,12,48.0,2013.0,12.0,0.02384500745156483,0.001987083954297069,0.001987083954297069,True,2009.0,True
rome,rome:60:213-0-s41:p0,13,59,0,1308,120,12,0.0,1947.0,12.0,0.0,0.0,0.0,True,1947.0,True
rome,rome:60:213-0-s41:p0,14,61,0,1308,120,12,0.0,2013.0,12.0,0.0,0.0,0.0,True,2013.0,True
rome,rome:60:213-0-s41:p0,15,60,0,1308,120,12,0.0,1980.0,12.0,0.0,0.0,0.0,True,1980.0,True
rome,rome:60:213-0-s41:p0,16,60,13,1308,120,12,156.0,1980.0,12.0,0.07878787878787878,0.0065656565656565654,0.0065656565656565654,False,1967.0,True
rome,rome:60:213-0-s41:p0,17,60,35,1308,120,12,420.0,1980.0,12.0,0.21212121212121213,0.017676767676767676,0.017676767676767676,False,1945.0,True
rome,rome:60:213-0-s41:p0,18,59,23,1308,120,12,276.0,1947.0,12.0,0.14175654853620956,0.011813045711350797,0.011813045711350795,False,1924.0,True
rome,rome:60:213-0-s41:p0,19,61,9,1308,120,12,108.0,2013.0,12.0,0.05365126676602087,0.004470938897168405,0.004470938897168405,True,2004.0,True
rome,rome:60:213-0-s41:p0,20,60,11,1308,120,12,132.0,1980.0,12.0,0.06666666666666667,0.005555555555555556,0.005555555555555556,False,1969.0,True
rome,rome:60:213-0-s41:p0,21,60,5,1308,120,12,60.0,1980.0,12.0,0.030303030303030304,0.0025252525252525255,0.0025252525252525255,True,1975.0,True
rome,rome:60:213-0-s41:p0,22,60,0,1308,120,12,0.0,1980.0,12.0,0.0,0.0,0.0,True,1980.0,True
rome,rome:60:213-0-s41:p0,23,60,10,1308,120,12,120.0,1980.0,12.0,0.06060606060606061,0.005050505050505051,0.005050505050505051,True,1970.0,True
rome,rome:60:213-0-s41:p1,0,60,10,1308,120,12,120.0,1980.0,12.0,0.06060606060606061,0.005050505050505051,0.005050505050505051,True,1970.0,True
rome,rome:60:213-0-s41:p1,1,60,12,1308,120,12,144.0,1980.0,12.0,0.07272727272727272,0.006060606060606061,0.006060606060606061,False,1968.0,True
rome,rome:60:213-0-s41:p1,2,60,6,1308,120,12,72.0,1980.0,12.0,0.03636363636363636,0.0030303030303030303,0.0030303030303030303,True,1974.0,True
rome,rome:60:213-0-s41:p1,3,60,11,1308,120,12,132.0,1980.0,12.0,0.06666666666666667,0.005555555555555556,0.005555555555555556,False,1969.0,True
rome,rome:60:213-0-s41:p1,4,60,12,1308,120,12,144.0,1980.0,12.0,0.07272727272727272,0.006060606060606061,0.006060606060606061,False,1968.0,True
rome,rome:60:213-0-s41:p1,5,59,2,1308,120,12,24.0,1947.0,12.0,0.012326656394453005,0.001027221366204417,0.001027221366204417,True,1945.0,True
rome,rome:60:213-0-s41:p1,6,61,18,1308,120,12,216.0,2013.0,12.0,0.10730253353204174,0.00894187779433681,0.00894187779433681,False,1995.0,True
rome,rome:60:213-0-s41:p1,7,59,10,1308,120,12,120.0,1947.0,12.0,0.061633281972265024,0.005136106831022085,0.005136106831022085,True,1937.0,True
rome,rome:60:213-0-s41:p1,8,61,11,1308,120,12,132.0,2013.0,12.0,0.06557377049180328,0.00546448087431694,0.00546448087431694,False,2002.0,True
rome,rome:60:213-0-s41:p1,9,59,16,1308,120,12,192.0,1947.0,12.0,0.09861325115562404,0.008217770929635337,0.008217770929635337,False,1931.0,True
rome,rome:60:213-0-s41:p1,10,61,8,1308,120,12,96.0,2013.0,12.0,0.04769001490312966,0.003974167908594138,0.003974167908594138,True,2005.0,True
rome,rome:60:213-0-s41:p1,11,59,12,1308,120,12,144.0,1947.0,12.0,0.07395993836671803,0.0061633281972265025,0.0061633281972265025,False,1935.0,True
rome,rome:60:213-0-s41:p1,12,61,4,1308,120,12,48.0,2013.0,12.0,0.02384500745156483,0.001987083954297069,0.001987083954297069,True,2009.0,True
rome,rome:60:213-0-s41:p1,13,59,20,1308,120,12,240.0,1947.0,12.0,0.12326656394453005,0.01027221366204417,0.01027221366204417,False,1927.0,True
rome,rome:60:213-0-s41:p1,14,61,16,1308,120,12,192.0,2013.0,12.0,0.09538002980625931,0.007948335817188276,0.007948335817188276,False,1997.0,True
rome,rome:60:213-0-s41:p1,15,60,10,1308,120,12,120.0,1980.0,12.0,0.06060606060606061,0.005050505050505051,0.005050505050505051,True,1970.0,True
rome,rome:60:213-0-s41:p1,16,61,8,1308,120,12,96.0,2013.0,12.0,0.04769001490312966,0.003974167908594138,0.003974167908594138,True,2005.0,True
rome,rome:60:213-0-s41:p1,17,59,2,1308,120,12,24.0,1947.0,12.0,0.012326656394453005,0.001027221366204417,0.001027221366204417,True,1945.0,True
rome,rome:60:213-0-s41:p1,18,60,5,1308,120,12,60.0,1980.0,12.0,0.030303030303030304,0.0025252525252525255,0.0025252525252525255,True,1975.0,True
rome,rome:60:213-0-s41:p1,19,60,21,1308,120,12,252.0,1980.0,12.0,0.12727272727272726,0.010606060606060605,0.010606060606060607,False,1959.0,True
rome,rome:60:213-0-s41:p1,20,59,16,1308,120,12,192.0,1947.0,12.0,0.09861325115562404,0.008217770929635337,0.008217770929635337,False,1931.0,True
rome,rome:60:213-0-s41:p1,21,60,6,1308,120,12,72.0,1980.0,12.0,0.03636363636363636,0.0030303030303030303,0.0030303030303030303,True,1974.0,True
rome,rome:60:213-0-s41:p1,22,60,9,1308,120,12,108.0,1980.0,12.0,0.05454545454545454,0.004545454545454545,0.004545454545454545,True,1971.0,True
rome,rome:60:213-0-s41:p1,23,60,7,1308,120,12,84.0,1980.0,12.0,0.04242424242424243,0.0035353535353535356,0.0035353535353535356,True,1973.0,True
rome,rome:60:213-0-s66:p0,0,49,641,613,120,12,7692.0,1617.0,12.0,4.7569573283859,0.39641311069882496,0.396413110698825,False,976.0,True
rome,rome:60:213-0-s66:p0,1,69,2,1012,120,12,24.0,2277.0,12.0,0.010540184453227932,0.000878348704435661,0.000878348704435661,True,2275.0,True
rome,rome:60:213-0-s66:p0,2,60,0,1012,120,12,0.0,1980.0,12.0,0.0,0.0,0.0,True,1980.0,True
rome,rome:60:213-0-s66:p0,3,61,0,1012,120,12,0.0,2013.0,12.0,0.0,0.0,0.0,True,2013.0,True
rome,rome:60:213-0-s66:p0,4,59,0,1012,120,12,0.0,1947.0,12.0,0.0,0.0,0.0,True,1947.0,True
rome,rome:60:213-0-s66:p0,5,60,3,1012,120,12,36.0,1980.0,12.0,0.01818181818181818,0.0015151515151515152,0.0015151515151515152,True,1977.0,True
rome,rome:60:213-0-s66:p0,6,60,0,1012,120,12,0.0,1980.0,12.0,0.0,0.0,0.0,True,1980.0,True
rome,rome:60:213-0-s66:p0,7,60,13,1012,120,12,156.0,1980.0,12.0,0.07878787878787878,0.0065656565656565654,0.0065656565656565654,False,1967.0,True
rome,rome:60:213-0-s66:p0,8,62,0,1012,120,12,0.0,2046.0,12.0,0.0,0.0,0.0,True,2046.0,True
rome,rome:60:213-0-s66:p0,9,58,0,1012,120,12,0.0,1914.0,12.0,0.0,0.0,0.0,True,1914.0,True
rome,rome:60:213-0-s66:p0,10,60,4,1012,120,12,48.0,1980.0,12.0,0.024242424242424242,0.00202020202020202,0.00202020202020202,True,1976.0,True
rome,rome:60:213-0-s66:p0,11,60,0,1012,120,12,0.0,1980.0,12.0,0.0,0.0,0.0,True,1980.0,True
rome,rome:60:213-0-s66:p0,12,60,0,1012,120,12,0.0,1980.0,12.0,0.0,0.0,0.0,True,1980.0,True
rome,rome:60:213-0-s66:p0,13,60,0,1012,120,12,0.0,1980.0,12.0,0.0,0.0,0.0,True,1980.0,True
rome,rome:60:213-0-s66:p0,14,60,0,1012,120,12,0.0,1980.0,12.0,0.0,0.0,0.0,True,1980.0,True
rome,rome:60:213-0-s66:p0,15,60,7,1012,120,12,84.0,1980.0,12.0,0.04242424242424243,0.0035353535353535356,0.0035353535353535356,True,1973.0,True
rome,rome:60:213-0-s66:p0,16,60,0,1112,120,12,0.0,1980.0,12.0,0.0,0.0,0.0,True,1980.0,True
rome,rome:60:213-0-s66:p0,17,61,0,1112,120,12,0.0,2013.0,12.0,0.0,0.0,0.0,True,2013.0,True
rome,rome:60:213-0-s66:p0,18,60,12,1112,120,12,144.0,1980.0,12.0,0.07272727272727272,0.006060606060606061,0.006060606060606061,False,1968.0,True
rome,rome:60:213-0-s66:p0,19,60,4,1112,120,12,48.0,1980.0,12.0,0.024242424242424242,0.00202020202020202,0.00202020202020202,True,1976.0,True
rome,rome:60:213-0-s66:p0,20,59,42,1112,120,12,504.0,1947.0,12.0,0.2588597842835131,0.021571648690292756,0.02157164869029276,False,1905.0,True
rome,rome:60:213-0-s66:p0,21,61,2,1112,120,12,24.0,2013.0,12.0,0.011922503725782414,0.0009935419771485345,0.0009935419771485345,True,2011.0,True
rome,rome:60:213-0-s66:p0,22,59,7,1112,120,12,84.0,1947.0,12.0,0.04314329738058552,0.00359527478171546,0.0035952747817154596,True,1940.0,True
rome,rome:60:213-0-s66:p0,23,60,5,1112,120,12,60.0,1980.0,12.0,0.030303030303030304,0.0025252525252525255,0.0025252525252525255,True,1975.0,True
rome,rome:60:214-0-s203:p0,0,48,39,414,120,12,468.0,1584.0,12.0,0.29545454545454547,0.024621212121212124,0.02462121212121212,False,1545.0,True
rome,rome:60:214-0-s203:p0,1,72,61,514,120,12,732.0,2376.0,12.0,0.30808080808080807,0.02567340067340067,0.025673400673400674,False,2315.0,True
rome,rome:60:214-0-s203:p0,2,60,590,514,120,12,7080.0,1980.0,12.0,3.5757575757575757,0.29797979797979796,0.29797979797979796,False,1390.0,True
rome,rome:60:214-0-s203:p0,3,60,148,1010,120,12,1776.0,1980.0,12.0,0.896969696969697,0.07474747474747474,0.07474747474747474,False,1832.0,True
rome,rome:60:214-0-s203:p0,4,60,0,1012,120,12,0.0,1980.0,12.0,0.0,0.0,0.0,True,1980.0,True
rome,rome:60:214-0-s203:p0,5,60,0,1012,120,12,0.0,1980.0,12.0,0.0,0.0,0.0,True,1980.0,True
rome,rome:60:214-0-s203:p0,6,60,0,1012,120,12,0.0,1980.0,12.0,0.0,0.0,0.0,True,1980.0,True
rome,rome:60:214-0-s203:p0,7,60,0,1012,120,12,0.0,1980.0,12.0,0.0,0.0,0.0,True,1980.0,True
rome,rome:60:214-0-s203:p0,8,60,1,1012,120,12,12.0,1980.0,12.0,0.006060606060606061,0.000505050505050505,0.000505050505050505,True,1979.0,True
rome,rome:60:214-0-s203:p0,9,47,0,1012,120,12,0.0,1551.0,12.0,0.0,0.0,0.0,True,1551.0,True
rome,rome:60:214-0-s203:p0,10,73,0,1012,120,12,0.0,2409.0,12.0,0.0,0.0,0.0,True,2409.0,True
rome,rome:60:214-0-s203:p0,11,60,0,1012,120,12,0.0,1980.0,12.0,0.0,0.0,0.0,True,1980.0,True
rome,rome:60:214-0-s203:p0,12,60,0,1012,120,12,0.0,1980.0,12.0,0.0,0.0,0.0,True,1980.0,True
rome,rome:60:214-0-s203:p0,13,61,0,1012,120,12,0.0,2013.0,12.0,0.0,0.0,0.0,True,2013.0,True
rome,rome:60:214-0-s203:p0,14,59,0,1012,120,12,0.0,1947.0,12.0,0.0,0.0,0.0,True,1947.0,True
rome,rome:60:214-0-s203:p0,15,60,0,1012,120,12,0.0,1980.0,12.0,0.0,0.0,0.0,True,1980.0,True
rome,rome:60:214-0-s203:p0,16,61,6,1012,120,12,72.0,2013.0,12.0,0.03576751117734724,0.0029806259314456036,0.0029806259314456036,True,2007.0,True
rome,rome:60:214-0-s203:p0,17,59,0,1012,120,12,0.0,1947.0,12.0,0.0,0.0,0.0,True,1947.0,True
rome,rome:60:214-0-s203:p0,18,60,6,1012,120,12,72.0,1980.0,12.0,0.03636363636363636,0.0030303030303030303,0.0030303030303030303,True,1974.0,True
rome,rome:60:214-0-s203:p0,19,60,0,1012,120,12,0.0,1980.0,12.0,0.0,0.0,0.0,True,1980.0,True
rome,rome:60:214-0-s203:p0,20,60,0,1012,120,12,0.0,1980.0,12.0,0.0,0.0,0.0,True,1980.0,True
rome,rome:60:214-0-s203:p0,21,60,10,1012,120,12,120.0,1980.0,12.0,0.06060606060606061,0.005050505050505051,0.005050505050505051,True,1970.0,True
rome,rome:60:214-0-s203:p0,22,60,0,1012,120,12,0.0,1980.0,12.0,0.0,0.0,0.0,True,1980.0,True
rome,rome:60:214-0-s203:p0,23,61,0,1012,120,12,0.0,2013.0,12.0,0.0,0.0,0.0,True,2013.0,True
rome,rome:60:214-0-s203:p1,0,62,0,1012,120,12,0.0,2046.0,12.0,0.0,0.0,0.0,True,2046.0,True
rome,rome:60:214-0-s203:p1,1,58,0,1012,120,12,0.0,1914.0,12.0,0.0,0.0,0.0,True,1914.0,True
rome,rome:60:214-0-s203:p1,2,61,0,1012,120,12,0.0,2013.0,12.0,0.0,0.0,0.0,True,2013.0,True
rome,rome:60:214-0-s203:p1,3,63,0,1012,120,12,0.0,2079.0,12.0,0.0,0.0,0.0,True,2079.0,True
rome,rome:60:214-0-s203:p1,4,57,0,1012,120,12,0.0,1881.0,12.0,0.0,0.0,0.0,True,1881.0,True
rome,rome:60:214-0-s203:p1,5,59,0,1012,120,12,0.0,1947.0,12.0,0.0,0.0,0.0,True,1947.0,True
rome,rome:60:214-0-s203:p1,6,61,0,1012,120,12,0.0,2013.0,12.0,0.0,0.0,0.0,True,2013.0,True
rome,rome:60:214-0-s203:p1,7,59,0,1012,120,12,0.0,1947.0,12.0,0.0,0.0,0.0,True,1947.0,True
rome,rome:60:214-0-s203:p1,8,61,0,1012,120,12,0.0,2013.0,12.0,0.0,0.0,0.0,True,2013.0,True
rome,rome:60:214-0-s203:p1,9,59,5,1012,120,12,60.0,1947.0,12.0,0.030816640986132512,0.0025680534155110425,0.0025680534155110425,True,1942.0,True
rome,rome:60:214-0-s203:p1,10,60,16,1012,120,12,192.0,1980.0,12.0,0.09696969696969697,0.00808080808080808,0.00808080808080808,False,1964.0,True
rome,rome:60:214-0-s203:p1,11,60,0,1012,120,12,0.0,1980.0,12.0,0.0,0.0,0.0,True,1980.0,True
rome,rome:60:214-0-s203:p1,12,61,1,1012,120,12,12.0,2013.0,12.0,0.005961251862891207,0.0004967709885742673,0.0004967709885742673,True,2012.0,True
rome,rome:60:214-0-s203:p1,13,59,0,1012,120,12,0.0,1947.0,12.0,0.0,0.0,0.0,True,1947.0,True
rome,rome:60:214-0-s203:p1,14,61,0,1012,120,12,0.0,2013.0,12.0,0.0,0.0,0.0,True,2013.0,True
rome,rome:60:214-0-s203:p1,15,60,0,1012,120,12,0.0,1980.0,12.0,0.0,0.0,0.0,True,1980.0,True
rome,rome:60:214-0-s203:p1,16,60,0,1012,120,12,0.0,1980.0,12.0,0.0,0.0,0.0,True,1980.0,True
rome,rome:60:214-0-s203:p1,17,59,0,1012,120,12,0.0,1947.0,12.0,0.0,0.0,0.0,True,1947.0,True
rome,rome:60:214-0-s203:p1,18,60,22,1012,120,12,264.0,1980.0,12.0,0.13333333333333333,0.011111111111111112,0.011111111111111112,False,1958.0,True
rome,rome:60:214-0-s203:p1,19,60,23,1112,120,12,276.0,1980.0,12.0,0.1393939393939394,0.011616161616161616,0.011616161616161616,False,1957.0,True
rome,rome:60:214-0-s203:p1,20,60,88,1112,120,12,1056.0,1980.0,12.0,0.5333333333333333,0.044444444444444446,0.044444444444444446,False,1892.0,True
rome,rome:60:214-0-s203:p1,21,61,0,1012,120,12,0.0,2013.0,12.0,0.0,0.0,0.0,True,2013.0,True
rome,rome:60:214-0-s203:p1,22,59,235,1012,120,12,2820.0,1947.0,12.0,1.448382126348228,0.12069851052901899,0.120698510529019,False,1712.0,True
rome,rome:60:214-0-s203:p1,23,60,236,914,120,12,2832.0,1980.0,12.0,1.4303030303030304,0.1191919191919192,0.1191919191919192,False,1744.0,True
rome,rome:60:214-0-s220:p0,0,60,0,614,120,12,0.0,1980.0,12.0,0.0,0.0,0.0,True,1980.0,True
rome,rome:60:214-0-s220:p0,1,60,8,614,120,12,96.0,1980.0,12.0,0.048484848484848485,0.00404040404040404,0.00404040404040404,True,1972.0,True
rome,rome:60:214-0-s220:p0,2,60,0,614,120,12,0.0,1980.0,12.0,0.0,0.0,0.0,True,1980.0,True
rome,rome:60:214-0-s220:p0,3,60,94,614,120,12,1128.0,1980.0,12.0,0.5696969696969697,0.047474747474747475,0.047474747474747475,False,1886.0,True
rome,rome:60:214-0-s220:p0,4,60,551,513,120,12,6612.0,1980.0,12.0,3.3393939393939394,0.2782828282828283,0.2782828282828283,False,1429.0,True
rome,rome:60:214-0-s220:p0,5,60,211,1010,120,12,2532.0,1980.0,12.0,1.2787878787878788,0.10656565656565657,0.10656565656565657,False,1769.0,True
rome,rome:60:214-0-s220:p0,6,60,0,1012,120,12,0.0,1980.0,12.0,0.0,0.0,0.0,True,1980.0,True
rome,rome:60:214-0-s220:p0,7,60,0,1012,120,12,0.0,1980.0,12.0,0.0,0.0,0.0,True,1980.0,True
rome,rome:60:214-0-s220:p0,8,60,0,1012,120,12,0.0,1980.0,12.0,0.0,0.0,0.0,True,1980.0,True
rome,rome:60:214-0-s220:p0,9,60,0,1012,120,12,0.0,1980.0,12.0,0.0,0.0,0.0,True,1980.0,True
rome,rome:60:214-0-s220:p0,10,60,1,1012,120,12,12.0,1980.0,12.0,0.006060606060606061,0.000505050505050505,0.000505050505050505,True,1979.0,True
rome,rome:60:214-0-s220:p0,11,60,0,1012,120,12,0.0,1980.0,12.0,0.0,0.0,0.0,True,1980.0,True
rome,rome:60:214-0-s220:p0,12,60,0,1012,120,12,0.0,1980.0,12.0,0.0,0.0,0.0,True,1980.0,True
rome,rome:60:214-0-s220:p0,13,60,0,1012,120,12,0.0,1980.0,12.0,0.0,0.0,0.0,True,1980.0,True
rome,rome:60:214-0-s220:p0,14,60,0,1012,120,12,0.0,1980.0,12.0,0.0,0.0,0.0,True,1980.0,True
rome,rome:60:214-0-s220:p0,15,60,0,1012,120,12,0.0,1980.0,12.0,0.0,0.0,0.0,True,1980.0,True
rome,rome:60:214-0-s220:p0,16,60,0,1012,120,12,0.0,1980.0,12.0,0.0,0.0,0.0,True,1980.0,True
rome,rome:60:214-0-s220:p0,17,60,0,1012,120,12,0.0,1980.0,12.0,0.0,0.0,0.0,True,1980.0,True
rome,rome:60:214-0-s220:p0,18,61,0,1012,120,12,0.0,2013.0,12.0,0.0,0.0,0.0,True,2013.0,True
rome,rome:60:214-0-s220:p0,19,59,0,1012,120,12,0.0,1947.0,12.0,0.0,0.0,0.0,True,1947.0,True
rome,rome:60:214-0-s220:p0,20,61,0,1012,120,12,0.0,2013.0,12.0,0.0,0.0,0.0,True,2013.0,True
rome,rome:60:214-0-s220:p0,21,59,7,1012,120,12,84.0,1947.0,12.0,0.04314329738058552,0.00359527478171546,0.0035952747817154596,True,1940.0,True
rome,rome:60:214-0-s220:p0,22,60,0,1012,120,12,0.0,1980.0,12.0,0.0,0.0,0.0,True,1980.0,True
rome,rome:60:214-0-s220:p0,23,60,0,1012,120,12,0.0,1980.0,12.0,0.0,0.0,0.0,True,1980.0,True
rome,rome:60:229-0-s172:p0,0,75,164,1307,120,12,1968.0,2475.0,12.0,0.7951515151515152,0.06626262626262626,0.06626262626262626,False,2311.0,True
rome,rome:60:229-0-s172:p0,1,57,213,1205,120,12,2556.0,1881.0,12.0,1.3588516746411483,0.11323763955342903,0.11323763955342903,False,1668.0,True
rome,rome:60:229-0-s172:p0,2,61,0,1203,100,10,0.0,2013.0,12.0,0.0,0.0,0.0,True,2013.0,True
rome,rome:60:229-0-s172:p0,3,61,26,1203,100,10,260.0,2013.0,12.0,0.12916045702930948,0.010763371419109123,0.012916045702930949,False,1987.0,True
rome,rome:60:229-0-s172:p0,4,47,0,1204,100,10,0.0,1551.0,12.0,0.0,0.0,0.0,True,1551.0,True
rome,rome:60:229-0-s172:p0,5,58,11,1204,100,10,110.0,1914.0,12.0,0.05747126436781609,0.004789272030651341,0.005747126436781609,False,1903.0,True
rome,rome:60:229-0-s172:p0,6,60,17,1203,100,10,170.0,1980.0,12.0,0.08585858585858586,0.007154882154882154,0.008585858585858586,False,1963.0,True
rome,rome:60:229-0-s172:p0,7,60,4,1204,100,10,40.0,1980.0,12.0,0.020202020202020204,0.0016835016835016836,0.00202020202020202,True,1976.0,True
rome,rome:60:229-0-s172:p0,8,60,16,1204,100,10,160.0,1980.0,12.0,0.08080808080808081,0.006734006734006735,0.00808080808080808,False,1964.0,True
rome,rome:60:229-0-s172:p0,9,60,12,1204,100,10,120.0,1980.0,12.0,0.06060606060606061,0.005050505050505051,0.006060606060606061,False,1968.0,True
rome,rome:60:229-0-s172:p0,10,60,9,1204,100,10,90.0,1980.0,12.0,0.045454545454545456,0.003787878787878788,0.004545454545454545,True,1971.0,True
rome,rome:60:229-0-s172:p0,11,62,32,1204,100,10,320.0,2046.0,12.0,0.15640273704789834,0.013033561420658195,0.015640273704789834,False,2014.0,True
rome,rome:60:229-0-s172:p0,12,72,41,1204,100,10,410.0,2376.0,12.0,0.17255892255892255,0.014379910213243545,0.017255892255892257,False,2335.0,True
rome,rome:60:229-0-s172:p0,13,48,41,1204,100,10,410.0,1584.0,12.0,0.2588383838383838,0.02156986531986532,0.025883838383838384,False,1543.0,True
rome,rome:60:229-0-s172:p0,14,58,19,1203,100,10,190.0,1914.0,12.0,0.09926854754440961,0.008272378962034135,0.009926854754440962,False,1895.0,True
rome,rome:60:229-0-s172:p0,15,62,7,1203,100,10,70.0,2046.0,12.0,0.03421309872922776,0.00285109156076898,0.003421309872922776,True,2039.0,True
rome,rome:60:229-0-s172:p0,16,72,24,1203,100,10,240.0,2376.0,12.0,0.10101010101010101,0.008417508417508417,0.010101010101010102,False,2352.0,True
rome,rome:60:229-0-s172:p0,17,62,13,1204,100,10,130.0,2046.0,12.0,0.0635386119257087,0.005294884327142392,0.00635386119257087,False,2033.0,True
rome,rome:60:229-0-s172:p0,18,44,9,1204,100,10,90.0,1452.0,12.0,0.06198347107438017,0.005165289256198347,0.006198347107438017,True,1443.0,True
rome,rome:60:229-0-s172:p0,19,60,20,1204,100,10,200.0,1980.0,12.0,0.10101010101010101,0.008417508417508417,0.010101010101010102,False,1960.0,True
rome,rome:60:229-0-s172:p0,20,60,22,1204,100,10,220.0,1980.0,12.0,0.1111111111111111,0.009259259259259259,0.011111111111111112,False,1958.0,True
rome,rome:60:229-0-s172:p0,21,60,19,1203,100,10,190.0,1980.0,12.0,0.09595959595959595,0.007996632996632997,0.009595959595959595,False,1961.0,True
rome,rome:60:229-0-s172:p0,22,68,14,1204,100,10,140.0,2244.0,12.0,0.062388591800356503,0.005199049316696376,0.006238859180035651,False,2230.0,True
rome,rome:60:229-0-s172:p0,23,67,22,1204,100,10,220.0,2211.0,12.0,0.09950248756218906,0.008291873963515755,0.009950248756218905,False,2189.0,True
rome,rome:60:234-0-s260:p0,0,57,528,1215,120,12,6336.0,1881.0,12.0,3.3684210526315788,0.2807017543859649,0.2807017543859649,False,1353.0,True
rome,rome:60:234-0-s260:p0,1,62,25,1513,100,10,250.0,2046.0,12.0,0.12218963831867058,0.010182469859889215,0.012218963831867057,False,2021.0,True
rome,rome:60:234-0-s260:p0,2,59,0,1513,100,10,0.0,1947.0,12.0,0.0,0.0,0.0,True,1947.0,True
rome,rome:60:234-0-s260:p0,3,60,0,1513,100,10,0.0,1980.0,12.0,0.0,0.0,0.0,True,1980.0,True
rome,rome:60:234-0-s260:p0,4,60,0,1513,100,10,0.0,1980.0,12.0,0.0,0.0,0.0,True,1980.0,True
rome,rome:60:234-0-s260:p0,5,61,4,1513,100,10,40.0,2013.0,12.0,0.01987083954297069,0.0016559032952475575,0.001987083954297069,True,2009.0,True
rome,rome:60:234-0-s260:p0,6,59,15,1513,100,10,150.0,1947.0,12.0,0.07704160246533127,0.0064201335387776065,0.007704160246533128,False,1932.0,True
rome,rome:60:234-0-s260:p0,7,59,25,1513,100,10,250.0,1947.0,12.0,0.12840267077555212,0.010700222564629344,0.012840267077555213,False,1922.0,True
rome,rome:60:234-0-s260:p0,8,61,32,1513,100,10,320.0,2013.0,12.0,0.15896671634376552,0.01324722636198046,0.015896671634376552,False,1981.0,True
rome,rome:60:234-0-s260:p0,9,60,15,1513,100,10,150.0,1980.0,12.0,0.07575757575757576,0.006313131313131313,0.007575757575757576,False,1965.0,True
rome,rome:60:234-0-s260:p0,10,59,33,1513,100,10,330.0,1947.0,12.0,0.1694915254237288,0.014124293785310734,0.01694915254237288,False,1914.0,True
rome,rome:60:234-0-s260:p0,11,61,19,1513,100,10,190.0,2013.0,12.0,0.09438648782911079,0.007865540652425899,0.009438648782911079,False,1994.0,True
rome,rome:60:234-0-s260:p0,12,60,27,1513,100,10,270.0,1980.0,12.0,0.13636363636363635,0.011363636363636362,0.013636363636363636,False,1953.0,True
rome,rome:60:234-0-s260:p0,13,60,22,1513,100,10,220.0,1980.0,12.0,0.1111111111111111,0.009259259259259259,0.011111111111111112,False,1958.0,True
rome,rome:60:234-0-s260:p0,14,61,14,1513,100,10,140.0,2013.0,12.0,0.06954793840039741,0.005795661533366451,0.006954793840039742,False,1999.0,True
rome,rome:60:234-0-s260:p0,15,58,23,1513,100,10,230.0,1914.0,12.0,0.12016718913270637,0.01001393242772553,0.012016718913270637,False,1891.0,True
rome,rome:60:234-0-s260:p0,16,61,33,1513,100,10,330.0,2013.0,12.0,0.16393442622950818,0.01366120218579235,0.01639344262295082,False,1980.0,True
rome,rome:60:234-0-s260:p0,17,60,20,1513,100,10,200.0,1980.0,12.0,0.10101010101010101,0.008417508417508417,0.010101010101010102,False,1960.0,True
rome,rome:60:234-0-s260:p0,18,60,11,1513,100,10,110.0,1980.0,12.0,0.05555555555555555,0.004629629629629629,0.005555555555555556,False,1969.0,True
rome,rome:60:234-0-s260:p0,19,60,24,1513,100,10,240.0,1980.0,12.0,0.12121212121212122,0.010101010101010102,0.012121212121212121,False,1956.0,True
rome,rome:60:234-0-s260:p0,20,60,8,1513,100,10,80.0,1980.0,12.0,0.04040404040404041,0.0033670033670033673,0.00404040404040404,True,1972.0,True
rome,rome:60:234-0-s260:p0,21,61,4,1513,100,10,40.0,2013.0,12.0,0.01987083954297069,0.0016559032952475575,0.001987083954297069,True,2009.0,True
rome,rome:60:234-0-s260:p0,22,59,0,1513,100,10,0.0,1947.0,12.0,0.0,0.0,0.0,True,1947.0,True
rome,rome:60:234-0-s260:p0,23,60,0,1513,100,10,0.0,1980.0,12.0,0.0,0.0,0.0,True,1980.0,True
rome,rome:60:24-0-s158:p0,0,58,15,1111,120,12,180.0,1914.0,12.0,0.09404388714733543,0.007836990595611286,0.007836990595611285,False,1899.0,True
rome,rome:60:24-0-s158:p0,1,59,9,1111,120,12,108.0,1947.0,12.0,0.05546995377503852,0.004622496147919877,0.004622496147919877,True,1938.0,True
rome,rome:60:24-0-s158:p0,2,61,0,1111,120,12,0.0,2013.0,12.0,0.0,0.0,0.0,True,2013.0,True
rome,rome:60:24-0-s158:p0,3,59,0,1111,120,12,0.0,1947.0,12.0,0.0,0.0,0.0,True,1947.0,True
rome,rome:60:24-0-s158:p0,4,64,9,1111,120,12,108.0,2112.0,12.0,0.05113636363636364,0.004261363636363637,0.004261363636363636,True,2103.0,True
rome,rome:60:24-0-s158:p0,5,56,2,1111,120,12,24.0,1848.0,12.0,0.012987012987012988,0.0010822510822510823,0.0010822510822510823,True,1846.0,True
rome,rome:60:24-0-s158:p0,6,63,0,1111,120,12,0.0,2079.0,12.0,0.0,0.0,0.0,True,2079.0,True
rome,rome:60:24-0-s158:p0,7,58,0,1111,120,12,0.0,1914.0,12.0,0.0,0.0,0.0,True,1914.0,True
rome,rome:60:24-0-s158:p0,8,62,3,1111,120,12,36.0,2046.0,12.0,0.017595307917888565,0.0014662756598240471,0.001466275659824047,True,2043.0,True
rome,rome:60:24-0-s158:p0,9,58,3,1111,120,12,36.0,1914.0,12.0,0.018808777429467086,0.0015673981191222572,0.001567398119122257,True,1911.0,True
rome,rome:60:24-0-s158:p0,10,59,1,1111,120,12,12.0,1947.0,12.0,0.0061633281972265025,0.0005136106831022085,0.0005136106831022085,True,1946.0,True
rome,rome:60:24-0-s158:p0,11,61,0,1111,120,12,0.0,2013.0,12.0,0.0,0.0,0.0,True,2013.0,True
rome,rome:60:24-0-s158:p0,12,60,3,1111,120,12,36.0,1980.0,12.0,0.01818181818181818,0.0015151515151515152,0.0015151515151515152,True,1977.0,True
rome,rome:60:24-0-s158:p0,13,60,11,1111,120,12,132.0,1980.0,12.0,0.06666666666666667,0.005555555555555556,0.005555555555555556,False,1969.0,True
rome,rome:60:24-0-s158:p0,14,61,0,1111,120,12,0.0,2013.0,12.0,0.0,0.0,0.0,True,2013.0,True
rome,rome:60:24-0-s158:p0,15,60,12,1111,120,12,144.0,1980.0,12.0,0.07272727272727272,0.006060606060606061,0.006060606060606061,False,1968.0,True
rome,rome:60:24-0-s158:p0,16,60,7,1111,120,12,84.0,1980.0,12.0,0.04242424242424243,0.0035353535353535356,0.0035353535353535356,True,1973.0,True
rome,rome:60:24-0-s158:p0,17,61,11,1111,120,12,132.0,2013.0,12.0,0.06557377049180328,0.00546448087431694,0.00546448087431694,False,2002.0,True
rome,rome:60:24-0-s158:p0,18,58,16,1111,120,12,192.0,1914.0,12.0,0.10031347962382445,0.008359456635318703,0.008359456635318705,False,1898.0,True
rome,rome:60:24-0-s158:p0,19,62,1,1111,120,12,12.0,2046.0,12.0,0.005865102639296188,0.0004887585532746823,0.0004887585532746823,True,2045.0,True
rome,rome:60:24-0-s158:p0,20,58,2,1111,120,12,24.0,1914.0,12.0,0.012539184952978056,0.001044932079414838,0.0010449320794148381,True,1912.0,True
rome,rome:60:24-0-s158:p0,21,59,29,1111,120,12,348.0,1947.0,12.0,0.17873651771956856,0.014894709809964046,0.014894709809964048,False,1918.0,True
rome,rome:60:24-0-s158:p0,22,61,19,1111,120,12,228.0,2013.0,12.0,0.11326378539493294,0.009438648782911079,0.009438648782911079,False,1994.0,True
rome,rome:60:24-0-s158:p0,23,62,8,1111,120,12,96.0,2046.0,12.0,0.0469208211143695,0.0039100684261974585,0.0039100684261974585,True,2038.0,True
rome,rome:60:24-0-s158:p1,0,60,10,1111,120,12,120.0,1980.0,12.0,0.06060606060606061,0.005050505050505051,0.005050505050505051,True,1970.0,True
rome,rome:60:24-0-s158:p1,1,66,2,1111,120,12,24.0,2178.0,12.0,0.011019283746556474,0.0009182736455463728,0.0009182736455463728,True,2176.0,True
rome,rome:60:24-0-s158:p1,2,45,1,1111,120,12,12.0,1485.0,12.0,0.00808080808080808,0.0006734006734006734,0.0006734006734006734,True,1484.0,True
rome,rome:60:24-0-s158:p1,3,59,0,1111,120,12,0.0,1947.0,12.0,0.0,0.0,0.0,True,1947.0,True
rome,rome:60:24-0-s158:p1,4,61,24,1111,120,12,288.0,2013.0,12.0,0.14307004470938897,0.011922503725782414,0.011922503725782414,False,1989.0,True
rome,rome:60:24-0-s158:p1,5,73,13,1111,120,12,156.0,2409.0,12.0,0.0647571606475716,0.0053964300539643,0.005396430053964301,False,2396.0,True
rome,rome:60:24-0-s158:p1,6,49,106,1111,120,12,1272.0,1617.0,12.0,0.7866419294990723,0.06555349412492269,0.0655534941249227,False,1511.0,True
rome,rome:60:24-0-s158:p1,7,70,0,1012,120,12,0.0,2310.0,12.0,0.0,0.0,0.0,True,2310.0,True
rome,rome:60:24-0-s158:p1,8,47,0,1012,120,12,0.0,1551.0,12.0,0.0,0.0,0.0,True,1551.0,True
rome,rome:60:24-0-s158:p1,9,74,8,1012,120,12,96.0,2442.0,12.0,0.03931203931203931,0.0032760032760032758,0.003276003276003276,True,2434.0,True
rome,rome:60:24-0-s158:p1,10,60,14,1012,120,12,168.0,1980.0,12.0,0.08484848484848485,0.007070707070707071,0.007070707070707071,False,1966.0,True
rome,rome:60:24-0-s158:p1,11,47,13,1012,120,12,156.0,1551.0,12.0,0.10058027079303675,0.008381689232753063,0.008381689232753063,False,1538.0,True
rome,rome:60:24-0-s158:p1,12,73,25,1012,120,12,300.0,2409.0,12.0,0.12453300124533001,0.0103777501037775,0.0103777501037775,False,2384.0,True
rome,rome:60:24-0-s158:p1,13,47,11,1112,120,12,132.0,1551.0,12.0,0.0851063829787234,0.0070921985815602835,0.0070921985815602835,False,1540.0,True
rome,rome:60:24-0-s158:p1,14,72,18,1112,120,12,216.0,2376.0,12.0,0.09090909090909091,0.007575757575757576,0.007575757575757576,False,2358.0,True
rome,rome:60:24-0-s158:p1,15,61,8,1112,120,12,96.0,2013.0,12.0,0.04769001490312966,0.003974167908594138,0.003974167908594138,True,2005.0,True
rome,rome:60:24-0-s158:p1,16,59,19,1112,120,12,228.0,1947.0,12.0,0.11710323574730354,0.009758602978941962,0.009758602978941962,False,1928.0,True
rome,rome:60:24-0-s158:p1,17,60,6,1112,120,12,72.0,1980.0,12.0,0.03636363636363636,0.0030303030303030303,0.0030303030303030303,True,1974.0,True
rome,rome:60:24-0-s158:p1,18,60,4,1112,120,12,48.0,1980.0,12.0,0.024242424242424242,0.00202020202020202,0.00202020202020202,True,1976.0,True
rome,rome:60:24-0-s158:p1,19,60,4,1112,120,12,48.0,1980.0,12.0,0.024242424242424242,0.00202020202020202,0.00202020202020202,True,1976.0,True
rome,rome:60:24-0-s158:p1,20,51,9,1112,120,12,108.0,1683.0,12.0,0.06417112299465241,0.005347593582887701,0.0053475935828877,True,1674.0,True
rome,rome:60:24-0-s158:p1,21,69,25,1012,120,12,300.0,2277.0,12.0,0.13175230566534915,0.010979358805445762,0.010979358805445762,False,2252.0,True
rome,rome:60:24-0-s158:p1,22,48,4,1012,120,12,48.0,1584.0,12.0,0.030303030303030304,0.0025252525252525255,0.0025252525252525255,True,1580.0,True
rome,rome:60:24-0-s158:p1,23,72,13,1012,120,12,156.0,2376.0,12.0,0.06565656565656566,0.005471380471380472,0.005471380471380472,False,2363.0,True
rome,rome:60:24-0-s158:p2,0,72,19,1012,120,12,228.0,2376.0,12.0,0.09595959595959595,0.007996632996632997,0.007996632996632997,False,2357.0,True
rome,rome:60:24-0-s158:p2,1,67,15,1012,120,12,180.0,2211.0,12.0,0.0814111261872456,0.0067842605156037995,0.0067842605156037995,False,2196.0,True
rome,rome:60:24-0-s158:p2,2,53,6,1012,120,12,72.0,1749.0,12.0,0.0411663807890223,0.0034305317324185253,0.003430531732418525,True,1743.0,True
rome,rome:60:24-0-s158:p2,3,68,8,1012,120,12,96.0,2244.0,12.0,0.0427807486631016,0.0035650623885918,0.0035650623885918,True,2236.0,True
rome,rome:60:24-0-s158:p2,4,53,5,1012,120,12,60.0,1749.0,12.0,0.03430531732418525,0.002858776443682104,0.002858776443682104,True,1744.0,True
rome,rome:60:24-0-s158:p2,5,62,10,1012,120,12,120.0,2046.0,12.0,0.05865102639296188,0.004887585532746823,0.004887585532746823,True,2036.0,True
rome,rome:60:24-0-s158:p2,6,45,1,1112,120,12,12.0,1485.0,12.0,0.00808080808080808,0.0006734006734006734,0.0006734006734006734,True,1484.0,True
rome,rome:60:24-0-s158:p2,7,60,8,1112,120,12,96.0,1980.0,12.0,0.048484848484848485,0.00404040404040404,0.00404040404040404,True,1972.0,True
rome,rome:60:24-0-s158:p2,8,60,16,1012,120,12,192.0,1980.0,12.0,0.09696969696969697,0.00808080808080808,0.00808080808080808,False,1964.0,True
rome,rome:60:24-0-s158:p2,9,76,7,1012,120,12,84.0,2508.0,12.0,0.03349282296650718,0.0027910685805422647,0.0027910685805422647,True,2501.0,True
rome,rome:60:24-0-s158:p2,10,44,6,1012,120,12,72.0,1452.0,12.0,0.049586776859504134,0.004132231404958678,0.004132231404958678,True,1446.0,True
rome,rome:60:24-0-s158:p2,11,60,3,1012,120,12,36.0,1980.0,12.0,0.01818181818181818,0.0015151515151515152,0.0015151515151515152,True,1977.0,True
rome,rome:60:24-0-s158:p2,12,76,0,1012,120,12,0.0,2508.0,12.0,0.0,0.0,0.0,True,2508.0,True
rome,rome:60:24-0-s158:p2,13,56,2,1012,120,12,24.0,1848.0,12.0,0.012987012987012988,0.0010822510822510823,0.0010822510822510823,True,1846.0,True
rome,rome:60:24-0-s158:p2,14,61,1,1012,120,12,12.0,2013.0,12.0,0.005961251862891207,0.0004967709885742673,0.0004967709885742673,True,2012.0,True
rome,rome:60:24-0-s158:p2,15,59,2,1012,120,12,24.0,1947.0,12.0,0.012326656394453005,0.001027221366204417,0.001027221366204417,True,1945.0,True
rome,rome:60:24-0-s158:p2,16,63,0,1012,120,12,0.0,2079.0,12.0,0.0,0.0,0.0,True,2079.0,True
rome,rome:60:24-0-s158:p2,17,59,12,1012,120,12,144.0,1947.0,12.0,0.07395993836671803,0.0061633281972265025,0.0061633281972265025,False,1935.0,True
rome,rome:60:24-0-s158:p2,18,58,9,1012,120,12,108.0,1914.0,12.0,0.05642633228840126,0.004702194357366771,0.004702194357366771,True,1905.0,True
rome,rome:60:24-0-s158:p2,19,52,1,1112,120,12,12.0,1716.0,12.0,0.006993006993006993,0.0005827505827505828,0.0005827505827505828,True,1715.0,True
rome,rome:60:24-0-s158:p2,20,69,0,1112,120,12,0.0,2277.0,12.0,0.0,0.0,0.0,True,2277.0,True
rome,rome:60:24-0-s158:p2,21,50,1,1112,120,12,12.0,1650.0,12.0,0.007272727272727273,0.0006060606060606061,0.0006060606060606061,True,1649.0,True
rome,rome:60:24-0-s158:p2,22,73,1,1112,120,12,12.0,2409.0,12.0,0.0049813200498132005,0.00041511000415110004,0.00041511000415110004,True,2408.0,True
rome,rome:60:24-0-s158:p2,23,58,0,1112,120,12,0.0,1914.0,12.0,0.0,0.0,0.0,True,1914.0,True
rome,rome:60:24-0-s158:p3,0,58,2,1112,120,12,24.0,1914.0,12.0,0.012539184952978056,0.001044932079414838,0.0010449320794148381,True,1912.0,True
rome,rome:60:24-0-s158:p3,1,60,0,1112,120,12,0.0,1980.0,12.0,0.0,0.0,0.0,True,1980.0,True
rome,rome:60:24-0-s158:p3,2,60,21,1112,120,12,252.0,1980.0,12.0,0.12727272727272726,0.010606060606060605,0.010606060606060607,False,1959.0,True
rome,rome:60:24-0-s158:p3,3,52,11,1112,120,12,132.0,1716.0,12.0,0.07692307692307693,0.006410256410256411,0.00641025641025641,False,1705.0,True
rome,rome:60:24-0-s158:p3,4,60,19,1112,120,12,228.0,1980.0,12.0,0.11515151515151516,0.009595959595959597,0.009595959595959595,False,1961.0,True
rome,rome:60:24-0-s158:p3,5,60,19,1113,120,12,228.0,1980.0,12.0,0.11515151515151516,0.009595959595959597,0.009595959595959595,False,1961.0,True
rome,rome:60:24-0-s158:p3,6,61,22,1112,120,12,264.0,2013.0,12.0,0.13114754098360656,0.01092896174863388,0.01092896174863388,False,1991.0,True
rome,rome:60:24-0-s158:p3,7,59,17,1112,120,12,204.0,1947.0,12.0,0.10477657935285054,0.008731381612737545,0.008731381612737545,False,1930.0,True
rome,rome:60:24-0-s158:p3,8,62,31,1112,120,12,372.0,2046.0,12.0,0.18181818181818182,0.015151515151515152,0.015151515151515152,False,2015.0,True
rome,rome:60:24-0-s158:p3,9,60,16,1113,120,12,192.0,1980.0,12.0,0.09696969696969697,0.00808080808080808,0.00808080808080808,False,1964.0,True
rome,rome:60:24-0-s158:p3,10,61,26,1113,120,12,312.0,2013.0,12.0,0.15499254843517138,0.012916045702930949,0.012916045702930949,False,1987.0,True
rome,rome:60:24-0-s158:p3,11,57,20,1112,120,12,240.0,1881.0,12.0,0.12759170653907495,0.010632642211589579,0.01063264221158958,False,1861.0,True
rome,rome:60:24-0-s158:p3,12,60,28,1112,120,12,336.0,1980.0,12.0,0.1696969696969697,0.014141414141414142,0.014141414141414142,False,1952.0,True
rome,rome:60:24-0-s158:p3,13,60,24,1112,120,12,288.0,1980.0,12.0,0.14545454545454545,0.012121212121212121,0.012121212121212121,False,1956.0,True
rome,rome:60:24-0-s158:p3,14,60,28,1112,120,12,336.0,1980.0,12.0,0.1696969696969697,0.014141414141414142,0.014141414141414142,False,1952.0,True
rome,rome:60:24-0-s158:p3,15,61,36,1112,120,12,432.0,2013.0,12.0,0.21460506706408347,0.01788375558867362,0.01788375558867362,False,1977.0,True
rome,rome:60:24-0-s158:p3,16,59,11,1112,120,12,132.0,1947.0,12.0,0.06779661016949153,0.005649717514124294,0.005649717514124294,False,1936.0,True
rome,rome:60:24-0-s158:p3,17,61,0,1112,120,12,0.0,2013.0,12.0,0.0,0.0,0.0,True,2013.0,True
rome,rome:60:24-0-s158:p3,18,60,0,1112,120,12,0.0,1980.0,12.0,0.0,0.0,0.0,True,1980.0,True
rome,rome:60:24-0-s158:p3,19,59,0,1112,120,12,0.0,1947.0,12.0,0.0,0.0,0.0,True,1947.0,True
rome,rome:60:24-0-s158:p3,20,61,2,1112,120,12,24.0,2013.0,12.0,0.011922503725782414,0.0009935419771485345,0.0009935419771485345,True,2011.0,True
rome,rome:60:24-0-s158:p3,21,66,0,1112,120,12,0.0,2178.0,12.0,0.0,0.0,0.0,True,2178.0,True
rome,rome:60:24-0-s158:p3,22,53,0,1112,120,12,0.0,1749.0,12.0,0.0,0.0,0.0,True,1749.0,True
rome,rome:60:24-0-s158:p3,23,60,11,1112,120,12,132.0,1980.0,12.0,0.06666666666666667,0.005555555555555556,0.005555555555555556,False,1969.0,True
rome,rome:60:24-0-s50:p0,0,60,364,1307,120,12,4368.0,1980.0,12.0,2.206060606060606,0.18383838383838383,0.18383838383838383,False,1616.0,True
rome,rome:60:24-0-s50:p0,1,61,81,1203,100,10,810.0,2013.0,12.0,0.40238450074515647,0.03353204172876304,0.040238450074515646,False,1932.0,True
rome,rome:60:24-0-s50:p0,2,61,0,1204,100,10,0.0,2013.0,12.0,0.0,0.0,0.0,True,2013.0,True
rome,rome:60:24-0-s50:p0,3,46,0,1204,100,10,0.0,1518.0,12.0,0.0,0.0,0.0,True,1518.0,True
rome,rome:60:24-0-s50:p0,4,61,0,1204,100,10,0.0,2013.0,12.0,0.0,0.0,0.0,True,2013.0,True
rome,rome:60:24-0-s50:p0,5,61,11,1204,100,10,110.0,2013.0,12.0,0.0546448087431694,0.004553734061930783,0.00546448087431694,False,2002.0,True
rome,rome:60:24-0-s50:p0,6,59,12,1204,100,10,120.0,1947.0,12.0,0.061633281972265024,0.005136106831022085,0.0061633281972265025,False,1935.0,True
rome,rome:60:24-0-s50:p0,7,65,29,1204,100,10,290.0,2145.0,12.0,0.1351981351981352,0.011266511266511266,0.01351981351981352,False,2116.0,True
rome,rome:60:24-0-s50:p0,8,55,38,1104,100,10,380.0,1815.0,12.0,0.209366391184573,0.017447199265381085,0.0209366391184573,False,1777.0,True
rome,rome:60:24-0-s50:p0,9,60,16,1204,100,10,160.0,1980.0,12.0,0.08080808080808081,0.006734006734006735,0.00808080808080808,False,1964.0,True
rome,rome:60:24-0-s50:p0,10,61,46,1204,100,10,460.0,2013.0,12.0,0.22851465474416294,0.019042887895346913,0.022851465474416296,False,1967.0,True
rome,rome:60:24-0-s50:p0,11,61,25,1104,100,10,250.0,2013.0,12.0,0.12419274714356682,0.010349395595297234,0.012419274714356682,False,1988.0,True
rome,rome:60:24-0-s50:p0,12,58,26,1104,100,10,260.0,1914.0,12.0,0.13584117032392895,0.01132009752699408,0.013584117032392894,False,1888.0,True
rome,rome:60:24-0-s50:p0,13,60,31,1104,100,10,310.0,1980.0,12.0,0.15656565656565657,0.013047138047138048,0.015656565656565657,False,1949.0,True
rome,rome:60:24-0-s50:p0,14,61,31,1204,100,10,310.0,2013.0,12.0,0.15399900645802286,0.012833250538168571,0.015399900645802286,False,1982.0,True
rome,rome:60:24-0-s50:p0,15,59,26,1204,100,10,260.0,1947.0,12.0,0.1335387776065742,0.011128231467214518,0.01335387776065742,False,1921.0,True
rome,rome:60:24-0-s50:p0,16,62,30,1104,100,10,300.0,2046.0,12.0,0.1466275659824047,0.012218963831867059,0.01466275659824047,False,2016.0,True
rome,rome:60:24-0-s50:p0,17,58,18,1204,100,10,180.0,1914.0,12.0,0.09404388714733543,0.007836990595611286,0.009404388714733543,False,1896.0,True
rome,rome:60:24-0-s50:p0,18,62,29,1204,100,10,290.0,2046.0,12.0,0.14173998044965788,0.01181166503747149,0.014173998044965786,False,2017.0,True
rome,rome:60:24-0-s50:p0,19,58,26,1104,100,10,260.0,1914.0,12.0,0.13584117032392895,0.01132009752699408,0.013584117032392894,False,1888.0,True
rome,rome:60:24-0-s50:p0,20,62,4,1104,100,10,40.0,2046.0,12.0,0.019550342130987292,0.0016291951775822744,0.0019550342130987292,True,2042.0,True
rome,rome:60:24-0-s50:p0,21,58,3,1104,100,10,30.0,1914.0,12.0,0.01567398119122257,0.0013061650992685473,0.001567398119122257,True,1911.0,True
rome,rome:60:24-0-s50:p0,22,60,14,1104,100,10,140.0,1980.0,12.0,0.0707070707070707,0.005892255892255892,0.007070707070707071,False,1966.0,True
rome,rome:60:24-0-s50:p0,23,61,12,1104,100,10,120.0,2013.0,12.0,0.05961251862891207,0.004967709885742673,0.005961251862891207,False,2001.0,True
rome,rome:60:24-0-s50:p1,0,63,13,1204,100,10,130.0,2079.0,12.0,0.06253006253006253,0.0052108385441718775,0.006253006253006253,False,2066.0,True
rome,rome:60:24-0-s50:p1,1,57,3,1204,100,10,30.0,1881.0,12.0,0.01594896331738437,0.0013290802764486973,0.001594896331738437,True,1878.0,True
rome,rome:60:24-0-s50:p1,2,62,16,1204,100,10,160.0,2046.0,12.0,0.07820136852394917,0.006516780710329097,0.007820136852394917,False,2030.0,True
rome,rome:60:24-0-s50:p1,3,58,6,1204,100,10,60.0,1914.0,12.0,0.03134796238244514,0.0026123301985370947,0.003134796238244514,True,1908.0,True
rome,rome:60:24-0-s50:p1,4,62,5,1104,100,10,50.0,2046.0,12.0,0.024437927663734114,0.0020364939719778427,0.0024437927663734115,True,2041.0,True
rome,rome:60:24-0-s50:p1,5,58,10,1204,100,10,100.0,1914.0,12.0,0.0522466039707419,0.004353883664228492,0.00522466039707419,True,1904.0,True
rome,rome:60:24-0-s50:p1,6,62,8,1204,100,10,80.0,2046.0,12.0,0.039100684261974585,0.0032583903551645487,0.0039100684261974585,True,2038.0,True
rome,rome:60:24-0-s50:p1,7,58,12,1204,100,10,120.0,1914.0,12.0,0.06269592476489028,0.005224660397074189,0.006269592476489028,False,1902.0,True
rome,rome:60:24-0-s50:p1,8,63,7,1204,100,10,70.0,2079.0,12.0,0.03367003367003367,0.0028058361391694723,0.003367003367003367,True,2072.0,True
rome,rome:60:24-0-s50:p1,9,58,20,1204,100,10,200.0,1914.0,12.0,0.1044932079414838,0.008707767328456984,0.01044932079414838,False,1894.0,True
rome,rome:60:24-0-s50:p1,10,61,27,1204,100,10,270.0,2013.0,12.0,0.13412816691505217,0.011177347242921014,0.013412816691505217,False,1986.0,True
rome,rome:60:24-0-s50:p1,11,58,8,1204,100,10,80.0,1914.0,12.0,0.04179728317659352,0.0034831069313827935,0.0041797283176593526,True,1906.0,True
rome,rome:60:24-0-s50:p1,12,61,6,1204,100,10,60.0,2013.0,12.0,0.029806259314456036,0.0024838549428713363,0.0029806259314456036,True,2007.0,True
rome,rome:60:24-0-s50:p1,13,67,0,1204,100,10,0.0,2211.0,12.0,0.0,0.0,0.0,True,2211.0,True
rome,rome:60:24-0-s50:p1,14,62,3,1204,100,10,30.0,2046.0,12.0,0.01466275659824047,0.0012218963831867058,0.001466275659824047,True,2043.0,True
rome,rome:60:24-0-s50:p1,15,63,10,1204,100,10,100.0,2079.0,12.0,0.0481000481000481,0.004008337341670675,0.00481000481000481,True,2069.0,True
rome,rome:60:24-0-s50:p1,16,58,3,1204,100,10,30.0,1914.0,12.0,0.01567398119122257,0.0013061650992685473,0.001567398119122257,True,1911.0,True
rome,rome:60:24-0-s50:p1,17,60,2,1204,100,10,20.0,1980.0,12.0,0.010101010101010102,0.0008417508417508418,0.00101010101010101,True,1978.0,True
rome,rome:60:24-0-s50:p1,18,48,10,1204,100,10,100.0,1584.0,12.0,0.06313131313131314,0.005260942760942761,0.006313131313131313,True,1574.0,True
rome,rome:60:24-0-s50:p1,19,74,20,1204,100,10,200.0,2442.0,12.0,0.0819000819000819,0.006825006825006825,0.00819000819000819,False,2422.0,True
rome,rome:60:24-0-s50:p1,20,58,19,1204,100,10,190.0,1914.0,12.0,0.09926854754440961,0.008272378962034135,0.009926854754440962,False,1895.0,True
rome,rome:60:24-0-s50:p1,21,53,15,1204,100,10,150.0,1749.0,12.0,0.08576329331046312,0.00714694110920526,0.008576329331046312,False,1734.0,True
rome,rome:60:24-0-s50:p1,22,54,29,1204,100,10,290.0,1782.0,12.0,0.1627384960718294,0.013561541339319118,0.01627384960718294,False,1753.0,True
rome,rome:60:24-0-s50:p1,23,72,20,1104,100,10,200.0,2376.0,12.0,0.08417508417508418,0.007014590347923681,0.008417508417508417,False,2356.0,True
rome,rome:60:24-0-s50:p2,0,60,20,1204,100,10,200.0,1980.0,12.0,0.10101010101010101,0.008417508417508417,0.010101010101010102,False,1960.0,True
rome,rome:60:24-0-s50:p2,1,48,9,1204,100,10,90.0,1584.0,12.0,0.056818181818181816,0.004734848484848485,0.005681818181818182,True,1575.0,True
rome,rome:60:24-0-s50:p2,2,60,17,1204,100,10,170.0,1980.0,12.0,0.08585858585858586,0.007154882154882154,0.008585858585858586,False,1963.0,True
rome,rome:60:24-0-s50:p2,3,73,1,1204,100,10,10.0,2409.0,12.0,0.004151100041511001,0.00034592500345925005,0.00041511000415110004,True,2408.0,True
rome,rome:60:24-0-s50:p2,4,60,0,1204,100,10,0.0,1980.0,12.0,0.0,0.0,0.0,True,1980.0,True
rome,rome:60:24-0-s50:p2,5,63,0,1204,100,10,0.0,2079.0,12.0,0.0,0.0,0.0,True,2079.0,True
rome,rome:60:24-0-s50:p2,6,44,0,1204,100,10,0.0,1452.0,12.0,0.0,0.0,0.0,True,1452.0,True
rome,rome:60:24-0-s50:p2,7,72,0,1204,100,10,0.0,2376.0,12.0,0.0,0.0,0.0,True,2376.0,True
rome,rome:60:24-0-s50:p2,8,62,0,1204,100,10,0.0,2046.0,12.0,0.0,0.0,0.0,True,2046.0,True
rome,rome:60:24-0-s50:p2,9,59,0,1204,100,10,0.0,1947.0,12.0,0.0,0.0,0.0,True,1947.0,True
rome,rome:60:24-0-s50:p2,10,63,0,1204,100,10,0.0,2079.0,12.0,0.0,0.0,0.0,True,2079.0,True
rome,rome:60:24-0-s50:p2,11,56,0,1204,100,10,0.0,1848.0,12.0,0.0,0.0,0.0,True,1848.0,True
rome,rome:60:24-0-s50:p2,12,63,0,1204,100,10,0.0,2079.0,12.0,0.0,0.0,0.0,True,2079.0,True
rome,rome:60:24-0-s50:p2,13,58,0,1204,100,10,0.0,1914.0,12.0,0.0,0.0,0.0,True,1914.0,True
rome,rome:60:24-0-s50:p2,14,62,0,1204,100,10,0.0,2046.0,12.0,0.0,0.0,0.0,True,2046.0,True
rome,rome:60:24-0-s50:p2,15,57,0,1204,100,10,0.0,1881.0,12.0,0.0,0.0,0.0,True,1881.0,True
rome,rome:60:24-0-s50:p2,16,62,0,1204,100,10,0.0,2046.0,12.0,0.0,0.0,0.0,True,2046.0,True
rome,rome:60:24-0-s50:p2,17,46,1,1204,100,10,10.0,1518.0,12.0,0.006587615283267457,0.0005489679402722881,0.0006587615283267457,True,1517.0,True
rome,rome:60:24-0-s50:p2,18,73,0,1204,100,10,0.0,2409.0,12.0,0.0,0.0,0.0,True,2409.0,True
rome,rome:60:24-0-s50:p2,19,47,7,1204,100,10,70.0,1551.0,12.0,0.04513217279174726,0.003761014399312272,0.004513217279174726,True,1544.0,True
rome,rome:60:24-0-s50:p2,20,75,13,1204,100,10,130.0,2475.0,12.0,0.052525252525252523,0.004377104377104377,0.0052525252525252525,False,2462.0,True
rome,rome:60:24-0-s50:p2,21,47,0,1204,100,10,0.0,1551.0,12.0,0.0,0.0,0.0,True,1551.0,True
rome,rome:60:24-0-s50:p2,22,71,9,1204,100,10,90.0,2343.0,12.0,0.03841229193341869,0.003201024327784891,0.0038412291933418692,True,2334.0,True
rome,rome:60:24-0-s50:p2,23,62,0,1204,100,10,0.0,2046.0,12.0,0.0,0.0,0.0,True,2046.0,True
rome,rome:60:24-0-s50:p3,0,75,4,1204,100,10,40.0,2475.0,12.0,0.01616161616161616,0.0013468013468013469,0.0016161616161616162,True,2471.0,True
rome,rome:60:24-0-s50:p3,1,57,1,1204,100,10,10.0,1881.0,12.0,0.00531632110579479,0.0004430267588162325,0.000531632110579479,True,1880.0,True
rome,rome:60:24-0-s50:p3,2,63,5,1204,100,10,50.0,2079.0,12.0,0.02405002405002405,0.0020041686708353375,0.002405002405002405,True,2074.0,True
rome,rome:60:24-0-s50:p3,3,58,4,1204,100,10,40.0,1914.0,12.0,0.02089864158829676,0.0017415534656913968,0.0020898641588296763,True,1910.0,True
rome,rome:60:24-0-s50:p3,4,59,2,1204,100,10,20.0,1947.0,12.0,0.01027221366204417,0.0008560178051703475,0.001027221366204417,True,1945.0,True
rome,rome:60:24-0-s50:p3,5,62,5,1204,100,10,50.0,2046.0,12.0,0.024437927663734114,0.0020364939719778427,0.0024437927663734115,True,2041.0,True
rome,rome:60:24-0-s50:p3,6,58,15,1204,100,10,150.0,1914.0,12.0,0.07836990595611286,0.006530825496342738,0.007836990595611285,False,1899.0,True
rome,rome:60:24-0-s50:p3,7,61,5,1104,100,10,50.0,2013.0,12.0,0.024838549428713365,0.002069879119059447,0.0024838549428713363,True,2008.0,True
rome,rome:60:24-0-s50:p3,8,60,1,1104,100,10,10.0,1980.0,12.0,0.005050505050505051,0.0004208754208754209,0.000505050505050505,True,1979.0,True
rome,rome:60:24-0-s50:p3,9,60,0,1104,100,10,0.0,1980.0,12.0,0.0,0.0,0.0,True,1980.0,True
rome,rome:60:24-0-s50:p3,10,52,0,1104,100,10,0.0,1716.0,12.0,0.0,0.0,0.0,True,1716.0,True
rome,rome:60:24-0-s50:p3,11,68,2,1104,100,10,20.0,2244.0,12.0,0.008912655971479501,0.0007427213309566251,0.00089126559714795,True,2242.0,True
rome,rome:60:24-0-s50:p3,12,59,1,1104,100,10,10.0,1947.0,12.0,0.005136106831022085,0.00042800890258517377,0.0005136106831022085,True,1946.0,True
rome,rome:60:24-0-s50:p3,13,60,7,1204,100,10,70.0,1980.0,12.0,0.03535353535353535,0.002946127946127946,0.0035353535353535356,True,1973.0,True
rome,rome:60:24-0-s50:p3,14,61,7,1204,100,10,70.0,2013.0,12.0,0.03477396920019871,0.0028978307666832257,0.003477396920019871,True,2006.0,True
rome,rome:60:24-0-s50:p3,15,59,3,1204,100,10,30.0,1947.0,12.0,0.015408320493066256,0.0012840267077555213,0.0015408320493066256,True,1944.0,True
rome,rome:60:24-0-s50:p3,16,60,2,1204,100,10,20.0,1980.0,12.0,0.010101010101010102,0.0008417508417508418,0.00101010101010101,True,1978.0,True
rome,rome:60:24-0-s50:p3,17,60,0,1204,100,10,0.0,1980.0,12.0,0.0,0.0,0.0,True,1980.0,True
rome,rome:60:24-0-s50:p3,18,61,9,1204,100,10,90.0,2013.0,12.0,0.044709388971684055,0.0037257824143070045,0.004470938897168405,True,2004.0,True
rome,rome:60:24-0-s50:p3,19,59,12,1204,100,10,120.0,1947.0,12.0,0.061633281972265024,0.005136106831022085,0.0061633281972265025,False,1935.0,True
rome,rome:60:24-0-s50:p3,20,61,13,1204,100,10,130.0,2013.0,12.0,0.06458022851465474,0.005381685709554562,0.006458022851465474,False,2000.0,True
rome,rome:60:24-0-s50:p3,21,59,8,1204,100,10,80.0,1947.0,12.0,0.04108885464817668,0.00342407122068139,0.004108885464817668,True,1939.0,True
rome,rome:60:24-0-s50:p3,22,63,15,1204,100,10,150.0,2079.0,12.0,0.07215007215007214,0.006012506012506012,0.007215007215007215,False,2064.0,True
rome,rome:60:24-0-s50:p3,23,45,14,1204,100,10,140.0,1485.0,12.0,0.09427609427609428,0.007856341189674524,0.009427609427609427,False,1471.0,True
rome,rome:60:24-0-s50:p4,0,48,1,1204,100,10,10.0,1584.0,12.0,0.006313131313131313,0.0005260942760942761,0.0006313131313131314,True,1583.0,True
rome,rome:60:24-0-s50:p4,1,77,13,1204,100,10,130.0,2541.0,12.0,0.05116096025186934,0.004263413354322445,0.005116096025186935,False,2528.0,True
rome,rome:60:24-0-s50:p4,2,57,5,1204,100,10,50.0,1881.0,12.0,0.02658160552897395,0.0022151337940811626,0.002658160552897395,True,1876.0,True
rome,rome:60:24-0-s50:p4,3,59,23,1204,100,10,230.0,1947.0,12.0,0.11813045711350796,0.009844204759458996,0.011813045711350795,False,1924.0,True
rome,rome:60:24-0-s50:p4,4,49,10,1204,100,10,100.0,1617.0,12.0,0.06184291898577613,0.005153576582148011,0.006184291898577613,True,1607.0,True
rome,rome:60:24-0-s50:p4,5,73,21,1204,100,10,210.0,2409.0,12.0,0.08717310087173101,0.0072644250726442506,0.008717310087173101,False,2388.0,True
rome,rome:60:24-0-s50:p4,6,46,2,1204,100,10,20.0,1518.0,12.0,0.013175230566534914,0.0010979358805445762,0.0013175230566534915,True,1516.0,True
rome,rome:60:24-0-s50:p4,7,59,32,1204,100,10,320.0,1947.0,12.0,0.16435541859270672,0.01369628488272556,0.016435541859270673,False,1915.0,True
rome,rome:60:24-0-s50:p4,8,75,12,1204,100,10,120.0,2475.0,12.0,0.048484848484848485,0.00404040404040404,0.0048484848484848485,False,2463.0,True
rome,rome:60:24-0-s50:p4,9,45,13,1204,100,10,130.0,1485.0,12.0,0.08754208754208755,0.007295173961840629,0.008754208754208754,False,1472.0,True
rome,rome:60:24-0-s50:p4,10,76,23,1204,100,10,230.0,2508.0,12.0,0.09170653907496013,0.00764221158958001,0.009170653907496013,False,2485.0,True
rome,rome:60:24-0-s50:p4,11,44,5,1204,100,10,50.0,1452.0,12.0,0.03443526170798898,0.0028696051423324153,0.003443526170798898,True,1447.0,True
rome,rome:60:24-0-s50:p4,12,72,10,1204,100,10,100.0,2376.0,12.0,0.04208754208754209,0.0035072951739618407,0.004208754208754209,True,2366.0,True
rome,rome:60:24-0-s50:p4,13,60,5,1204,100,10,50.0,1980.0,12.0,0.025252525252525252,0.0021043771043771043,0.0025252525252525255,True,1975.0,True
rome,rome:60:24-0-s50:p4,14,61,4,1204,100,10,40.0,2013.0,12.0,0.01987083954297069,0.0016559032952475575,0.001987083954297069,True,2009.0,True
rome,rome:60:24-0-s50:p4,15,59,13,1204,100,10,130.0,1947.0,12.0,0.0667693888032871,0.005564115733607259,0.00667693888032871,False,1934.0,True
rome,rome:60:24-0-s50:p4,16,60,8,1204,100,10,80.0,1980.0,12.0,0.04040404040404041,0.0033670033670033673,0.00404040404040404,True,1972.0,True
rome,rome:60:24-0-s50:p4,17,49,5,1204,100,10,50.0,1617.0,12.0,0.030921459492888066,0.0025767882910740056,0.0030921459492888066,True,1612.0,True
rome,rome:60:24-0-s50:p4,18,71,1,1104,100,10,10.0,2343.0,12.0,0.004268032437046522,0.00035566936975387685,0.0004268032437046522,True,2342.0,True
rome,rome:60:24-0-s50:p4,19,63,3,1104,100,10,30.0,2079.0,12.0,0.01443001443001443,0.0012025012025012026,0.001443001443001443,True,2076.0,True
rome,rome:60:24-0-s50:p4,20,69,0,1204,100,10,0.0,2277.0,12.0,0.0,0.0,0.0,True,2277.0,True
rome,rome:60:24-0-s50:p4,21,39,1,1204,100,10,10.0,1287.0,12.0,0.00777000777000777,0.0006475006475006475,0.000777000777000777,True,1286.0,True
rome,rome:60:24-0-s50:p4,22,59,6,1204,100,10,60.0,1947.0,12.0,0.030816640986132512,0.0025680534155110425,0.0030816640986132513,True,1941.0,True
rome,rome:60:24-0-s50:p4,23,62,10,1204,100,10,100.0,2046.0,12.0,0.04887585532746823,0.0040729879439556855,0.004887585532746823,True,2036.0,True
rome,rome:60:243-0-s57:p0,0,60,238,401,120,12,2856.0,1980.0,12.0,1.4424242424242424,0.1202020202020202,0.1202020202020202,False,1742.0,True
rome,rome:60:243-0-s57:p0,1,60,87,402,120,12,1044.0,1980.0,12.0,0.5272727272727272,0.04393939393939394,0.04393939393939394,False,1893.0,True
rome,rome:60:243-0-s57:p0,2,61,0,403,120,12,0.0,2013.0,12.0,0.0,0.0,0.0,True,2013.0,True
rome,rome:60:243-0-s57:p0,3,59,0,403,120,12,0.0,1947.0,12.0,0.0,0.0,0.0,True,1947.0,True
rome,rome:60:243-0-s57:p0,4,60,28,403,120,12,336.0,1980.0,12.0,0.1696969696969697,0.014141414141414142,0.014141414141414142,False,1952.0,True
rome,rome:60:243-0-s57:p0,5,60,19,403,120,12,228.0,1980.0,12.0,0.11515151515151516,0.009595959595959597,0.009595959595959595,False,1961.0,True
rome,rome:60:243-0-s57:p0,6,60,26,403,120,12,312.0,1980.0,12.0,0.15757575757575756,0.013131313131313131,0.013131313131313131,False,1954.0,True
rome,rome:60:243-0-s57:p0,7,60,14,403,120,12,168.0,1980.0,12.0,0.08484848484848485,0.007070707070707071,0.007070707070707071,False,1966.0,True
rome,rome:60:243-0-s57:p0,8,60,0,403,120,12,0.0,1980.0,12.0,0.0,0.0,0.0,True,1980.0,True
rome,rome:60:243-0-s57:p0,9,60,0,403,120,12,0.0,1980.0,12.0,0.0,0.0,0.0,True,1980.0,True
rome,rome:60:243-0-s57:p0,10,60,0,403,120,12,0.0,1980.0,12.0,0.0,0.0,0.0,True,1980.0,True
rome,rome:60:243-0-s57:p0,11,60,0,403,120,12,0.0,1980.0,12.0,0.0,0.0,0.0,True,1980.0,True
rome,rome:60:243-0-s57:p0,12,60,23,403,120,12,276.0,1980.0,12.0,0.1393939393939394,0.011616161616161616,0.011616161616161616,False,1957.0,True
rome,rome:60:243-0-s57:p0,13,60,0,403,120,12,0.0,1980.0,12.0,0.0,0.0,0.0,True,1980.0,True
rome,rome:60:243-0-s57:p0,14,60,0,403,120,12,0.0,1980.0,12.0,0.0,0.0,0.0,True,1980.0,True
rome,rome:60:243-0-s57:p0,15,60,0,403,120,12,0.0,1980.0,12.0,0.0,0.0,0.0,True,1980.0,True
rome,rome:60:243-0-s57:p0,16,60,0,403,120,12,0.0,1980.0,12.0,0.0,0.0,0.0,True,1980.0,True
rome,rome:60:243-0-s57:p0,17,60,0,403,120,12,0.0,1980.0,12.0,0.0,0.0,0.0,True,1980.0,True
rome,rome:60:243-0-s57:p0,18,60,0,403,120,12,0.0,1980.0,12.0,0.0,0.0,0.0,True,1980.0,True
rome,rome:60:243-0-s57:p0,19,60,4,403,120,12,48.0,1980.0,12.0,0.024242424242424242,0.00202020202020202,0.00202020202020202,True,1976.0,True
rome,rome:60:243-0-s57:p0,20,60,1,403,120,12,12.0,1980.0,12.0,0.006060606060606061,0.000505050505050505,0.000505050505050505,True,1979.0,True
rome,rome:60:243-0-s57:p0,21,60,0,403,120,12,0.0,1980.0,12.0,0.0,0.0,0.0,True,1980.0,True
rome,rome:60:243-0-s57:p0,22,60,4,403,120,12,48.0,1980.0,12.0,0.024242424242424242,0.00202020202020202,0.00202020202020202,True,1976.0,True
rome,rome:60:243-0-s57:p0,23,60,1,403,120,12,12.0,1980.0,12.0,0.006060606060606061,0.000505050505050505,0.000505050505050505,True,1979.0,True
rome,rome:60:243-0-s91:p0,0,60,124,1410,100,10,1240.0,1980.0,12.0,0.6262626262626263,0.052188552188552194,0.06262626262626263,False,1856.0,True
rome,rome:60:243-0-s91:p0,1,60,0,1310,120,12,0.0,1980.0,12.0,0.0,0.0,0.0,True,1980.0,True
rome,rome:60:243-0-s91:p0,2,60,8,1310,120,12,96.0,1980.0,12.0,0.048484848484848485,0.00404040404040404,0.00404040404040404,True,1972.0,True
rome,rome:60:243-0-s91:p0,3,60,300,1310,120,12,3600.0,1980.0,12.0,1.8181818181818181,0.15151515151515152,0.15151515151515152,False,1680.0,True
rome,rome:60:243-0-s91:p0,4,60,168,1413,100,10,1680.0,1980.0,12.0,0.8484848484848485,0.0707070707070707,0.08484848484848485,False,1812.0,True
rome,rome:60:243-0-s91:p0,5,60,24,1514,100,10,240.0,1980.0,12.0,0.12121212121212122,0.010101010101010102,0.012121212121212121,False,1956.0,True
rome,rome:60:243-0-s91:p0,6,61,0,1514,100,10,0.0,2013.0,12.0,0.0,0.0,0.0,True,2013.0,True
rome,rome:60:243-0-s91:p0,7,59,0,1514,100,10,0.0,1947.0,12.0,0.0,0.0,0.0,True,1947.0,True
rome,rome:60:243-0-s91:p0,8,60,0,1514,100,10,0.0,1980.0,12.0,0.0,0.0,0.0,True,1980.0,True
rome,rome:60:243-0-s91:p0,9,60,4,1514,100,10,40.0,1980.0,12.0,0.020202020202020204,0.0016835016835016836,0.00202020202020202,True,1976.0,True
rome,rome:60:243-0-s91:p0,10,60,19,1514,100,10,190.0,1980.0,12.0,0.09595959595959595,0.007996632996632997,0.009595959595959595,False,1961.0,True
rome,rome:60:243-0-s91:p0,11,60,6,1514,100,10,60.0,1980.0,12.0,0.030303030303030304,0.0025252525252525255,0.0030303030303030303,True,1974.0,True
rome,rome:60:243-0-s91:p0,12,60,8,1514,100,10,80.0,1980.0,12.0,0.04040404040404041,0.0033670033670033673,0.00404040404040404,True,1972.0,True
rome,rome:60:243-0-s91:p0,13,60,14,1514,100,10,140.0,1980.0,12.0,0.0707070707070707,0.005892255892255892,0.007070707070707071,False,1966.0,True
rome,rome:60:243-0-s91:p0,14,60,12,1514,100,10,120.0,1980.0,12.0,0.06060606060606061,0.005050505050505051,0.006060606060606061,False,1968.0,True
rome,rome:60:243-0-s91:p0,15,60,11,1514,100,10,110.0,1980.0,12.0,0.05555555555555555,0.004629629629629629,0.005555555555555556,False,1969.0,True
rome,rome:60:243-0-s91:p0,16,60,17,1514,100,10,170.0,1980.0,12.0,0.08585858585858586,0.007154882154882154,0.008585858585858586,False,1963.0,True
rome,rome:60:243-0-s91:p0,17,60,17,1514,100,10,170.0,1980.0,12.0,0.08585858585858586,0.007154882154882154,0.008585858585858586,False,1963.0,True
rome,rome:60:243-0-s91:p0,18,60,0,1514,100,10,0.0,1980.0,12.0,0.0,0.0,0.0,True,1980.0,True
rome,rome:60:243-0-s91:p0,19,60,0,1514,100,10,0.0,1980.0,12.0,0.0,0.0,0.0,True,1980.0,True
rome,rome:60:243-0-s91:p0,20,60,0,1514,100,10,0.0,1980.0,12.0,0.0,0.0,0.0,True,1980.0,True
rome,rome:60:243-0-s91:p0,21,60,0,1514,100,10,0.0,1980.0,12.0,0.0,0.0,0.0,True,1980.0,True
rome,rome:60:243-0-s91:p0,22,60,8,1514,100,10,80.0,1980.0,12.0,0.04040404040404041,0.0033670033670033673,0.00404040404040404,True,1972.0,True
rome,rome:60:243-0-s91:p0,23,60,10,1514,100,10,100.0,1980.0,12.0,0.050505050505050504,0.004208754208754209,0.005050505050505051,True,1970.0,True
rome,rome:60:243-0-s91:p1,0,60,0,1514,100,10,0.0,1980.0,12.0,0.0,0.0,0.0,True,1980.0,True
rome,rome:60:243-0-s91:p1,1,60,0,1514,100,10,0.0,1980.0,12.0,0.0,0.0,0.0,True,1980.0,True
rome,rome:60:243-0-s91:p1,2,61,0,1514,100,10,0.0,2013.0,12.0,0.0,0.0,0.0,True,2013.0,True
rome,rome:60:243-0-s91:p1,3,59,0,1514,100,10,0.0,1947.0,12.0,0.0,0.0,0.0,True,1947.0,True
rome,rome:60:243-0-s91:p1,4,60,0,1514,100,10,0.0,1980.0,12.0,0.0,0.0,0.0,True,1980.0,True
rome,rome:60:243-0-s91:p1,5,60,16,1514,100,10,160.0,1980.0,12.0,0.08080808080808081,0.006734006734006735,0.00808080808080808,False,1964.0,True
rome,rome:60:243-0-s91:p1,6,60,16,1514,100,10,160.0,1980.0,12.0,0.08080808080808081,0.006734006734006735,0.00808080808080808,False,1964.0,True
rome,rome:60:243-0-s91:p1,7,60,6,1514,100,10,60.0,1980.0,12.0,0.030303030303030304,0.0025252525252525255,0.0030303030303030303,True,1974.0,True
rome,rome:60:243-0-s91:p1,8,60,15,1514,100,10,150.0,1980.0,12.0,0.07575757575757576,0.006313131313131313,0.007575757575757576,False,1965.0,True
rome,rome:60:243-0-s91:p1,9,60,6,1514,100,10,60.0,1980.0,12.0,0.030303030303030304,0.0025252525252525255,0.0030303030303030303,True,1974.0,True
rome,rome:60:243-0-s91:p1,10,60,19,1514,100,10,190.0,1980.0,12.0,0.09595959595959595,0.007996632996632997,0.009595959595959595,False,1961.0,True
rome,rome:60:243-0-s91:p1,11,61,15,1514,100,10,150.0,2013.0,12.0,0.07451564828614009,0.00620963735717834,0.007451564828614009,False,1998.0,True
rome,rome:60:243-0-s91:p1,12,60,12,1514,100,10,120.0,1980.0,12.0,0.06060606060606061,0.005050505050505051,0.006060606060606061,False,1968.0,True
rome,rome:60:243-0-s91:p1,13,59,10,1514,100,10,100.0,1947.0,12.0,0.05136106831022085,0.004280089025851737,0.005136106831022085,True,1937.0,True
rome,rome:60:243-0-s91:p1,14,60,20,1514,100,10,200.0,1980.0,12.0,0.10101010101010101,0.008417508417508417,0.010101010101010102,False,1960.0,True
rome,rome:60:243-0-s91:p1,15,60,22,1514,100,10,220.0,1980.0,12.0,0.1111111111111111,0.009259259259259259,0.011111111111111112,False,1958.0,True
rome,rome:60:243-0-s91:p1,16,60,22,1514,100,10,220.0,1980.0,12.0,0.1111111111111111,0.009259259259259259,0.011111111111111112,False,1958.0,True
rome,rome:60:243-0-s91:p1,17,62,13,1514,100,10,130.0,2046.0,12.0,0.0635386119257087,0.005294884327142392,0.00635386119257087,False,2033.0,True
rome,rome:60:243-0-s91:p1,18,58,9,1514,100,10,90.0,1914.0,12.0,0.047021943573667714,0.003918495297805643,0.004702194357366771,True,1905.0,True
rome,rome:60:243-0-s91:p1,19,61,3,1514,100,10,30.0,2013.0,12.0,0.014903129657228018,0.0012419274714356682,0.0014903129657228018,True,2010.0,True
rome,rome:60:243-0-s91:p1,20,60,6,1514,100,10,60.0,1980.0,12.0,0.030303030303030304,0.0025252525252525255,0.0030303030303030303,True,1974.0,True
rome,rome:60:243-0-s91:p1,21,59,2,1514,100,10,20.0,1947.0,12.0,0.01027221366204417,0.0008560178051703475,0.001027221366204417,True,1945.0,True
rome,rome:60:243-0-s91:p1,22,60,16,1514,100,10,160.0,1980.0,12.0,0.08080808080808081,0.006734006734006735,0.00808080808080808,False,1964.0,True
rome,rome:60:243-0-s91:p1,23,60,15,1514,100,10,150.0,1980.0,12.0,0.07575757575757576,0.006313131313131313,0.007575757575757576,False,1965.0,True
rome,rome:60:243-0-s94:p0,0,59,136,1011,120,12,1632.0,1947.0,12.0,0.8382126348228043,0.06985105290190036,0.06985105290190036,False,1811.0,True
rome,rome:60:243-0-s94:p0,1,60,342,1112,120,12,4104.0,1980.0,12.0,2.0727272727272728,0.17272727272727273,0.17272727272727273,False,1638.0,True
rome,rome:60:243-0-s94:p0,2,60,134,1313,100,10,1340.0,1980.0,12.0,0.6767676767676768,0.0563973063973064,0.06767676767676768,False,1846.0,True
rome,rome:60:243-0-s94:p0,3,60,113,1413,100,10,1130.0,1980.0,12.0,0.5707070707070707,0.04755892255892256,0.05707070707070707,False,1867.0,True
rome,rome:60:243-0-s94:p0,4,61,9,1514,100,10,90.0,2013.0,12.0,0.044709388971684055,0.0037257824143070045,0.004470938897168405,True,2004.0,True
rome,rome:60:243-0-s94:p0,5,59,0,1514,100,10,0.0,1947.0,12.0,0.0,0.0,0.0,True,1947.0,True
rome,rome:60:243-0-s94:p0,6,60,0,1514,100,10,0.0,1980.0,12.0,0.0,0.0,0.0,True,1980.0,True
rome,rome:60:243-0-s94:p0,7,60,4,1514,100,10,40.0,1980.0,12.0,0.020202020202020204,0.0016835016835016836,0.00202020202020202,True,1976.0,True
rome,rome:60:243-0-s94:p0,8,60,0,1514,100,10,0.0,1980.0,12.0,0.0,0.0,0.0,True,1980.0,True
rome,rome:60:243-0-s94:p0,9,61,16,1514,100,10,160.0,2013.0,12.0,0.07948335817188276,0.00662361318099023,0.007948335817188276,False,1997.0,True
rome,rome:60:243-0-s94:p0,10,59,0,1514,100,10,0.0,1947.0,12.0,0.0,0.0,0.0,True,1947.0,True
rome,rome:60:243-0-s94:p0,11,60,0,1514,100,10,0.0,1980.0,12.0,0.0,0.0,0.0,True,1980.0,True
rome,rome:60:243-0-s94:p0,12,60,3,1514,100,10,30.0,1980.0,12.0,0.015151515151515152,0.0012626262626262627,0.0015151515151515152,True,1977.0,True
rome,rome:60:243-0-s94:p0,13,60,0,1514,100,10,0.0,1980.0,12.0,0.0,0.0,0.0,True,1980.0,True
rome,rome:60:243-0-s94:p0,14,60,3,1514,100,10,30.0,1980.0,12.0,0.015151515151515152,0.0012626262626262627,0.0015151515151515152,True,1977.0,True
rome,rome:60:243-0-s94:p0,15,60,1,1514,100,10,10.0,1980.0,12.0,0.005050505050505051,0.0004208754208754209,0.000505050505050505,True,1979.0,True
rome,rome:60:243-0-s94:p0,16,62,2,1514,100,10,20.0,2046.0,12.0,0.009775171065493646,0.0008145975887911372,0.0009775171065493646,True,2044.0,True
rome,rome:60:243-0-s94:p0,17,58,2,1514,100,10,20.0,1914.0,12.0,0.01044932079414838,0.0008707767328456984,0.0010449320794148381,True,1912.0,True
rome,rome:60:243-0-s94:p0,18,60,2,1514,100,10,20.0,1980.0,12.0,0.010101010101010102,0.0008417508417508418,0.00101010101010101,True,1978.0,True
rome,rome:60:243-0-s94:p0,19,60,4,1514,100,10,40.0,1980.0,12.0,0.020202020202020204,0.0016835016835016836,0.00202020202020202,True,1976.0,True
rome,rome:60:243-0-s94:p0,20,60,5,1514,100,10,50.0,1980.0,12.0,0.025252525252525252,0.0021043771043771043,0.0025252525252525255,True,1975.0,True
rome,rome:60:243-0-s94:p0,21,60,2,1514,100,10,20.0,1980.0,12.0,0.010101010101010102,0.0008417508417508418,0.00101010101010101,True,1978.0,True
rome,rome:60:243-0-s94:p0,22,60,1,1514,100,10,10.0,1980.0,12.0,0.005050505050505051,0.0004208754208754209,0.000505050505050505,True,1979.0,True
rome,rome:60:243-0-s94:p0,23,60,1,1514,100,10,10.0,1980.0,12.0,0.005050505050505051,0.0004208754208754209,0.000505050505050505,True,1979.0,True
rome,rome:60:249-0-s139:p0,0,50,293,1410,100,10,2930.0,1650.0,12.0,1.7757575757575759,0.147979797979798,0.17757575757575758,False,1357.0,True
rome,rome:60:249-0-s139:p0,1,60,409,1209,120,12,4908.0,1980.0,12.0,2.478787878787879,0.2065656565656566,0.20656565656565656,False,1571.0,True
rome,rome:60:249-0-s139:p0,2,61,183,1507,120,12,2196.0,2013.0,12.0,1.0909090909090908,0.0909090909090909,0.09090909090909091,False,1830.0,True
rome,rome:60:249-0-s139:p0,3,59,0,1407,120,12,0.0,1947.0,12.0,0.0,0.0,0.0,True,1947.0,True
rome,rome:60:249-0-s139:p0,4,61,0,1407,120,12,0.0,2013.0,12.0,0.0,0.0,0.0,True,2013.0,True
rome,rome:60:249-0-s139:p0,5,59,11,1407,120,12,132.0,1947.0,12.0,0.06779661016949153,0.005649717514124294,0.005649717514124294,False,1936.0,True
rome,rome:60:249-0-s139:p0,6,61,1,1407,120,12,12.0,2013.0,12.0,0.005961251862891207,0.0004967709885742673,0.0004967709885742673,True,2012.0,True
rome,rome:60:249-0-s139:p0,7,59,5,1406,120,12,60.0,1947.0,12.0,0.030816640986132512,0.0025680534155110425,0.0025680534155110425,True,1942.0,True
rome,rome:60:249-0-s139:p0,8,60,4,1406,120,12,48.0,1980.0,12.0,0.024242424242424242,0.00202020202020202,0.00202020202020202,True,1976.0,True
rome,rome:60:249-0-s139:p0,9,61,8,1406,120,12,96.0,2013.0,12.0,0.04769001490312966,0.003974167908594138,0.003974167908594138,True,2005.0,True
rome,rome:60:249-0-s139:p0,10,59,0,1406,120,12,0.0,1947.0,12.0,0.0,0.0,0.0,True,1947.0,True
rome,rome:60:249-0-s139:p0,11,60,7,1406,120,12,84.0,1980.0,12.0,0.04242424242424243,0.0035353535353535356,0.0035353535353535356,True,1973.0,True
rome,rome:60:249-0-s139:p0,12,60,14,1406,120,12,168.0,1980.0,12.0,0.08484848484848485,0.007070707070707071,0.007070707070707071,False,1966.0,True
rome,rome:60:249-0-s139:p0,13,60,4,1406,120,12,48.0,1980.0,12.0,0.024242424242424242,0.00202020202020202,0.00202020202020202,True,1976.0,True
rome,rome:60:249-0-s139:p0,14,60,0,1406,120,12,0.0,1980.0,12.0,0.0,0.0,0.0,True,1980.0,True
rome,rome:60:249-0-s139:p0,15,60,58,1406,120,12,696.0,1980.0,12.0,0.3515151515151515,0.02929292929292929,0.029292929292929294,False,1922.0,True
rome,rome:60:249-0-s139:p0,16,60,141,1406,120,12,1692.0,1980.0,12.0,0.8545454545454545,0.07121212121212121,0.07121212121212121,False,1839.0,True
rome,rome:60:249-0-s139:p0,17,61,129,1206,120,12,1548.0,2013.0,12.0,0.7690014903129657,0.06408345752608048,0.06408345752608048,False,1884.0,True
rome,rome:60:249-0-s139:p0,18,59,147,1205,120,12,1764.0,1947.0,12.0,0.9060092449922958,0.07550077041602465,0.07550077041602465,False,1800.0,True
rome,rome:60:249-0-s139:p0,19,60,241,1103,100,10,2410.0,1980.0,12.0,1.2171717171717171,0.10143097643097643,0.12171717171717172,False,1739.0,True
rome,rome:60:249-0-s139:p0,20,60,155,1003,100,10,1550.0,1980.0,12.0,0.7828282828282829,0.06523569023569024,0.07828282828282829,False,1825.0,True
rome,rome:60:249-0-s139:p0,21,60,339,903,100,10,3390.0,1980.0,12.0,1.7121212121212122,0.14267676767676768,0.1712121212121212,False,1641.0,True
rome,rome:60:249-0-s139:p0,22,60,279,705,120,12,3348.0,1980.0,12.0,1.690909090909091,0.1409090909090909,0.1409090909090909,False,1701.0,True
rome,rome:60:249-0-s139:p0,23,60,163,506,120,12,1956.0,1980.0,12.0,0.9878787878787879,0.08232323232323233,0.08232323232323233,False,1817.0,True
rome,rome:60:254-0-s329:p0,0,44,349,1510,100,10,3490.0,1452.0,12.0,2.4035812672176307,0.20029843893480256,0.2403581267217631,False,1103.0,True
rome,rome:60:254-0-s329:p0,1,61,109,1412,100,10,1090.0,2013.0,12.0,0.5414803775459514,0.045123364795495946,0.05414803775459513,False,1904.0,True
rome,rome:60:254-0-s329:p0,2,59,26,1413,100,10,260.0,1947.0,12.0,0.1335387776065742,0.011128231467214518,0.01335387776065742,False,1921.0,True
rome,rome:60:254-0-s329:p0,3,60,7,1513,100,10,70.0,1980.0,12.0,0.03535353535353535,0.002946127946127946,0.0035353535353535356,True,1973.0,True
rome,rome:60:254-0-s329:p0,4,60,0,1513,100,10,0.0,1980.0,12.0,0.0,0.0,0.0,True,1980.0,True
rome,rome:60:254-0-s329:p0,5,60,13,1513,100,10,130.0,1980.0,12.0,0.06565656565656566,0.005471380471380472,0.0065656565656565654,False,1967.0,True
rome,rome:60:254-0-s329:p0,6,60,2,1413,100,10,20.0,1980.0,12.0,0.010101010101010102,0.0008417508417508418,0.00101010101010101,True,1978.0,True
rome,rome:60:254-0-s329:p0,7,60,17,1413,100,10,170.0,1980.0,12.0,0.08585858585858586,0.007154882154882154,0.008585858585858586,False,1963.0,True
rome,rome:60:254-0-s329:p0,8,74,50,1413,100,10,500.0,2442.0,12.0,0.20475020475020475,0.017062517062517064,0.020475020475020474,False,2392.0,True
rome,rome:60:254-0-s329:p0,9,47,90,1413,100,10,900.0,1551.0,12.0,0.5802707930367504,0.048355899419729204,0.058027079303675046,False,1461.0,True
rome,rome:60:254-0-s329:p0,10,74,4,1514,100,10,40.0,2442.0,12.0,0.01638001638001638,0.001365001365001365,0.001638001638001638,True,2438.0,True
rome,rome:60:254-0-s329:p0,11,45,0,1514,100,10,0.0,1485.0,12.0,0.0,0.0,0.0,True,1485.0,True
rome,rome:60:254-0-s329:p0,12,99,9,1514,100,10,90.0,3267.0,12.0,0.027548209366391185,0.002295684113865932,0.0027548209366391185,True,3258.0,True
rome,rome:60:254-0-s329:p0,13,23,11,1514,100,10,110.0,759.0,12.0,0.14492753623188406,0.012077294685990338,0.014492753623188406,False,748.0,True
rome,rome:60:254-0-s329:p0,14,61,29,1514,100,10,290.0,2013.0,12.0,0.14406358668653751,0.012005298890544793,0.014406358668653751,False,1984.0,True
rome,rome:60:254-0-s329:p0,15,59,9,1514,100,10,90.0,1947.0,12.0,0.046224961479198766,0.003852080123266564,0.004622496147919877,True,1938.0,True
rome,rome:60:254-0-s329:p0,16,61,11,1514,100,10,110.0,2013.0,12.0,0.0546448087431694,0.004553734061930783,0.00546448087431694,False,2002.0,True
rome,rome:60:254-0-s329:p0,17,59,0,1514,100,10,0.0,1947.0,12.0,0.0,0.0,0.0,True,1947.0,True
rome,rome:60:254-0-s329:p0,18,60,11,1514,100,10,110.0,1980.0,12.0,0.05555555555555555,0.004629629629629629,0.005555555555555556,False,1969.0,True
rome,rome:60:254-0-s329:p0,19,60,8,1514,100,10,80.0,1980.0,12.0,0.04040404040404041,0.0033670033670033673,0.00404040404040404,True,1972.0,True
rome,rome:60:254-0-s329:p0,20,60,9,1514,100,10,90.0,1980.0,12.0,0.045454545454545456,0.003787878787878788,0.004545454545454545,True,1971.0,True
rome,rome:60:254-0-s329:p0,21,61,2,1514,100,10,20.0,2013.0,12.0,0.009935419771485345,0.0008279516476237788,0.0009935419771485345,True,2011.0,True
rome,rome:60:254-0-s329:p0,22,59,1,1513,100,10,10.0,1947.0,12.0,0.005136106831022085,0.00042800890258517377,0.0005136106831022085,True,1946.0,True
rome,rome:60:254-0-s329:p0,23,60,0,1513,100,10,0.0,1980.0,12.0,0.0,0.0,0.0,True,1980.0,True
rome,rome:60:256-0-s375:p0,0,62,80,107,120,12,960.0,2046.0,12.0,0.46920821114369504,0.039100684261974585,0.039100684261974585,False,1966.0,True
rome,rome:60:256-0-s375:p0,1,59,16,108,120,12,192.0,1947.0,12.0,0.09861325115562404,0.008217770929635337,0.008217770929635337,False,1931.0,True
rome,rome:60:256-0-s375:p0,2,59,25,208,120,12,300.0,1947.0,12.0,0.15408320493066255,0.012840267077555213,0.012840267077555213,False,1922.0,True
rome,rome:60:256-0-s375:p0,3,61,0,208,120,12,0.0,2013.0,12.0,0.0,0.0,0.0,True,2013.0,True
rome,rome:60:256-0-s375:p0,4,59,0,208,120,12,0.0,1947.0,12.0,0.0,0.0,0.0,True,1947.0,True
rome,rome:60:256-0-s375:p0,5,60,19,208,120,12,228.0,1980.0,12.0,0.11515151515151516,0.009595959595959597,0.009595959595959595,False,1961.0,True
rome,rome:60:256-0-s375:p0,6,60,12,208,120,12,144.0,1980.0,12.0,0.07272727272727272,0.006060606060606061,0.006060606060606061,False,1968.0,True
rome,rome:60:256-0-s375:p0,7,60,15,208,120,12,180.0,1980.0,12.0,0.09090909090909091,0.007575757575757576,0.007575757575757576,False,1965.0,True
rome,rome:60:256-0-s375:p0,8,60,21,208,120,12,252.0,1980.0,12.0,0.12727272727272726,0.010606060606060605,0.010606060606060607,False,1959.0,True
rome,rome:60:256-0-s375:p0,9,60,32,208,120,12,384.0,1980.0,12.0,0.19393939393939394,0.01616161616161616,0.01616161616161616,False,1948.0,True
rome,rome:60:256-0-s375:p0,10,60,13,208,120,12,156.0,1980.0,12.0,0.07878787878787878,0.0065656565656565654,0.0065656565656565654,False,1967.0,True
rome,rome:60:256-0-s375:p0,11,61,0,207,120,12,0.0,2013.0,12.0,0.0,0.0,0.0,True,2013.0,True
rome,rome:60:256-0-s375:p0,12,59,0,207,120,12,0.0,1947.0,12.0,0.0,0.0,0.0,True,1947.0,True
rome,rome:60:256-0-s375:p0,13,61,7,207,120,12,84.0,2013.0,12.0,0.041728763040238454,0.0034773969200198713,0.003477396920019871,True,2006.0,True
rome,rome:60:256-0-s375:p0,14,59,17,208,120,12,204.0,1947.0,12.0,0.10477657935285054,0.008731381612737545,0.008731381612737545,False,1930.0,True
rome,rome:60:256-0-s375:p0,15,60,21,207,120,12,252.0,1980.0,12.0,0.12727272727272726,0.010606060606060605,0.010606060606060607,False,1959.0,True
rome,rome:60:256-0-s375:p0,16,60,24,208,120,12,288.0,1980.0,12.0,0.14545454545454545,0.012121212121212121,0.012121212121212121,False,1956.0,True
rome,rome:60:256-0-s375:p0,17,60,16,207,120,12,192.0,1980.0,12.0,0.09696969696969697,0.00808080808080808,0.00808080808080808,False,1964.0,True
rome,rome:60:256-0-s375:p0,18,61,21,207,120,12,252.0,2013.0,12.0,0.12518628912071536,0.010432190760059613,0.010432190760059613,False,1992.0,True
rome,rome:60:256-0-s375:p0,19,60,21,207,120,12,252.0,1980.0,12.0,0.12727272727272726,0.010606060606060605,0.010606060606060607,False,1959.0,True
rome,rome:60:256-0-s375:p0,20,60,29,207,120,12,348.0,1980.0,12.0,0.17575757575757575,0.014646464646464645,0.014646464646464647,False,1951.0,True
rome,rome:60:256-0-s375:p0,21,59,15,207,120,12,180.0,1947.0,12.0,0.09244992295839753,0.007704160246533128,0.007704160246533128,False,1932.0,True
rome,rome:60:256-0-s375:p0,22,60,102,207,120,12,1224.0,1980.0,12.0,0.6181818181818182,0.051515151515151514,0.051515151515151514,False,1878.0,True
rome,rome:60:256-0-s375:p0,23,60,239,307,120,12,2868.0,1980.0,12.0,1.4484848484848485,0.12070707070707071,0.12070707070707071,False,1741.0,True
rome,rome:60:257-0-s123:p0,0,59,377,204,120,12,4524.0,1947.0,12.0,2.3235747303543914,0.19363122752953263,0.1936312275295326,False,1570.0,True
rome,rome:60:257-0-s123:p0,1,61,47,300,120,12,564.0,2013.0,12.0,0.28017883755588674,0.02334823646299056,0.02334823646299056,False,1966.0,True
rome,rome:60:257-0-s123:p0,2,59,166,201,120,12,1992.0,1947.0,12.0,1.0231124807395995,0.08525937339496663,0.08525937339496661,False,1781.0,True
rome,rome:60:257-0-s123:p0,3,61,0,202,120,12,0.0,2013.0,12.0,0.0,0.0,0.0,True,2013.0,True
rome,rome:60:257-0-s123:p0,4,59,0,202,120,12,0.0,1947.0,12.0,0.0,0.0,0.0,True,1947.0,True
rome,rome:60:257-0-s123:p0,5,61,0,202,120,12,0.0,2013.0,12.0,0.0,0.0,0.0,True,2013.0,True
rome,rome:60:257-0-s123:p0,6,61,0,202,120,12,0.0,2013.0,12.0,0.0,0.0,0.0,True,2013.0,True
rome,rome:60:257-0-s123:p0,7,59,12,202,120,12,144.0,1947.0,12.0,0.07395993836671803,0.0061633281972265025,0.0061633281972265025,False,1935.0,True
rome,rome:60:257-0-s123:p0,8,61,10,202,120,12,120.0,2013.0,12.0,0.05961251862891207,0.004967709885742673,0.004967709885742673,True,2003.0,True
rome,rome:60:257-0-s123:p0,9,58,1,202,120,12,12.0,1914.0,12.0,0.006269592476489028,0.000522466039707419,0.0005224660397074191,True,1913.0,True
rome,rome:60:257-0-s123:p0,10,61,0,202,120,12,0.0,2013.0,12.0,0.0,0.0,0.0,True,2013.0,True
rome,rome:60:257-0-s123:p0,11,60,0,202,120,12,0.0,1980.0,12.0,0.0,0.0,0.0,True,1980.0,True
rome,rome:60:257-0-s123:p0,12,60,0,202,120,12,0.0,1980.0,12.0,0.0,0.0,0.0,True,1980.0,True
rome,rome:60:257-0-s123:p0,13,60,16,202,120,12,192.0,1980.0,12.0,0.09696969696969697,0.00808080808080808,0.00808080808080808,False,1964.0,True
rome,rome:60:257-0-s123:p0,14,60,11,202,120,12,132.0,1980.0,12.0,0.06666666666666667,0.005555555555555556,0.005555555555555556,False,1969.0,True
rome,rome:60:257-0-s123:p0,15,60,12,202,120,12,144.0,1980.0,12.0,0.07272727272727272,0.006060606060606061,0.006060606060606061,False,1968.0,True
rome,rome:60:257-0-s123:p0,16,60,0,203,120,12,0.0,1980.0,12.0,0.0,0.0,0.0,True,1980.0,True
rome,rome:60:257-0-s123:p0,17,60,0,203,120,12,0.0,1980.0,12.0,0.0,0.0,0.0,True,1980.0,True
rome,rome:60:257-0-s123:p0,18,60,0,203,120,12,0.0,1980.0,12.0,0.0,0.0,0.0,True,1980.0,True
rome,rome:60:257-0-s123:p0,19,60,0,203,120,12,0.0,1980.0,12.0,0.0,0.0,0.0,True,1980.0,True
rome,rome:60:257-0-s123:p0,20,60,0,203,120,12,0.0,1980.0,12.0,0.0,0.0,0.0,True,1980.0,True
rome,rome:60:257-0-s123:p0,21,60,0,203,120,12,0.0,1980.0,12.0,0.0,0.0,0.0,True,1980.0,True
rome,rome:60:257-0-s123:p0,22,59,0,203,120,12,0.0,1947.0,12.0,0.0,0.0,0.0,True,1947.0,True
rome,rome:60:257-0-s123:p0,23,60,0,203,120,12,0.0,1980.0,12.0,0.0,0.0,0.0,True,1980.0,True
rome,rome:60:257-0-s123:p1,0,61,0,203,120,12,0.0,2013.0,12.0,0.0,0.0,0.0,True,2013.0,True
rome,rome:60:257-0-s123:p1,1,61,29,203,120,12,348.0,2013.0,12.0,0.17287630402384502,0.014406358668653751,0.014406358668653751,False,1984.0,True
rome,rome:60:257-0-s123:p1,2,59,13,202,120,12,156.0,1947.0,12.0,0.08012326656394453,0.00667693888032871,0.00667693888032871,False,1934.0,True
rome,rome:60:257-0-s123:p1,3,60,0,202,120,12,0.0,1980.0,12.0,0.0,0.0,0.0,True,1980.0,True
rome,rome:60:257-0-s123:p1,4,60,0,202,120,12,0.0,1980.0,12.0,0.0,0.0,0.0,True,1980.0,True
rome,rome:60:257-0-s123:p1,5,61,0,202,120,12,0.0,2013.0,12.0,0.0,0.0,0.0,True,2013.0,True
rome,rome:60:257-0-s123:p1,6,59,7,202,120,12,84.0,1947.0,12.0,0.04314329738058552,0.00359527478171546,0.0035952747817154596,True,1940.0,True
rome,rome:60:257-0-s123:p1,7,59,7,202,120,12,84.0,1947.0,12.0,0.04314329738058552,0.00359527478171546,0.0035952747817154596,True,1940.0,True
rome,rome:60:257-0-s123:p1,8,61,0,202,120,12,0.0,2013.0,12.0,0.0,0.0,0.0,True,2013.0,True
rome,rome:60:257-0-s123:p1,9,59,12,202,120,12,144.0,1947.0,12.0,0.07395993836671803,0.0061633281972265025,0.0061633281972265025,False,1935.0,True
rome,rome:60:257-0-s123:p1,10,61,27,202,120,12,324.0,2013.0,12.0,0.16095380029806258,0.013412816691505215,0.013412816691505217,False,1986.0,True
rome,rome:60:257-0-s123:p1,11,60,32,202,120,12,384.0,1980.0,12.0,0.19393939393939394,0.01616161616161616,0.01616161616161616,False,1948.0,True
rome,rome:60:257-0-s123:p1,12,59,15,202,120,12,180.0,1947.0,12.0,0.09244992295839753,0.007704160246533128,0.007704160246533128,False,1932.0,True
rome,rome:60:257-0-s123:p1,13,61,9,202,120,12,108.0,2013.0,12.0,0.05365126676602087,0.004470938897168405,0.004470938897168405,True,2004.0,True
rome,rome:60:257-0-s123:p1,14,59,30,202,120,12,360.0,1947.0,12.0,0.18489984591679506,0.015408320493066256,0.015408320493066256,False,1917.0,True
rome,rome:60:257-0-s123:p1,15,61,29,202,120,12,348.0,2013.0,12.0,0.17287630402384502,0.014406358668653751,0.014406358668653751,False,1984.0,True
rome,rome:60:257-0-s123:p1,16,61,31,202,120,12,372.0,2013.0,12.0,0.18479880774962743,0.015399900645802286,0.015399900645802286,False,1982.0,True
rome,rome:60:257-0-s123:p1,17,59,33,202,120,12,396.0,1947.0,12.0,0.2033898305084746,0.01694915254237288,0.01694915254237288,False,1914.0,True
rome,rome:60:257-0-s123:p1,18,60,30,202,120,12,360.0,1980.0,12.0,0.18181818181818182,0.015151515151515152,0.015151515151515152,False,1950.0,True
rome,rome:60:257-0-s123:p1,19,129,2,203,120,12,24.0,4257.0,12.0,0.005637773079633545,0.0004698144233027954,0.0004698144233027954,True,4255.0,True
rome,rome:60:257-0-s123:p1,20,51,0,203,120,12,0.0,1683.0,12.0,0.0,0.0,0.0,True,1683.0,True
rome,rome:60:257-0-s123:p1,21,60,32,203,120,12,384.0,1980.0,12.0,0.19393939393939394,0.01616161616161616,0.01616161616161616,False,1948.0,True
rome,rome:60:257-0-s123:p1,22,60,450,203,120,12,5400.0,1980.0,12.0,2.727272727272727,0.22727272727272727,0.22727272727272727,False,1530.0,True
rome,rome:60:257-0-s123:p1,23,60,516,107,120,12,6192.0,1980.0,12.0,3.1272727272727274,0.2606060606060606,0.2606060606060606,False,1464.0,True
rome,rome:60:260-0-s115:p0,0,58,352,1112,120,12,4224.0,1914.0,12.0,2.206896551724138,0.1839080459770115,0.1839080459770115,False,1562.0,True
rome,rome:60:260-0-s115:p0,1,62,180,1313,100,10,1800.0,2046.0,12.0,0.8797653958944281,0.07331378299120235,0.08797653958944282,False,1866.0,True
rome,rome:60:260-0-s115:p0,2,58,35,1514,100,10,350.0,1914.0,12.0,0.18286311389759666,0.015238592824799722,0.018286311389759665,False,1879.0,True
rome,rome:60:260-0-s115:p0,3,62,0,1514,100,10,0.0,2046.0,12.0,0.0,0.0,0.0,True,2046.0,True
rome,rome:60:260-0-s115:p0,4,58,0,1514,100,10,0.0,1914.0,12.0,0.0,0.0,0.0,True,1914.0,True
rome,rome:60:260-0-s115:p0,5,60,0,1514,100,10,0.0,1980.0,12.0,0.0,0.0,0.0,True,1980.0,True
rome,rome:60:260-0-s115:p0,6,61,3,1514,100,10,30.0,2013.0,12.0,0.014903129657228018,0.0012419274714356682,0.0014903129657228018,True,2010.0,True
rome,rome:60:260-0-s115:p0,7,59,3,1514,100,10,30.0,1947.0,12.0,0.015408320493066256,0.0012840267077555213,0.0015408320493066256,True,1944.0,True
rome,rome:60:260-0-s115:p0,8,61,0,1514,100,10,0.0,2013.0,12.0,0.0,0.0,0.0,True,2013.0,True
rome,rome:60:260-0-s115:p0,9,59,0,1514,100,10,0.0,1947.0,12.0,0.0,0.0,0.0,True,1947.0,True
rome,rome:60:260-0-s115:p0,10,62,0,1514,100,10,0.0,2046.0,12.0,0.0,0.0,0.0,True,2046.0,True
rome,rome:60:260-0-s115:p0,11,58,0,1514,100,10,0.0,1914.0,12.0,0.0,0.0,0.0,True,1914.0,True
rome,rome:60:260-0-s115:p0,12,62,11,1514,100,10,110.0,2046.0,12.0,0.053763440860215055,0.004480286738351254,0.005376344086021506,False,2035.0,True
rome,rome:60:260-0-s115:p0,13,58,0,1514,100,10,0.0,1914.0,12.0,0.0,0.0,0.0,True,1914.0,True
rome,rome:60:260-0-s115:p0,14,62,0,1514,100,10,0.0,2046.0,12.0,0.0,0.0,0.0,True,2046.0,True
rome,rome:60:260-0-s115:p0,15,58,0,1514,100,10,0.0,1914.0,12.0,0.0,0.0,0.0,True,1914.0,True
rome,rome:60:260-0-s115:p0,16,60,0,1514,100,10,0.0,1980.0,12.0,0.0,0.0,0.0,True,1980.0,True
rome,rome:60:260-0-s115:p0,17,61,15,1514,100,10,150.0,2013.0,12.0,0.07451564828614009,0.00620963735717834,0.007451564828614009,False,1998.0,True
rome,rome:60:260-0-s115:p0,18,59,99,1513,100,10,990.0,1947.0,12.0,0.5084745762711864,0.0423728813559322,0.05084745762711865,False,1848.0,True
rome,rome:60:260-0-s115:p0,19,60,641,1414,100,10,6410.0,1980.0,12.0,3.2373737373737375,0.2697811447811448,0.3237373737373737,False,1339.0,True
rome,rome:60:260-0-s115:p0,20,60,679,1015,120,12,8148.0,1980.0,12.0,4.115151515151515,0.3429292929292929,0.3429292929292929,False,1301.0,True
rome,rome:60:260-0-s115:p0,21,60,190,610,120,12,2280.0,1980.0,12.0,1.1515151515151516,0.09595959595959597,0.09595959595959595,False,1790.0,True
rome,rome:60:260-0-s115:p0,22,60,22,709,120,12,264.0,1980.0,12.0,0.13333333333333333,0.011111111111111112,0.011111111111111112,False,1958.0,True
rome,rome:60:260-0-s115:p0,23,63,161,708,120,12,1932.0,2079.0,12.0,0.9292929292929293,0.07744107744107744,0.07744107744107744,False,1918.0,True
rome,rome:60:260-0-s14:p0,0,60,233,300,120,12,2796.0,1980.0,12.0,1.412121212121212,0.11767676767676767,0.11767676767676767,False,1747.0,True
rome,rome:60:260-0-s14:p0,1,61,0,202,120,12,0.0,2013.0,12.0,0.0,0.0,0.0,True,2013.0,True
rome,rome:60:260-0-s14:p0,2,60,0,202,120,12,0.0,1980.0,12.0,0.0,0.0,0.0,True,1980.0,True
rome,rome:60:260-0-s14:p0,3,60,0,202,120,12,0.0,1980.0,12.0,0.0,0.0,0.0,True,1980.0,True
rome,rome:60:260-0-s14:p0,4,60,0,202,120,12,0.0,1980.0,12.0,0.0,0.0,0.0,True,1980.0,True
rome,rome:60:260-0-s14:p0,5,59,5,202,120,12,60.0,1947.0,12.0,0.030816640986132512,0.0025680534155110425,0.0025680534155110425,True,1942.0,True
rome,rome:60:260-0-s14:p0,6,61,0,202,120,12,0.0,2013.0,12.0,0.0,0.0,0.0,True,2013.0,True
rome,rome:60:260-0-s14:p0,7,59,0,202,120,12,0.0,1947.0,12.0,0.0,0.0,0.0,True,1947.0,True
rome,rome:60:260-0-s14:p0,8,61,7,202,120,12,84.0,2013.0,12.0,0.041728763040238454,0.0034773969200198713,0.003477396920019871,True,2006.0,True
rome,rome:60:260-0-s14:p0,9,60,0,202,120,12,0.0,1980.0,12.0,0.0,0.0,0.0,True,1980.0,True
rome,rome:60:260-0-s14:p0,10,60,0,202,120,12,0.0,1980.0,12.0,0.0,0.0,0.0,True,1980.0,True
rome,rome:60:260-0-s14:p0,11,60,0,202,120,12,0.0,1980.0,12.0,0.0,0.0,0.0,True,1980.0,True
rome,rome:60:260-0-s14:p0,12,60,0,202,120,12,0.0,1980.0,12.0,0.0,0.0,0.0,True,1980.0,True
rome,rome:60:260-0-s14:p0,13,60,0,202,120,12,0.0,1980.0,12.0,0.0,0.0,0.0,True,1980.0,True
rome,rome:60:260-0-s14:p0,14,60,5,202,120,12,60.0,1980.0,12.0,0.030303030303030304,0.0025252525252525255,0.0025252525252525255,True,1975.0,True
rome,rome:60:260-0-s14:p0,15,60,9,202,120,12,108.0,1980.0,12.0,0.05454545454545454,0.004545454545454545,0.004545454545454545,True,1971.0,True
rome,rome:60:260-0-s14:p0,16,60,0,202,120,12,0.0,1980.0,12.0,0.0,0.0,0.0,True,1980.0,True
rome,rome:60:260-0-s14:p0,17,60,0,202,120,12,0.0,1980.0,12.0,0.0,0.0,0.0,True,1980.0,True
rome,rome:60:260-0-s14:p0,18,59,0,202,120,12,0.0,1947.0,12.0,0.0,0.0,0.0,True,1947.0,True
rome,rome:60:260-0-s14:p0,19,61,0,202,120,12,0.0,2013.0,12.0,0.0,0.0,0.0,True,2013.0,True
rome,rome:60:260-0-s14:p0,20,60,0,202,120,12,0.0,1980.0,12.0,0.0,0.0,0.0,True,1980.0,True
rome,rome:60:260-0-s14:p0,21,60,0,202,120,12,0.0,1980.0,12.0,0.0,0.0,0.0,True,1980.0,True
rome,rome:60:260-0-s14:p0,22,59,14,202,120,12,168.0,1947.0,12.0,0.08628659476117104,0.00719054956343092,0.007190549563430919,False,1933.0,True
rome,rome:60:260-0-s14:p0,23,61,178,202,120,12,2136.0,2013.0,12.0,1.061102831594635,0.08842523596621958,0.08842523596621957,False,1835.0,True
rome,rome:60:268-0-s46:p0,0,60,287,311,120,12,3444.0,1980.0,12.0,1.7393939393939395,0.14494949494949497,0.14494949494949494,False,1693.0,True
rome,rome:60:268-0-s46:p0,1,59,135,309,120,12,1620.0,1947.0,12.0,0.8320493066255779,0.06933744221879816,0.06933744221879815,False,1812.0,True
rome,rome:60:268-0-s46:p0,2,60,0,308,120,12,0.0,1980.0,12.0,0.0,0.0,0.0,True,1980.0,True
rome,rome:60:268-0-s46:p0,3,61,0,308,120,12,0.0,2013.0,12.0,0.0,0.0,0.0,True,2013.0,True
rome,rome:60:268-0-s46:p0,4,59,9,308,120,12,108.0,1947.0,12.0,0.05546995377503852,0.004622496147919877,0.004622496147919877,True,1938.0,True
rome,rome:60:268-0-s46:p0,5,60,0,307,120,12,0.0,1980.0,12.0,0.0,0.0,0.0,True,1980.0,True
rome,rome:60:268-0-s46:p0,6,60,34,307,120,12,408.0,1980.0,12.0,0.20606060606060606,0.01717171717171717,0.01717171717171717,False,1946.0,True
rome,rome:60:268-0-s46:p0,7,60,270,307,120,12,3240.0,1980.0,12.0,1.6363636363636365,0.13636363636363638,0.13636363636363635,False,1710.0,True
rome,rome:60:268-0-s46:p0,8,60,10,208,120,12,120.0,1980.0,12.0,0.06060606060606061,0.005050505050505051,0.005050505050505051,True,1970.0,True
rome,rome:60:268-0-s46:p0,9,60,0,208,120,12,0.0,1980.0,12.0,0.0,0.0,0.0,True,1980.0,True
rome,rome:60:268-0-s46:p0,10,62,0,208,120,12,0.0,2046.0,12.0,0.0,0.0,0.0,True,2046.0,True
rome,rome:60:268-0-s46:p0,11,58,0,208,120,12,0.0,1914.0,12.0,0.0,0.0,0.0,True,1914.0,True
rome,rome:60:268-0-s46:p0,12,60,12,208,120,12,144.0,1980.0,12.0,0.07272727272727272,0.006060606060606061,0.006060606060606061,False,1968.0,True
rome,rome:60:268-0-s46:p0,13,60,18,208,120,12,216.0,1980.0,12.0,0.10909090909090909,0.00909090909090909,0.00909090909090909,False,1962.0,True
rome,rome:60:268-0-s46:p0,14,61,0,208,120,12,0.0,2013.0,12.0,0.0,0.0,0.0,True,2013.0,True
rome,rome:60:268-0-s46:p0,15,59,0,208,120,12,0.0,1947.0,12.0,0.0,0.0,0.0,True,1947.0,True
rome,rome:60:268-0-s46:p0,16,61,2,208,120,12,24.0,2013.0,12.0,0.011922503725782414,0.0009935419771485345,0.0009935419771485345,True,2011.0,True
rome,rome:60:268-0-s46:p0,17,59,0,208,120,12,0.0,1947.0,12.0,0.0,0.0,0.0,True,1947.0,True
rome,rome:60:268-0-s46:p0,18,60,3,208,120,12,36.0,1980.0,12.0,0.01818181818181818,0.0015151515151515152,0.0015151515151515152,True,1977.0,True
rome,rome:60:268-0-s46:p0,19,60,0,208,120,12,0.0,1980.0,12.0,0.0,0.0,0.0,True,1980.0,True
rome,rome:60:268-0-s46:p0,20,61,0,208,120,12,0.0,2013.0,12.0,0.0,0.0,0.0,True,2013.0,True
rome,rome:60:268-0-s46:p0,21,60,0,208,120,12,0.0,1980.0,12.0,0.0,0.0,0.0,True,1980.0,True
rome,rome:60:268-0-s46:p0,22,59,0,208,120,12,0.0,1947.0,12.0,0.0,0.0,0.0,True,1947.0,True
rome,rome:60:268-0-s46:p0,23,60,0,208,120,12,0.0,1980.0,12.0,0.0,0.0,0.0,True,1980.0,True
rome,rome:60:275-0-s235:p0,0,58,286,300,120,12,3432.0,1914.0,12.0,1.793103448275862,0.14942528735632185,0.14942528735632185,False,1628.0,True
rome,rome:60:275-0-s235:p0,1,62,53,203,120,12,636.0,2046.0,12.0,0.31085043988269795,0.025904203323558164,0.025904203323558164,False,1993.0,True
rome,rome:60:275-0-s235:p0,2,60,0,202,120,12,0.0,1980.0,12.0,0.0,0.0,0.0,True,1980.0,True
rome,rome:60:275-0-s235:p0,3,60,0,202,120,12,0.0,1980.0,12.0,0.0,0.0,0.0,True,1980.0,True
rome,rome:60:275-0-s235:p0,4,60,0,202,120,12,0.0,1980.0,12.0,0.0,0.0,0.0,True,1980.0,True
rome,rome:60:275-0-s235:p0,5,60,0,202,120,12,0.0,1980.0,12.0,0.0,0.0,0.0,True,1980.0,True
rome,rome:60:275-0-s235:p0,6,60,22,202,120,12,264.0,1980.0,12.0,0.13333333333333333,0.011111111111111112,0.011111111111111112,False,1958.0,True
rome,rome:60:275-0-s235:p0,7,60,23,202,120,12,276.0,1980.0,12.0,0.1393939393939394,0.011616161616161616,0.011616161616161616,False,1957.0,True
rome,rome:60:275-0-s235:p0,8,60,7,202,120,12,84.0,1980.0,12.0,0.04242424242424243,0.0035353535353535356,0.0035353535353535356,True,1973.0,True
rome,rome:60:275-0-s235:p0,9,60,16,202,120,12,192.0,1980.0,12.0,0.09696969696969697,0.00808080808080808,0.00808080808080808,False,1964.0,True
rome,rome:60:275-0-s235:p0,10,60,13,202,120,12,156.0,1980.0,12.0,0.07878787878787878,0.0065656565656565654,0.0065656565656565654,False,1967.0,True
rome,rome:60:275-0-s235:p0,11,60,24,202,120,12,288.0,1980.0,12.0,0.14545454545454545,0.012121212121212121,0.012121212121212121,False,1956.0,True
rome,rome:60:275-0-s235:p0,12,60,6,202,120,12,72.0,1980.0,12.0,0.03636363636363636,0.0030303030303030303,0.0030303030303030303,True,1974.0,True
rome,rome:60:275-0-s235:p0,13,60,35,202,120,12,420.0,1980.0,12.0,0.21212121212121213,0.017676767676767676,0.017676767676767676,False,1945.0,True
rome,rome:60:275-0-s235:p0,14,60,0,202,120,12,0.0,1980.0,12.0,0.0,0.0,0.0,True,1980.0,True
rome,rome:60:275-0-s235:p0,15,60,10,202,120,12,120.0,1980.0,12.0,0.06060606060606061,0.005050505050505051,0.005050505050505051,True,1970.0,True
rome,rome:60:275-0-s235:p0,16,60,8,202,120,12,96.0,1980.0,12.0,0.048484848484848485,0.00404040404040404,0.00404040404040404,True,1972.0,True
rome,rome:60:275-0-s235:p0,17,60,17,202,120,12,204.0,1980.0,12.0,0.10303030303030303,0.008585858585858586,0.008585858585858586,False,1963.0,True
rome,rome:60:275-0-s235:p0,18,60,35,202,120,12,420.0,1980.0,12.0,0.21212121212121213,0.017676767676767676,0.017676767676767676,False,1945.0,True
rome,rome:60:275-0-s235:p0,19,60,10,202,120,12,120.0,1980.0,12.0,0.06060606060606061,0.005050505050505051,0.005050505050505051,True,1970.0,True
rome,rome:60:275-0-s235:p0,20,60,13,202,120,12,156.0,1980.0,12.0,0.07878787878787878,0.0065656565656565654,0.0065656565656565654,False,1967.0,True
rome,rome:60:275-0-s235:p0,21,60,21,202,120,12,252.0,1980.0,12.0,0.12727272727272726,0.010606060606060605,0.010606060606060607,False,1959.0,True
rome,rome:60:275-0-s235:p0,22,60,27,202,120,12,324.0,1980.0,12.0,0.16363636363636364,0.013636363636363636,0.013636363636363636,False,1953.0,True
rome,rome:60:275-0-s235:p0,23,60,39,202,120,12,468.0,1980.0,12.0,0.23636363636363636,0.019696969696969695,0.019696969696969695,False,1941.0,True
rome,rome:60:275-0-s290:p0,0,60,19,202,120,12,228.0,1980.0,12.0,0.11515151515151516,0.009595959595959597,0.009595959595959595,False,1961.0,True
rome,rome:60:275-0-s290:p0,1,60,0,202,120,12,0.0,1980.0,12.0,0.0,0.0,0.0,True,1980.0,True
rome,rome:60:275-0-s290:p0,2,60,0,202,120,12,0.0,1980.0,12.0,0.0,0.0,0.0,True,1980.0,True
rome,rome:60:275-0-s290:p0,3,60,0,202,120,12,0.0,1980.0,12.0,0.0,0.0,0.0,True,1980.0,True
rome,rome:60:275-0-s290:p0,4,60,2,202,120,12,24.0,1980.0,12.0,0.012121212121212121,0.00101010101010101,0.00101010101010101,True,1978.0,True
rome,rome:60:275-0-s290:p0,5,60,7,202,120,12,84.0,1980.0,12.0,0.04242424242424243,0.0035353535353535356,0.0035353535353535356,True,1973.0,True
rome,rome:60:275-0-s290:p0,6,60,12,202,120,12,144.0,1980.0,12.0,0.07272727272727272,0.006060606060606061,0.006060606060606061,False,1968.0,True
rome,rome:60:275-0-s290:p0,7,60,21,202,120,12,252.0,1980.0,12.0,0.12727272727272726,0.010606060606060605,0.010606060606060607,False,1959.0,True
rome,rome:60:275-0-s290:p0,8,60,36,202,120,12,432.0,1980.0,12.0,0.21818181818181817,0.01818181818181818,0.01818181818181818,False,1944.0,True
rome,rome:60:275-0-s290:p0,9,60,29,202,120,12,348.0,1980.0,12.0,0.17575757575757575,0.014646464646464645,0.014646464646464647,False,1951.0,True
rome,rome:60:275-0-s290:p0,10,60,20,202,120,12,240.0,1980.0,12.0,0.12121212121212122,0.010101010101010102,0.010101010101010102,False,1960.0,True
rome,rome:60:275-0-s290:p0,11,60,7,202,120,12,84.0,1980.0,12.0,0.04242424242424243,0.0035353535353535356,0.0035353535353535356,True,1973.0,True
rome,rome:60:275-0-s290:p0,12,60,11,202,120,12,132.0,1980.0,12.0,0.06666666666666667,0.005555555555555556,0.005555555555555556,False,1969.0,True
rome,rome:60:275-0-s290:p0,13,60,20,202,120,12,240.0,1980.0,12.0,0.12121212121212122,0.010101010101010102,0.010101010101010102,False,1960.0,True
rome,rome:60:275-0-s290:p0,14,60,12,202,120,12,144.0,1980.0,12.0,0.07272727272727272,0.006060606060606061,0.006060606060606061,False,1968.0,True
rome,rome:60:275-0-s290:p0,15,60,26,202,120,12,312.0,1980.0,12.0,0.15757575757575756,0.013131313131313131,0.013131313131313131,False,1954.0,True
rome,rome:60:275-0-s290:p0,16,60,30,202,120,12,360.0,1980.0,12.0,0.18181818181818182,0.015151515151515152,0.015151515151515152,False,1950.0,True
rome,rome:60:275-0-s290:p0,17,60,11,202,120,12,132.0,1980.0,12.0,0.06666666666666667,0.005555555555555556,0.005555555555555556,False,1969.0,True
rome,rome:60:275-0-s290:p0,18,60,14,202,120,12,168.0,1980.0,12.0,0.08484848484848485,0.007070707070707071,0.007070707070707071,False,1966.0,True
rome,rome:60:275-0-s290:p0,19,60,10,202,120,12,120.0,1980.0,12.0,0.06060606060606061,0.005050505050505051,0.005050505050505051,True,1970.0,True
rome,rome:60:275-0-s290:p0,20,61,24,202,120,12,288.0,2013.0,12.0,0.14307004470938897,0.011922503725782414,0.011922503725782414,False,1989.0,True
rome,rome:60:275-0-s290:p0,21,59,26,202,120,12,312.0,1947.0,12.0,0.16024653312788906,0.01335387776065742,0.01335387776065742,False,1921.0,True
rome,rome:60:275-0-s290:p0,22,60,17,202,120,12,204.0,1980.0,12.0,0.10303030303030303,0.008585858585858586,0.008585858585858586,False,1963.0,True
rome,rome:60:275-0-s290:p0,23,60,21,202,120,12,252.0,1980.0,12.0,0.12727272727272726,0.010606060606060605,0.010606060606060607,False,1959.0,True
rome,rome:60:275-0-s376:p0,0,59,443,102,120,12,5316.0,1947.0,12.0,2.7303543913713404,0.22752953261427836,0.22752953261427838,False,1504.0,True
rome,rome:60:275-0-s376:p0,1,60,293,7,100,10,2930.0,1980.0,12.0,1.47979797979798,0.12331649831649832,0.147979797979798,False,1687.0,True
rome,rome:60:275-0-s376:p0,2,60,455,307,120,12,5460.0,1980.0,12.0,2.757575757575758,0.2297979797979798,0.2297979797979798,False,1525.0,True
rome,rome:60:275-0-s376:p0,3,60,57,202,120,12,684.0,1980.0,12.0,0.34545454545454546,0.02878787878787879,0.02878787878787879,False,1923.0,True
rome,rome:60:275-0-s376:p0,4,60,0,202,120,12,0.0,1980.0,12.0,0.0,0.0,0.0,True,1980.0,True
rome,rome:60:275-0-s376:p0,5,60,0,202,120,12,0.0,1980.0,12.0,0.0,0.0,0.0,True,1980.0,True
rome,rome:60:275-0-s376:p0,6,58,0,202,120,12,0.0,1914.0,12.0,0.0,0.0,0.0,True,1914.0,True
rome,rome:60:275-0-s376:p0,7,60,0,202,120,12,0.0,1980.0,12.0,0.0,0.0,0.0,True,1980.0,True
rome,rome:60:275-0-s376:p0,8,60,23,202,120,12,276.0,1980.0,12.0,0.1393939393939394,0.011616161616161616,0.011616161616161616,False,1957.0,True
rome,rome:60:275-0-s376:p0,9,60,36,202,120,12,432.0,1980.0,12.0,0.21818181818181817,0.01818181818181818,0.01818181818181818,False,1944.0,True
rome,rome:60:275-0-s376:p0,10,60,46,202,120,12,552.0,1980.0,12.0,0.2787878787878788,0.023232323232323233,0.023232323232323233,False,1934.0,True
rome,rome:60:275-0-s376:p0,11,60,22,202,120,12,264.0,1980.0,12.0,0.13333333333333333,0.011111111111111112,0.011111111111111112,False,1958.0,True
rome,rome:60:275-0-s376:p0,12,60,28,202,120,12,336.0,1980.0,12.0,0.1696969696969697,0.014141414141414142,0.014141414141414142,False,1952.0,True
rome,rome:60:275-0-s376:p0,13,60,18,202,120,12,216.0,1980.0,12.0,0.10909090909090909,0.00909090909090909,0.00909090909090909,False,1962.0,True
rome,rome:60:275-0-s376:p0,14,60,41,202,120,12,492.0,1980.0,12.0,0.24848484848484848,0.020707070707070705,0.02070707070707071,False,1939.0,True
rome,rome:60:275-0-s376:p0,15,60,34,202,120,12,408.0,1980.0,12.0,0.20606060606060606,0.01717171717171717,0.01717171717171717,False,1946.0,True
rome,rome:60:275-0-s376:p0,16,62,28,202,120,12,336.0,2046.0,12.0,0.16422287390029325,0.013685239491691105,0.013685239491691105,False,2018.0,True
rome,rome:60:275-0-s376:p0,17,58,33,202,120,12,396.0,1914.0,12.0,0.20689655172413793,0.017241379310344827,0.017241379310344827,False,1881.0,True
rome,rome:60:275-0-s376:p0,18,59,33,202,120,12,396.0,1947.0,12.0,0.2033898305084746,0.01694915254237288,0.01694915254237288,False,1914.0,True
rome,rome:60:275-0-s376:p0,19,61,37,202,120,12,444.0,2013.0,12.0,0.22056631892697467,0.01838052657724789,0.01838052657724789,False,1976.0,True
rome,rome:60:275-0-s376:p0,20,59,18,202,120,12,216.0,1947.0,12.0,0.11093990755007704,0.009244992295839754,0.009244992295839754,False,1929.0,True
rome,rome:60:275-0-s376:p0,21,62,13,202,120,12,156.0,2046.0,12.0,0.07624633431085044,0.00635386119257087,0.00635386119257087,False,2033.0,True
rome,rome:60:275-0-s376:p0,22,58,36,202,120,12,432.0,1914.0,12.0,0.22570532915360503,0.018808777429467086,0.018808777429467086,False,1878.0,True
rome,rome:60:275-0-s376:p0,23,60,274,203,120,12,3288.0,1980.0,12.0,1.6606060606060606,0.1383838383838384,0.1383838383838384,False,1706.0,True
rome,rome:60:289-0-s12:p0,0,49,345,306,120,12,4140.0,1617.0,12.0,2.560296846011132,0.21335807050092767,0.21335807050092764,False,1272.0,True
rome,rome:60:289-0-s12:p0,1,67,69,203,120,12,828.0,2211.0,12.0,0.37449118046132973,0.031207598371777476,0.031207598371777476,False,2142.0,True
rome,rome:60:289-0-s12:p0,2,60,32,202,120,12,384.0,1980.0,12.0,0.19393939393939394,0.01616161616161616,0.01616161616161616,False,1948.0,True
rome,rome:60:289-0-s12:p0,3,62,0,202,120,12,0.0,2046.0,12.0,0.0,0.0,0.0,True,2046.0,True
rome,rome:60:289-0-s12:p0,4,59,0,202,120,12,0.0,1947.0,12.0,0.0,0.0,0.0,True,1947.0,True
rome,rome:60:289-0-s12:p0,5,60,0,202,120,12,0.0,1980.0,12.0,0.0,0.0,0.0,True,1980.0,True
rome,rome:60:289-0-s12:p0,6,60,10,202,120,12,120.0,1980.0,12.0,0.06060606060606061,0.005050505050505051,0.005050505050505051,True,1970.0,True
rome,rome:60:289-0-s12:p0,7,60,35,202,120,12,420.0,1980.0,12.0,0.21212121212121213,0.017676767676767676,0.017676767676767676,False,1945.0,True
rome,rome:60:289-0-s12:p0,8,60,47,202,120,12,564.0,1980.0,12.0,0.28484848484848485,0.023737373737373738,0.023737373737373738,False,1933.0,True
rome,rome:60:289-0-s12:p0,9,61,26,202,120,12,312.0,2013.0,12.0,0.15499254843517138,0.012916045702930949,0.012916045702930949,False,1987.0,True
rome,rome:60:289-0-s12:p0,10,58,19,202,120,12,228.0,1914.0,12.0,0.11912225705329153,0.009926854754440962,0.009926854754440962,False,1895.0,True
rome,rome:60:289-0-s12:p0,11,62,13,202,120,12,156.0,2046.0,12.0,0.07624633431085044,0.00635386119257087,0.00635386119257087,False,2033.0,True
rome,rome:60:289-0-s12:p0,12,59,26,202,120,12,312.0,1947.0,12.0,0.16024653312788906,0.01335387776065742,0.01335387776065742,False,1921.0,True
rome,rome:60:289-0-s12:p0,13,60,31,202,120,12,372.0,1980.0,12.0,0.18787878787878787,0.015656565656565657,0.015656565656565657,False,1949.0,True
rome,rome:60:289-0-s12:p0,14,59,34,202,120,12,408.0,1947.0,12.0,0.20955315870570107,0.01746276322547509,0.01746276322547509,False,1913.0,True
rome,rome:60:289-0-s12:p0,15,61,20,202,120,12,240.0,2013.0,12.0,0.11922503725782414,0.009935419771485345,0.009935419771485345,False,1993.0,True
rome,rome:60:289-0-s12:p0,16,60,10,202,120,12,120.0,1980.0,12.0,0.06060606060606061,0.005050505050505051,0.005050505050505051,True,1970.0,True
rome,rome:60:289-0-s12:p0,17,55,22,202,120,12,264.0,1815.0,12.0,0.14545454545454545,0.012121212121212121,0.012121212121212121,False,1793.0,True
rome,rome:60:289-0-s12:p0,18,60,22,202,120,12,264.0,1980.0,12.0,0.13333333333333333,0.011111111111111112,0.011111111111111112,False,1958.0,True
rome,rome:60:289-0-s12:p0,19,61,20,202,120,12,240.0,2013.0,12.0,0.11922503725782414,0.009935419771485345,0.009935419771485345,False,1993.0,True
rome,rome:60:289-0-s12:p0,20,60,31,202,120,12,372.0,1980.0,12.0,0.18787878787878787,0.015656565656565657,0.015656565656565657,False,1949.0,True
rome,rome:60:289-0-s12:p0,21,59,35,202,120,12,420.0,1947.0,12.0,0.21571648690292758,0.017976373908577297,0.017976373908577297,False,1912.0,True
rome,rome:60:289-0-s12:p0,22,60,21,202,120,12,252.0,1980.0,12.0,0.12727272727272726,0.010606060606060605,0.010606060606060607,False,1959.0,True
rome,rome:60:289-0-s12:p0,23,61,22,202,120,12,264.0,2013.0,12.0,0.13114754098360656,0.01092896174863388,0.01092896174863388,False,1991.0,True
rome,rome:60:289-0-s30:p0,0,58,94,201,120,12,1128.0,1914.0,12.0,0.5893416927899686,0.04911180773249738,0.04911180773249739,False,1820.0,True
rome,rome:60:289-0-s30:p0,1,59,0,202,120,12,0.0,1947.0,12.0,0.0,0.0,0.0,True,1947.0,True
rome,rome:60:289-0-s30:p0,2,61,10,202,120,12,120.0,2013.0,12.0,0.05961251862891207,0.004967709885742673,0.004967709885742673,True,2003.0,True
rome,rome:60:289-0-s30:p0,3,60,0,202,120,12,0.0,1980.0,12.0,0.0,0.0,0.0,True,1980.0,True
rome,rome:60:289-0-s30:p0,4,60,9,202,120,12,108.0,1980.0,12.0,0.05454545454545454,0.004545454545454545,0.004545454545454545,True,1971.0,True
rome,rome:60:289-0-s30:p0,5,60,28,202,120,12,336.0,1980.0,12.0,0.1696969696969697,0.014141414141414142,0.014141414141414142,False,1952.0,True
rome,rome:60:289-0-s30:p0,6,61,15,202,120,12,180.0,2013.0,12.0,0.08941877794336811,0.007451564828614009,0.007451564828614009,False,1998.0,True
rome,rome:60:289-0-s30:p0,7,59,10,202,120,12,120.0,1947.0,12.0,0.061633281972265024,0.005136106831022085,0.005136106831022085,True,1937.0,True
rome,rome:60:289-0-s30:p0,8,61,12,202,120,12,144.0,2013.0,12.0,0.07153502235469449,0.005961251862891207,0.005961251862891207,False,2001.0,True
rome,rome:60:289-0-s30:p0,9,59,23,202,120,12,276.0,1947.0,12.0,0.14175654853620956,0.011813045711350797,0.011813045711350795,False,1924.0,True
rome,rome:60:289-0-s30:p0,10,61,11,202,120,12,132.0,2013.0,12.0,0.06557377049180328,0.00546448087431694,0.00546448087431694,False,2002.0,True
rome,rome:60:289-0-s30:p0,11,59,17,202,120,12,204.0,1947.0,12.0,0.10477657935285054,0.008731381612737545,0.008731381612737545,False,1930.0,True
rome,rome:60:289-0-s30:p0,12,60,9,202,120,12,108.0,1980.0,12.0,0.05454545454545454,0.004545454545454545,0.004545454545454545,True,1971.0,True
rome,rome:60:289-0-s30:p0,13,61,13,202,120,12,156.0,2013.0,12.0,0.07749627421758569,0.006458022851465474,0.006458022851465474,False,2000.0,True
rome,rome:60:289-0-s30:p0,14,59,12,202,120,12,144.0,1947.0,12.0,0.07395993836671803,0.0061633281972265025,0.0061633281972265025,False,1935.0,True
rome,rome:60:289-0-s30:p0,15,59,21,202,120,12,252.0,1947.0,12.0,0.12942989214175654,0.010785824345146378,0.01078582434514638,False,1926.0,True
rome,rome:60:289-0-s30:p0,16,61,14,202,120,12,168.0,2013.0,12.0,0.08345752608047691,0.0069547938400397425,0.006954793840039742,False,1999.0,True
rome,rome:60:289-0-s30:p0,17,60,25,202,120,12,300.0,1980.0,12.0,0.15151515151515152,0.012626262626262626,0.012626262626262626,False,1955.0,True
rome,rome:60:289-0-s30:p0,18,60,19,202,120,12,228.0,1980.0,12.0,0.11515151515151516,0.009595959595959597,0.009595959595959595,False,1961.0,True
rome,rome:60:289-0-s30:p0,19,61,18,202,120,12,216.0,2013.0,12.0,0.10730253353204174,0.00894187779433681,0.00894187779433681,False,1995.0,True
rome,rome:60:289-0-s30:p0,20,59,29,202,120,12,348.0,1947.0,12.0,0.17873651771956856,0.014894709809964046,0.014894709809964048,False,1918.0,True
rome,rome:60:289-0-s30:p0,21,61,18,202,120,12,216.0,2013.0,12.0,0.10730253353204174,0.00894187779433681,0.00894187779433681,False,1995.0,True
rome,rome:60:289-0-s30:p0,22,58,17,202,120,12,204.0,1914.0,12.0,0.10658307210031348,0.008881922675026124,0.008881922675026124,False,1897.0,True
rome,rome:60:289-0-s30:p0,23,61,16,202,120,12,192.0,2013.0,12.0,0.09538002980625931,0.007948335817188276,0.007948335817188276,False,1997.0,True
rome,rome:60:289-0-s77:p0,0,59,118,107,120,12,1416.0,1947.0,12.0,0.7272727272727273,0.06060606060606061,0.06060606060606061,False,1829.0,True
rome,rome:60:289-0-s77:p0,1,61,27,106,120,12,324.0,2013.0,12.0,0.16095380029806258,0.013412816691505215,0.013412816691505217,False,1986.0,True
rome,rome:60:289-0-s77:p0,2,59,0,6,120,12,0.0,1947.0,12.0,0.0,0.0,0.0,True,1947.0,True
rome,rome:60:289-0-s77:p0,3,60,0,6,120,12,0.0,1980.0,12.0,0.0,0.0,0.0,True,1980.0,True
rome,rome:60:289-0-s77:p0,4,60,0,6,120,12,0.0,1980.0,12.0,0.0,0.0,0.0,True,1980.0,True
rome,rome:60:289-0-s77:p0,5,60,13,6,120,12,156.0,1980.0,12.0,0.07878787878787878,0.0065656565656565654,0.0065656565656565654,False,1967.0,True
rome,rome:60:289-0-s77:p0,6,61,28,6,120,12,336.0,2013.0,12.0,0.16691505216095381,0.013909587680079485,0.013909587680079483,False,1985.0,True
rome,rome:60:289-0-s77:p0,7,59,26,6,120,12,312.0,1947.0,12.0,0.16024653312788906,0.01335387776065742,0.01335387776065742,False,1921.0,True
rome,rome:60:289-0-s77:p0,8,61,16,6,120,12,192.0,2013.0,12.0,0.09538002980625931,0.007948335817188276,0.007948335817188276,False,1997.0,True
rome,rome:60:289-0-s77:p0,9,59,14,6,120,12,168.0,1947.0,12.0,0.08628659476117104,0.00719054956343092,0.007190549563430919,False,1933.0,True
rome,rome:60:289-0-s77:p0,10,61,16,6,120,12,192.0,2013.0,12.0,0.09538002980625931,0.007948335817188276,0.007948335817188276,False,1997.0,True
rome,rome:60:289-0-s77:p0,11,59,13,6,120,12,156.0,1947.0,12.0,0.08012326656394453,0.00667693888032871,0.00667693888032871,False,1934.0,True
rome,rome:60:289-0-s77:p0,12,62,11,6,120,12,132.0,2046.0,12.0,0.06451612903225806,0.005376344086021505,0.005376344086021506,False,2035.0,True
rome,rome:60:289-0-s77:p0,13,58,46,6,120,12,552.0,1914.0,12.0,0.2884012539184953,0.024033437826541274,0.024033437826541274,False,1868.0,True
rome,rome:60:289-0-s77:p0,14,60,328,6,120,12,3936.0,1980.0,12.0,1.9878787878787878,0.16565656565656564,0.16565656565656567,False,1652.0,True
rome,rome:60:289-0-s77:p0,15,56,467,307,120,12,5604.0,1848.0,12.0,3.0324675324675323,0.2527056277056277,0.2527056277056277,False,1381.0,True
rome,rome:60:289-0-s77:p0,16,64,24,202,120,12,288.0,2112.0,12.0,0.13636363636363635,0.011363636363636362,0.011363636363636364,False,2088.0,True
rome,rome:60:289-0-s77:p0,17,61,0,202,120,12,0.0,2013.0,12.0,0.0,0.0,0.0,True,2013.0,True
rome,rome:60:289-0-s77:p0,18,59,0,202,120,12,0.0,1947.0,12.0,0.0,0.0,0.0,True,1947.0,True
rome,rome:60:289-0-s77:p0,19,60,0,202,120,12,0.0,1980.0,12.0,0.0,0.0,0.0,True,1980.0,True
rome,rome:60:289-0-s77:p0,20,60,8,202,120,12,96.0,1980.0,12.0,0.048484848484848485,0.00404040404040404,0.00404040404040404,True,1972.0,True
rome,rome:60:289-0-s77:p0,21,60,21,202,120,12,252.0,1980.0,12.0,0.12727272727272726,0.010606060606060605,0.010606060606060607,False,1959.0,True
rome,rome:60:289-0-s77:p0,22,60,9,202,120,12,108.0,1980.0,12.0,0.05454545454545454,0.004545454545454545,0.004545454545454545,True,1971.0,True
rome,rome:60:289-0-s77:p0,23,60,22,202,120,12,264.0,1980.0,12.0,0.13333333333333333,0.011111111111111112,0.011111111111111112,False,1958.0,True
rome,rome:60:289-0-s94:p0,0,61,67,300,120,12,804.0,2013.0,12.0,0.39940387481371087,0.033283656234475906,0.033283656234475906,False,1946.0,True
rome,rome:60:289-0-s94:p0,1,59,282,201,120,12,3384.0,1947.0,12.0,1.7380585516178737,0.1448382126348228,0.1448382126348228,False,1665.0,True
rome,rome:60:289-0-s94:p0,2,60,0,102,120,12,0.0,1980.0,12.0,0.0,0.0,0.0,True,1980.0,True
rome,rome:60:289-0-s94:p0,3,60,0,102,120,12,0.0,1980.0,12.0,0.0,0.0,0.0,True,1980.0,True
rome,rome:60:289-0-s94:p0,4,60,0,102,120,12,0.0,1980.0,12.0,0.0,0.0,0.0,True,1980.0,True
rome,rome:60:289-0-s94:p0,5,61,0,102,120,12,0.0,2013.0,12.0,0.0,0.0,0.0,True,2013.0,True
rome,rome:60:289-0-s94:p0,6,59,353,102,120,12,4236.0,1947.0,12.0,2.1756548536209555,0.1813045711350796,0.1813045711350796,False,1594.0,True
rome,rome:60:289-0-s94:p0,7,60,38,106,120,12,456.0,1980.0,12.0,0.23030303030303031,0.019191919191919194,0.01919191919191919,False,1942.0,True
rome,rome:60:289-0-s94:p0,8,60,0,6,120,12,0.0,1980.0,12.0,0.0,0.0,0.0,True,1980.0,True
rome,rome:60:289-0-s94:p0,9,61,0,6,120,12,0.0,2013.0,12.0,0.0,0.0,0.0,True,2013.0,True
rome,rome:60:289-0-s94:p0,10,59,0,6,120,12,0.0,1947.0,12.0,0.0,0.0,0.0,True,1947.0,True
rome,rome:60:289-0-s94:p0,11,62,2,6,120,12,24.0,2046.0,12.0,0.011730205278592375,0.0009775171065493646,0.0009775171065493646,True,2044.0,True
rome,rome:60:289-0-s94:p0,12,58,28,6,120,12,336.0,1914.0,12.0,0.1755485893416928,0.014629049111807733,0.014629049111807733,False,1886.0,True
rome,rome:60:289-0-s94:p0,13,61,25,6,120,12,300.0,2013.0,12.0,0.14903129657228018,0.01241927471435668,0.012419274714356682,False,1988.0,True
rome,rome:60:289-0-s94:p0,14,59,15,6,120,12,180.0,1947.0,12.0,0.09244992295839753,0.007704160246533128,0.007704160246533128,False,1932.0,True
rome,rome:60:289-0-s94:p0,15,61,196,6,120,12,2352.0,2013.0,12.0,1.1684053651266766,0.09736711376055639,0.09736711376055639,False,1817.0,True
rome,rome:60:289-0-s94:p0,16,60,218,107,120,12,2616.0,1980.0,12.0,1.3212121212121213,0.1101010101010101,0.1101010101010101,False,1762.0,True
rome,rome:60:289-0-s94:p0,17,59,448,306,120,12,5376.0,1947.0,12.0,2.761171032357473,0.23009758602978944,0.2300975860297894,False,1499.0,True
rome,rome:60:289-0-s94:p0,18,60,0,202,120,12,0.0,1980.0,12.0,0.0,0.0,0.0,True,1980.0,True
rome,rome:60:289-0-s94:p0,19,60,0,202,120,12,0.0,1980.0,12.0,0.0,0.0,0.0,True,1980.0,True
rome,rome:60:289-0-s94:p0,20,61,0,202,120,12,0.0,2013.0,12.0,0.0,0.0,0.0,True,2013.0,True
rome,rome:60:289-0-s94:p0,21,59,0,202,120,12,0.0,1947.0,12.0,0.0,0.0,0.0,True,1947.0,True
rome,rome:60:289-0-s94:p0,22,60,8,202,120,12,96.0,1980.0,12.0,0.048484848484848485,0.00404040404040404,0.00404040404040404,True,1972.0,True
rome,rome:60:289-0-s94:p0,23,60,1,202,120,12,12.0,1980.0,12.0,0.006060606060606061,0.000505050505050505,0.000505050505050505,True,1979.0,True
rome,rome:60:290-0-s103:p0,0,60,472,7,100,10,4720.0,1980.0,12.0,2.3838383838383836,0.19865319865319864,0.2383838383838384,False,1508.0,True
rome,rome:60:290-0-s103:p0,1,60,315,506,120,12,3780.0,1980.0,12.0,1.9090909090909092,0.1590909090909091,0.1590909090909091,False,1665.0,True
rome,rome:60:290-0-s103:p0,2,60,480,805,120,12,5760.0,1980.0,12.0,2.909090909090909,0.24242424242424243,0.24242424242424243,False,1500.0,True
rome,rome:60:290-0-s103:p0,3,60,397,1010,120,12,4764.0,1980.0,12.0,2.4060606060606062,0.20050505050505052,0.2005050505050505,False,1583.0,True
rome,rome:60:290-0-s103:p0,4,60,41,1308,120,12,492.0,1980.0,12.0,0.24848484848484848,0.020707070707070705,0.02070707070707071,False,1939.0,True
rome,rome:60:290-0-s103:p0,5,60,0,1308,120,12,0.0,1980.0,12.0,0.0,0.0,0.0,True,1980.0,True
rome,rome:60:290-0-s103:p0,6,60,0,1308,120,12,0.0,1980.0,12.0,0.0,0.0,0.0,True,1980.0,True
rome,rome:60:290-0-s103:p0,7,61,0,1308,120,12,0.0,2013.0,12.0,0.0,0.0,0.0,True,2013.0,True
rome,rome:60:290-0-s103:p0,8,59,5,1308,120,12,60.0,1947.0,12.0,0.030816640986132512,0.0025680534155110425,0.0025680534155110425,True,1942.0,True
rome,rome:60:290-0-s103:p0,9,61,0,1308,120,12,0.0,2013.0,12.0,0.0,0.0,0.0,True,2013.0,True
rome,rome:60:290-0-s103:p0,10,59,21,1308,120,12,252.0,1947.0,12.0,0.12942989214175654,0.010785824345146378,0.01078582434514638,False,1926.0,True
rome,rome:60:290-0-s103:p0,11,60,19,1308,120,12,228.0,1980.0,12.0,0.11515151515151516,0.009595959595959597,0.009595959595959595,False,1961.0,True
rome,rome:60:290-0-s103:p0,12,60,25,1308,120,12,300.0,1980.0,12.0,0.15151515151515152,0.012626262626262626,0.012626262626262626,False,1955.0,True
rome,rome:60:290-0-s103:p0,13,60,26,1308,120,12,312.0,1980.0,12.0,0.15757575757575756,0.013131313131313131,0.013131313131313131,False,1954.0,True
rome,rome:60:290-0-s103:p0,14,60,25,1308,120,12,300.0,1980.0,12.0,0.15151515151515152,0.012626262626262626,0.012626262626262626,False,1955.0,True
rome,rome:60:290-0-s103:p0,15,60,23,1308,120,12,276.0,1980.0,12.0,0.1393939393939394,0.011616161616161616,0.011616161616161616,False,1957.0,True
rome,rome:60:290-0-s103:p0,16,60,15,1308,120,12,180.0,1980.0,12.0,0.09090909090909091,0.007575757575757576,0.007575757575757576,False,1965.0,True
rome,rome:60:290-0-s103:p0,17,60,23,1308,120,12,276.0,1980.0,12.0,0.1393939393939394,0.011616161616161616,0.011616161616161616,False,1957.0,True
rome,rome:60:290-0-s103:p0,18,60,23,1308,120,12,276.0,1980.0,12.0,0.1393939393939394,0.011616161616161616,0.011616161616161616,False,1957.0,True
rome,rome:60:290-0-s103:p0,19,60,41,1308,120,12,492.0,1980.0,12.0,0.24848484848484848,0.020707070707070705,0.02070707070707071,False,1939.0,True
rome,rome:60:290-0-s103:p0,20,61,28,1308,120,12,336.0,2013.0,12.0,0.16691505216095381,0.013909587680079485,0.013909587680079483,False,1985.0,True
rome,rome:60:290-0-s103:p0,21,59,17,1308,120,12,204.0,1947.0,12.0,0.10477657935285054,0.008731381612737545,0.008731381612737545,False,1930.0,True
rome,rome:60:290-0-s103:p0,22,60,24,1308,120,12,288.0,1980.0,12.0,0.14545454545454545,0.012121212121212121,0.012121212121212121,False,1956.0,True
rome,rome:60:290-0-s103:p0,23,60,40,1308,120,12,480.0,1980.0,12.0,0.24242424242424243,0.020202020202020204,0.020202020202020204,False,1940.0,True
rome,rome:60:290-0-s103:p1,0,60,27,1308,120,12,324.0,1980.0,12.0,0.16363636363636364,0.013636363636363636,0.013636363636363636,False,1953.0,True
rome,rome:60:290-0-s103:p1,1,60,21,1308,120,12,252.0,1980.0,12.0,0.12727272727272726,0.010606060606060605,0.010606060606060607,False,1959.0,True
rome,rome:60:290-0-s103:p1,2,60,20,1308,120,12,240.0,1980.0,12.0,0.12121212121212122,0.010101010101010102,0.010101010101010102,False,1960.0,True
rome,rome:60:290-0-s103:p1,3,60,8,1308,120,12,96.0,1980.0,12.0,0.048484848484848485,0.00404040404040404,0.00404040404040404,True,1972.0,True
rome,rome:60:290-0-s103:p1,4,60,13,1308,120,12,156.0,1980.0,12.0,0.07878787878787878,0.0065656565656565654,0.0065656565656565654,False,1967.0,True
rome,rome:60:290-0-s103:p1,5,60,0,1308,120,12,0.0,1980.0,12.0,0.0,0.0,0.0,True,1980.0,True
rome,rome:60:290-0-s103:p1,6,60,0,1308,120,12,0.0,1980.0,12.0,0.0,0.0,0.0,True,1980.0,True
rome,rome:60:290-0-s103:p1,7,60,19,1308,120,12,228.0,1980.0,12.0,0.11515151515151516,0.009595959595959597,0.009595959595959595,False,1961.0,True
rome,rome:60:290-0-s103:p1,8,60,20,1308,120,12,240.0,1980.0,12.0,0.12121212121212122,0.010101010101010102,0.010101010101010102,False,1960.0,True
rome,rome:60:290-0-s103:p1,9,60,8,1308,120,12,96.0,1980.0,12.0,0.048484848484848485,0.00404040404040404,0.00404040404040404,True,1972.0,True
rome,rome:60:290-0-s103:p1,10,60,0,1308,120,12,0.0,1980.0,12.0,0.0,0.0,0.0,True,1980.0,True
rome,rome:60:290-0-s103:p1,11,60,0,1308,120,12,0.0,1980.0,12.0,0.0,0.0,0.0,True,1980.0,True
rome,rome:60:290-0-s103:p1,12,60,0,1308,120,12,0.0,1980.0,12.0,0.0,0.0,0.0,True,1980.0,True
rome,rome:60:290-0-s103:p1,13,61,0,1308,120,12,0.0,2013.0,12.0,0.0,0.0,0.0,True,2013.0,True
rome,rome:60:290-0-s103:p1,14,59,0,1308,120,12,0.0,1947.0,12.0,0.0,0.0,0.0,True,1947.0,True
rome,rome:60:290-0-s103:p1,15,61,0,1308,120,12,0.0,2013.0,12.0,0.0,0.0,0.0,True,2013.0,True
rome,rome:60:290-0-s103:p1,16,59,6,1308,120,12,72.0,1947.0,12.0,0.03697996918335902,0.0030816640986132513,0.0030816640986132513,True,1941.0,True
rome,rome:60:290-0-s103:p1,17,61,26,1308,120,12,312.0,2013.0,12.0,0.15499254843517138,0.012916045702930949,0.012916045702930949,False,1987.0,True
rome,rome:60:290-0-s103:p1,18,59,3,1308,120,12,36.0,1947.0,12.0,0.01848998459167951,0.0015408320493066256,0.0015408320493066256,True,1944.0,True
rome,rome:60:290-0-s103:p1,19,61,0,1308,120,12,0.0,2013.0,12.0,0.0,0.0,0.0,True,2013.0,True
rome,rome:60:290-0-s103:p1,20,59,0,1308,120,12,0.0,1947.0,12.0,0.0,0.0,0.0,True,1947.0,True
rome,rome:60:290-0-s103:p1,21,60,0,1308,120,12,0.0,1980.0,12.0,0.0,0.0,0.0,True,1980.0,True
rome,rome:60:290-0-s103:p1,22,60,0,1308,120,12,0.0,1980.0,12.0,0.0,0.0,0.0,True,1980.0,True
rome,rome:60:290-0-s103:p1,23,60,0,1308,120,12,0.0,1980.0,12.0,0.0,0.0,0.0,True,1980.0,True
rome,rome:60:290-0-s119:p0,0,48,0,1308,120,12,0.0,1584.0,12.0,0.0,0.0,0.0,True,1584.0,True
rome,rome:60:290-0-s119:p0,1,60,0,1308,120,12,0.0,1980.0,12.0,0.0,0.0,0.0,True,1980.0,True
rome,rome:60:290-0-s119:p0,2,61,0,1308,120,12,0.0,2013.0,12.0,0.0,0.0,0.0,True,2013.0,True
rome,rome:60:290-0-s119:p0,3,59,0,1308,120,12,0.0,1947.0,12.0,0.0,0.0,0.0,True,1947.0,True
rome,rome:60:290-0-s119:p0,4,61,7,1308,120,12,84.0,2013.0,12.0,0.041728763040238454,0.0034773969200198713,0.003477396920019871,True,2006.0,True
rome,rome:60:290-0-s119:p0,5,59,0,1308,120,12,0.0,1947.0,12.0,0.0,0.0,0.0,True,1947.0,True
rome,rome:60:290-0-s119:p0,6,61,0,1308,120,12,0.0,2013.0,12.0,0.0,0.0,0.0,True,2013.0,True
rome,rome:60:290-0-s119:p0,7,59,0,1308,120,12,0.0,1947.0,12.0,0.0,0.0,0.0,True,1947.0,True
rome,rome:60:290-0-s119:p0,8,60,0,1308,120,12,0.0,1980.0,12.0,0.0,0.0,0.0,True,1980.0,True
rome,rome:60:290-0-s119:p0,9,60,36,1308,120,12,432.0,1980.0,12.0,0.21818181818181817,0.01818181818181818,0.01818181818181818,False,1944.0,True
rome,rome:60:290-0-s119:p0,10,60,28,1308,120,12,336.0,1980.0,12.0,0.1696969696969697,0.014141414141414142,0.014141414141414142,False,1952.0,True
rome,rome:60:290-0-s119:p0,11,60,26,1308,120,12,312.0,1980.0,12.0,0.15757575757575756,0.013131313131313131,0.013131313131313131,False,1954.0,True
rome,rome:60:290-0-s119:p0,12,60,9,1308,120,12,108.0,1980.0,12.0,0.05454545454545454,0.004545454545454545,0.004545454545454545,True,1971.0,True
rome,rome:60:290-0-s119:p0,13,60,0,1308,120,12,0.0,1980.0,12.0,0.0,0.0,0.0,True,1980.0,True
rome,rome:60:290-0-s119:p0,14,60,13,1308,120,12,156.0,1980.0,12.0,0.07878787878787878,0.0065656565656565654,0.0065656565656565654,False,1967.0,True
rome,rome:60:290-0-s119:p0,15,60,0,1308,120,12,0.0,1980.0,12.0,0.0,0.0,0.0,True,1980.0,True
rome,rome:60:290-0-s119:p0,16,60,7,1308,120,12,84.0,1980.0,12.0,0.04242424242424243,0.0035353535353535356,0.0035353535353535356,True,1973.0,True
rome,rome:60:290-0-s119:p0,17,60,0,1308,120,12,0.0,1980.0,12.0,0.0,0.0,0.0,True,1980.0,True
rome,rome:60:290-0-s119:p0,18,60,1,1308,120,12,12.0,1980.0,12.0,0.006060606060606061,0.000505050505050505,0.000505050505050505,True,1979.0,True
rome,rome:60:290-0-s119:p0,19,60,8,1308,120,12,96.0,1980.0,12.0,0.048484848484848485,0.00404040404040404,0.00404040404040404,True,1972.0,True
rome,rome:60:290-0-s119:p0,20,60,12,1308,120,12,144.0,1980.0,12.0,0.07272727272727272,0.006060606060606061,0.006060606060606061,False,1968.0,True
rome,rome:60:290-0-s119:p0,21,62,18,1308,120,12,216.0,2046.0,12.0,0.10557184750733138,0.008797653958944282,0.008797653958944282,False,2028.0,True
rome,rome:60:290-0-s119:p0,22,58,23,1308,120,12,276.0,1914.0,12.0,0.14420062695924765,0.012016718913270637,0.012016718913270637,False,1891.0,True
rome,rome:60:290-0-s119:p0,23,60,25,1308,120,12,300.0,1980.0,12.0,0.15151515151515152,0.012626262626262626,0.012626262626262626,False,1955.0,True
rome,rome:60:290-0-s34:p0,0,60,0,1308,120,12,0.0,1980.0,12.0,0.0,0.0,0.0,True,1980.0,True
rome,rome:60:290-0-s34:p0,1,61,7,1308,120,12,84.0,2013.0,12.0,0.041728763040238454,0.0034773969200198713,0.003477396920019871,True,2006.0,True
rome,rome:60:290-0-s34:p0,2,59,0,1308,120,12,0.0,1947.0,12.0,0.0,0.0,0.0,True,1947.0,True
rome,rome:60:290-0-s34:p0,3,60,0,1308,120,12,0.0,1980.0,12.0,0.0,0.0,0.0,True,1980.0,True
rome,rome:60:290-0-s34:p0,4,60,18,1308,120,12,216.0,1980.0,12.0,0.10909090909090909,0.00909090909090909,0.00909090909090909,False,1962.0,True
rome,rome:60:290-0-s34:p0,5,60,2,1308,120,12,24.0,1980.0,12.0,0.012121212121212121,0.00101010101010101,0.00101010101010101,True,1978.0,True
rome,rome:60:290-0-s34:p0,6,60,9,1308,120,12,108.0,1980.0,12.0,0.05454545454545454,0.004545454545454545,0.004545454545454545,True,1971.0,True
rome,rome:60:290-0-s34:p0,7,61,0,1308,120,12,0.0,2013.0,12.0,0.0,0.0,0.0,True,2013.0,True
rome,rome:60:290-0-s34:p0,8,59,13,1308,120,12,156.0,1947.0,12.0,0.08012326656394453,0.00667693888032871,0.00667693888032871,False,1934.0,True
rome,rome:60:290-0-s34:p0,9,61,28,1308,120,12,336.0,2013.0,12.0,0.16691505216095381,0.013909587680079485,0.013909587680079483,False,1985.0,True
rome,rome:60:290-0-s34:p0,10,59,0,1308,120,12,0.0,1947.0,12.0,0.0,0.0,0.0,True,1947.0,True
rome,rome:60:290-0-s34:p0,11,60,4,1308,120,12,48.0,1980.0,12.0,0.024242424242424242,0.00202020202020202,0.00202020202020202,True,1976.0,True
rome,rome:60:290-0-s34:p0,12,60,17,1308,120,12,204.0,1980.0,12.0,0.10303030303030303,0.008585858585858586,0.008585858585858586,False,1963.0,True
rome,rome:60:290-0-s34:p0,13,60,7,1308,120,12,84.0,1980.0,12.0,0.04242424242424243,0.0035353535353535356,0.0035353535353535356,True,1973.0,True
rome,rome:60:290-0-s34:p0,14,60,7,1308,120,12,84.0,1980.0,12.0,0.04242424242424243,0.0035353535353535356,0.0035353535353535356,True,1973.0,True
rome,rome:60:290-0-s34:p0,15,60,19,1308,120,12,228.0,1980.0,12.0,0.11515151515151516,0.009595959595959597,0.009595959595959595,False,1961.0,True
rome,rome:60:290-0-s34:p0,16,60,24,1308,120,12,288.0,1980.0,12.0,0.14545454545454545,0.012121212121212121,0.012121212121212121,False,1956.0,True
rome,rome:60:290-0-s34:p0,17,60,13,1308,120,12,156.0,1980.0,12.0,0.07878787878787878,0.0065656565656565654,0.0065656565656565654,False,1967.0,True
rome,rome:60:290-0-s34:p0,18,61,17,1308,120,12,204.0,2013.0,12.0,0.10134128166915052,0.008445106805762543,0.008445106805762544,False,1996.0,True
rome,rome:60:290-0-s34:p0,19,59,12,1308,120,12,144.0,1947.0,12.0,0.07395993836671803,0.0061633281972265025,0.0061633281972265025,False,1935.0,True
rome,rome:60:290-0-s34:p0,20,59,24,1308,120,12,288.0,1947.0,12.0,0.14791987673343607,0.012326656394453005,0.012326656394453005,False,1923.0,True
rome,rome:60:290-0-s34:p0,21,61,10,1308,120,12,120.0,2013.0,12.0,0.05961251862891207,0.004967709885742673,0.004967709885742673,True,2003.0,True
rome,rome:60:290-0-s34:p0,22,59,0,1308,120,12,0.0,1947.0,12.0,0.0,0.0,0.0,True,1947.0,True
rome,rome:60:290-0-s34:p0,23,61,14,1308,120,12,168.0,2013.0,12.0,0.08345752608047691,0.0069547938400397425,0.006954793840039742,False,1999.0,True
rome,rome:60:290-0-s36:p0,0,59,0,1308,120,12,0.0,1947.0,12.0,0.0,0.0,0.0,True,1947.0,True
rome,rome:60:290-0-s36:p0,1,61,0,1308,120,12,0.0,2013.0,12.0,0.0,0.0,0.0,True,2013.0,True
rome,rome:60:290-0-s36:p0,2,60,0,1308,120,12,0.0,1980.0,12.0,0.0,0.0,0.0,True,1980.0,True
rome,rome:60:290-0-s36:p0,3,49,0,1308,120,12,0.0,1617.0,12.0,0.0,0.0,0.0,True,1617.0,True
rome,rome:60:290-0-s36:p0,4,71,12,1308,120,12,144.0,2343.0,12.0,0.06145966709346991,0.005121638924455826,0.005121638924455826,False,2331.0,True
rome,rome:60:290-0-s36:p0,5,59,21,1308,120,12,252.0,1947.0,12.0,0.12942989214175654,0.010785824345146378,0.01078582434514638,False,1926.0,True
rome,rome:60:290-0-s36:p0,6,61,22,1308,120,12,264.0,2013.0,12.0,0.13114754098360656,0.01092896174863388,0.01092896174863388,False,1991.0,True
rome,rome:60:290-0-s36:p0,7,59,21,1308,120,12,252.0,1947.0,12.0,0.12942989214175654,0.010785824345146378,0.01078582434514638,False,1926.0,True
rome,rome:60:290-0-s36:p0,8,60,11,1308,120,12,132.0,1980.0,12.0,0.06666666666666667,0.005555555555555556,0.005555555555555556,False,1969.0,True
rome,rome:60:290-0-s36:p0,9,60,9,1308,120,12,108.0,1980.0,12.0,0.05454545454545454,0.004545454545454545,0.004545454545454545,True,1971.0,True
rome,rome:60:290-0-s36:p0,10,61,16,1308,120,12,192.0,2013.0,12.0,0.09538002980625931,0.007948335817188276,0.007948335817188276,False,1997.0,True
rome,rome:60:290-0-s36:p0,11,59,23,1308,120,12,276.0,1947.0,12.0,0.14175654853620956,0.011813045711350797,0.011813045711350795,False,1924.0,True
rome,rome:60:290-0-s36:p0,12,61,14,1308,120,12,168.0,2013.0,12.0,0.08345752608047691,0.0069547938400397425,0.006954793840039742,False,1999.0,True
rome,rome:60:290-0-s36:p0,13,60,27,1308,120,12,324.0,1980.0,12.0,0.16363636363636364,0.013636363636363636,0.013636363636363636,False,1953.0,True
rome,rome:60:290-0-s36:p0,14,60,17,1308,120,12,204.0,1980.0,12.0,0.10303030303030303,0.008585858585858586,0.008585858585858586,False,1963.0,True
rome,rome:60:290-0-s36:p0,15,61,7,1308,120,12,84.0,2013.0,12.0,0.041728763040238454,0.0034773969200198713,0.003477396920019871,True,2006.0,True
rome,rome:60:290-0-s36:p0,16,58,19,1308,120,12,228.0,1914.0,12.0,0.11912225705329153,0.009926854754440962,0.009926854754440962,False,1895.0,True
rome,rome:60:290-0-s36:p0,17,61,12,1308,120,12,144.0,2013.0,12.0,0.07153502235469449,0.005961251862891207,0.005961251862891207,False,2001.0,True
rome,rome:60:290-0-s36:p0,18,60,16,1308,120,12,192.0,1980.0,12.0,0.09696969696969697,0.00808080808080808,0.00808080808080808,False,1964.0,True
rome,rome:60:290-0-s36:p0,19,60,0,1308,120,12,0.0,1980.0,12.0,0.0,0.0,0.0,True,1980.0,True
rome,rome:60:290-0-s36:p0,20,60,0,1308,120,12,0.0,1980.0,12.0,0.0,0.0,0.0,True,1980.0,True
rome,rome:60:290-0-s36:p0,21,60,1,1308,120,12,12.0,1980.0,12.0,0.006060606060606061,0.000505050505050505,0.000505050505050505,True,1979.0,True
rome,rome:60:290-0-s36:p0,22,60,0,1308,120,12,0.0,1980.0,12.0,0.0,0.0,0.0,True,1980.0,True
rome,rome:60:290-0-s36:p0,23,60,5,1308,120,12,60.0,1980.0,12.0,0.030303030303030304,0.0025252525252525255,0.0025252525252525255,True,1975.0,True
rome,rome:60:290-0-s36:p1,0,60,0,1308,120,12,0.0,1980.0,12.0,0.0,0.0,0.0,True,1980.0,True
rome,rome:60:290-0-s36:p1,1,60,15,1308,120,12,180.0,1980.0,12.0,0.09090909090909091,0.007575757575757576,0.007575757575757576,False,1965.0,True
rome,rome:60:290-0-s36:p1,2,60,25,1308,120,12,300.0,1980.0,12.0,0.15151515151515152,0.012626262626262626,0.012626262626262626,False,1955.0,True
rome,rome:60:290-0-s36:p1,3,60,19,1308,120,12,228.0,1980.0,12.0,0.11515151515151516,0.009595959595959597,0.009595959595959595,False,1961.0,True
rome,rome:60:290-0-s36:p1,4,60,0,1308,120,12,0.0,1980.0,12.0,0.0,0.0,0.0,True,1980.0,True
rome,rome:60:290-0-s36:p1,5,60,20,1308,120,12,240.0,1980.0,12.0,0.12121212121212122,0.010101010101010102,0.010101010101010102,False,1960.0,True
rome,rome:60:290-0-s36:p1,6,60,17,1308,120,12,204.0,1980.0,12.0,0.10303030303030303,0.008585858585858586,0.008585858585858586,False,1963.0,True
rome,rome:60:290-0-s36:p1,7,60,6,1308,120,12,72.0,1980.0,12.0,0.03636363636363636,0.0030303030303030303,0.0030303030303030303,True,1974.0,True
rome,rome:60:290-0-s36:p1,8,61,9,1308,120,12,108.0,2013.0,12.0,0.05365126676602087,0.004470938897168405,0.004470938897168405,True,2004.0,True
rome,rome:60:290-0-s36:p1,9,59,11,1308,120,12,132.0,1947.0,12.0,0.06779661016949153,0.005649717514124294,0.005649717514124294,False,1936.0,True
rome,rome:60:290-0-s36:p1,10,60,12,1308,120,12,144.0,1980.0,12.0,0.07272727272727272,0.006060606060606061,0.006060606060606061,False,1968.0,True
rome,rome:60:290-0-s36:p1,11,60,40,1308,120,12,480.0,1980.0,12.0,0.24242424242424243,0.020202020202020204,0.020202020202020204,False,1940.0,True
rome,rome:60:290-0-s36:p1,12,60,17,1308,120,12,204.0,1980.0,12.0,0.10303030303030303,0.008585858585858586,0.008585858585858586,False,1963.0,True
rome,rome:60:290-0-s36:p1,13,59,23,1308,120,12,276.0,1947.0,12.0,0.14175654853620956,0.011813045711350797,0.011813045711350795,False,1924.0,True
rome,rome:60:290-0-s36:p1,14,62,23,1308,120,12,276.0,2046.0,12.0,0.1348973607038123,0.011241446725317692,0.011241446725317693,False,2023.0,True
rome,rome:60:290-0-s36:p1,15,59,13,1308,120,12,156.0,1947.0,12.0,0.08012326656394453,0.00667693888032871,0.00667693888032871,False,1934.0,True
rome,rome:60:290-0-s36:p1,16,60,14,1308,120,12,168.0,1980.0,12.0,0.08484848484848485,0.007070707070707071,0.007070707070707071,False,1966.0,True
rome,rome:60:290-0-s36:p1,17,60,14,1308,120,12,168.0,1980.0,12.0,0.08484848484848485,0.007070707070707071,0.007070707070707071,False,1966.0,True
rome,rome:60:290-0-s36:p1,18,60,16,1308,120,12,192.0,1980.0,12.0,0.09696969696969697,0.00808080808080808,0.00808080808080808,False,1964.0,True
rome,rome:60:290-0-s36:p1,19,60,18,1308,120,12,216.0,1980.0,12.0,0.10909090909090909,0.00909090909090909,0.00909090909090909,False,1962.0,True
rome,rome:60:290-0-s36:p1,20,60,21,1308,120,12,252.0,1980.0,12.0,0.12727272727272726,0.010606060606060605,0.010606060606060607,False,1959.0,True
rome,rome:60:290-0-s36:p1,21,60,32,1308,120,12,384.0,1980.0,12.0,0.19393939393939394,0.01616161616161616,0.01616161616161616,False,1948.0,True
rome,rome:60:290-0-s36:p1,22,60,18,1308,120,12,216.0,1980.0,12.0,0.10909090909090909,0.00909090909090909,0.00909090909090909,False,1962.0,True
rome,rome:60:290-0-s36:p1,23,60,15,1308,120,12,180.0,1980.0,12.0,0.09090909090909091,0.007575757575757576,0.007575757575757576,False,1965.0,True
rome,rome:60:290-0-s36:p2,0,60,17,1308,120,12,204.0,1980.0,12.0,0.10303030303030303,0.008585858585858586,0.008585858585858586,False,1963.0,True
rome,rome:60:290-0-s36:p2,1,60,38,1308,120,12,456.0,1980.0,12.0,0.23030303030303031,0.019191919191919194,0.01919191919191919,False,1942.0,True
rome,rome:60:290-0-s36:p2,2,60,19,1308,120,12,228.0,1980.0,12.0,0.11515151515151516,0.009595959595959597,0.009595959595959595,False,1961.0,True
rome,rome:60:290-0-s36:p2,3,63,31,1308,120,12,372.0,2079.0,12.0,0.17893217893217894,0.014911014911014911,0.014911014911014911,False,2048.0,True
rome,rome:60:290-0-s36:p2,4,57,13,1308,120,12,156.0,1881.0,12.0,0.08293460925039872,0.0069112174375332265,0.006911217437533227,False,1868.0,True
rome,rome:60:290-0-s36:p2,5,59,23,1308,120,12,276.0,1947.0,12.0,0.14175654853620956,0.011813045711350797,0.011813045711350795,False,1924.0,True
rome,rome:60:290-0-s36:p2,6,61,11,1308,120,12,132.0,2013.0,12.0,0.06557377049180328,0.00546448087431694,0.00546448087431694,False,2002.0,True
rome,rome:60:290-0-s36:p2,7,59,20,1308,120,12,240.0,1947.0,12.0,0.12326656394453005,0.01027221366204417,0.01027221366204417,False,1927.0,True
rome,rome:60:290-0-s36:p2,8,61,34,1308,120,12,408.0,2013.0,12.0,0.20268256333830104,0.016890213611525085,0.01689021361152509,False,1979.0,True
rome,rome:60:290-0-s36:p2,9,59,29,1308,120,12,348.0,1947.0,12.0,0.17873651771956856,0.014894709809964046,0.014894709809964048,False,1918.0,True
rome,rome:60:290-0-s36:p2,10,61,13,1308,120,12,156.0,2013.0,12.0,0.07749627421758569,0.006458022851465474,0.006458022851465474,False,2000.0,True
rome,rome:60:290-0-s36:p2,11,59,28,1308,120,12,336.0,1947.0,12.0,0.17257318952234207,0.01438109912686184,0.014381099126861838,False,1919.0,True
rome,rome:60:290-0-s36:p2,12,61,27,1308,120,12,324.0,2013.0,12.0,0.16095380029806258,0.013412816691505215,0.013412816691505217,False,1986.0,True
rome,rome:60:290-0-s36:p2,13,60,39,1308,120,12,468.0,1980.0,12.0,0.23636363636363636,0.019696969696969695,0.019696969696969695,False,1941.0,True
rome,rome:60:290-0-s36:p2,14,60,17,1308,120,12,204.0,1980.0,12.0,0.10303030303030303,0.008585858585858586,0.008585858585858586,False,1963.0,True
rome,rome:60:290-0-s36:p2,15,60,15,1308,120,12,180.0,1980.0,12.0,0.09090909090909091,0.007575757575757576,0.007575757575757576,False,1965.0,True
rome,rome:60:290-0-s36:p2,16,60,34,1308,120,12,408.0,1980.0,12.0,0.20606060606060606,0.01717171717171717,0.01717171717171717,False,1946.0,True
rome,rome:60:290-0-s36:p2,17,60,35,1308,120,12,420.0,1980.0,12.0,0.21212121212121213,0.017676767676767676,0.017676767676767676,False,1945.0,True
rome,rome:60:290-0-s36:p2,18,61,12,1308,120,12,144.0,2013.0,12.0,0.07153502235469449,0.005961251862891207,0.005961251862891207,False,2001.0,True
rome,rome:60:290-0-s36:p2,19,59,0,1308,120,12,0.0,1947.0,12.0,0.0,0.0,0.0,True,1947.0,True
rome,rome:60:290-0-s36:p2,20,59,0,1308,120,12,0.0,1947.0,12.0,0.0,0.0,0.0,True,1947.0,True
rome,rome:60:290-0-s36:p2,21,61,0,1308,120,12,0.0,2013.0,12.0,0.0,0.0,0.0,True,2013.0,True
rome,rome:60:290-0-s36:p2,22,59,12,1308,120,12,144.0,1947.0,12.0,0.07395993836671803,0.0061633281972265025,0.0061633281972265025,False,1935.0,True
rome,rome:60:290-0-s36:p2,23,60,9,1308,120,12,108.0,1980.0,12.0,0.05454545454545454,0.004545454545454545,0.004545454545454545,True,1971.0,True
rome,rome:60:293-0-s42:p0,0,60,216,200,120,12,2592.0,1980.0,12.0,1.309090909090909,0.10909090909090909,0.10909090909090909,False,1764.0,True
rome,rome:60:293-0-s42:p0,1,60,0,202,120,12,0.0,1980.0,12.0,0.0,0.0,0.0,True,1980.0,True
rome,rome:60:293-0-s42:p0,2,60,0,202,120,12,0.0,1980.0,12.0,0.0,0.0,0.0,True,1980.0,True
rome,rome:60:293-0-s42:p0,3,61,0,202,120,12,0.0,2013.0,12.0,0.0,0.0,0.0,True,2013.0,True
rome,rome:60:293-0-s42:p0,4,60,0,202,120,12,0.0,1980.0,12.0,0.0,0.0,0.0,True,1980.0,True
rome,rome:60:293-0-s42:p0,5,59,14,202,120,12,168.0,1947.0,12.0,0.08628659476117104,0.00719054956343092,0.007190549563430919,False,1933.0,True
rome,rome:60:293-0-s42:p0,6,60,0,202,120,12,0.0,1980.0,12.0,0.0,0.0,0.0,True,1980.0,True
rome,rome:60:293-0-s42:p0,7,60,11,202,120,12,132.0,1980.0,12.0,0.06666666666666667,0.005555555555555556,0.005555555555555556,False,1969.0,True
rome,rome:60:293-0-s42:p0,8,61,26,202,120,12,312.0,2013.0,12.0,0.15499254843517138,0.012916045702930949,0.012916045702930949,False,1987.0,True
rome,rome:60:293-0-s42:p0,9,60,0,202,120,12,0.0,1980.0,12.0,0.0,0.0,0.0,True,1980.0,True
rome,rome:60:293-0-s42:p0,10,60,6,202,120,12,72.0,1980.0,12.0,0.03636363636363636,0.0030303030303030303,0.0030303030303030303,True,1974.0,True
rome,rome:60:293-0-s42:p0,11,60,29,202,120,12,348.0,1980.0,12.0,0.17575757575757575,0.014646464646464645,0.014646464646464647,False,1951.0,True
rome,rome:60:293-0-s42:p0,12,59,10,203,120,12,120.0,1947.0,12.0,0.061633281972265024,0.005136106831022085,0.005136106831022085,True,1937.0,True
rome,rome:60:293-0-s42:p0,13,61,0,203,120,12,0.0,2013.0,12.0,0.0,0.0,0.0,True,2013.0,True
rome,rome:60:293-0-s42:p0,14,59,32,203,120,12,384.0,1947.0,12.0,0.19722650231124808,0.016435541859270673,0.016435541859270673,False,1915.0,True
rome,rome:60:293-0-s42:p0,15,61,63,203,120,12,756.0,2013.0,12.0,0.37555886736214605,0.03129657228017884,0.03129657228017884,False,1950.0,True
rome,rome:60:293-0-s42:p0,16,61,0,203,120,12,0.0,2013.0,12.0,0.0,0.0,0.0,True,2013.0,True
rome,rome:60:293-0-s42:p0,17,59,0,203,120,12,0.0,1947.0,12.0,0.0,0.0,0.0,True,1947.0,True
rome,rome:60:293-0-s42:p0,18,60,0,203,120,12,0.0,1980.0,12.0,0.0,0.0,0.0,True,1980.0,True
rome,rome:60:293-0-s42:p0,19,60,0,203,120,12,0.0,1980.0,12.0,0.0,0.0,0.0,True,1980.0,True
rome,rome:60:293-0-s42:p0,20,60,0,203,120,12,0.0,1980.0,12.0,0.0,0.0,0.0,True,1980.0,True
rome,rome:60:293-0-s42:p0,21,60,13,203,120,12,156.0,1980.0,12.0,0.07878787878787878,0.0065656565656565654,0.0065656565656565654,False,1967.0,True
rome,rome:60:293-0-s42:p0,22,60,0,202,120,12,0.0,1980.0,12.0,0.0,0.0,0.0,True,1980.0,True
rome,rome:60:293-0-s42:p0,23,60,25,202,120,12,300.0,1980.0,12.0,0.15151515151515152,0.012626262626262626,0.012626262626262626,False,1955.0,True
rome,rome:60:297-1-s52:p0,0,58,200,202,120,12,2400.0,1914.0,12.0,1.2539184952978057,0.10449320794148381,0.1044932079414838,False,1714.0,True
rome,rome:60:297-1-s52:p0,1,44,28,402,120,12,336.0,1452.0,12.0,0.23140495867768596,0.01928374655647383,0.01928374655647383,False,1424.0,True
rome,rome:60:297-1-s52:p0,2,66,10,402,120,12,120.0,2178.0,12.0,0.05509641873278237,0.004591368227731864,0.004591368227731864,True,2168.0,True
rome,rome:60:297-1-s52:p0,3,70,2,402,120,12,24.0,2310.0,12.0,0.01038961038961039,0.0008658008658008658,0.0008658008658008658,True,2308.0,True
rome,rome:60:297-1-s52:p0,4,58,24,402,120,12,288.0,1914.0,12.0,0.15047021943573669,0.012539184952978058,0.012539184952978056,False,1890.0,True
rome,rome:60:297-1-s52:p0,5,50,11,502,120,12,132.0,1650.0,12.0,0.08,0.006666666666666667,0.006666666666666667,False,1639.0,True
rome,rome:60:297-1-s52:p0,6,70,57,502,120,12,684.0,2310.0,12.0,0.2961038961038961,0.024675324675324673,0.024675324675324677,False,2253.0,True
rome,rome:60:297-1-s52:p0,7,48,15,502,120,12,180.0,1584.0,12.0,0.11363636363636363,0.00946969696969697,0.00946969696969697,False,1569.0,True
rome,rome:60:297-1-s52:p0,8,72,21,502,120,12,252.0,2376.0,12.0,0.10606060606060606,0.008838383838383838,0.008838383838383838,False,2355.0,True
rome,rome:60:297-1-s52:p0,9,48,16,502,120,12,192.0,1584.0,12.0,0.12121212121212122,0.010101010101010102,0.010101010101010102,False,1568.0,True
rome,rome:60:297-1-s52:p0,10,72,8,502,120,12,96.0,2376.0,12.0,0.04040404040404041,0.0033670033670033673,0.003367003367003367,True,2368.0,True
rome,rome:60:297-1-s52:p0,11,49,4,502,120,12,48.0,1617.0,12.0,0.029684601113172542,0.0024737167594310453,0.0024737167594310453,True,1613.0,True
rome,rome:60:297-1-s52:p0,12,71,13,502,120,12,156.0,2343.0,12.0,0.06658130601792574,0.005548442168160478,0.005548442168160478,False,2330.0,True
rome,rome:60:297-1-s52:p0,13,65,6,502,120,12,72.0,2145.0,12.0,0.033566433566433566,0.002797202797202797,0.002797202797202797,True,2139.0,True
rome,rome:60:297-1-s52:p0,14,55,12,502,120,12,144.0,1815.0,12.0,0.07933884297520662,0.006611570247933885,0.006611570247933884,False,1803.0,True
rome,rome:60:297-1-s52:p0,15,63,16,502,120,12,192.0,2079.0,12.0,0.09235209235209235,0.007696007696007696,0.007696007696007696,False,2063.0,True
rome,rome:60:297-1-s52:p0,16,45,9,502,120,12,108.0,1485.0,12.0,0.07272727272727272,0.006060606060606061,0.006060606060606061,True,1476.0,True
rome,rome:60:297-1-s52:p0,17,58,22,502,120,12,264.0,1914.0,12.0,0.13793103448275862,0.011494252873563218,0.011494252873563218,False,1892.0,True
rome,rome:60:297-1-s52:p0,18,62,30,502,120,12,360.0,2046.0,12.0,0.17595307917888564,0.01466275659824047,0.01466275659824047,False,2016.0,True
rome,rome:60:297-1-s52:p0,19,74,19,502,120,12,228.0,2442.0,12.0,0.09336609336609336,0.00778050778050778,0.007780507780507781,False,2423.0,True
rome,rome:60:297-1-s52:p0,20,46,10,502,120,12,120.0,1518.0,12.0,0.07905138339920949,0.006587615283267457,0.006587615283267457,True,1508.0,True
rome,rome:60:297-1-s52:p0,21,72,17,502,120,12,204.0,2376.0,12.0,0.08585858585858586,0.007154882154882154,0.007154882154882155,False,2359.0,True
rome,rome:60:297-1-s52:p0,22,65,12,502,120,12,144.0,2145.0,12.0,0.06713286713286713,0.005594405594405594,0.005594405594405594,False,2133.0,True
rome,rome:60:297-1-s52:p0,23,55,30,502,120,12,360.0,1815.0,12.0,0.19834710743801653,0.01652892561983471,0.01652892561983471,False,1785.0,True
rome,rome:60:297-1-s52:p1,0,42,21,502,120,12,252.0,1386.0,12.0,0.18181818181818182,0.015151515151515152,0.015151515151515152,False,1365.0,True
rome,rome:60:297-1-s52:p1,1,59,15,502,120,12,180.0,1947.0,12.0,0.09244992295839753,0.007704160246533128,0.007704160246533128,False,1932.0,True
rome,rome:60:297-1-s52:p1,2,62,11,502,120,12,132.0,2046.0,12.0,0.06451612903225806,0.005376344086021505,0.005376344086021506,False,2035.0,True
rome,rome:60:297-1-s52:p1,3,58,17,502,120,12,204.0,1914.0,12.0,0.10658307210031348,0.008881922675026124,0.008881922675026124,False,1897.0,True
rome,rome:60:297-1-s52:p1,4,74,12,502,120,12,144.0,2442.0,12.0,0.05896805896805897,0.004914004914004914,0.004914004914004914,False,2430.0,True
rome,rome:60:297-1-s52:p1,5,66,17,502,120,12,204.0,2178.0,12.0,0.09366391184573003,0.0078053259871441695,0.007805325987144169,False,2161.0,True
rome,rome:60:297-1-s52:p1,6,42,20,502,120,12,240.0,1386.0,12.0,0.17316017316017315,0.01443001443001443,0.01443001443001443,False,1366.0,True
rome,rome:60:297-1-s52:p1,7,59,24,502,120,12,288.0,1947.0,12.0,0.14791987673343607,0.012326656394453005,0.012326656394453005,False,1923.0,True
rome,rome:60:297-1-s52:p1,8,77,35,502,120,12,420.0,2541.0,12.0,0.1652892561983471,0.013774104683195593,0.013774104683195593,False,2506.0,True
rome,rome:60:297-1-s52:p1,9,57,16,502,120,12,192.0,1881.0,12.0,0.10207336523125997,0.008506113769271665,0.008506113769271665,False,1865.0,True
rome,rome:60:297-1-s52:p1,10,45,13,502,120,12,156.0,1485.0,12.0,0.10505050505050505,0.008754208754208754,0.008754208754208754,False,1472.0,True
rome,rome:60:297-1-s52:p1,11,74,18,502,120,12,216.0,2442.0,12.0,0.08845208845208845,0.00737100737100737,0.007371007371007371,False,2424.0,True
rome,rome:60:297-1-s52:p1,12,46,19,502,120,12,228.0,1518.0,12.0,0.15019762845849802,0.012516469038208168,0.012516469038208168,False,1499.0,True
rome,rome:60:297-1-s52:p1,13,65,31,502,120,12,372.0,2145.0,12.0,0.17342657342657342,0.014452214452214451,0.014452214452214453,False,2114.0,True
rome,rome:60:297-1-s52:p1,14,55,26,502,120,12,312.0,1815.0,12.0,0.171900826446281,0.014325068870523415,0.014325068870523415,False,1789.0,True
rome,rome:60:297-1-s52:p1,15,61,6,502,120,12,72.0,2013.0,12.0,0.03576751117734724,0.0029806259314456036,0.0029806259314456036,True,2007.0,True
rome,rome:60:297-1-s52:p1,16,76,2,502,120,12,24.0,2508.0,12.0,0.009569377990430622,0.0007974481658692185,0.0007974481658692185,True,2506.0,True
rome,rome:60:297-1-s52:p1,17,47,7,502,120,12,84.0,1551.0,12.0,0.05415860735009671,0.004513217279174726,0.004513217279174726,True,1544.0,True
rome,rome:60:297-1-s52:p1,18,56,15,502,120,12,180.0,1848.0,12.0,0.09740259740259741,0.008116883116883118,0.008116883116883116,False,1833.0,True
rome,rome:60:297-1-s52:p1,19,76,24,502,120,12,288.0,2508.0,12.0,0.11483253588516747,0.009569377990430622,0.009569377990430622,False,2484.0,True
rome,rome:60:297-1-s52:p1,20,61,9,502,120,12,108.0,2013.0,12.0,0.05365126676602087,0.004470938897168405,0.004470938897168405,True,2004.0,True
rome,rome:60:297-1-s52:p1,21,57,28,502,120,12,336.0,1881.0,12.0,0.17862838915470494,0.014885699096225412,0.014885699096225412,False,1853.0,True
rome,rome:60:297-1-s52:p1,22,46,9,502,120,12,108.0,1518.0,12.0,0.07114624505928854,0.005928853754940712,0.005928853754940711,True,1509.0,True
rome,rome:60:297-1-s52:p1,23,60,13,502,120,12,156.0,1980.0,12.0,0.07878787878787878,0.0065656565656565654,0.0065656565656565654,False,1967.0,True
rome,rome:60:306-0-s25:p0,0,60,180,307,120,12,2160.0,1980.0,12.0,1.0909090909090908,0.0909090909090909,0.09090909090909091,False,1800.0,True
rome,rome:60:306-0-s25:p0,1,60,246,309,120,12,2952.0,1980.0,12.0,1.490909090909091,0.12424242424242425,0.12424242424242424,False,1734.0,True
rome,rome:60:306-0-s25:p0,2,59,408,311,120,12,4896.0,1947.0,12.0,2.514637904468413,0.2095531587057011,0.20955315870570107,False,1539.0,True
rome,rome:60:306-0-s25:p0,3,61,163,610,120,12,1956.0,2013.0,12.0,0.9716840536512668,0.08097367113760556,0.08097367113760556,False,1850.0,True
rome,rome:60:306-0-s25:p0,4,59,4,608,120,12,48.0,1947.0,12.0,0.02465331278890601,0.002054442732408834,0.002054442732408834,True,1943.0,True
rome,rome:60:306-0-s25:p0,5,53,44,608,120,12,528.0,1749.0,12.0,0.3018867924528302,0.025157232704402514,0.025157232704402517,False,1705.0,True
rome,rome:60:306-0-s25:p0,6,60,129,608,120,12,1548.0,1980.0,12.0,0.7818181818181819,0.06515151515151515,0.06515151515151515,False,1851.0,True
rome,rome:60:306-0-s25:p0,7,61,190,607,120,12,2280.0,2013.0,12.0,1.1326378539493294,0.09438648782911079,0.09438648782911079,False,1823.0,True
rome,rome:60:306-0-s25:p0,8,59,209,705,120,12,2508.0,1947.0,12.0,1.2881355932203389,0.10734463276836158,0.10734463276836158,False,1738.0,True
rome,rome:60:306-0-s25:p0,9,61,62,806,120,12,744.0,2013.0,12.0,0.36959761549925485,0.030799801291604572,0.030799801291604572,False,1951.0,True
rome,rome:60:306-0-s25:p0,10,59,21,907,120,12,252.0,1947.0,12.0,0.12942989214175654,0.010785824345146378,0.01078582434514638,False,1926.0,True
rome,rome:60:306-0-s25:p0,11,60,9,907,120,12,108.0,1980.0,12.0,0.05454545454545454,0.004545454545454545,0.004545454545454545,True,1971.0,True
rome,rome:60:306-0-s25:p0,12,60,2,907,120,12,24.0,1980.0,12.0,0.012121212121212121,0.00101010101010101,0.00101010101010101,True,1978.0,True
rome,rome:60:306-0-s25:p0,13,60,6,907,120,12,72.0,1980.0,12.0,0.03636363636363636,0.0030303030303030303,0.0030303030303030303,True,1974.0,True
rome,rome:60:306-0-s25:p0,14,60,8,907,120,12,96.0,1980.0,12.0,0.048484848484848485,0.00404040404040404,0.00404040404040404,True,1972.0,True
rome,rome:60:306-0-s25:p0,15,60,24,907,120,12,288.0,1980.0,12.0,0.14545454545454545,0.012121212121212121,0.012121212121212121,False,1956.0,True
rome,rome:60:306-0-s25:p0,16,61,16,907,120,12,192.0,2013.0,12.0,0.09538002980625931,0.007948335817188276,0.007948335817188276,False,1997.0,True
rome,rome:60:306-0-s25:p0,17,59,25,907,120,12,300.0,1947.0,12.0,0.15408320493066255,0.012840267077555213,0.012840267077555213,False,1922.0,True
rome,rome:60:306-0-s25:p0,18,61,12,907,120,12,144.0,2013.0,12.0,0.07153502235469449,0.005961251862891207,0.005961251862891207,False,2001.0,True
rome,rome:60:306-0-s25:p0,19,59,22,907,120,12,264.0,1947.0,12.0,0.13559322033898305,0.011299435028248588,0.011299435028248588,False,1925.0,True
rome,rome:60:306-0-s25:p0,20,61,115,907,120,12,1380.0,2013.0,12.0,0.6855439642324889,0.05712866368604074,0.057128663686040734,False,1898.0,True
rome,rome:60:306-0-s25:p0,21,59,179,908,120,12,2148.0,1947.0,12.0,1.103235747303544,0.09193631227529532,0.09193631227529532,False,1768.0,True
rome,rome:60:306-0-s25:p0,22,62,81,910,120,12,972.0,2046.0,12.0,0.4750733137829912,0.039589442815249266,0.039589442815249266,False,1965.0,True
rome,rome:60:306-0-s25:p0,23,58,480,910,120,12,5760.0,1914.0,12.0,3.0094043887147337,0.25078369905956116,0.2507836990595611,False,1434.0,True
rome,rome:60:306-0-s68:p0,0,57,177,908,120,12,2124.0,1881.0,12.0,1.1291866028708133,0.09409888357256778,0.09409888357256778,False,1704.0,True
rome,rome:60:306-0-s68:p0,1,62,130,1009,120,12,1560.0,2046.0,12.0,0.7624633431085044,0.0635386119257087,0.0635386119257087,False,1916.0,True
rome,rome:60:306-0-s68:p0,2,58,133,1109,120,12,1596.0,1914.0,12.0,0.8338557993730408,0.06948798328108673,0.06948798328108673,False,1781.0,True
rome,rome:60:306-0-s68:p0,3,61,149,1208,120,12,1788.0,2013.0,12.0,0.8882265275707899,0.07401887729756583,0.07401887729756582,False,1864.0,True
rome,rome:60:306-0-s68:p0,4,59,234,1008,120,12,2808.0,1947.0,12.0,1.4422187981510015,0.12018489984591679,0.12018489984591679,False,1713.0,True
rome,rome:60:306-0-s68:p0,5,61,168,1005,120,12,2016.0,2013.0,12.0,1.0014903129657229,0.08345752608047691,0.08345752608047691,False,1845.0,True
rome,rome:60:306-0-s68:p0,6,59,196,805,120,12,2352.0,1947.0,12.0,1.2080123266563945,0.10066769388803287,0.10066769388803287,False,1751.0,True
rome,rome:60:306-0-s68:p0,7,61,29,907,120,12,348.0,2013.0,12.0,0.17287630402384502,0.014406358668653751,0.014406358668653751,False,1984.0,True
rome,rome:60:306-0-s68:p0,8,60,0,807,120,12,0.0,1980.0,12.0,0.0,0.0,0.0,True,1980.0,True
rome,rome:60:306-0-s68:p0,9,60,0,807,120,12,0.0,1980.0,12.0,0.0,0.0,0.0,True,1980.0,True
rome,rome:60:306-0-s68:p0,10,60,0,807,120,12,0.0,1980.0,12.0,0.0,0.0,0.0,True,1980.0,True
rome,rome:60:306-0-s68:p0,11,60,7,807,120,12,84.0,1980.0,12.0,0.04242424242424243,0.0035353535353535356,0.0035353535353535356,True,1973.0,True
rome,rome:60:306-0-s68:p0,12,60,9,907,120,12,108.0,1980.0,12.0,0.05454545454545454,0.004545454545454545,0.004545454545454545,True,1971.0,True
rome,rome:60:306-0-s68:p0,13,60,20,907,120,12,240.0,1980.0,12.0,0.12121212121212122,0.010101010101010102,0.010101010101010102,False,1960.0,True
rome,rome:60:306-0-s68:p0,14,61,15,907,120,12,180.0,2013.0,12.0,0.08941877794336811,0.007451564828614009,0.007451564828614009,False,1998.0,True
rome,rome:60:306-0-s68:p0,15,59,0,907,120,12,0.0,1947.0,12.0,0.0,0.0,0.0,True,1947.0,True
rome,rome:60:306-0-s68:p0,16,60,11,907,120,12,132.0,1980.0,12.0,0.06666666666666667,0.005555555555555556,0.005555555555555556,False,1969.0,True
rome,rome:60:306-0-s68:p0,17,60,9,907,120,12,108.0,1980.0,12.0,0.05454545454545454,0.004545454545454545,0.004545454545454545,True,1971.0,True
rome,rome:60:306-0-s68:p0,18,60,1,907,120,12,12.0,1980.0,12.0,0.006060606060606061,0.000505050505050505,0.000505050505050505,True,1979.0,True
rome,rome:60:306-0-s68:p0,19,60,0,907,120,12,0.0,1980.0,12.0,0.0,0.0,0.0,True,1980.0,True
rome,rome:60:306-0-s68:p0,20,60,1,907,120,12,12.0,1980.0,12.0,0.006060606060606061,0.000505050505050505,0.000505050505050505,True,1979.0,True
rome,rome:60:306-0-s68:p0,21,60,24,907,120,12,288.0,1980.0,12.0,0.14545454545454545,0.012121212121212121,0.012121212121212121,False,1956.0,True
rome,rome:60:306-0-s68:p0,22,60,16,907,120,12,192.0,1980.0,12.0,0.09696969696969697,0.00808080808080808,0.00808080808080808,False,1964.0,True
rome,rome:60:306-0-s68:p0,23,62,84,907,120,12,1008.0,2046.0,12.0,0.49266862170087977,0.04105571847507331,0.04105571847507331,False,1962.0,True
rome,rome:60:309-0-s267:p0,0,59,204,308,120,12,2448.0,1947.0,12.0,1.2573189522342065,0.10477657935285055,0.10477657935285054,False,1743.0,True
rome,rome:60:309-0-s267:p0,1,60,107,207,120,12,1284.0,1980.0,12.0,0.6484848484848484,0.054040404040404035,0.05404040404040404,False,1873.0,True
rome,rome:60:309-0-s267:p0,2,60,0,208,120,12,0.0,1980.0,12.0,0.0,0.0,0.0,True,1980.0,True
rome,rome:60:309-0-s267:p0,3,61,0,208,120,12,0.0,2013.0,12.0,0.0,0.0,0.0,True,2013.0,True
rome,rome:60:309-0-s267:p0,4,59,0,208,120,12,0.0,1947.0,12.0,0.0,0.0,0.0,True,1947.0,True
rome,rome:60:309-0-s267:p0,5,61,0,208,120,12,0.0,2013.0,12.0,0.0,0.0,0.0,True,2013.0,True
rome,rome:60:309-0-s267:p0,6,59,11,208,120,12,132.0,1947.0,12.0,0.06779661016949153,0.005649717514124294,0.005649717514124294,False,1936.0,True
rome,rome:60:309-0-s267:p0,7,61,12,208,120,12,144.0,2013.0,12.0,0.07153502235469449,0.005961251862891207,0.005961251862891207,False,2001.0,True
rome,rome:60:309-0-s267:p0,8,59,11,208,120,12,132.0,1947.0,12.0,0.06779661016949153,0.005649717514124294,0.005649717514124294,False,1936.0,True
rome,rome:60:309-0-s267:p0,9,60,0,208,120,12,0.0,1980.0,12.0,0.0,0.0,0.0,True,1980.0,True
rome,rome:60:309-0-s267:p0,10,61,11,208,120,12,132.0,2013.0,12.0,0.06557377049180328,0.00546448087431694,0.00546448087431694,False,2002.0,True
rome,rome:60:309-0-s267:p0,11,59,6,208,120,12,72.0,1947.0,12.0,0.03697996918335902,0.0030816640986132513,0.0030816640986132513,True,1941.0,True
rome,rome:60:309-0-s267:p0,12,61,0,208,120,12,0.0,2013.0,12.0,0.0,0.0,0.0,True,2013.0,True
rome,rome:60:309-0-s267:p0,13,59,8,208,120,12,96.0,1947.0,12.0,0.04930662557781202,0.004108885464817668,0.004108885464817668,True,1939.0,True
rome,rome:60:309-0-s267:p0,14,60,1,208,120,12,12.0,1980.0,12.0,0.006060606060606061,0.000505050505050505,0.000505050505050505,True,1979.0,True
rome,rome:60:309-0-s267:p0,15,59,18,208,120,12,216.0,1947.0,12.0,0.11093990755007704,0.009244992295839754,0.009244992295839754,False,1929.0,True
rome,rome:60:309-0-s267:p0,16,61,17,208,120,12,204.0,2013.0,12.0,0.10134128166915052,0.008445106805762543,0.008445106805762544,False,1996.0,True
rome,rome:60:309-0-s267:p0,17,59,14,207,120,12,168.0,1947.0,12.0,0.08628659476117104,0.00719054956343092,0.007190549563430919,False,1933.0,True
rome,rome:60:309-0-s267:p0,18,61,12,207,120,12,144.0,2013.0,12.0,0.07153502235469449,0.005961251862891207,0.005961251862891207,False,2001.0,True
rome,rome:60:309-0-s267:p0,19,59,14,207,120,12,168.0,1947.0,12.0,0.08628659476117104,0.00719054956343092,0.007190549563430919,False,1933.0,True
rome,rome:60:309-0-s267:p0,20,62,10,207,120,12,120.0,2046.0,12.0,0.05865102639296188,0.004887585532746823,0.004887585532746823,True,2036.0,True
rome,rome:60:309-0-s267:p0,21,58,21,208,120,12,252.0,1914.0,12.0,0.13166144200626959,0.0109717868338558,0.0109717868338558,False,1893.0,True
rome,rome:60:309-0-s267:p0,22,61,12,207,120,12,144.0,2013.0,12.0,0.07153502235469449,0.005961251862891207,0.005961251862891207,False,2001.0,True
rome,rome:60:309-0-s267:p0,23,59,11,207,120,12,132.0,1947.0,12.0,0.06779661016949153,0.005649717514124294,0.005649717514124294,False,1936.0,True
rome,rome:60:309-0-s61:p0,0,59,103,906,120,12,1236.0,1947.0,12.0,0.6348228043143297,0.05290190035952747,0.05290190035952748,False,1844.0,True
rome,rome:60:309-0-s61:p0,1,61,0,805,120,12,0.0,2013.0,12.0,0.0,0.0,0.0,True,2013.0,True
rome,rome:60:309-0-s61:p0,2,59,11,805,120,12,132.0,1947.0,12.0,0.06779661016949153,0.005649717514124294,0.005649717514124294,False,1936.0,True
rome,rome:60:309-0-s61:p0,3,60,0,805,120,12,0.0,1980.0,12.0,0.0,0.0,0.0,True,1980.0,True
rome,rome:60:309-0-s61:p0,4,60,7,805,120,12,84.0,1980.0,12.0,0.04242424242424243,0.0035353535353535356,0.0035353535353535356,True,1973.0,True
rome,rome:60:309-0-s61:p0,5,60,3,805,120,12,36.0,1980.0,12.0,0.01818181818181818,0.0015151515151515152,0.0015151515151515152,True,1977.0,True
rome,rome:60:309-0-s61:p0,6,60,6,805,120,12,72.0,1980.0,12.0,0.03636363636363636,0.0030303030303030303,0.0030303030303030303,True,1974.0,True
rome,rome:60:309-0-s61:p0,7,60,2,805,120,12,24.0,1980.0,12.0,0.012121212121212121,0.00101010101010101,0.00101010101010101,True,1978.0,True
rome,rome:60:309-0-s61:p0,8,60,22,805,120,12,264.0,1980.0,12.0,0.13333333333333333,0.011111111111111112,0.011111111111111112,False,1958.0,True
rome,rome:60:309-0-s61:p0,9,60,6,806,120,12,72.0,1980.0,12.0,0.03636363636363636,0.0030303030303030303,0.0030303030303030303,True,1974.0,True
rome,rome:60:309-0-s61:p0,10,60,5,806,120,12,60.0,1980.0,12.0,0.030303030303030304,0.0025252525252525255,0.0025252525252525255,True,1975.0,True
rome,rome:60:309-0-s61:p0,11,60,13,806,120,12,156.0,1980.0,12.0,0.07878787878787878,0.0065656565656565654,0.0065656565656565654,False,1967.0,True
rome,rome:60:309-0-s61:p0,12,60,6,806,120,12,72.0,1980.0,12.0,0.03636363636363636,0.0030303030303030303,0.0030303030303030303,True,1974.0,True
rome,rome:60:309-0-s61:p0,13,60,15,806,120,12,180.0,1980.0,12.0,0.09090909090909091,0.007575757575757576,0.007575757575757576,False,1965.0,True
rome,rome:60:309-0-s61:p0,14,60,9,806,120,12,108.0,1980.0,12.0,0.05454545454545454,0.004545454545454545,0.004545454545454545,True,1971.0,True
rome,rome:60:309-0-s61:p0,15,60,5,806,120,12,60.0,1980.0,12.0,0.030303030303030304,0.0025252525252525255,0.0025252525252525255,True,1975.0,True
rome,rome:60:309-0-s61:p0,16,60,0,806,120,12,0.0,1980.0,12.0,0.0,0.0,0.0,True,1980.0,True
rome,rome:60:309-0-s61:p0,17,60,14,806,120,12,168.0,1980.0,12.0,0.08484848484848485,0.007070707070707071,0.007070707070707071,False,1966.0,True
rome,rome:60:309-0-s61:p0,18,60,4,806,120,12,48.0,1980.0,12.0,0.024242424242424242,0.00202020202020202,0.00202020202020202,True,1976.0,True
rome,rome:60:309-0-s61:p0,19,60,6,806,120,12,72.0,1980.0,12.0,0.03636363636363636,0.0030303030303030303,0.0030303030303030303,True,1974.0,True
rome,rome:60:309-0-s61:p0,20,60,4,806,120,12,48.0,1980.0,12.0,0.024242424242424242,0.00202020202020202,0.00202020202020202,True,1976.0,True
rome,rome:60:309-0-s61:p0,21,60,4,806,120,12,48.0,1980.0,12.0,0.024242424242424242,0.00202020202020202,0.00202020202020202,True,1976.0,True
rome,rome:60:309-0-s61:p0,22,60,0,806,120,12,0.0,1980.0,12.0,0.0,0.0,0.0,True,1980.0,True
rome,rome:60:309-0-s61:p0,23,60,7,806,120,12,84.0,1980.0,12.0,0.04242424242424243,0.0035353535353535356,0.0035353535353535356,True,1973.0,True
rome,rome:60:309-0-s61:p1,0,60,2,805,120,12,24.0,1980.0,12.0,0.012121212121212121,0.00101010101010101,0.00101010101010101,True,1978.0,True
rome,rome:60:309-0-s61:p1,1,60,9,805,120,12,108.0,1980.0,12.0,0.05454545454545454,0.004545454545454545,0.004545454545454545,True,1971.0,True
rome,rome:60:309-0-s61:p1,2,60,6,805,120,12,72.0,1980.0,12.0,0.03636363636363636,0.0030303030303030303,0.0030303030303030303,True,1974.0,True
rome,rome:60:309-0-s61:p1,3,60,11,805,120,12,132.0,1980.0,12.0,0.06666666666666667,0.005555555555555556,0.005555555555555556,False,1969.0,True
rome,rome:60:309-0-s61:p1,4,60,10,806,120,12,120.0,1980.0,12.0,0.06060606060606061,0.005050505050505051,0.005050505050505051,True,1970.0,True
rome,rome:60:309-0-s61:p1,5,60,7,806,120,12,84.0,1980.0,12.0,0.04242424242424243,0.0035353535353535356,0.0035353535353535356,True,1973.0,True
rome,rome:60:309-0-s61:p1,6,60,15,806,120,12,180.0,1980.0,12.0,0.09090909090909091,0.007575757575757576,0.007575757575757576,False,1965.0,True
rome,rome:60:309-0-s61:p1,7,60,23,805,120,12,276.0,1980.0,12.0,0.1393939393939394,0.011616161616161616,0.011616161616161616,False,1957.0,True
rome,rome:60:309-0-s61:p1,8,60,10,805,120,12,120.0,1980.0,12.0,0.06060606060606061,0.005050505050505051,0.005050505050505051,True,1970.0,True
rome,rome:60:309-0-s61:p1,9,60,18,806,120,12,216.0,1980.0,12.0,0.10909090909090909,0.00909090909090909,0.00909090909090909,False,1962.0,True
rome,rome:60:309-0-s61:p1,10,60,25,806,120,12,300.0,1980.0,12.0,0.15151515151515152,0.012626262626262626,0.012626262626262626,False,1955.0,True
rome,rome:60:309-0-s61:p1,11,60,8,806,120,12,96.0,1980.0,12.0,0.048484848484848485,0.00404040404040404,0.00404040404040404,True,1972.0,True
rome,rome:60:309-0-s61:p1,12,61,17,806,120,12,204.0,2013.0,12.0,0.10134128166915052,0.008445106805762543,0.008445106805762544,False,1996.0,True
rome,rome:60:309-0-s61:p1,13,59,13,806,120,12,156.0,1947.0,12.0,0.08012326656394453,0.00667693888032871,0.00667693888032871,False,1934.0,True
rome,rome:60:309-0-s61:p1,14,60,8,806,120,12,96.0,1980.0,12.0,0.048484848484848485,0.00404040404040404,0.00404040404040404,True,1972.0,True
rome,rome:60:309-0-s61:p1,15,60,11,806,120,12,132.0,1980.0,12.0,0.06666666666666667,0.005555555555555556,0.005555555555555556,False,1969.0,True
rome,rome:60:309-0-s61:p1,16,61,23,806,120,12,276.0,2013.0,12.0,0.13710879284649777,0.011425732737208148,0.011425732737208148,False,1990.0,True
rome,rome:60:309-0-s61:p1,17,59,8,805,120,12,96.0,1947.0,12.0,0.04930662557781202,0.004108885464817668,0.004108885464817668,True,1939.0,True
rome,rome:60:309-0-s61:p1,18,61,17,805,120,12,204.0,2013.0,12.0,0.10134128166915052,0.008445106805762543,0.008445106805762544,False,1996.0,True
rome,rome:60:309-0-s61:p1,19,59,19,805,120,12,228.0,1947.0,12.0,0.11710323574730354,0.009758602978941962,0.009758602978941962,False,1928.0,True
rome,rome:60:309-0-s61:p1,20,60,16,806,120,12,192.0,1980.0,12.0,0.09696969696969697,0.00808080808080808,0.00808080808080808,False,1964.0,True
rome,rome:60:309-0-s61:p1,21,61,12,805,120,12,144.0,2013.0,12.0,0.07153502235469449,0.005961251862891207,0.005961251862891207,False,2001.0,True
rome,rome:60:309-0-s61:p1,22,59,9,805,120,12,108.0,1947.0,12.0,0.05546995377503852,0.004622496147919877,0.004622496147919877,True,1938.0,True
rome,rome:60:309-0-s61:p1,23,60,11,805,120,12,132.0,1980.0,12.0,0.06666666666666667,0.005555555555555556,0.005555555555555556,False,1969.0,True
rome,rome:60:326-0-s63:p0,0,59,379,309,120,12,4548.0,1947.0,12.0,2.3359013867488443,0.19465844889573702,0.19465844889573702,False,1568.0,True
rome,rome:60:326-0-s63:p0,1,59,416,306,120,12,4992.0,1947.0,12.0,2.563944530046225,0.21366204417051873,0.21366204417051873,False,1531.0,True
rome,rome:60:326-0-s63:p0,2,61,10,202,120,12,120.0,2013.0,12.0,0.05961251862891207,0.004967709885742673,0.004967709885742673,True,2003.0,True
rome,rome:60:326-0-s63:p0,3,59,0,202,120,12,0.0,1947.0,12.0,0.0,0.0,0.0,True,1947.0,True
rome,rome:60:326-0-s63:p0,4,61,0,202,120,12,0.0,2013.0,12.0,0.0,0.0,0.0,True,2013.0,True
rome,rome:60:326-0-s63:p0,5,59,0,202,120,12,0.0,1947.0,12.0,0.0,0.0,0.0,True,1947.0,True
rome,rome:60:326-0-s63:p0,6,61,11,202,120,12,132.0,2013.0,12.0,0.06557377049180328,0.00546448087431694,0.00546448087431694,False,2002.0,True
rome,rome:60:326-0-s63:p0,7,59,35,202,120,12,420.0,1947.0,12.0,0.21571648690292758,0.017976373908577297,0.017976373908577297,False,1912.0,True
rome,rome:60:326-0-s63:p0,8,61,25,202,120,12,300.0,2013.0,12.0,0.14903129657228018,0.01241927471435668,0.012419274714356682,False,1988.0,True
rome,rome:60:326-0-s63:p0,9,59,10,202,120,12,120.0,1947.0,12.0,0.061633281972265024,0.005136106831022085,0.005136106831022085,True,1937.0,True
rome,rome:60:326-0-s63:p0,10,61,18,202,120,12,216.0,2013.0,12.0,0.10730253353204174,0.00894187779433681,0.00894187779433681,False,1995.0,True
rome,rome:60:326-0-s63:p0,11,59,19,202,120,12,228.0,1947.0,12.0,0.11710323574730354,0.009758602978941962,0.009758602978941962,False,1928.0,True
rome,rome:60:326-0-s63:p0,12,60,22,202,120,12,264.0,1980.0,12.0,0.13333333333333333,0.011111111111111112,0.011111111111111112,False,1958.0,True
rome,rome:60:326-0-s63:p0,13,61,22,202,120,12,264.0,2013.0,12.0,0.13114754098360656,0.01092896174863388,0.01092896174863388,False,1991.0,True
rome,rome:60:326-0-s63:p0,14,59,35,202,120,12,420.0,1947.0,12.0,0.21571648690292758,0.017976373908577297,0.017976373908577297,False,1912.0,True
rome,rome:60:326-0-s63:p0,15,61,46,202,120,12,552.0,2013.0,12.0,0.27421758569299554,0.022851465474416296,0.022851465474416296,False,1967.0,True
rome,rome:60:326-0-s63:p0,16,59,283,203,120,12,3396.0,1947.0,12.0,1.7442218798151001,0.145351823317925,0.145351823317925,False,1664.0,True
rome,rome:60:326-0-s63:p0,17,61,59,402,120,12,708.0,2013.0,12.0,0.35171385991058124,0.02930948832588177,0.029309488325881768,False,1954.0,True
rome,rome:60:326-0-s63:p0,18,61,12,502,120,12,144.0,2013.0,12.0,0.07153502235469449,0.005961251862891207,0.005961251862891207,False,2001.0,True
rome,rome:60:326-0-s63:p0,19,58,9,502,120,12,108.0,1914.0,12.0,0.05642633228840126,0.004702194357366771,0.004702194357366771,True,1905.0,True
rome,rome:60:326-0-s63:p0,20,60,8,502,120,12,96.0,1980.0,12.0,0.048484848484848485,0.00404040404040404,0.00404040404040404,True,1972.0,True
rome,rome:60:326-0-s63:p0,21,60,18,502,120,12,216.0,1980.0,12.0,0.10909090909090909,0.00909090909090909,0.00909090909090909,False,1962.0,True
rome,rome:60:326-0-s63:p0,22,61,29,502,120,12,348.0,2013.0,12.0,0.17287630402384502,0.014406358668653751,0.014406358668653751,False,1984.0,True
rome,rome:60:326-0-s63:p0,23,59,15,502,120,12,180.0,1947.0,12.0,0.09244992295839753,0.007704160246533128,0.007704160246533128,False,1932.0,True
rome,rome:60:326-0-s63:p1,0,59,3,502,120,12,36.0,1947.0,12.0,0.01848998459167951,0.0015408320493066256,0.0015408320493066256,True,1944.0,True
rome,rome:60:326-0-s63:p1,1,60,21,502,120,12,252.0,1980.0,12.0,0.12727272727272726,0.010606060606060605,0.010606060606060607,False,1959.0,True
rome,rome:60:326-0-s63:p1,2,61,19,502,120,12,228.0,2013.0,12.0,0.11326378539493294,0.009438648782911079,0.009438648782911079,False,1994.0,True
rome,rome:60:326-0-s63:p1,3,60,20,502,120,12,240.0,1980.0,12.0,0.12121212121212122,0.010101010101010102,0.010101010101010102,False,1960.0,True
rome,rome:60:326-0-s63:p1,4,60,16,502,120,12,192.0,1980.0,12.0,0.09696969696969697,0.00808080808080808,0.00808080808080808,False,1964.0,True
rome,rome:60:326-0-s63:p1,5,59,80,502,120,12,960.0,1947.0,12.0,0.4930662557781202,0.04108885464817668,0.04108885464817668,False,1867.0,True
rome,rome:60:326-0-s63:p1,6,60,264,502,120,12,3168.0,1980.0,12.0,1.6,0.13333333333333333,0.13333333333333333,False,1716.0,True
rome,rome:60:326-0-s63:p1,7,60,135,301,120,12,1620.0,1980.0,12.0,0.8181818181818182,0.06818181818181819,0.06818181818181818,False,1845.0,True
rome,rome:60:326-0-s63:p1,8,60,27,202,120,12,324.0,1980.0,12.0,0.16363636363636364,0.013636363636363636,0.013636363636363636,False,1953.0,True
rome,rome:60:326-0-s63:p1,9,60,22,202,120,12,264.0,1980.0,12.0,0.13333333333333333,0.011111111111111112,0.011111111111111112,False,1958.0,True
rome,rome:60:326-0-s63:p1,10,60,17,202,120,12,204.0,1980.0,12.0,0.10303030303030303,0.008585858585858586,0.008585858585858586,False,1963.0,True
rome,rome:60:326-0-s63:p1,11,60,24,202,120,12,288.0,1980.0,12.0,0.14545454545454545,0.012121212121212121,0.012121212121212121,False,1956.0,True
rome,rome:60:326-0-s63:p1,12,61,13,202,120,12,156.0,2013.0,12.0,0.07749627421758569,0.006458022851465474,0.006458022851465474,False,2000.0,True
rome,rome:60:326-0-s63:p1,13,59,20,202,120,12,240.0,1947.0,12.0,0.12326656394453005,0.01027221366204417,0.01027221366204417,False,1927.0,True
rome,rome:60:326-0-s63:p1,14,61,18,202,120,12,216.0,2013.0,12.0,0.10730253353204174,0.00894187779433681,0.00894187779433681,False,1995.0,True
rome,rome:60:326-0-s63:p1,15,59,21,202,120,12,252.0,1947.0,12.0,0.12942989214175654,0.010785824345146378,0.01078582434514638,False,1926.0,True
rome,rome:60:326-0-s63:p1,16,61,17,202,120,12,204.0,2013.0,12.0,0.10134128166915052,0.008445106805762543,0.008445106805762544,False,1996.0,True
rome,rome:60:326-0-s63:p1,17,59,18,202,120,12,216.0,1947.0,12.0,0.11093990755007704,0.009244992295839754,0.009244992295839754,False,1929.0,True
rome,rome:60:326-0-s63:p1,18,60,12,202,120,12,144.0,1980.0,12.0,0.07272727272727272,0.006060606060606061,0.006060606060606061,False,1968.0,True
rome,rome:60:326-0-s63:p1,19,60,18,202,120,12,216.0,1980.0,12.0,0.10909090909090909,0.00909090909090909,0.00909090909090909,False,1962.0,True
rome,rome:60:326-0-s63:p1,20,60,14,202,120,12,168.0,1980.0,12.0,0.08484848484848485,0.007070707070707071,0.007070707070707071,False,1966.0,True
rome,rome:60:326-0-s63:p1,21,60,17,202,120,12,204.0,1980.0,12.0,0.10303030303030303,0.008585858585858586,0.008585858585858586,False,1963.0,True
rome,rome:60:326-0-s63:p1,22,60,18,202,120,12,216.0,1980.0,12.0,0.10909090909090909,0.00909090909090909,0.00909090909090909,False,1962.0,True
rome,rome:60:326-0-s63:p1,23,61,24,202,120,12,288.0,2013.0,12.0,0.14307004470938897,0.011922503725782414,0.011922503725782414,False,1989.0,True
rome,rome:60:326-0-s82:p0,0,61,43,615,120,12,516.0,2013.0,12.0,0.2563338301043219,0.021361152508693495,0.02136115250869349,False,1970.0,True
rome,rome:60:326-0-s82:p0,1,60,0,614,120,12,0.0,1980.0,12.0,0.0,0.0,0.0,True,1980.0,True
rome,rome:60:326-0-s82:p0,2,60,0,614,120,12,0.0,1980.0,12.0,0.0,0.0,0.0,True,1980.0,True
rome,rome:60:326-0-s82:p0,3,61,0,614,120,12,0.0,2013.0,12.0,0.0,0.0,0.0,True,2013.0,True
rome,rome:60:326-0-s82:p0,4,59,0,614,120,12,0.0,1947.0,12.0,0.0,0.0,0.0,True,1947.0,True
rome,rome:60:326-0-s82:p0,5,61,6,614,120,12,72.0,2013.0,12.0,0.03576751117734724,0.0029806259314456036,0.0029806259314456036,True,2007.0,True
rome,rome:60:326-0-s82:p0,6,59,0,614,120,12,0.0,1947.0,12.0,0.0,0.0,0.0,True,1947.0,True
rome,rome:60:326-0-s82:p0,7,61,0,614,120,12,0.0,2013.0,12.0,0.0,0.0,0.0,True,2013.0,True
rome,rome:60:326-0-s82:p0,8,59,0,614,120,12,0.0,1947.0,12.0,0.0,0.0,0.0,True,1947.0,True
rome,rome:60:326-0-s82:p0,9,60,0,614,120,12,0.0,1980.0,12.0,0.0,0.0,0.0,True,1980.0,True
rome,rome:60:326-0-s82:p0,10,60,0,614,120,12,0.0,1980.0,12.0,0.0,0.0,0.0,True,1980.0,True
rome,rome:60:326-0-s82:p0,11,60,0,614,120,12,0.0,1980.0,12.0,0.0,0.0,0.0,True,1980.0,True
rome,rome:60:326-0-s82:p0,12,61,0,614,120,12,0.0,2013.0,12.0,0.0,0.0,0.0,True,2013.0,True
rome,rome:60:326-0-s82:p0,13,59,0,614,120,12,0.0,1947.0,12.0,0.0,0.0,0.0,True,1947.0,True
rome,rome:60:326-0-s82:p0,14,61,0,614,120,12,0.0,2013.0,12.0,0.0,0.0,0.0,True,2013.0,True
rome,rome:60:326-0-s82:p0,15,59,0,614,120,12,0.0,1947.0,12.0,0.0,0.0,0.0,True,1947.0,True
rome,rome:60:326-0-s82:p0,16,59,0,614,120,12,0.0,1947.0,12.0,0.0,0.0,0.0,True,1947.0,True
rome,rome:60:326-0-s82:p0,17,61,0,614,120,12,0.0,2013.0,12.0,0.0,0.0,0.0,True,2013.0,True
rome,rome:60:326-0-s82:p0,18,62,0,614,120,12,0.0,2046.0,12.0,0.0,0.0,0.0,True,2046.0,True
rome,rome:60:326-0-s82:p0,19,58,0,614,120,12,0.0,1914.0,12.0,0.0,0.0,0.0,True,1914.0,True
rome,rome:60:326-0-s82:p0,20,61,0,614,120,12,0.0,2013.0,12.0,0.0,0.0,0.0,True,2013.0,True
rome,rome:60:326-0-s82:p0,21,59,0,614,120,12,0.0,1947.0,12.0,0.0,0.0,0.0,True,1947.0,True
rome,rome:60:326-0-s82:p0,22,60,0,614,120,12,0.0,1980.0,12.0,0.0,0.0,0.0,True,1980.0,True
rome,rome:60:326-0-s82:p0,23,61,0,614,120,12,0.0,2013.0,12.0,0.0,0.0,0.0,True,2013.0,True
rome,rome:60:329-0-s52:p0,0,52,16,1012,120,12,192.0,1716.0,12.0,0.11188811188811189,0.009324009324009324,0.009324009324009324,False,1700.0,True
rome,rome:60:329-0-s52:p0,1,73,17,1012,120,12,204.0,2409.0,12.0,0.08468244084682441,0.007056870070568701,0.007056870070568701,False,2392.0,True
rome,rome:60:329-0-s52:p0,2,45,0,1012,120,12,0.0,1485.0,12.0,0.0,0.0,0.0,True,1485.0,True
rome,rome:60:329-0-s52:p0,3,65,12,1012,120,12,144.0,2145.0,12.0,0.06713286713286713,0.005594405594405594,0.005594405594405594,False,2133.0,True
rome,rome:60:329-0-s52:p0,4,62,0,1012,120,12,0.0,2046.0,12.0,0.0,0.0,0.0,True,2046.0,True
rome,rome:60:329-0-s52:p0,5,58,7,1012,120,12,84.0,1914.0,12.0,0.0438871473354232,0.0036572622779519333,0.0036572622779519333,True,1907.0,True
rome,rome:60:329-0-s52:p0,6,60,25,1012,120,12,300.0,1980.0,12.0,0.15151515151515152,0.012626262626262626,0.012626262626262626,False,1955.0,True
rome,rome:60:329-0-s52:p0,7,62,0,1012,120,12,0.0,2046.0,12.0,0.0,0.0,0.0,True,2046.0,True
rome,rome:60:329-0-s52:p0,8,58,12,1012,120,12,144.0,1914.0,12.0,0.07523510971786834,0.006269592476489029,0.006269592476489028,False,1902.0,True
rome,rome:60:329-0-s52:p0,9,62,6,1012,120,12,72.0,2046.0,12.0,0.03519061583577713,0.0029325513196480943,0.002932551319648094,True,2040.0,True
rome,rome:60:329-0-s52:p0,10,58,0,1012,120,12,0.0,1914.0,12.0,0.0,0.0,0.0,True,1914.0,True
rome,rome:60:329-0-s52:p0,11,60,7,1012,120,12,84.0,1980.0,12.0,0.04242424242424243,0.0035353535353535356,0.0035353535353535356,True,1973.0,True
rome,rome:60:329-0-s52:p0,12,64,2,1012,120,12,24.0,2112.0,12.0,0.011363636363636364,0.000946969696969697,0.000946969696969697,True,2110.0,True
rome,rome:60:329-0-s52:p0,13,61,12,1012,120,12,144.0,2013.0,12.0,0.07153502235469449,0.005961251862891207,0.005961251862891207,False,2001.0,True
rome,rome:60:329-0-s52:p0,14,63,31,1012,120,12,372.0,2079.0,12.0,0.17893217893217894,0.014911014911014911,0.014911014911014911,False,2048.0,True
rome,rome:60:329-0-s52:p0,15,57,45,1112,120,12,540.0,1881.0,12.0,0.28708133971291866,0.023923444976076555,0.023923444976076555,False,1836.0,True
rome,rome:60:329-0-s52:p0,16,52,21,1112,120,12,252.0,1716.0,12.0,0.14685314685314685,0.012237762237762238,0.012237762237762238,False,1695.0,True
rome,rome:60:329-0-s52:p0,17,58,0,1012,120,12,0.0,1914.0,12.0,0.0,0.0,0.0,True,1914.0,True
rome,rome:60:329-0-s52:p0,18,63,8,1012,120,12,96.0,2079.0,12.0,0.046176046176046176,0.003848003848003848,0.003848003848003848,True,2071.0,True
rome,rome:60:329-0-s52:p0,19,61,41,1012,120,12,492.0,2013.0,12.0,0.2444113263785395,0.02036761053154496,0.02036761053154496,False,1972.0,True
rome,rome:60:329-0-s52:p0,20,59,0,1112,120,12,0.0,1947.0,12.0,0.0,0.0,0.0,True,1947.0,True
rome,rome:60:329-0-s52:p0,21,63,0,1112,120,12,0.0,2079.0,12.0,0.0,0.0,0.0,True,2079.0,True
rome,rome:60:329-0-s52:p0,22,58,13,1112,120,12,156.0,1914.0,12.0,0.08150470219435736,0.006792058516196447,0.006792058516196447,False,1901.0,True
rome,rome:60:329-0-s52:p0,23,59,2,1112,120,12,24.0,1947.0,12.0,0.012326656394453005,0.001027221366204417,0.001027221366204417,True,1945.0,True
rome,rome:60:329-0-s55:p0,0,5,12,503,120,12,144.0,165.0,12.0,0.8727272727272727,0.07272727272727272,0.07272727272727272,False,153.0,True
rome,rome:60:329-0-s55:p0,1,60,188,503,120,12,2256.0,1980.0,12.0,1.1393939393939394,0.09494949494949495,0.09494949494949495,False,1792.0,True
rome,rome:60:329-0-s55:p0,2,62,195,504,120,12,2340.0,2046.0,12.0,1.1436950146627567,0.09530791788856306,0.09530791788856305,False,1851.0,True
rome,rome:60:329-0-s55:p0,3,59,321,705,120,12,3852.0,1947.0,12.0,1.9784283513097072,0.16486902927580893,0.16486902927580893,False,1626.0,True
rome,rome:60:329-0-s55:p0,4,59,427,907,120,12,5124.0,1947.0,12.0,2.6317411402157167,0.21931176168464306,0.21931176168464303,False,1520.0,True
rome,rome:60:329-0-s55:p0,5,60,69,1011,120,12,828.0,1980.0,12.0,0.41818181818181815,0.034848484848484844,0.03484848484848485,False,1911.0,True
rome,rome:60:329-0-s55:p0,6,60,2,1012,120,12,24.0,1980.0,12.0,0.012121212121212121,0.00101010101010101,0.00101010101010101,True,1978.0,True
rome,rome:60:329-0-s55:p0,7,62,0,1012,120,12,0.0,2046.0,12.0,0.0,0.0,0.0,True,2046.0,True
rome,rome:60:329-0-s55:p0,8,58,0,1012,120,12,0.0,1914.0,12.0,0.0,0.0,0.0,True,1914.0,True
rome,rome:60:329-0-s55:p0,9,64,0,1012,120,12,0.0,2112.0,12.0,0.0,0.0,0.0,True,2112.0,True
rome,rome:60:329-0-s55:p0,10,56,3,1012,120,12,36.0,1848.0,12.0,0.01948051948051948,0.0016233766233766233,0.0016233766233766235,True,1845.0,True
rome,rome:60:329-0-s55:p0,11,63,19,1012,120,12,228.0,2079.0,12.0,0.10966810966810966,0.00913900913900914,0.00913900913900914,False,2060.0,True
rome,rome:60:329-0-s55:p0,12,57,30,1012,120,12,360.0,1881.0,12.0,0.19138755980861244,0.01594896331738437,0.01594896331738437,False,1851.0,True
rome,rome:60:329-0-s55:p0,13,61,20,1012,120,12,240.0,2013.0,12.0,0.11922503725782414,0.009935419771485345,0.009935419771485345,False,1993.0,True
rome,rome:60:329-0-s55:p0,14,55,4,1012,120,12,48.0,1815.0,12.0,0.026446280991735537,0.0022038567493112946,0.0022038567493112946,True,1811.0,True
rome,rome:60:329-0-s55:p0,15,67,7,1012,120,12,84.0,2211.0,12.0,0.037991858887381276,0.003165988240615106,0.003165988240615106,True,2204.0,True
rome,rome:60:329-0-s55:p0,16,54,0,1012,120,12,0.0,1782.0,12.0,0.0,0.0,0.0,True,1782.0,True
rome,rome:60:329-0-s55:p0,17,59,0,1012,120,12,0.0,1947.0,12.0,0.0,0.0,0.0,True,1947.0,True
rome,rome:60:329-0-s55:p0,18,61,11,1012,120,12,132.0,2013.0,12.0,0.06557377049180328,0.00546448087431694,0.00546448087431694,False,2002.0,True
rome,rome:60:329-0-s55:p0,19,59,7,1012,120,12,84.0,1947.0,12.0,0.04314329738058552,0.00359527478171546,0.0035952747817154596,True,1940.0,True
rome,rome:60:329-0-s55:p0,20,65,0,1012,120,12,0.0,2145.0,12.0,0.0,0.0,0.0,True,2145.0,True
rome,rome:60:329-0-s55:p0,21,55,4,1012,120,12,48.0,1815.0,12.0,0.026446280991735537,0.0022038567493112946,0.0022038567493112946,True,1811.0,True
rome,rome:60:329-0-s55:p0,22,64,16,1012,120,12,192.0,2112.0,12.0,0.09090909090909091,0.007575757575757576,0.007575757575757576,False,2096.0,True
rome,rome:60:329-0-s55:p0,23,56,9,1012,120,12,108.0,1848.0,12.0,0.05844155844155844,0.00487012987012987,0.00487012987012987,True,1839.0,True
rome,rome:60:329-0-s55:p1,0,56,12,1012,120,12,144.0,1848.0,12.0,0.07792207792207792,0.006493506493506493,0.006493506493506494,False,1836.0,True
rome,rome:60:329-0-s55:p1,1,74,0,1012,120,12,0.0,2442.0,12.0,0.0,0.0,0.0,True,2442.0,True
rome,rome:60:329-0-s55:p1,2,60,0,1012,120,12,0.0,1980.0,12.0,0.0,0.0,0.0,True,1980.0,True
rome,rome:60:329-0-s55:p1,3,49,9,1012,120,12,108.0,1617.0,12.0,0.06679035250463822,0.0055658627087198514,0.0055658627087198514,True,1608.0,True
rome,rome:60:329-0-s55:p1,4,57,9,1012,120,12,108.0,1881.0,12.0,0.05741626794258373,0.004784688995215311,0.004784688995215311,True,1872.0,True
rome,rome:60:329-0-s55:p1,5,64,30,1012,120,12,360.0,2112.0,12.0,0.17045454545454544,0.014204545454545454,0.014204545454545454,False,2082.0,True
rome,rome:60:329-0-s55:p1,6,56,12,1012,120,12,144.0,1848.0,12.0,0.07792207792207792,0.006493506493506493,0.006493506493506494,False,1836.0,True
rome,rome:60:329-0-s55:p1,7,69,0,1012,120,12,0.0,2277.0,12.0,0.0,0.0,0.0,True,2277.0,True
rome,rome:60:329-0-s55:p1,8,62,0,1012,120,12,0.0,2046.0,12.0,0.0,0.0,0.0,True,2046.0,True
rome,rome:60:329-0-s55:p1,9,58,0,1012,120,12,0.0,1914.0,12.0,0.0,0.0,0.0,True,1914.0,True
rome,rome:60:329-0-s55:p1,10,68,9,1012,120,12,108.0,2244.0,12.0,0.0481283422459893,0.004010695187165775,0.004010695187165776,True,2235.0,True
rome,rome:60:329-0-s55:p1,11,52,0,1012,120,12,0.0,1716.0,12.0,0.0,0.0,0.0,True,1716.0,True
rome,rome:60:329-0-s55:p1,12,63,0,1012,120,12,0.0,2079.0,12.0,0.0,0.0,0.0,True,2079.0,True
rome,rome:60:329-0-s55:p1,13,57,0,1012,120,12,0.0,1881.0,12.0,0.0,0.0,0.0,True,1881.0,True
rome,rome:60:329-0-s55:p1,14,63,0,1012,120,12,0.0,2079.0,12.0,0.0,0.0,0.0,True,2079.0,True
rome,rome:60:329-0-s55:p1,15,54,29,1012,120,12,348.0,1782.0,12.0,0.19528619528619529,0.01627384960718294,0.01627384960718294,False,1753.0,True
rome,rome:60:329-0-s55:p1,16,58,31,1012,120,12,372.0,1914.0,12.0,0.19435736677115986,0.01619644723092999,0.01619644723092999,False,1883.0,True
rome,rome:60:329-0-s55:p1,17,294,42,1012,120,12,504.0,9702.0,12.0,0.05194805194805195,0.004329004329004329,0.004329004329004329,False,9660.0,True
rome,rome:60:329-0-s55:p1,18,2,9,1112,120,12,108.0,66.0,12.0,1.6363636363636365,0.13636363636363638,0.13636363636363635,True,57.0,True
rome,rome:60:329-0-s55:p1,19,60,11,1112,120,12,132.0,1980.0,12.0,0.06666666666666667,0.005555555555555556,0.005555555555555556,False,1969.0,True
rome,rome:60:329-0-s55:p1,20,60,0,1112,120,12,0.0,1980.0,12.0,0.0,0.0,0.0,True,1980.0,True
rome,rome:60:329-0-s55:p1,21,60,3,1112,120,12,36.0,1980.0,12.0,0.01818181818181818,0.0015151515151515152,0.0015151515151515152,True,1977.0,True
rome,rome:60:329-0-s55:p1,22,60,0,1112,120,12,0.0,1980.0,12.0,0.0,0.0,0.0,True,1980.0,True
rome,rome:60:329-0-s55:p1,23,72,0,1112,120,12,0.0,2376.0,12.0,0.0,0.0,0.0,True,2376.0,True
rome,rome:60:336-0-s227:p0,0,60,300,1310,120,12,3600.0,1980.0,12.0,1.8181818181818181,0.15151515151515152,0.15151515151515152,False,1680.0,True
rome,rome:60:336-0-s227:p0,1,61,188,1413,100,10,1880.0,2013.0,12.0,0.9339294585196225,0.07782745487663521,0.09339294585196224,False,1825.0,True
rome,rome:60:336-0-s227:p0,2,59,15,1514,100,10,150.0,1947.0,12.0,0.07704160246533127,0.0064201335387776065,0.007704160246533128,False,1932.0,True
rome,rome:60:336-0-s227:p0,3,60,0,1514,100,10,0.0,1980.0,12.0,0.0,0.0,0.0,True,1980.0,True
rome,rome:60:336-0-s227:p0,4,60,19,1514,100,10,190.0,1980.0,12.0,0.09595959595959595,0.007996632996632997,0.009595959595959595,False,1961.0,True
rome,rome:60:336-0-s227:p0,5,61,44,1514,100,10,440.0,2013.0,12.0,0.2185792349726776,0.01821493624772313,0.02185792349726776,False,1969.0,True
rome,rome:60:336-0-s227:p0,6,59,5,1514,100,10,50.0,1947.0,12.0,0.025680534155110426,0.0021400445129258687,0.0025680534155110425,True,1942.0,True
rome,rome:60:336-0-s227:p0,7,60,18,1514,100,10,180.0,1980.0,12.0,0.09090909090909091,0.007575757575757576,0.00909090909090909,False,1962.0,True
rome,rome:60:336-0-s227:p0,8,61,2,1514,100,10,20.0,2013.0,12.0,0.009935419771485345,0.0008279516476237788,0.0009935419771485345,True,2011.0,True
rome,rome:60:336-0-s227:p0,9,59,4,1514,100,10,40.0,1947.0,12.0,0.02054442732408834,0.001712035610340695,0.002054442732408834,True,1943.0,True
rome,rome:60:336-0-s227:p0,10,60,3,1514,100,10,30.0,1980.0,12.0,0.015151515151515152,0.0012626262626262627,0.0015151515151515152,True,1977.0,True
rome,rome:60:336-0-s227:p0,11,61,4,1514,100,10,40.0,2013.0,12.0,0.01987083954297069,0.0016559032952475575,0.001987083954297069,True,2009.0,True
rome,rome:60:336-0-s227:p0,12,61,20,1514,100,10,200.0,2013.0,12.0,0.09935419771485346,0.008279516476237788,0.009935419771485345,False,1993.0,True
rome,rome:60:336-0-s227:p0,13,59,11,1514,100,10,110.0,1947.0,12.0,0.05649717514124294,0.004708097928436911,0.005649717514124294,False,1936.0,True
rome,rome:60:336-0-s227:p0,14,59,18,1514,100,10,180.0,1947.0,12.0,0.09244992295839753,0.007704160246533128,0.009244992295839754,False,1929.0,True
rome,rome:60:336-0-s227:p0,15,61,8,1514,100,10,80.0,2013.0,12.0,0.03974167908594138,0.003311806590495115,0.003974167908594138,True,2005.0,True
rome,rome:60:336-0-s227:p0,16,59,17,1514,100,10,170.0,1947.0,12.0,0.08731381612737545,0.007276151343947954,0.008731381612737545,False,1930.0,True
rome,rome:60:336-0-s227:p0,17,60,10,1514,100,10,100.0,1980.0,12.0,0.050505050505050504,0.004208754208754209,0.005050505050505051,True,1970.0,True
rome,rome:60:336-0-s227:p0,18,61,18,1514,100,10,180.0,2013.0,12.0,0.08941877794336811,0.007451564828614009,0.00894187779433681,False,1995.0,True
rome,rome:60:336-0-s227:p0,19,60,21,1514,100,10,210.0,1980.0,12.0,0.10606060606060606,0.008838383838383838,0.010606060606060607,False,1959.0,True
rome,rome:60:336-0-s227:p0,20,61,18,1514,100,10,180.0,2013.0,12.0,0.08941877794336811,0.007451564828614009,0.00894187779433681,False,1995.0,True
rome,rome:60:336-0-s227:p0,21,58,0,1514,100,10,0.0,1914.0,12.0,0.0,0.0,0.0,True,1914.0,True
rome,rome:60:336-0-s227:p0,22,61,0,1514,100,10,0.0,2013.0,12.0,0.0,0.0,0.0,True,2013.0,True
rome,rome:60:336-0-s227:p0,23,59,0,1514,100,10,0.0,1947.0,12.0,0.0,0.0,0.0,True,1947.0,True
rome,rome:60:336-0-s227:p1,0,59,8,1514,100,10,80.0,1947.0,12.0,0.04108885464817668,0.00342407122068139,0.004108885464817668,True,1939.0,True
rome,rome:60:336-0-s227:p1,1,61,0,1514,100,10,0.0,2013.0,12.0,0.0,0.0,0.0,True,2013.0,True
rome,rome:60:336-0-s227:p1,2,59,19,1514,100,10,190.0,1947.0,12.0,0.09758602978941962,0.008132169149118301,0.009758602978941962,False,1928.0,True
rome,rome:60:336-0-s227:p1,3,61,22,1514,100,10,220.0,2013.0,12.0,0.1092896174863388,0.009107468123861566,0.01092896174863388,False,1991.0,True
rome,rome:60:336-0-s227:p1,4,59,1,1514,100,10,10.0,1947.0,12.0,0.005136106831022085,0.00042800890258517377,0.0005136106831022085,True,1946.0,True
rome,rome:60:336-0-s227:p1,5,60,27,1514,100,10,270.0,1980.0,12.0,0.13636363636363635,0.011363636363636362,0.013636363636363636,False,1953.0,True
rome,rome:60:336-0-s227:p1,6,61,25,1514,100,10,250.0,2013.0,12.0,0.12419274714356682,0.010349395595297234,0.012419274714356682,False,1988.0,True
rome,rome:60:336-0-s227:p1,7,61,8,1514,100,10,80.0,2013.0,12.0,0.03974167908594138,0.003311806590495115,0.003974167908594138,True,2005.0,True
rome,rome:60:336-0-s227:p1,8,59,12,1514,100,10,120.0,1947.0,12.0,0.061633281972265024,0.005136106831022085,0.0061633281972265025,False,1935.0,True
rome,rome:60:336-0-s227:p1,9,60,31,1514,100,10,310.0,1980.0,12.0,0.15656565656565657,0.013047138047138048,0.015656565656565657,False,1949.0,True
rome,rome:60:336-0-s227:p1,10,60,30,1514,100,10,300.0,1980.0,12.0,0.15151515151515152,0.012626262626262626,0.015151515151515152,False,1950.0,True
rome,rome:60:336-0-s227:p1,11,59,10,1513,100,10,100.0,1947.0,12.0,0.05136106831022085,0.004280089025851737,0.005136106831022085,True,1937.0,True
rome,rome:60:336-0-s227:p1,12,61,18,1513,100,10,180.0,2013.0,12.0,0.08941877794336811,0.007451564828614009,0.00894187779433681,False,1995.0,True
rome,rome:60:336-0-s227:p1,13,59,0,1513,100,10,0.0,1947.0,12.0,0.0,0.0,0.0,True,1947.0,True
rome,rome:60:336-0-s227:p1,14,61,0,1513,100,10,0.0,2013.0,12.0,0.0,0.0,0.0,True,2013.0,True
rome,rome:60:336-0-s227:p1,15,59,23,1513,100,10,230.0,1947.0,12.0,0.11813045711350796,0.009844204759458996,0.011813045711350795,False,1924.0,True
rome,rome:60:336-0-s227:p1,16,61,4,1513,100,10,40.0,2013.0,12.0,0.01987083954297069,0.0016559032952475575,0.001987083954297069,True,2009.0,True
rome,rome:60:336-0-s227:p1,17,59,1,1513,100,10,10.0,1947.0,12.0,0.005136106831022085,0.00042800890258517377,0.0005136106831022085,True,1946.0,True
rome,rome:60:336-0-s227:p1,18,61,0,1513,100,10,0.0,2013.0,12.0,0.0,0.0,0.0,True,2013.0,True
rome,rome:60:336-0-s227:p1,19,60,0,1513,100,10,0.0,1980.0,12.0,0.0,0.0,0.0,True,1980.0,True
rome,rome:60:336-0-s227:p1,20,61,14,1513,100,10,140.0,2013.0,12.0,0.06954793840039741,0.005795661533366451,0.006954793840039742,False,1999.0,True
rome,rome:60:336-0-s227:p1,21,59,5,1513,100,10,50.0,1947.0,12.0,0.025680534155110426,0.0021400445129258687,0.0025680534155110425,True,1942.0,True
rome,rome:60:336-0-s227:p1,22,59,28,1513,100,10,280.0,1947.0,12.0,0.14381099126861838,0.011984249272384865,0.014381099126861838,False,1919.0,True
rome,rome:60:336-0-s227:p1,23,61,2,1513,100,10,20.0,2013.0,12.0,0.009935419771485345,0.0008279516476237788,0.0009935419771485345,True,2011.0,True
rome,rome:60:353-0-s131:p0,0,57,354,210,120,12,4248.0,1881.0,12.0,2.2583732057416266,0.18819776714513556,0.18819776714513556,False,1527.0,True
rome,rome:60:353-0-s131:p0,1,59,469,307,120,12,5628.0,1947.0,12.0,2.8906009244992297,0.2408834103749358,0.2408834103749358,False,1478.0,True
rome,rome:60:353-0-s131:p0,2,63,2,202,120,12,24.0,2079.0,12.0,0.011544011544011544,0.000962000962000962,0.000962000962000962,True,2077.0,True
rome,rome:60:353-0-s131:p0,3,57,0,202,120,12,0.0,1881.0,12.0,0.0,0.0,0.0,True,1881.0,True
rome,rome:60:353-0-s131:p0,4,64,0,202,120,12,0.0,2112.0,12.0,0.0,0.0,0.0,True,2112.0,True
rome,rome:60:353-0-s131:p0,5,56,0,202,120,12,0.0,1848.0,12.0,0.0,0.0,0.0,True,1848.0,True
rome,rome:60:353-0-s131:p0,6,68,2,202,120,12,24.0,2244.0,12.0,0.0106951871657754,0.00089126559714795,0.00089126559714795,True,2242.0,True
rome,rome:60:353-0-s131:p0,7,53,0,202,120,12,0.0,1749.0,12.0,0.0,0.0,0.0,True,1749.0,True
rome,rome:60:353-0-s131:p0,8,63,0,202,120,12,0.0,2079.0,12.0,0.0,0.0,0.0,True,2079.0,True
rome,rome:60:353-0-s131:p0,9,58,0,202,120,12,0.0,1914.0,12.0,0.0,0.0,0.0,True,1914.0,True
rome,rome:60:353-0-s131:p0,10,62,0,202,120,12,0.0,2046.0,12.0,0.0,0.0,0.0,True,2046.0,True
rome,rome:60:353-0-s131:p0,11,59,0,202,120,12,0.0,1947.0,12.0,0.0,0.0,0.0,True,1947.0,True
rome,rome:60:353-0-s131:p0,12,57,2,202,120,12,24.0,1881.0,12.0,0.012759170653907496,0.001063264221158958,0.001063264221158958,True,1879.0,True
rome,rome:60:353-0-s131:p0,13,65,12,202,120,12,144.0,2145.0,12.0,0.06713286713286713,0.005594405594405594,0.005594405594405594,False,2133.0,True
rome,rome:60:353-0-s131:p0,14,55,17,202,120,12,204.0,1815.0,12.0,0.11239669421487604,0.009366391184573003,0.009366391184573003,False,1798.0,True
rome,rome:60:353-0-s131:p0,15,61,0,202,120,12,0.0,2013.0,12.0,0.0,0.0,0.0,True,2013.0,True
rome,rome:60:353-0-s131:p0,16,59,0,202,120,12,0.0,1947.0,12.0,0.0,0.0,0.0,True,1947.0,True
rome,rome:60:353-0-s131:p0,17,63,0,202,120,12,0.0,2079.0,12.0,0.0,0.0,0.0,True,2079.0,True
rome,rome:60:353-0-s131:p0,18,58,0,202,120,12,0.0,1914.0,12.0,0.0,0.0,0.0,True,1914.0,True
rome,rome:60:353-0-s131:p0,19,63,0,202,120,12,0.0,2079.0,12.0,0.0,0.0,0.0,True,2079.0,True
rome,rome:60:353-0-s131:p0,20,58,8,202,120,12,96.0,1914.0,12.0,0.050156739811912224,0.004179728317659352,0.0041797283176593526,True,1906.0,True
rome,rome:60:353-0-s131:p0,21,58,0,202,120,12,0.0,1914.0,12.0,0.0,0.0,0.0,True,1914.0,True
rome,rome:60:353-0-s131:p0,22,63,0,202,120,12,0.0,2079.0,12.0,0.0,0.0,0.0,True,2079.0,True
rome,rome:60:353-0-s131:p0,23,58,0,202,120,12,0.0,1914.0,12.0,0.0,0.0,0.0,True,1914.0,True
rome,rome:60:353-0-s219:p0,0,57,531,308,120,12,6372.0,1881.0,12.0,3.38755980861244,0.2822966507177033,0.2822966507177033,False,1350.0,True
rome,rome:60:353-0-s219:p0,1,67,100,203,120,12,1200.0,2211.0,12.0,0.5427408412483039,0.04522840343735866,0.045228403437358664,False,2111.0,True
rome,rome:60:353-0-s219:p0,2,53,17,202,120,12,204.0,1749.0,12.0,0.11663807890222985,0.009719839908519155,0.009719839908519153,False,1732.0,True
rome,rome:60:353-0-s219:p0,3,63,0,202,120,12,0.0,2079.0,12.0,0.0,0.0,0.0,True,2079.0,True
rome,rome:60:353-0-s219:p0,4,61,0,202,120,12,0.0,2013.0,12.0,0.0,0.0,0.0,True,2013.0,True
rome,rome:60:353-0-s219:p0,5,56,0,202,120,12,0.0,1848.0,12.0,0.0,0.0,0.0,True,1848.0,True
rome,rome:60:353-0-s219:p0,6,64,0,202,120,12,0.0,2112.0,12.0,0.0,0.0,0.0,True,2112.0,True
rome,rome:60:353-0-s219:p0,7,54,15,202,120,12,180.0,1782.0,12.0,0.10101010101010101,0.008417508417508417,0.008417508417508417,False,1767.0,True
rome,rome:60:353-0-s219:p0,8,64,0,202,120,12,0.0,2112.0,12.0,0.0,0.0,0.0,True,2112.0,True
rome,rome:60:353-0-s219:p0,9,58,0,202,120,12,0.0,1914.0,12.0,0.0,0.0,0.0,True,1914.0,True
rome,rome:60:353-0-s219:p0,10,58,27,202,120,12,324.0,1914.0,12.0,0.16927899686520376,0.014106583072100312,0.014106583072100314,False,1887.0,True
rome,rome:60:353-0-s219:p0,11,61,3,202,120,12,36.0,2013.0,12.0,0.01788375558867362,0.0014903129657228018,0.0014903129657228018,True,2010.0,True
rome,rome:60:353-0-s219:p0,12,65,20,202,120,12,240.0,2145.0,12.0,0.11188811188811189,0.009324009324009324,0.009324009324009324,False,2125.0,True
rome,rome:60:353-0-s219:p0,13,58,31,202,120,12,372.0,1914.0,12.0,0.19435736677115986,0.01619644723092999,0.01619644723092999,False,1883.0,True
rome,rome:60:353-0-s219:p0,14,61,25,202,120,12,300.0,2013.0,12.0,0.14903129657228018,0.01241927471435668,0.012419274714356682,False,1988.0,True
rome,rome:60:353-0-s219:p0,15,65,0,202,120,12,0.0,2145.0,12.0,0.0,0.0,0.0,True,2145.0,True
rome,rome:60:353-0-s219:p0,16,55,0,202,120,12,0.0,1815.0,12.0,0.0,0.0,0.0,True,1815.0,True
rome,rome:60:353-0-s219:p0,17,60,0,202,120,12,0.0,1980.0,12.0,0.0,0.0,0.0,True,1980.0,True
rome,rome:60:353-0-s219:p0,18,64,0,202,120,12,0.0,2112.0,12.0,0.0,0.0,0.0,True,2112.0,True
rome,rome:60:353-0-s219:p0,19,55,0,202,120,12,0.0,1815.0,12.0,0.0,0.0,0.0,True,1815.0,True
rome,rome:60:353-0-s219:p0,20,68,0,202,120,12,0.0,2244.0,12.0,0.0,0.0,0.0,True,2244.0,True
rome,rome:60:353-0-s219:p0,21,58,0,202,120,12,0.0,1914.0,12.0,0.0,0.0,0.0,True,1914.0,True
rome,rome:60:353-0-s219:p0,22,60,16,202,120,12,192.0,1980.0,12.0,0.09696969696969697,0.00808080808080808,0.00808080808080808,False,1964.0,True
rome,rome:60:353-0-s219:p0,23,57,0,202,120,12,0.0,1881.0,12.0,0.0,0.0,0.0,True,1881.0,True
rome,rome:60:360-0-s126:p0,0,60,305,315,120,12,3660.0,1980.0,12.0,1.8484848484848484,0.15404040404040403,0.15404040404040403,False,1675.0,True
rome,rome:60:360-0-s126:p0,1,60,543,513,120,12,6516.0,1980.0,12.0,3.290909090909091,0.27424242424242423,0.27424242424242423,False,1437.0,True
rome,rome:60:360-0-s126:p0,2,60,82,910,120,12,984.0,1980.0,12.0,0.49696969696969695,0.04141414141414141,0.04141414141414142,False,1898.0,True
rome,rome:60:360-0-s126:p0,3,61,197,1010,120,12,2364.0,2013.0,12.0,1.174366616989568,0.09786388474913066,0.09786388474913064,False,1816.0,True
rome,rome:60:360-0-s126:p0,4,59,0,1012,120,12,0.0,1947.0,12.0,0.0,0.0,0.0,True,1947.0,True
rome,rome:60:360-0-s126:p0,5,60,0,1012,120,12,0.0,1980.0,12.0,0.0,0.0,0.0,True,1980.0,True
rome,rome:60:360-0-s126:p0,6,60,0,1012,120,12,0.0,1980.0,12.0,0.0,0.0,0.0,True,1980.0,True
rome,rome:60:360-0-s126:p0,7,61,0,1012,120,12,0.0,2013.0,12.0,0.0,0.0,0.0,True,2013.0,True
rome,rome:60:360-0-s126:p0,8,59,16,1012,120,12,192.0,1947.0,12.0,0.09861325115562404,0.008217770929635337,0.008217770929635337,False,1931.0,True
rome,rome:60:360-0-s126:p0,9,60,0,1012,120,12,0.0,1980.0,12.0,0.0,0.0,0.0,True,1980.0,True
rome,rome:60:360-0-s126:p0,10,60,1,1012,120,12,12.0,1980.0,12.0,0.006060606060606061,0.000505050505050505,0.000505050505050505,True,1979.0,True
rome,rome:60:360-0-s126:p0,11,60,1,1012,120,12,12.0,1980.0,12.0,0.006060606060606061,0.000505050505050505,0.000505050505050505,True,1979.0,True
rome,rome:60:360-0-s126:p0,12,60,3,1012,120,12,36.0,1980.0,12.0,0.01818181818181818,0.0015151515151515152,0.0015151515151515152,True,1977.0,True
rome,rome:60:360-0-s126:p0,13,60,0,1012,120,12,0.0,1980.0,12.0,0.0,0.0,0.0,True,1980.0,True
rome,rome:60:360-0-s126:p0,14,61,0,1012,120,12,0.0,2013.0,12.0,0.0,0.0,0.0,True,2013.0,True
rome,rome:60:360-0-s126:p0,15,59,0,1012,120,12,0.0,1947.0,12.0,0.0,0.0,0.0,True,1947.0,True
rome,rome:60:360-0-s126:p0,16,61,0,1012,120,12,0.0,2013.0,12.0,0.0,0.0,0.0,True,2013.0,True
rome,rome:60:360-0-s126:p0,17,60,0,1012,120,12,0.0,1980.0,12.0,0.0,0.0,0.0,True,1980.0,True
rome,rome:60:360-0-s126:p0,18,60,0,1012,120,12,0.0,1980.0,12.0,0.0,0.0,0.0,True,1980.0,True
rome,rome:60:360-0-s126:p0,19,59,0,1012,120,12,0.0,1947.0,12.0,0.0,0.0,0.0,True,1947.0,True
rome,rome:60:360-0-s126:p0,20,60,0,1012,120,12,0.0,1980.0,12.0,0.0,0.0,0.0,True,1980.0,True
rome,rome:60:360-0-s126:p0,21,60,18,1012,120,12,216.0,1980.0,12.0,0.10909090909090909,0.00909090909090909,0.00909090909090909,False,1962.0,True
rome,rome:60:360-0-s126:p0,22,60,21,1012,120,12,252.0,1980.0,12.0,0.12727272727272726,0.010606060606060605,0.010606060606060607,False,1959.0,True
rome,rome:60:360-0-s126:p0,23,60,3,1112,120,12,36.0,1980.0,12.0,0.01818181818181818,0.0015151515151515152,0.0015151515151515152,True,1977.0,True
rome,rome:60:366-0-s105:p0,0,60,17,1513,100,10,170.0,1980.0,12.0,0.08585858585858586,0.007154882154882154,0.008585858585858586,False,1963.0,True
rome,rome:60:366-0-s105:p0,1,61,0,1513,100,10,0.0,2013.0,12.0,0.0,0.0,0.0,True,2013.0,True
rome,rome:60:366-0-s105:p0,2,59,0,1513,100,10,0.0,1947.0,12.0,0.0,0.0,0.0,True,1947.0,True
rome,rome:60:366-0-s105:p0,3,61,0,1513,100,10,0.0,2013.0,12.0,0.0,0.0,0.0,True,2013.0,True
rome,rome:60:366-0-s105:p0,4,59,3,1513,100,10,30.0,1947.0,12.0,0.015408320493066256,0.0012840267077555213,0.0015408320493066256,True,1944.0,True
rome,rome:60:366-0-s105:p0,5,60,18,1513,100,10,180.0,1980.0,12.0,0.09090909090909091,0.007575757575757576,0.00909090909090909,False,1962.0,True
rome,rome:60:366-0-s105:p0,6,61,27,1513,100,10,270.0,2013.0,12.0,0.13412816691505217,0.011177347242921014,0.013412816691505217,False,1986.0,True
rome,rome:60:366-0-s105:p0,7,59,23,1513,100,10,230.0,1947.0,12.0,0.11813045711350796,0.009844204759458996,0.011813045711350795,False,1924.0,True
rome,rome:60:366-0-s105:p0,8,61,9,1513,100,10,90.0,2013.0,12.0,0.044709388971684055,0.0037257824143070045,0.004470938897168405,True,2004.0,True
rome,rome:60:366-0-s105:p0,9,59,21,1513,100,10,210.0,1947.0,12.0,0.10785824345146379,0.008988186954288649,0.01078582434514638,False,1926.0,True
rome,rome:60:366-0-s105:p0,10,61,39,1513,100,10,390.0,2013.0,12.0,0.19374068554396423,0.016145057128663685,0.019374068554396422,False,1974.0,True
rome,rome:60:366-0-s105:p0,11,59,27,1514,100,10,270.0,1947.0,12.0,0.1386748844375963,0.011556240369799691,0.01386748844375963,False,1920.0,True
rome,rome:60:366-0-s105:p0,12,61,17,1513,100,10,170.0,2013.0,12.0,0.08445106805762544,0.00703758900480212,0.008445106805762544,False,1996.0,True
rome,rome:60:366-0-s105:p0,13,59,14,1513,100,10,140.0,1947.0,12.0,0.07190549563430919,0.005992124636192433,0.007190549563430919,False,1933.0,True
rome,rome:60:366-0-s105:p0,14,60,4,1513,100,10,40.0,1980.0,12.0,0.020202020202020204,0.0016835016835016836,0.00202020202020202,True,1976.0,True
rome,rome:60:366-0-s105:p0,15,60,0,1513,100,10,0.0,1980.0,12.0,0.0,0.0,0.0,True,1980.0,True
rome,rome:60:366-0-s105:p0,16,60,20,1513,100,10,200.0,1980.0,12.0,0.10101010101010101,0.008417508417508417,0.010101010101010102,False,1960.0,True
rome,rome:60:366-0-s105:p0,17,61,9,1513,100,10,90.0,2013.0,12.0,0.044709388971684055,0.0037257824143070045,0.004470938897168405,True,2004.0,True
rome,rome:60:366-0-s105:p0,18,59,36,1513,100,10,360.0,1947.0,12.0,0.18489984591679506,0.015408320493066256,0.01848998459167951,False,1911.0,True
rome,rome:60:366-0-s105:p0,19,61,20,1513,100,10,200.0,2013.0,12.0,0.09935419771485346,0.008279516476237788,0.009935419771485345,False,1993.0,True
rome,rome:60:366-0-s105:p0,20,60,16,1513,100,10,160.0,1980.0,12.0,0.08080808080808081,0.006734006734006735,0.00808080808080808,False,1964.0,True
rome,rome:60:366-0-s105:p0,21,60,19,1513,100,10,190.0,1980.0,12.0,0.09595959595959595,0.007996632996632997,0.009595959595959595,False,1961.0,True
rome,rome:60:366-0-s105:p0,22,59,16,1513,100,10,160.0,1947.0,12.0,0.08217770929635336,0.00684814244136278,0.008217770929635337,False,1931.0,True
rome,rome:60:366-0-s105:p0,23,60,20,1513,100,10,200.0,1980.0,12.0,0.10101010101010101,0.008417508417508417,0.010101010101010102,False,1960.0,True
rome,rome:60:43-1-s109:p0,0,59,2,705,120,12,24.0,1947.0,12.0,0.012326656394453005,0.001027221366204417,0.001027221366204417,True,1945.0,True
rome,rome:60:43-1-s109:p0,1,60,0,705,120,12,0.0,1980.0,12.0,0.0,0.0,0.0,True,1980.0,True
rome,rome:60:43-1-s109:p0,2,66,0,705,120,12,0.0,2178.0,12.0,0.0,0.0,0.0,True,2178.0,True
rome,rome:60:43-1-s109:p0,3,54,0,705,120,12,0.0,1782.0,12.0,0.0,0.0,0.0,True,1782.0,True
rome,rome:60:43-1-s109:p0,4,67,93,705,120,12,1116.0,2211.0,12.0,0.5047489823609227,0.04206241519674356,0.04206241519674356,False,2118.0,True
rome,rome:60:43-1-s109:p0,5,53,276,806,120,12,3312.0,1749.0,12.0,1.8936535162950257,0.15780445969125215,0.15780445969125215,False,1473.0,True
rome,rome:60:43-1-s109:p0,6,60,229,908,120,12,2748.0,1980.0,12.0,1.387878787878788,0.11565656565656567,0.11565656565656565,False,1751.0,True
rome,rome:60:43-1-s109:p0,7,63,171,1010,120,12,2052.0,2079.0,12.0,0.987012987012987,0.08225108225108226,0.08225108225108226,False,1908.0,True
rome,rome:60:43-1-s109:p0,8,58,0,1012,120,12,0.0,1914.0,12.0,0.0,0.0,0.0,True,1914.0,True
rome,rome:60:43-1-s109:p0,9,49,0,1012,120,12,0.0,1617.0,12.0,0.0,0.0,0.0,True,1617.0,True
rome,rome:60:43-1-s109:p0,10,71,16,1012,120,12,192.0,2343.0,12.0,0.08194622279129321,0.006828851899274434,0.006828851899274435,False,2327.0,True
rome,rome:60:43-1-s109:p0,11,60,0,1012,120,12,0.0,1980.0,12.0,0.0,0.0,0.0,True,1980.0,True
rome,rome:60:43-1-s109:p0,12,59,2,1012,120,12,24.0,1947.0,12.0,0.012326656394453005,0.001027221366204417,0.001027221366204417,True,1945.0,True
rome,rome:60:43-1-s109:p0,13,60,0,1012,120,12,0.0,1980.0,12.0,0.0,0.0,0.0,True,1980.0,True
rome,rome:60:43-1-s109:p0,14,61,0,1012,120,12,0.0,2013.0,12.0,0.0,0.0,0.0,True,2013.0,True
rome,rome:60:43-1-s109:p0,15,66,0,1012,120,12,0.0,2178.0,12.0,0.0,0.0,0.0,True,2178.0,True
rome,rome:60:43-1-s109:p0,16,43,8,1012,120,12,96.0,1419.0,12.0,0.06765327695560254,0.005637773079633545,0.005637773079633545,True,1411.0,True
rome,rome:60:43-1-s109:p0,17,75,32,1012,120,12,384.0,2475.0,12.0,0.15515151515151515,0.01292929292929293,0.01292929292929293,False,2443.0,True
rome,rome:60:43-1-s109:p0,18,44,0,1112,120,12,0.0,1452.0,12.0,0.0,0.0,0.0,True,1452.0,True
rome,rome:60:43-1-s109:p0,19,71,0,1112,120,12,0.0,2343.0,12.0,0.0,0.0,0.0,True,2343.0,True
rome,rome:60:43-1-s109:p0,20,53,23,1112,120,12,276.0,1749.0,12.0,0.15780445969125215,0.013150371640937679,0.013150371640937679,False,1726.0,True
rome,rome:60:43-1-s109:p0,21,54,0,1112,120,12,0.0,1782.0,12.0,0.0,0.0,0.0,True,1782.0,True
rome,rome:60:43-1-s109:p0,22,77,0,1112,120,12,0.0,2541.0,12.0,0.0,0.0,0.0,True,2541.0,True
rome,rome:60:43-1-s109:p0,23,58,0,1112,120,12,0.0,1914.0,12.0,0.0,0.0,0.0,True,1914.0,True
rome,rome:60:43-1-s80:p0,0,60,411,1212,100,10,4110.0,1980.0,12.0,2.0757575757575757,0.17297979797979798,0.20757575757575758,False,1569.0,True
rome,rome:60:43-1-s80:p0,1,58,14,1514,100,10,140.0,1914.0,12.0,0.07314524555903866,0.006095437129919889,0.0073145245559038665,False,1900.0,True
rome,rome:60:43-1-s80:p0,2,65,0,1514,100,10,0.0,2145.0,12.0,0.0,0.0,0.0,True,2145.0,True
rome,rome:60:43-1-s80:p0,3,57,0,1514,100,10,0.0,1881.0,12.0,0.0,0.0,0.0,True,1881.0,True
rome,rome:60:43-1-s80:p0,4,58,42,1514,100,10,420.0,1914.0,12.0,0.219435736677116,0.018286311389759665,0.0219435736677116,False,1872.0,True
rome,rome:60:43-1-s80:p0,5,60,0,1514,100,10,0.0,1980.0,12.0,0.0,0.0,0.0,True,1980.0,True
rome,rome:60:43-1-s80:p0,6,60,2,1514,100,10,20.0,1980.0,12.0,0.010101010101010102,0.0008417508417508418,0.00101010101010101,True,1978.0,True
rome,rome:60:43-1-s80:p0,7,60,0,1514,100,10,0.0,1980.0,12.0,0.0,0.0,0.0,True,1980.0,True
rome,rome:60:43-1-s80:p0,8,60,0,1514,100,10,0.0,1980.0,12.0,0.0,0.0,0.0,True,1980.0,True
rome,rome:60:43-1-s80:p0,9,60,12,1514,100,10,120.0,1980.0,12.0,0.06060606060606061,0.005050505050505051,0.006060606060606061,False,1968.0,True
rome,rome:60:43-1-s80:p0,10,60,3,1514,100,10,30.0,1980.0,12.0,0.015151515151515152,0.0012626262626262627,0.0015151515151515152,True,1977.0,True
rome,rome:60:43-1-s80:p0,11,60,7,1514,100,10,70.0,1980.0,12.0,0.03535353535353535,0.002946127946127946,0.0035353535353535356,True,1973.0,True
rome,rome:60:43-1-s80:p0,12,60,0,1514,100,10,0.0,1980.0,12.0,0.0,0.0,0.0,True,1980.0,True
rome,rome:60:43-1-s80:p0,13,64,0,1514,100,10,0.0,2112.0,12.0,0.0,0.0,0.0,True,2112.0,True
rome,rome:60:43-1-s80:p0,14,56,18,1514,100,10,180.0,1848.0,12.0,0.09740259740259741,0.008116883116883118,0.00974025974025974,False,1830.0,True
rome,rome:60:43-1-s80:p0,15,60,1,1513,100,10,10.0,1980.0,12.0,0.005050505050505051,0.0004208754208754209,0.000505050505050505,True,1979.0,True
rome,rome:60:43-1-s80:p0,16,61,0,1513,100,10,0.0,2013.0,12.0,0.0,0.0,0.0,True,2013.0,True
rome,rome:60:43-1-s80:p0,17,59,0,1513,100,10,0.0,1947.0,12.0,0.0,0.0,0.0,True,1947.0,True
rome,rome:60:43-1-s80:p0,18,62,0,1513,100,10,0.0,2046.0,12.0,0.0,0.0,0.0,True,2046.0,True
rome,rome:60:43-1-s80:p0,19,58,0,1513,100,10,0.0,1914.0,12.0,0.0,0.0,0.0,True,1914.0,True
rome,rome:60:43-1-s80:p0,20,64,9,1513,100,10,90.0,2112.0,12.0,0.04261363636363636,0.0035511363636363635,0.004261363636363636,True,2103.0,True
rome,rome:60:43-1-s80:p0,21,56,0,1513,100,10,0.0,1848.0,12.0,0.0,0.0,0.0,True,1848.0,True
rome,rome:60:43-1-s80:p0,22,66,0,1513,100,10,0.0,2178.0,12.0,0.0,0.0,0.0,True,2178.0,True
rome,rome:60:43-1-s80:p0,23,54,0,1513,100,10,0.0,1782.0,12.0,0.0,0.0,0.0,True,1782.0,True
rome,rome:60:45-0-s4:p0,0,57,312,205,120,12,3744.0,1881.0,12.0,1.9904306220095693,0.16586921850079744,0.16586921850079744,False,1569.0,True
rome,rome:60:45-0-s4:p0,1,61,0,202,120,12,0.0,2013.0,12.0,0.0,0.0,0.0,True,2013.0,True
rome,rome:60:45-0-s4:p0,2,59,0,202,120,12,0.0,1947.0,12.0,0.0,0.0,0.0,True,1947.0,True
rome,rome:60:45-0-s4:p0,3,62,0,202,120,12,0.0,2046.0,12.0,0.0,0.0,0.0,True,2046.0,True
rome,rome:60:45-0-s4:p0,4,58,0,202,120,12,0.0,1914.0,12.0,0.0,0.0,0.0,True,1914.0,True
rome,rome:60:45-0-s4:p0,5,60,14,202,120,12,168.0,1980.0,12.0,0.08484848484848485,0.007070707070707071,0.007070707070707071,False,1966.0,True
rome,rome:60:45-0-s4:p0,6,60,9,202,120,12,108.0,1980.0,12.0,0.05454545454545454,0.004545454545454545,0.004545454545454545,True,1971.0,True
rome,rome:60:45-0-s4:p0,7,60,15,202,120,12,180.0,1980.0,12.0,0.09090909090909091,0.007575757575757576,0.007575757575757576,False,1965.0,True
rome,rome:60:45-0-s4:p0,8,60,11,202,120,12,132.0,1980.0,12.0,0.06666666666666667,0.005555555555555556,0.005555555555555556,False,1969.0,True
rome,rome:60:45-0-s4:p0,9,60,20,202,120,12,240.0,1980.0,12.0,0.12121212121212122,0.010101010101010102,0.010101010101010102,False,1960.0,True
rome,rome:60:45-0-s4:p0,10,60,19,202,120,12,228.0,1980.0,12.0,0.11515151515151516,0.009595959595959597,0.009595959595959595,False,1961.0,True
rome,rome:60:45-0-s4:p0,11,61,12,202,120,12,144.0,2013.0,12.0,0.07153502235469449,0.005961251862891207,0.005961251862891207,False,2001.0,True
rome,rome:60:45-0-s4:p0,12,59,20,202,120,12,240.0,1947.0,12.0,0.12326656394453005,0.01027221366204417,0.01027221366204417,False,1927.0,True
rome,rome:60:45-0-s4:p0,13,60,0,202,120,12,0.0,1980.0,12.0,0.0,0.0,0.0,True,1980.0,True
rome,rome:60:45-0-s4:p0,14,62,28,202,120,12,336.0,2046.0,12.0,0.16422287390029325,0.013685239491691105,0.013685239491691105,False,2018.0,True
rome,rome:60:45-0-s4:p0,15,58,22,202,120,12,264.0,1914.0,12.0,0.13793103448275862,0.011494252873563218,0.011494252873563218,False,1892.0,True
rome,rome:60:45-0-s4:p0,16,63,16,202,120,12,192.0,2079.0,12.0,0.09235209235209235,0.007696007696007696,0.007696007696007696,False,2063.0,True
rome,rome:60:45-0-s4:p0,17,58,20,202,120,12,240.0,1914.0,12.0,0.12539184952978055,0.010449320794148379,0.01044932079414838,False,1894.0,True
rome,rome:60:45-0-s4:p0,18,62,28,202,120,12,336.0,2046.0,12.0,0.16422287390029325,0.013685239491691105,0.013685239491691105,False,2018.0,True
rome,rome:60:45-0-s4:p0,19,57,9,202,120,12,108.0,1881.0,12.0,0.05741626794258373,0.004784688995215311,0.004784688995215311,True,1872.0,True
rome,rome:60:45-0-s4:p0,20,63,38,202,120,12,456.0,2079.0,12.0,0.21933621933621933,0.01827801827801828,0.01827801827801828,False,2041.0,True
rome,rome:60:45-0-s4:p0,21,57,1,202,120,12,12.0,1881.0,12.0,0.006379585326953748,0.000531632110579479,0.000531632110579479,True,1880.0,True
rome,rome:60:45-0-s4:p0,22,63,1,202,120,12,12.0,2079.0,12.0,0.005772005772005772,0.000481000481000481,0.000481000481000481,True,2078.0,True
rome,rome:60:45-0-s4:p0,23,57,6,202,120,12,72.0,1881.0,12.0,0.03827751196172249,0.003189792663476874,0.003189792663476874,True,1875.0,True
rome,rome:60:45-0-s4:p1,0,63,0,202,120,12,0.0,2079.0,12.0,0.0,0.0,0.0,True,2079.0,True
rome,rome:60:45-0-s4:p1,1,57,0,202,120,12,0.0,1881.0,12.0,0.0,0.0,0.0,True,1881.0,True
rome,rome:60:45-0-s4:p1,2,63,7,202,120,12,84.0,2079.0,12.0,0.04040404040404041,0.0033670033670033673,0.003367003367003367,True,2072.0,True
rome,rome:60:45-0-s4:p1,3,58,2,202,120,12,24.0,1914.0,12.0,0.012539184952978056,0.001044932079414838,0.0010449320794148381,True,1912.0,True
rome,rome:60:45-0-s4:p1,4,61,0,202,120,12,0.0,2013.0,12.0,0.0,0.0,0.0,True,2013.0,True
rome,rome:60:45-0-s4:p1,5,58,0,202,120,12,0.0,1914.0,12.0,0.0,0.0,0.0,True,1914.0,True
rome,rome:60:45-0-s4:p1,6,60,1,202,120,12,12.0,1980.0,12.0,0.006060606060606061,0.000505050505050505,0.000505050505050505,True,1979.0,True
rome,rome:60:45-0-s4:p1,7,60,8,202,120,12,96.0,1980.0,12.0,0.048484848484848485,0.00404040404040404,0.00404040404040404,True,1972.0,True
rome,rome:60:45-0-s4:p1,8,60,0,202,120,12,0.0,1980.0,12.0,0.0,0.0,0.0,True,1980.0,True
rome,rome:60:45-0-s4:p1,9,61,1,202,120,12,12.0,2013.0,12.0,0.005961251862891207,0.0004967709885742673,0.0004967709885742673,True,2012.0,True
rome,rome:60:45-0-s4:p1,10,59,0,202,120,12,0.0,1947.0,12.0,0.0,0.0,0.0,True,1947.0,True
rome,rome:60:45-0-s4:p1,11,60,0,202,120,12,0.0,1980.0,12.0,0.0,0.0,0.0,True,1980.0,True
rome,rome:60:45-0-s4:p1,12,60,0,202,120,12,0.0,1980.0,12.0,0.0,0.0,0.0,True,1980.0,True
rome,rome:60:45-0-s4:p1,13,64,0,202,120,12,0.0,2112.0,12.0,0.0,0.0,0.0,True,2112.0,True
rome,rome:60:45-0-s4:p1,14,56,2,202,120,12,24.0,1848.0,12.0,0.012987012987012988,0.0010822510822510823,0.0010822510822510823,True,1846.0,True
rome,rome:60:45-0-s4:p1,15,63,2,202,120,12,24.0,2079.0,12.0,0.011544011544011544,0.000962000962000962,0.000962000962000962,True,2077.0,True
rome,rome:60:45-0-s4:p1,16,58,10,202,120,12,120.0,1914.0,12.0,0.06269592476489028,0.005224660397074189,0.00522466039707419,True,1904.0,True
rome,rome:60:45-0-s4:p1,17,63,0,202,120,12,0.0,2079.0,12.0,0.0,0.0,0.0,True,2079.0,True
rome,rome:60:45-0-s4:p1,18,56,1,202,120,12,12.0,1848.0,12.0,0.006493506493506494,0.0005411255411255411,0.0005411255411255411,True,1847.0,True
rome,rome:60:45-0-s4:p1,19,62,0,202,120,12,0.0,2046.0,12.0,0.0,0.0,0.0,True,2046.0,True
rome,rome:60:45-0-s4:p1,20,59,0,202,120,12,0.0,1947.0,12.0,0.0,0.0,0.0,True,1947.0,True
rome,rome:60:45-0-s4:p1,21,63,0,202,120,12,0.0,2079.0,12.0,0.0,0.0,0.0,True,2079.0,True
rome,rome:60:45-0-s4:p1,22,58,0,202,120,12,0.0,1914.0,12.0,0.0,0.0,0.0,True,1914.0,True
rome,rome:60:45-0-s4:p1,23,58,0,202,120,12,0.0,1914.0,12.0,0.0,0.0,0.0,True,1914.0,True
rome,rome:60:46-0-s41:p0,0,59,85,1012,120,12,1020.0,1947.0,12.0,0.5238828967642527,0.04365690806368772,0.04365690806368772,False,1862.0,True
rome,rome:60:46-0-s41:p0,1,60,0,1112,120,12,0.0,1980.0,12.0,0.0,0.0,0.0,True,1980.0,True
rome,rome:60:46-0-s41:p0,2,60,0,1112,120,12,0.0,1980.0,12.0,0.0,0.0,0.0,True,1980.0,True
rome,rome:60:46-0-s41:p0,3,60,9,1112,120,12,108.0,1980.0,12.0,0.05454545454545454,0.004545454545454545,0.004545454545454545,True,1971.0,True
rome,rome:60:46-0-s41:p0,4,61,0,1112,120,12,0.0,2013.0,12.0,0.0,0.0,0.0,True,2013.0,True
rome,rome:60:46-0-s41:p0,5,59,0,1112,120,12,0.0,1947.0,12.0,0.0,0.0,0.0,True,1947.0,True
rome,rome:60:46-0-s41:p0,6,61,0,1112,120,12,0.0,2013.0,12.0,0.0,0.0,0.0,True,2013.0,True
rome,rome:60:46-0-s41:p0,7,60,0,1112,120,12,0.0,1980.0,12.0,0.0,0.0,0.0,True,1980.0,True
rome,rome:60:46-0-s41:p0,8,61,0,1112,120,12,0.0,2013.0,12.0,0.0,0.0,0.0,True,2013.0,True
rome,rome:60:46-0-s41:p0,9,58,0,1112,120,12,0.0,1914.0,12.0,0.0,0.0,0.0,True,1914.0,True
rome,rome:60:46-0-s41:p0,10,60,0,1112,120,12,0.0,1980.0,12.0,0.0,0.0,0.0,True,1980.0,True
rome,rome:60:46-0-s41:p0,11,60,0,1112,120,12,0.0,1980.0,12.0,0.0,0.0,0.0,True,1980.0,True
rome,rome:60:46-0-s41:p0,12,60,0,1112,120,12,0.0,1980.0,12.0,0.0,0.0,0.0,True,1980.0,True
rome,rome:60:46-0-s41:p0,13,61,0,1112,120,12,0.0,2013.0,12.0,0.0,0.0,0.0,True,2013.0,True
rome,rome:60:46-0-s41:p0,14,59,0,1112,120,12,0.0,1947.0,12.0,0.0,0.0,0.0,True,1947.0,True
rome,rome:60:46-0-s41:p0,15,62,0,1112,120,12,0.0,2046.0,12.0,0.0,0.0,0.0,True,2046.0,True
rome,rome:60:46-0-s41:p0,16,58,0,1112,120,12,0.0,1914.0,12.0,0.0,0.0,0.0,True,1914.0,True
rome,rome:60:46-0-s41:p0,17,61,2,1112,120,12,24.0,2013.0,12.0,0.011922503725782414,0.0009935419771485345,0.0009935419771485345,True,2011.0,True
rome,rome:60:46-0-s41:p0,18,56,0,1112,120,12,0.0,1848.0,12.0,0.0,0.0,0.0,True,1848.0,True
rome,rome:60:46-0-s41:p0,19,63,0,1112,120,12,0.0,2079.0,12.0,0.0,0.0,0.0,True,2079.0,True
rome,rome:60:46-0-s41:p0,20,61,0,1112,120,12,0.0,2013.0,12.0,0.0,0.0,0.0,True,2013.0,True
rome,rome:60:46-0-s41:p0,21,59,0,1112,120,12,0.0,1947.0,12.0,0.0,0.0,0.0,True,1947.0,True
rome,rome:60:46-0-s41:p0,22,61,19,1112,120,12,228.0,2013.0,12.0,0.11326378539493294,0.009438648782911079,0.009438648782911079,False,1994.0,True
rome,rome:60:46-0-s41:p0,23,59,34,1112,120,12,408.0,1947.0,12.0,0.20955315870570107,0.01746276322547509,0.01746276322547509,False,1913.0,True
rome,rome:60:46-0-s41:p1,0,59,0,1112,120,12,0.0,1947.0,12.0,0.0,0.0,0.0,True,1947.0,True
rome,rome:60:46-0-s41:p1,1,62,9,1112,120,12,108.0,2046.0,12.0,0.05278592375366569,0.004398826979472141,0.004398826979472141,True,2037.0,True
rome,rome:60:46-0-s41:p1,2,58,12,1112,120,12,144.0,1914.0,12.0,0.07523510971786834,0.006269592476489029,0.006269592476489028,False,1902.0,True
rome,rome:60:46-0-s41:p1,3,61,1,1112,120,12,12.0,2013.0,12.0,0.005961251862891207,0.0004967709885742673,0.0004967709885742673,True,2012.0,True
rome,rome:60:46-0-s41:p1,4,62,0,1112,120,12,0.0,2046.0,12.0,0.0,0.0,0.0,True,2046.0,True
rome,rome:60:46-0-s41:p1,5,57,0,1112,120,12,0.0,1881.0,12.0,0.0,0.0,0.0,True,1881.0,True
rome,rome:60:46-0-s41:p1,6,62,6,1112,120,12,72.0,2046.0,12.0,0.03519061583577713,0.0029325513196480943,0.002932551319648094,True,2040.0,True
rome,rome:60:46-0-s41:p1,7,58,3,1112,120,12,36.0,1914.0,12.0,0.018808777429467086,0.0015673981191222572,0.001567398119122257,True,1911.0,True
rome,rome:60:46-0-s41:p1,8,61,28,1112,120,12,336.0,2013.0,12.0,0.16691505216095381,0.013909587680079485,0.013909587680079483,False,1985.0,True
rome,rome:60:46-0-s41:p1,9,59,17,1112,120,12,204.0,1947.0,12.0,0.10477657935285054,0.008731381612737545,0.008731381612737545,False,1930.0,True
rome,rome:60:46-0-s41:p1,10,61,0,1112,120,12,0.0,2013.0,12.0,0.0,0.0,0.0,True,2013.0,True
rome,rome:60:46-0-s41:p1,11,59,0,1112,120,12,0.0,1947.0,12.0,0.0,0.0,0.0,True,1947.0,True
rome,rome:60:46-0-s41:p1,12,62,0,1112,120,12,0.0,2046.0,12.0,0.0,0.0,0.0,True,2046.0,True
rome,rome:60:46-0-s41:p1,13,58,0,1112,120,12,0.0,1914.0,12.0,0.0,0.0,0.0,True,1914.0,True
rome,rome:60:46-0-s41:p1,14,61,0,1112,120,12,0.0,2013.0,12.0,0.0,0.0,0.0,True,2013.0,True
rome,rome:60:46-0-s41:p1,15,60,9,1112,120,12,108.0,1980.0,12.0,0.05454545454545454,0.004545454545454545,0.004545454545454545,True,1971.0,True
rome,rome:60:46-0-s41:p1,16,61,0,1112,120,12,0.0,2013.0,12.0,0.0,0.0,0.0,True,2013.0,True
rome,rome:60:46-0-s41:p1,17,58,0,1112,120,12,0.0,1914.0,12.0,0.0,0.0,0.0,True,1914.0,True
rome,rome:60:46-0-s41:p1,18,60,0,1112,120,12,0.0,1980.0,12.0,0.0,0.0,0.0,True,1980.0,True
rome,rome:60:46-0-s41:p1,19,60,0,1112,120,12,0.0,1980.0,12.0,0.0,0.0,0.0,True,1980.0,True
rome,rome:60:46-0-s41:p1,20,60,5,1112,120,12,60.0,1980.0,12.0,0.030303030303030304,0.0025252525252525255,0.0025252525252525255,True,1975.0,True
rome,rome:60:46-0-s41:p1,21,60,21,1112,120,12,252.0,1980.0,12.0,0.12727272727272726,0.010606060606060605,0.010606060606060607,False,1959.0,True
rome,rome:60:46-0-s41:p1,22,50,8,1112,120,12,96.0,1650.0,12.0,0.05818181818181818,0.0048484848484848485,0.0048484848484848485,True,1642.0,True
rome,rome:60:46-0-s41:p1,23,70,0,1112,120,12,0.0,2310.0,12.0,0.0,0.0,0.0,True,2310.0,True
rome,rome:60:46-0-s49:p0,0,60,658,615,120,12,7896.0,1980.0,12.0,3.987878787878788,0.3323232323232323,0.3323232323232323,False,1322.0,True
rome,rome:60:46-0-s49:p0,1,60,262,910,120,12,3144.0,1980.0,12.0,1.587878787878788,0.13232323232323231,0.13232323232323231,False,1718.0,True
rome,rome:60:46-0-s49:p0,2,60,0,1012,120,12,0.0,1980.0,12.0,0.0,0.0,0.0,True,1980.0,True
rome,rome:60:46-0-s49:p0,3,60,0,1012,120,12,0.0,1980.0,12.0,0.0,0.0,0.0,True,1980.0,True
rome,rome:60:46-0-s49:p0,4,61,0,1012,120,12,0.0,2013.0,12.0,0.0,0.0,0.0,True,2013.0,True
rome,rome:60:46-0-s49:p0,5,59,0,1012,120,12,0.0,1947.0,12.0,0.0,0.0,0.0,True,1947.0,True
rome,rome:60:46-0-s49:p0,6,61,1,1012,120,12,12.0,2013.0,12.0,0.005961251862891207,0.0004967709885742673,0.0004967709885742673,True,2012.0,True
rome,rome:60:46-0-s49:p0,7,59,0,1012,120,12,0.0,1947.0,12.0,0.0,0.0,0.0,True,1947.0,True
rome,rome:60:46-0-s49:p0,8,61,0,1012,120,12,0.0,2013.0,12.0,0.0,0.0,0.0,True,2013.0,True
rome,rome:60:46-0-s49:p0,9,59,0,1012,120,12,0.0,1947.0,12.0,0.0,0.0,0.0,True,1947.0,True
rome,rome:60:46-0-s49:p0,10,61,0,1012,120,12,0.0,2013.0,12.0,0.0,0.0,0.0,True,2013.0,True
rome,rome:60:46-0-s49:p0,11,59,0,1012,120,12,0.0,1947.0,12.0,0.0,0.0,0.0,True,1947.0,True
rome,rome:60:46-0-s49:p0,12,61,0,1012,120,12,0.0,2013.0,12.0,0.0,0.0,0.0,True,2013.0,True
rome,rome:60:46-0-s49:p0,13,60,0,1012,120,12,0.0,1980.0,12.0,0.0,0.0,0.0,True,1980.0,True
rome,rome:60:46-0-s49:p0,14,59,2,1012,120,12,24.0,1947.0,12.0,0.012326656394453005,0.001027221366204417,0.001027221366204417,True,1945.0,True
rome,rome:60:46-0-s49:p0,15,60,0,1012,120,12,0.0,1980.0,12.0,0.0,0.0,0.0,True,1980.0,True
rome,rome:60:46-0-s49:p0,16,61,11,1012,120,12,132.0,2013.0,12.0,0.06557377049180328,0.00546448087431694,0.00546448087431694,False,2002.0,True
rome,rome:60:46-0-s49:p0,17,59,1,1012,120,12,12.0,1947.0,12.0,0.0061633281972265025,0.0005136106831022085,0.0005136106831022085,True,1946.0,True
rome,rome:60:46-0-s49:p0,18,61,0,1012,120,12,0.0,2013.0,12.0,0.0,0.0,0.0,True,2013.0,True
rome,rome:60:46-0-s49:p0,19,61,0,1012,120,12,0.0,2013.0,12.0,0.0,0.0,0.0,True,2013.0,True
rome,rome:60:46-0-s49:p0,20,58,0,1012,120,12,0.0,1914.0,12.0,0.0,0.0,0.0,True,1914.0,True
rome,rome:60:46-0-s49:p0,21,61,2,1012,120,12,24.0,2013.0,12.0,0.011922503725782414,0.0009935419771485345,0.0009935419771485345,True,2011.0,True
rome,rome:60:46-0-s49:p0,22,61,0,1012,120,12,0.0,2013.0,12.0,0.0,0.0,0.0,True,2013.0,True
rome,rome:60:46-0-s49:p0,23,59,9,1012,120,12,108.0,1947.0,12.0,0.05546995377503852,0.004622496147919877,0.004622496147919877,True,1938.0,True
rome,rome:60:46-0-s56:p0,0,59,187,1010,120,12,2244.0,1947.0,12.0,1.152542372881356,0.096045197740113,0.096045197740113,False,1760.0,True
rome,rome:60:46-0-s56:p0,1,61,0,1012,120,12,0.0,2013.0,12.0,0.0,0.0,0.0,True,2013.0,True
rome,rome:60:46-0-s56:p0,2,59,0,1012,120,12,0.0,1947.0,12.0,0.0,0.0,0.0,True,1947.0,True
rome,rome:60:46-0-s56:p0,3,61,0,1012,120,12,0.0,2013.0,12.0,0.0,0.0,0.0,True,2013.0,True
rome,rome:60:46-0-s56:p0,4,59,0,1012,120,12,0.0,1947.0,12.0,0.0,0.0,0.0,True,1947.0,True
rome,rome:60:46-0-s56:p0,5,60,0,1012,120,12,0.0,1980.0,12.0,0.0,0.0,0.0,True,1980.0,True
rome,rome:60:46-0-s56:p0,6,60,0,1012,120,12,0.0,1980.0,12.0,0.0,0.0,0.0,True,1980.0,True
rome,rome:60:46-0-s56:p0,7,61,0,1012,120,12,0.0,2013.0,12.0,0.0,0.0,0.0,True,2013.0,True
rome,rome:60:46-0-s56:p0,8,60,0,1012,120,12,0.0,1980.0,12.0,0.0,0.0,0.0,True,1980.0,True
rome,rome:60:46-0-s56:p0,9,59,0,1012,120,12,0.0,1947.0,12.0,0.0,0.0,0.0,True,1947.0,True
rome,rome:60:46-0-s56:p0,10,61,0,1012,120,12,0.0,2013.0,12.0,0.0,0.0,0.0,True,2013.0,True
rome,rome:60:46-0-s56:p0,11,59,0,1012,120,12,0.0,1947.0,12.0,0.0,0.0,0.0,True,1947.0,True
rome,rome:60:46-0-s56:p0,12,62,0,1012,120,12,0.0,2046.0,12.0,0.0,0.0,0.0,True,2046.0,True
rome,rome:60:46-0-s56:p0,13,58,0,1012,120,12,0.0,1914.0,12.0,0.0,0.0,0.0,True,1914.0,True
rome,rome:60:46-0-s56:p0,14,63,0,1012,120,12,0.0,2079.0,12.0,0.0,0.0,0.0,True,2079.0,True
rome,rome:60:46-0-s56:p0,15,57,0,1012,120,12,0.0,1881.0,12.0,0.0,0.0,0.0,True,1881.0,True
rome,rome:60:46-0-s56:p0,16,60,0,1012,120,12,0.0,1980.0,12.0,0.0,0.0,0.0,True,1980.0,True
rome,rome:60:46-0-s56:p0,17,60,0,1012,120,12,0.0,1980.0,12.0,0.0,0.0,0.0,True,1980.0,True
rome,rome:60:46-0-s56:p0,18,60,0,1012,120,12,0.0,1980.0,12.0,0.0,0.0,0.0,True,1980.0,True
rome,rome:60:46-0-s56:p0,19,60,0,1012,120,12,0.0,1980.0,12.0,0.0,0.0,0.0,True,1980.0,True
rome,rome:60:46-0-s56:p0,20,60,0,1012,120,12,0.0,1980.0,12.0,0.0,0.0,0.0,True,1980.0,True
rome,rome:60:46-0-s56:p0,21,61,0,1012,120,12,0.0,2013.0,12.0,0.0,0.0,0.0,True,2013.0,True
rome,rome:60:46-0-s56:p0,22,60,0,1012,120,12,0.0,1980.0,12.0,0.0,0.0,0.0,True,1980.0,True
rome,rome:60:46-0-s56:p0,23,60,9,1012,120,12,108.0,1980.0,12.0,0.05454545454545454,0.004545454545454545,0.004545454545454545,True,1971.0,True
rome,rome:60:46-0-s56:p1,0,61,0,1012,120,12,0.0,2013.0,12.0,0.0,0.0,0.0,True,2013.0,True
rome,rome:60:46-0-s56:p1,1,59,0,1012,120,12,0.0,1947.0,12.0,0.0,0.0,0.0,True,1947.0,True
rome,rome:60:46-0-s56:p1,2,60,0,1012,120,12,0.0,1980.0,12.0,0.0,0.0,0.0,True,1980.0,True
rome,rome:60:46-0-s56:p1,3,60,0,1012,120,12,0.0,1980.0,12.0,0.0,0.0,0.0,True,1980.0,True
rome,rome:60:46-0-s56:p1,4,60,0,1012,120,12,0.0,1980.0,12.0,0.0,0.0,0.0,True,1980.0,True
rome,rome:60:46-0-s56:p1,5,61,0,1012,120,12,0.0,2013.0,12.0,0.0,0.0,0.0,True,2013.0,True
rome,rome:60:46-0-s56:p1,6,59,0,1012,120,12,0.0,1947.0,12.0,0.0,0.0,0.0,True,1947.0,True
rome,rome:60:46-0-s56:p1,7,61,0,1012,120,12,0.0,2013.0,12.0,0.0,0.0,0.0,True,2013.0,True
rome,rome:60:46-0-s56:p1,8,59,0,1012,120,12,0.0,1947.0,12.0,0.0,0.0,0.0,True,1947.0,True
rome,rome:60:46-0-s56:p1,9,60,0,1012,120,12,0.0,1980.0,12.0,0.0,0.0,0.0,True,1980.0,True
rome,rome:60:46-0-s56:p1,10,60,0,1012,120,12,0.0,1980.0,12.0,0.0,0.0,0.0,True,1980.0,True
rome,rome:60:46-0-s56:p1,11,61,0,1012,120,12,0.0,2013.0,12.0,0.0,0.0,0.0,True,2013.0,True
rome,rome:60:46-0-s56:p1,12,59,0,1012,120,12,0.0,1947.0,12.0,0.0,0.0,0.0,True,1947.0,True
rome,rome:60:46-0-s56:p1,13,60,0,1012,120,12,0.0,1980.0,12.0,0.0,0.0,0.0,True,1980.0,True
rome,rome:60:46-0-s56:p1,14,60,0,1012,120,12,0.0,1980.0,12.0,0.0,0.0,0.0,True,1980.0,True
rome,rome:60:46-0-s56:p1,15,60,0,1012,120,12,0.0,1980.0,12.0,0.0,0.0,0.0,True,1980.0,True
rome,rome:60:46-0-s56:p1,16,61,0,1012,120,12,0.0,2013.0,12.0,0.0,0.0,0.0,True,2013.0,True
rome,rome:60:46-0-s56:p1,17,59,0,1012,120,12,0.0,1947.0,12.0,0.0,0.0,0.0,True,1947.0,True
rome,rome:60:46-0-s56:p1,18,61,5,1012,120,12,60.0,2013.0,12.0,0.029806259314456036,0.0024838549428713363,0.0024838549428713363,True,2008.0,True
rome,rome:60:46-0-s56:p1,19,59,12,1012,120,12,144.0,1947.0,12.0,0.07395993836671803,0.0061633281972265025,0.0061633281972265025,False,1935.0,True
rome,rome:60:46-0-s56:p1,20,61,7,1012,120,12,84.0,2013.0,12.0,0.041728763040238454,0.0034773969200198713,0.003477396920019871,True,2006.0,True
rome,rome:60:46-0-s56:p1,21,60,0,1112,120,12,0.0,1980.0,12.0,0.0,0.0,0.0,True,1980.0,True
rome,rome:60:46-0-s56:p1,22,59,0,1112,120,12,0.0,1947.0,12.0,0.0,0.0,0.0,True,1947.0,True
rome,rome:60:46-0-s56:p1,23,61,0,1112,120,12,0.0,2013.0,12.0,0.0,0.0,0.0,True,2013.0,True
rome,rome:60:46-0-s56:p2,0,59,2,1012,120,12,24.0,1947.0,12.0,0.012326656394453005,0.001027221366204417,0.001027221366204417,True,1945.0,True
rome,rome:60:46-0-s56:p2,1,59,0,1112,120,12,0.0,1947.0,12.0,0.0,0.0,0.0,True,1947.0,True
rome,rome:60:46-0-s56:p2,2,61,0,1112,120,12,0.0,2013.0,12.0,0.0,0.0,0.0,True,2013.0,True
rome,rome:60:46-0-s56:p2,3,59,0,1112,120,12,0.0,1947.0,12.0,0.0,0.0,0.0,True,1947.0,True
rome,rome:60:46-0-s56:p2,4,62,0,1112,120,12,0.0,2046.0,12.0,0.0,0.0,0.0,True,2046.0,True
rome,rome:60:46-0-s56:p2,5,58,0,1112,120,12,0.0,1914.0,12.0,0.0,0.0,0.0,True,1914.0,True
rome,rome:60:46-0-s56:p2,6,60,0,1112,120,12,0.0,1980.0,12.0,0.0,0.0,0.0,True,1980.0,True
rome,rome:60:46-0-s56:p2,7,60,0,1112,120,12,0.0,1980.0,12.0,0.0,0.0,0.0,True,1980.0,True
rome,rome:60:46-0-s56:p2,8,60,0,1112,120,12,0.0,1980.0,12.0,0.0,0.0,0.0,True,1980.0,True
rome,rome:60:46-0-s56:p2,9,60,0,1112,120,12,0.0,1980.0,12.0,0.0,0.0,0.0,True,1980.0,True
rome,rome:60:46-0-s56:p2,10,61,0,1112,120,12,0.0,2013.0,12.0,0.0,0.0,0.0,True,2013.0,True
rome,rome:60:46-0-s56:p2,11,59,0,1112,120,12,0.0,1947.0,12.0,0.0,0.0,0.0,True,1947.0,True
rome,rome:60:46-0-s56:p2,12,62,0,1112,120,12,0.0,2046.0,12.0,0.0,0.0,0.0,True,2046.0,True
rome,rome:60:46-0-s56:p2,13,59,0,1112,120,12,0.0,1947.0,12.0,0.0,0.0,0.0,True,1947.0,True
rome,rome:60:46-0-s56:p2,14,60,0,1112,120,12,0.0,1980.0,12.0,0.0,0.0,0.0,True,1980.0,True
rome,rome:60:46-0-s56:p2,15,61,0,1112,120,12,0.0,2013.0,12.0,0.0,0.0,0.0,True,2013.0,True
rome,rome:60:46-0-s56:p2,16,58,27,1112,120,12,324.0,1914.0,12.0,0.16927899686520376,0.014106583072100312,0.014106583072100314,False,1887.0,True
rome,rome:60:46-0-s56:p2,17,61,22,1112,120,12,264.0,2013.0,12.0,0.13114754098360656,0.01092896174863388,0.01092896174863388,False,1991.0,True
rome,rome:60:46-0-s56:p2,18,60,34,1112,120,12,408.0,1980.0,12.0,0.20606060606060606,0.01717171717171717,0.01717171717171717,False,1946.0,True
rome,rome:60:46-0-s56:p2,19,60,17,1113,120,12,204.0,1980.0,12.0,0.10303030303030303,0.008585858585858586,0.008585858585858586,False,1963.0,True
rome,rome:60:46-0-s56:p2,20,59,44,1113,120,12,528.0,1947.0,12.0,0.2711864406779661,0.022598870056497175,0.022598870056497175,False,1903.0,True
rome,rome:60:46-0-s56:p2,21,61,0,1113,120,12,0.0,2013.0,12.0,0.0,0.0,0.0,True,2013.0,True
rome,rome:60:46-0-s56:p2,22,59,0,1113,120,12,0.0,1947.0,12.0,0.0,0.0,0.0,True,1947.0,True
rome,rome:60:46-0-s56:p2,23,60,0,1113,120,12,0.0,1980.0,12.0,0.0,0.0,0.0,True,1980.0,True
rome,rome:60:46-0-s56:p3,0,60,0,1113,120,12,0.0,1980.0,12.0,0.0,0.0,0.0,True,1980.0,True
rome,rome:60:46-0-s56:p3,1,61,0,1113,120,12,0.0,2013.0,12.0,0.0,0.0,0.0,True,2013.0,True
rome,rome:60:46-0-s56:p3,2,59,0,1113,120,12,0.0,1947.0,12.0,0.0,0.0,0.0,True,1947.0,True
rome,rome:60:46-0-s56:p3,3,61,16,1113,120,12,192.0,2013.0,12.0,0.09538002980625931,0.007948335817188276,0.007948335817188276,False,1997.0,True
rome,rome:60:46-0-s56:p3,4,59,21,1112,120,12,252.0,1947.0,12.0,0.12942989214175654,0.010785824345146378,0.01078582434514638,False,1926.0,True
rome,rome:60:46-0-s56:p3,5,61,0,1113,120,12,0.0,2013.0,12.0,0.0,0.0,0.0,True,2013.0,True
rome,rome:60:46-0-s56:p3,6,59,0,1113,120,12,0.0,1947.0,12.0,0.0,0.0,0.0,True,1947.0,True
rome,rome:60:46-0-s56:p3,7,60,0,1113,120,12,0.0,1980.0,12.0,0.0,0.0,0.0,True,1980.0,True
rome,rome:60:46-0-s56:p3,8,60,0,1113,120,12,0.0,1980.0,12.0,0.0,0.0,0.0,True,1980.0,True
rome,rome:60:46-0-s56:p3,9,61,0,1113,120,12,0.0,2013.0,12.0,0.0,0.0,0.0,True,2013.0,True
rome,rome:60:46-0-s56:p3,10,59,2,1113,120,12,24.0,1947.0,12.0,0.012326656394453005,0.001027221366204417,0.001027221366204417,True,1945.0,True
rome,rome:60:46-0-s56:p3,11,60,9,1113,120,12,108.0,1980.0,12.0,0.05454545454545454,0.004545454545454545,0.004545454545454545,True,1971.0,True
rome,rome:60:46-0-s56:p3,12,61,0,1113,120,12,0.0,2013.0,12.0,0.0,0.0,0.0,True,2013.0,True
rome,rome:60:46-0-s56:p3,13,59,0,1113,120,12,0.0,1947.0,12.0,0.0,0.0,0.0,True,1947.0,True
rome,rome:60:46-0-s56:p3,14,61,7,1113,120,12,84.0,2013.0,12.0,0.041728763040238454,0.0034773969200198713,0.003477396920019871,True,2006.0,True
rome,rome:60:46-0-s56:p3,15,59,0,1113,120,12,0.0,1947.0,12.0,0.0,0.0,0.0,True,1947.0,True
rome,rome:60:46-0-s56:p3,16,61,0,1113,120,12,0.0,2013.0,12.0,0.0,0.0,0.0,True,2013.0,True
rome,rome:60:46-0-s56:p3,17,59,0,1113,120,12,0.0,1947.0,12.0,0.0,0.0,0.0,True,1947.0,True
rome,rome:60:46-0-s56:p3,18,60,0,1113,120,12,0.0,1980.0,12.0,0.0,0.0,0.0,True,1980.0,True
rome,rome:60:46-0-s56:p3,19,60,0,1113,120,12,0.0,1980.0,12.0,0.0,0.0,0.0,True,1980.0,True
rome,rome:60:46-0-s56:p3,20,60,0,1113,120,12,0.0,1980.0,12.0,0.0,0.0,0.0,True,1980.0,True
rome,rome:60:46-0-s56:p3,21,62,0,1113,120,12,0.0,2046.0,12.0,0.0,0.0,0.0,True,2046.0,True
rome,rome:60:46-0-s56:p3,22,58,0,1113,120,12,0.0,1914.0,12.0,0.0,0.0,0.0,True,1914.0,True
rome,rome:60:46-0-s56:p3,23,60,0,1113,120,12,0.0,1980.0,12.0,0.0,0.0,0.0,True,1980.0,True
rome,rome:60:46-0-s65:p0,0,60,672,615,120,12,8064.0,1980.0,12.0,4.072727272727272,0.33939393939393936,0.3393939393939394,False,1308.0,True
rome,rome:60:46-0-s65:p0,1,60,185,910,120,12,2220.0,1980.0,12.0,1.121212121212121,0.09343434343434343,0.09343434343434344,False,1795.0,True
rome,rome:60:46-0-s65:p0,2,60,49,1011,120,12,588.0,1980.0,12.0,0.296969696969697,0.02474747474747475,0.024747474747474747,False,1931.0,True
rome,rome:60:46-0-s65:p0,3,60,0,1012,120,12,0.0,1980.0,12.0,0.0,0.0,0.0,True,1980.0,True
rome,rome:60:46-0-s65:p0,4,60,12,1012,120,12,144.0,1980.0,12.0,0.07272727272727272,0.006060606060606061,0.006060606060606061,False,1968.0,True
rome,rome:60:46-0-s65:p0,5,61,0,1012,120,12,0.0,2013.0,12.0,0.0,0.0,0.0,True,2013.0,True
rome,rome:60:46-0-s65:p0,6,60,8,1012,120,12,96.0,1980.0,12.0,0.048484848484848485,0.00404040404040404,0.00404040404040404,True,1972.0,True
rome,rome:60:46-0-s65:p0,7,59,8,1012,120,12,96.0,1947.0,12.0,0.04930662557781202,0.004108885464817668,0.004108885464817668,True,1939.0,True
rome,rome:60:46-0-s65:p0,8,61,20,1012,120,12,240.0,2013.0,12.0,0.11922503725782414,0.009935419771485345,0.009935419771485345,False,1993.0,True
rome,rome:60:46-0-s65:p0,9,59,0,1012,120,12,0.0,1947.0,12.0,0.0,0.0,0.0,True,1947.0,True
rome,rome:60:46-0-s65:p0,10,61,9,1012,120,12,108.0,2013.0,12.0,0.05365126676602087,0.004470938897168405,0.004470938897168405,True,2004.0,True
rome,rome:60:46-0-s65:p0,11,59,2,1012,120,12,24.0,1947.0,12.0,0.012326656394453005,0.001027221366204417,0.001027221366204417,True,1945.0,True
rome,rome:60:46-0-s65:p0,12,60,0,1012,120,12,0.0,1980.0,12.0,0.0,0.0,0.0,True,1980.0,True
rome,rome:60:46-0-s65:p0,13,60,14,1012,120,12,168.0,1980.0,12.0,0.08484848484848485,0.007070707070707071,0.007070707070707071,False,1966.0,True
rome,rome:60:46-0-s65:p0,14,60,0,1012,120,12,0.0,1980.0,12.0,0.0,0.0,0.0,True,1980.0,True
rome,rome:60:46-0-s65:p0,15,61,0,1012,120,12,0.0,2013.0,12.0,0.0,0.0,0.0,True,2013.0,True
rome,rome:60:46-0-s65:p0,16,60,0,1012,120,12,0.0,1980.0,12.0,0.0,0.0,0.0,True,1980.0,True
rome,rome:60:46-0-s65:p0,17,60,15,1012,120,12,180.0,1980.0,12.0,0.09090909090909091,0.007575757575757576,0.007575757575757576,False,1965.0,True
rome,rome:60:46-0-s65:p0,18,59,1,1012,120,12,12.0,1947.0,12.0,0.0061633281972265025,0.0005136106831022085,0.0005136106831022085,True,1946.0,True
rome,rome:60:46-0-s65:p0,19,61,0,1012,120,12,0.0,2013.0,12.0,0.0,0.0,0.0,True,2013.0,True
rome,rome:60:46-0-s65:p0,20,60,0,1012,120,12,0.0,1980.0,12.0,0.0,0.0,0.0,True,1980.0,True
rome,rome:60:46-0-s65:p0,21,59,159,1012,120,12,1908.0,1947.0,12.0,0.9799691833590138,0.08166409861325115,0.08166409861325115,False,1788.0,True
rome,rome:60:46-0-s65:p0,22,60,0,1012,120,12,0.0,1980.0,12.0,0.0,0.0,0.0,True,1980.0,True
rome,rome:60:46-0-s65:p0,23,60,21,1012,120,12,252.0,1980.0,12.0,0.12727272727272726,0.010606060606060605,0.010606060606060607,False,1959.0,True
rome,rome:60:46-0-s89:p0,0,8,0,1112,120,12,0.0,264.0,12.0,0.0,0.0,0.0,True,264.0,True
rome,rome:60:46-0-s89:p0,1,61,28,1112,120,12,336.0,2013.0,12.0,0.16691505216095381,0.013909587680079485,0.013909587680079483,False,1985.0,True
rome,rome:60:46-0-s89:p0,2,60,0,1112,120,12,0.0,1980.0,12.0,0.0,0.0,0.0,True,1980.0,True
rome,rome:60:46-0-s89:p0,3,60,0,1112,120,12,0.0,1980.0,12.0,0.0,0.0,0.0,True,1980.0,True
rome,rome:60:46-0-s89:p0,4,60,0,1112,120,12,0.0,1980.0,12.0,0.0,0.0,0.0,True,1980.0,True
rome,rome:60:46-0-s89:p0,5,60,7,1112,120,12,84.0,1980.0,12.0,0.04242424242424243,0.0035353535353535356,0.0035353535353535356,True,1973.0,True
rome,rome:60:46-0-s89:p0,6,61,10,1112,120,12,120.0,2013.0,12.0,0.05961251862891207,0.004967709885742673,0.004967709885742673,True,2003.0,True
rome,rome:60:46-0-s89:p0,7,59,0,1112,120,12,0.0,1947.0,12.0,0.0,0.0,0.0,True,1947.0,True
rome,rome:60:46-0-s89:p0,8,60,0,1112,120,12,0.0,1980.0,12.0,0.0,0.0,0.0,True,1980.0,True
rome,rome:60:46-0-s89:p0,9,62,14,1112,120,12,168.0,2046.0,12.0,0.08211143695014662,0.006842619745845552,0.006842619745845552,False,2032.0,True
rome,rome:60:46-0-s89:p0,10,58,13,1112,120,12,156.0,1914.0,12.0,0.08150470219435736,0.006792058516196447,0.006792058516196447,False,1901.0,True
rome,rome:60:46-0-s89:p0,11,61,15,1112,120,12,180.0,2013.0,12.0,0.08941877794336811,0.007451564828614009,0.007451564828614009,False,1998.0,True
rome,rome:60:46-0-s89:p0,12,59,7,1112,120,12,84.0,1947.0,12.0,0.04314329738058552,0.00359527478171546,0.0035952747817154596,True,1940.0,True
rome,rome:60:46-0-s89:p0,13,60,16,1113,120,12,192.0,1980.0,12.0,0.09696969696969697,0.00808080808080808,0.00808080808080808,False,1964.0,True
rome,rome:60:46-0-s89:p0,14,60,13,1112,120,12,156.0,1980.0,12.0,0.07878787878787878,0.0065656565656565654,0.0065656565656565654,False,1967.0,True
rome,rome:60:46-0-s89:p0,15,61,11,1112,120,12,132.0,2013.0,12.0,0.06557377049180328,0.00546448087431694,0.00546448087431694,False,2002.0,True
rome,rome:60:46-0-s89:p0,16,59,0,1112,120,12,0.0,1947.0,12.0,0.0,0.0,0.0,True,1947.0,True
rome,rome:60:46-0-s89:p0,17,61,0,1112,120,12,0.0,2013.0,12.0,0.0,0.0,0.0,True,2013.0,True
rome,rome:60:46-0-s89:p0,18,60,9,1112,120,12,108.0,1980.0,12.0,0.05454545454545454,0.004545454545454545,0.004545454545454545,True,1971.0,True
rome,rome:60:46-0-s89:p0,19,59,1,1112,120,12,12.0,1947.0,12.0,0.0061633281972265025,0.0005136106831022085,0.0005136106831022085,True,1946.0,True
rome,rome:60:46-0-s89:p0,20,59,12,1112,120,12,144.0,1947.0,12.0,0.07395993836671803,0.0061633281972265025,0.0061633281972265025,False,1935.0,True
rome,rome:60:46-0-s89:p0,21,62,9,1112,120,12,108.0,2046.0,12.0,0.05278592375366569,0.004398826979472141,0.004398826979472141,True,2037.0,True
rome,rome:60:46-0-s89:p0,22,62,0,1112,120,12,0.0,2046.0,12.0,0.0,0.0,0.0,True,2046.0,True
rome,rome:60:46-0-s89:p0,23,57,5,1112,120,12,60.0,1881.0,12.0,0.03189792663476874,0.0026581605528973947,0.002658160552897395,True,1876.0,True
rome,rome:60:47-0-s268:p0,0,60,98,202,120,12,1176.0,1980.0,12.0,0.593939393939394,0.0494949494949495,0.049494949494949494,False,1882.0,True
rome,rome:60:47-0-s268:p0,1,60,0,202,120,12,0.0,1980.0,12.0,0.0,0.0,0.0,True,1980.0,True
rome,rome:60:47-0-s268:p0,2,46,0,202,120,12,0.0,1518.0,12.0,0.0,0.0,0.0,True,1518.0,True
rome,rome:60:47-0-s268:p0,3,74,0,202,120,12,0.0,2442.0,12.0,0.0,0.0,0.0,True,2442.0,True
rome,rome:60:47-0-s268:p0,4,60,0,202,120,12,0.0,1980.0,12.0,0.0,0.0,0.0,True,1980.0,True
rome,rome:60:47-0-s268:p0,5,60,0,202,120,12,0.0,1980.0,12.0,0.0,0.0,0.0,True,1980.0,True
rome,rome:60:47-0-s268:p0,6,60,0,202,120,12,0.0,1980.0,12.0,0.0,0.0,0.0,True,1980.0,True
rome,rome:60:47-0-s268:p0,7,60,0,202,120,12,0.0,1980.0,12.0,0.0,0.0,0.0,True,1980.0,True
rome,rome:60:47-0-s268:p0,8,59,0,202,120,12,0.0,1947.0,12.0,0.0,0.0,0.0,True,1947.0,True
rome,rome:60:47-0-s268:p0,9,47,0,202,120,12,0.0,1551.0,12.0,0.0,0.0,0.0,True,1551.0,True
rome,rome:60:47-0-s268:p0,10,73,1,202,120,12,12.0,2409.0,12.0,0.0049813200498132005,0.00041511000415110004,0.00041511000415110004,True,2408.0,True
rome,rome:60:47-0-s268:p0,11,61,28,202,120,12,336.0,2013.0,12.0,0.16691505216095381,0.013909587680079485,0.013909587680079483,False,1985.0,True
rome,rome:60:47-0-s268:p0,12,61,31,202,120,12,372.0,2013.0,12.0,0.18479880774962743,0.015399900645802286,0.015399900645802286,False,1982.0,True
rome,rome:60:47-0-s268:p0,13,45,37,202,120,12,444.0,1485.0,12.0,0.298989898989899,0.024915824915824916,0.024915824915824916,False,1448.0,True
rome,rome:60:47-0-s268:p0,14,74,39,202,120,12,468.0,2442.0,12.0,0.19164619164619165,0.01597051597051597,0.01597051597051597,False,2403.0,True
rome,rome:60:47-0-s268:p0,15,46,15,202,120,12,180.0,1518.0,12.0,0.11857707509881422,0.009881422924901186,0.009881422924901186,False,1503.0,True
rome,rome:60:47-0-s268:p0,16,74,12,202,120,12,144.0,2442.0,12.0,0.05896805896805897,0.004914004914004914,0.004914004914004914,False,2430.0,True
rome,rome:60:47-0-s268:p0,17,60,41,202,120,12,492.0,1980.0,12.0,0.24848484848484848,0.020707070707070705,0.02070707070707071,False,1939.0,True
rome,rome:60:47-0-s268:p0,18,60,48,202,120,12,576.0,1980.0,12.0,0.2909090909090909,0.024242424242424242,0.024242424242424242,False,1932.0,True
rome,rome:60:47-0-s268:p0,19,60,18,202,120,12,216.0,1980.0,12.0,0.10909090909090909,0.00909090909090909,0.00909090909090909,False,1962.0,True
rome,rome:60:47-0-s268:p0,20,60,0,202,120,12,0.0,1980.0,12.0,0.0,0.0,0.0,True,1980.0,True
rome,rome:60:47-0-s268:p0,21,59,0,202,120,12,0.0,1947.0,12.0,0.0,0.0,0.0,True,1947.0,True
rome,rome:60:47-0-s268:p0,22,61,0,202,120,12,0.0,2013.0,12.0,0.0,0.0,0.0,True,2013.0,True
rome,rome:60:47-0-s268:p0,23,60,0,202,120,12,0.0,1980.0,12.0,0.0,0.0,0.0,True,1980.0,True
rome,rome:60:51-1-s193:p0,0,60,266,1200,100,10,2660.0,1980.0,12.0,1.3434343434343434,0.11195286195286196,0.13434343434343435,False,1714.0,True
rome,rome:60:51-1-s193:p0,1,60,156,1202,100,10,1560.0,1980.0,12.0,0.7878787878787878,0.06565656565656565,0.07878787878787878,False,1824.0,True
rome,rome:60:51-1-s193:p0,2,60,309,1204,100,10,3090.0,1980.0,12.0,1.5606060606060606,0.13005050505050506,0.15606060606060607,False,1671.0,True
rome,rome:60:51-1-s193:p0,3,60,274,905,120,12,3288.0,1980.0,12.0,1.6606060606060606,0.1383838383838384,0.1383838383838384,False,1706.0,True
rome,rome:60:51-1-s193:p0,4,60,394,907,120,12,4728.0,1980.0,12.0,2.3878787878787877,0.19898989898989897,0.198989898989899,False,1586.0,True
rome,rome:60:51-1-s193:p0,5,61,115,1011,120,12,1380.0,2013.0,12.0,0.6855439642324889,0.05712866368604074,0.057128663686040734,False,1898.0,True
rome,rome:60:51-1-s193:p0,6,59,0,1012,120,12,0.0,1947.0,12.0,0.0,0.0,0.0,True,1947.0,True
rome,rome:60:51-1-s193:p0,7,60,0,1012,120,12,0.0,1980.0,12.0,0.0,0.0,0.0,True,1980.0,True
rome,rome:60:51-1-s193:p0,8,62,0,1012,120,12,0.0,2046.0,12.0,0.0,0.0,0.0,True,2046.0,True
rome,rome:60:51-1-s193:p0,9,58,0,1012,120,12,0.0,1914.0,12.0,0.0,0.0,0.0,True,1914.0,True
rome,rome:60:51-1-s193:p0,10,63,0,1012,120,12,0.0,2079.0,12.0,0.0,0.0,0.0,True,2079.0,True
rome,rome:60:51-1-s193:p0,11,57,0,1012,120,12,0.0,1881.0,12.0,0.0,0.0,0.0,True,1881.0,True
rome,rome:60:51-1-s193:p0,12,60,5,1012,120,12,60.0,1980.0,12.0,0.030303030303030304,0.0025252525252525255,0.0025252525252525255,True,1975.0,True
rome,rome:60:51-1-s193:p0,13,60,0,1012,120,12,0.0,1980.0,12.0,0.0,0.0,0.0,True,1980.0,True
rome,rome:60:51-1-s193:p0,14,60,7,1012,120,12,84.0,1980.0,12.0,0.04242424242424243,0.0035353535353535356,0.0035353535353535356,True,1973.0,True
rome,rome:60:51-1-s193:p0,15,60,0,1012,120,12,0.0,1980.0,12.0,0.0,0.0,0.0,True,1980.0,True
rome,rome:60:51-1-s193:p0,16,60,0,1012,120,12,0.0,1980.0,12.0,0.0,0.0,0.0,True,1980.0,True
rome,rome:60:51-1-s193:p0,17,60,11,1012,120,12,132.0,1980.0,12.0,0.06666666666666667,0.005555555555555556,0.005555555555555556,False,1969.0,True
rome,rome:60:51-1-s193:p0,18,60,0,1012,120,12,0.0,1980.0,12.0,0.0,0.0,0.0,True,1980.0,True
rome,rome:60:51-1-s193:p0,19,60,0,1012,120,12,0.0,1980.0,12.0,0.0,0.0,0.0,True,1980.0,True
rome,rome:60:51-1-s193:p0,20,60,10,1012,120,12,120.0,1980.0,12.0,0.06060606060606061,0.005050505050505051,0.005050505050505051,True,1970.0,True
rome,rome:60:51-1-s193:p0,21,60,0,1012,120,12,0.0,1980.0,12.0,0.0,0.0,0.0,True,1980.0,True
rome,rome:60:51-1-s193:p0,22,60,11,1012,120,12,132.0,1980.0,12.0,0.06666666666666667,0.005555555555555556,0.005555555555555556,False,1969.0,True
rome,rome:60:51-1-s193:p0,23,60,14,1012,120,12,168.0,1980.0,12.0,0.08484848484848485,0.007070707070707071,0.007070707070707071,False,1966.0,True
rome,rome:60:53-0-s98:p0,0,59,0,1514,100,10,0.0,1947.0,12.0,0.0,0.0,0.0,True,1947.0,True
rome,rome:60:53-0-s98:p0,1,61,0,1514,100,10,0.0,2013.0,12.0,0.0,0.0,0.0,True,2013.0,True
rome,rome:60:53-0-s98:p0,2,59,0,1514,100,10,0.0,1947.0,12.0,0.0,0.0,0.0,True,1947.0,True
rome,rome:60:53-0-s98:p0,3,61,19,1514,100,10,190.0,2013.0,12.0,0.09438648782911079,0.007865540652425899,0.009438648782911079,False,1994.0,True
rome,rome:60:53-0-s98:p0,4,60,12,1514,100,10,120.0,1980.0,12.0,0.06060606060606061,0.005050505050505051,0.006060606060606061,False,1968.0,True
rome,rome:60:53-0-s98:p0,5,60,5,1514,100,10,50.0,1980.0,12.0,0.025252525252525252,0.0021043771043771043,0.0025252525252525255,True,1975.0,True
rome,rome:60:53-0-s98:p0,6,61,1,1514,100,10,10.0,2013.0,12.0,0.004967709885742673,0.0004139758238118894,0.0004967709885742673,True,2012.0,True
rome,rome:60:53-0-s98:p0,7,58,8,1514,100,10,80.0,1914.0,12.0,0.04179728317659352,0.0034831069313827935,0.0041797283176593526,True,1906.0,True
rome,rome:60:53-0-s98:p0,8,61,16,1514,100,10,160.0,2013.0,12.0,0.07948335817188276,0.00662361318099023,0.007948335817188276,False,1997.0,True
rome,rome:60:53-0-s98:p0,9,59,16,1513,100,10,160.0,1947.0,12.0,0.08217770929635336,0.00684814244136278,0.008217770929635337,False,1931.0,True
rome,rome:60:53-0-s98:p0,10,61,3,1513,100,10,30.0,2013.0,12.0,0.014903129657228018,0.0012419274714356682,0.0014903129657228018,True,2010.0,True
rome,rome:60:53-0-s98:p0,11,59,1,1513,100,10,10.0,1947.0,12.0,0.005136106831022085,0.00042800890258517377,0.0005136106831022085,True,1946.0,True
rome,rome:60:53-0-s98:p0,12,61,0,1513,100,10,0.0,2013.0,12.0,0.0,0.0,0.0,True,2013.0,True
rome,rome:60:53-0-s98:p0,13,59,28,1513,100,10,280.0,1947.0,12.0,0.14381099126861838,0.011984249272384865,0.014381099126861838,False,1919.0,True
rome,rome:60:53-0-s98:p0,14,60,10,1513,100,10,100.0,1980.0,12.0,0.050505050505050504,0.004208754208754209,0.005050505050505051,True,1970.0,True
rome,rome:60:53-0-s98:p0,15,60,15,1513,100,10,150.0,1980.0,12.0,0.07575757575757576,0.006313131313131313,0.007575757575757576,False,1965.0,True
rome,rome:60:53-0-s98:p0,16,60,8,1513,100,10,80.0,1980.0,12.0,0.04040404040404041,0.0033670033670033673,0.00404040404040404,True,1972.0,True
rome,rome:60:53-0-s98:p0,17,61,8,1513,100,10,80.0,2013.0,12.0,0.03974167908594138,0.003311806590495115,0.003974167908594138,True,2005.0,True
rome,rome:60:53-0-s98:p0,18,59,0,1513,100,10,0.0,1947.0,12.0,0.0,0.0,0.0,True,1947.0,True
rome,rome:60:53-0-s98:p0,19,61,2,1513,100,10,20.0,2013.0,12.0,0.009935419771485345,0.0008279516476237788,0.0009935419771485345,True,2011.0,True
rome,rome:60:53-0-s98:p0,20,59,3,1513,100,10,30.0,1947.0,12.0,0.015408320493066256,0.0012840267077555213,0.0015408320493066256,True,1944.0,True
rome,rome:60:53-0-s98:p0,21,61,5,1513,100,10,50.0,2013.0,12.0,0.024838549428713365,0.002069879119059447,0.0024838549428713363,True,2008.0,True
rome,rome:60:53-0-s98:p0,22,59,0,1513,100,10,0.0,1947.0,12.0,0.0,0.0,0.0,True,1947.0,True
rome,rome:60:53-0-s98:p0,23,61,4,1513,100,10,40.0,2013.0,12.0,0.01987083954297069,0.0016559032952475575,0.001987083954297069,True,2009.0,True
rome,rome:60:58-0-s2:p0,0,52,477,1112,120,12,5724.0,1716.0,12.0,3.335664335664336,0.27797202797202797,0.27797202797202797,False,1239.0,True
rome,rome:60:58-0-s2:p0,1,57,109,1108,120,12,1308.0,1881.0,12.0,0.6953748006379585,0.057947900053163214,0.057947900053163214,False,1772.0,True
rome,rome:60:58-0-s2:p0,2,63,6,1207,120,12,72.0,2079.0,12.0,0.03463203463203463,0.002886002886002886,0.002886002886002886,True,2073.0,True
rome,rome:60:58-0-s2:p0,3,60,3,1207,120,12,36.0,1980.0,12.0,0.01818181818181818,0.0015151515151515152,0.0015151515151515152,True,1977.0,True
rome,rome:60:58-0-s2:p0,4,60,10,1207,120,12,120.0,1980.0,12.0,0.06060606060606061,0.005050505050505051,0.005050505050505051,True,1970.0,True
rome,rome:60:58-0-s2:p0,5,60,4,1207,120,12,48.0,1980.0,12.0,0.024242424242424242,0.00202020202020202,0.00202020202020202,True,1976.0,True
rome,rome:60:58-0-s2:p0,6,61,0,1207,120,12,0.0,2013.0,12.0,0.0,0.0,0.0,True,2013.0,True
rome,rome:60:58-0-s2:p0,7,59,3,1207,120,12,36.0,1947.0,12.0,0.01848998459167951,0.0015408320493066256,0.0015408320493066256,True,1944.0,True
rome,rome:60:58-0-s2:p0,8,60,2,1207,120,12,24.0,1980.0,12.0,0.012121212121212121,0.00101010101010101,0.00101010101010101,True,1978.0,True
rome,rome:60:58-0-s2:p0,9,60,0,1207,120,12,0.0,1980.0,12.0,0.0,0.0,0.0,True,1980.0,True
rome,rome:60:58-0-s2:p0,10,60,0,1207,120,12,0.0,1980.0,12.0,0.0,0.0,0.0,True,1980.0,True
rome,rome:60:58-0-s2:p0,11,60,0,1207,120,12,0.0,1980.0,12.0,0.0,0.0,0.0,True,1980.0,True
rome,rome:60:58-0-s2:p0,12,60,0,1207,120,12,0.0,1980.0,12.0,0.0,0.0,0.0,True,1980.0,True
rome,rome:60:58-0-s2:p0,13,60,1,1207,120,12,12.0,1980.0,12.0,0.006060606060606061,0.000505050505050505,0.000505050505050505,True,1979.0,True
rome,rome:60:58-0-s2:p0,14,60,0,1207,120,12,0.0,1980.0,12.0,0.0,0.0,0.0,True,1980.0,True
rome,rome:60:58-0-s2:p0,15,60,1,1207,120,12,12.0,1980.0,12.0,0.006060606060606061,0.000505050505050505,0.000505050505050505,True,1979.0,True
rome,rome:60:58-0-s2:p0,16,60,4,1207,120,12,48.0,1980.0,12.0,0.024242424242424242,0.00202020202020202,0.00202020202020202,True,1976.0,True
rome,rome:60:58-0-s2:p0,17,60,27,1207,120,12,324.0,1980.0,12.0,0.16363636363636364,0.013636363636363636,0.013636363636363636,False,1953.0,True
rome,rome:60:58-0-s2:p0,18,60,7,1207,120,12,84.0,1980.0,12.0,0.04242424242424243,0.0035353535353535356,0.0035353535353535356,True,1973.0,True
rome,rome:60:58-0-s2:p0,19,61,20,1207,120,12,240.0,2013.0,12.0,0.11922503725782414,0.009935419771485345,0.009935419771485345,False,1993.0,True
rome,rome:60:58-0-s2:p0,20,59,0,1207,120,12,0.0,1947.0,12.0,0.0,0.0,0.0,True,1947.0,True
rome,rome:60:58-0-s2:p0,21,60,0,1207,120,12,0.0,1980.0,12.0,0.0,0.0,0.0,True,1980.0,True
rome,rome:60:58-0-s2:p0,22,61,2,1207,120,12,24.0,2013.0,12.0,0.011922503725782414,0.0009935419771485345,0.0009935419771485345,True,2011.0,True
rome,rome:60:58-0-s2:p0,23,59,0,1207,120,12,0.0,1947.0,12.0,0.0,0.0,0.0,True,1947.0,True
rome,rome:60:58-0-s8:p0,0,60,198,9,100,10,1980.0,1980.0,12.0,1.0,0.08333333333333333,0.1,False,1782.0,True
rome,rome:60:58-0-s8:p0,1,60,0,208,120,12,0.0,1980.0,12.0,0.0,0.0,0.0,True,1980.0,True
rome,rome:60:58-0-s8:p0,2,61,0,208,120,12,0.0,2013.0,12.0,0.0,0.0,0.0,True,2013.0,True
rome,rome:60:58-0-s8:p0,3,60,0,208,120,12,0.0,1980.0,12.0,0.0,0.0,0.0,True,1980.0,True
rome,rome:60:58-0-s8:p0,4,60,0,208,120,12,0.0,1980.0,12.0,0.0,0.0,0.0,True,1980.0,True
rome,rome:60:58-0-s8:p0,5,60,14,208,120,12,168.0,1980.0,12.0,0.08484848484848485,0.007070707070707071,0.007070707070707071,False,1966.0,True
rome,rome:60:58-0-s8:p0,6,60,18,208,120,12,216.0,1980.0,12.0,0.10909090909090909,0.00909090909090909,0.00909090909090909,False,1962.0,True
rome,rome:60:58-0-s8:p0,7,59,18,208,120,12,216.0,1947.0,12.0,0.11093990755007704,0.009244992295839754,0.009244992295839754,False,1929.0,True
rome,rome:60:58-0-s8:p0,8,60,29,208,120,12,348.0,1980.0,12.0,0.17575757575757575,0.014646464646464645,0.014646464646464647,False,1951.0,True
rome,rome:60:58-0-s8:p0,9,60,13,208,120,12,156.0,1980.0,12.0,0.07878787878787878,0.0065656565656565654,0.0065656565656565654,False,1967.0,True
rome,rome:60:58-0-s8:p0,10,61,15,208,120,12,180.0,2013.0,12.0,0.08941877794336811,0.007451564828614009,0.007451564828614009,False,1998.0,True
rome,rome:60:58-0-s8:p0,11,59,36,208,120,12,432.0,1947.0,12.0,0.2218798151001541,0.01848998459167951,0.01848998459167951,False,1911.0,True
rome,rome:60:58-0-s8:p0,12,60,10,207,120,12,120.0,1980.0,12.0,0.06060606060606061,0.005050505050505051,0.005050505050505051,True,1970.0,True
rome,rome:60:58-0-s8:p0,13,61,9,207,120,12,108.0,2013.0,12.0,0.05365126676602087,0.004470938897168405,0.004470938897168405,True,2004.0,True
rome,rome:60:58-0-s8:p0,14,59,0,207,120,12,0.0,1947.0,12.0,0.0,0.0,0.0,True,1947.0,True
rome,rome:60:58-0-s8:p0,15,60,2,207,120,12,24.0,1980.0,12.0,0.012121212121212121,0.00101010101010101,0.00101010101010101,True,1978.0,True
rome,rome:60:58-0-s8:p0,16,60,7,207,120,12,84.0,1980.0,12.0,0.04242424242424243,0.0035353535353535356,0.0035353535353535356,True,1973.0,True
rome,rome:60:58-0-s8:p0,17,60,6,207,120,12,72.0,1980.0,12.0,0.03636363636363636,0.0030303030303030303,0.0030303030303030303,True,1974.0,True
rome,rome:60:58-0-s8:p0,18,60,4,207,120,12,48.0,1980.0,12.0,0.024242424242424242,0.00202020202020202,0.00202020202020202,True,1976.0,True
rome,rome:60:58-0-s8:p0,19,61,5,207,120,12,60.0,2013.0,12.0,0.029806259314456036,0.0024838549428713363,0.0024838549428713363,True,2008.0,True
rome,rome:60:58-0-s8:p0,20,59,35,207,120,12,420.0,1947.0,12.0,0.21571648690292758,0.017976373908577297,0.017976373908577297,False,1912.0,True
rome,rome:60:58-0-s8:p0,21,60,0,207,120,12,0.0,1980.0,12.0,0.0,0.0,0.0,True,1980.0,True
rome,rome:60:58-0-s8:p0,22,60,9,207,120,12,108.0,1980.0,12.0,0.05454545454545454,0.004545454545454545,0.004545454545454545,True,1971.0,True
rome,rome:60:58-0-s8:p0,23,60,4,207,120,12,48.0,1980.0,12.0,0.024242424242424242,0.00202020202020202,0.00202020202020202,True,1976.0,True
rome,rome:60:58-1-s27:p0,0,60,15,1515,100,10,150.0,1980.0,12.0,0.07575757575757576,0.006313131313131313,0.007575757575757576,False,1965.0,True
rome,rome:60:58-1-s27:p0,1,60,33,1515,100,10,330.0,1980.0,12.0,0.16666666666666666,0.013888888888888888,0.016666666666666666,False,1947.0,True
rome,rome:60:58-1-s27:p0,2,60,8,1515,100,10,80.0,1980.0,12.0,0.04040404040404041,0.0033670033670033673,0.00404040404040404,True,1972.0,True
rome,rome:60:58-1-s27:p0,3,60,11,1515,100,10,110.0,1980.0,12.0,0.05555555555555555,0.004629629629629629,0.005555555555555556,False,1969.0,True
rome,rome:60:58-1-s27:p0,4,60,15,1515,100,10,150.0,1980.0,12.0,0.07575757575757576,0.006313131313131313,0.007575757575757576,False,1965.0,True
rome,rome:60:58-1-s27:p0,5,60,13,1515,100,10,130.0,1980.0,12.0,0.06565656565656566,0.005471380471380472,0.0065656565656565654,False,1967.0,True
rome,rome:60:58-1-s27:p0,6,61,8,1515,100,10,80.0,2013.0,12.0,0.03974167908594138,0.003311806590495115,0.003974167908594138,True,2005.0,True
rome,rome:60:58-1-s27:p0,7,59,3,1515,100,10,30.0,1947.0,12.0,0.015408320493066256,0.0012840267077555213,0.0015408320493066256,True,1944.0,True
rome,rome:60:58-1-s27:p0,8,60,1,1515,100,10,10.0,1980.0,12.0,0.005050505050505051,0.0004208754208754209,0.000505050505050505,True,1979.0,True
rome,rome:60:58-1-s27:p0,9,60,10,1515,100,10,100.0,1980.0,12.0,0.050505050505050504,0.004208754208754209,0.005050505050505051,True,1970.0,True
rome,rome:60:58-1-s27:p0,10,60,38,1515,100,10,380.0,1980.0,12.0,0.1919191919191919,0.015993265993265993,0.01919191919191919,False,1942.0,True
rome,rome:60:58-1-s27:p0,11,60,19,1514,100,10,190.0,1980.0,12.0,0.09595959595959595,0.007996632996632997,0.009595959595959595,False,1961.0,True
rome,rome:60:58-1-s27:p0,12,60,26,1514,100,10,260.0,1980.0,12.0,0.13131313131313133,0.010942760942760943,0.013131313131313131,False,1954.0,True
rome,rome:60:58-1-s27:p0,13,60,5,1515,100,10,50.0,1980.0,12.0,0.025252525252525252,0.0021043771043771043,0.0025252525252525255,True,1975.0,True
rome,rome:60:58-1-s27:p0,14,60,14,1515,100,10,140.0,1980.0,12.0,0.0707070707070707,0.005892255892255892,0.007070707070707071,False,1966.0,True
rome,rome:60:58-1-s27:p0,15,60,21,1514,100,10,210.0,1980.0,12.0,0.10606060606060606,0.008838383838383838,0.010606060606060607,False,1959.0,True
rome,rome:60:58-1-s27:p0,16,60,11,1514,100,10,110.0,1980.0,12.0,0.05555555555555555,0.004629629629629629,0.005555555555555556,False,1969.0,True
rome,rome:60:58-1-s27:p0,17,60,17,1514,100,10,170.0,1980.0,12.0,0.08585858585858586,0.007154882154882154,0.008585858585858586,False,1963.0,True
rome,rome:60:58-1-s27:p0,18,60,12,1514,100,10,120.0,1980.0,12.0,0.06060606060606061,0.005050505050505051,0.006060606060606061,False,1968.0,True
rome,rome:60:58-1-s27:p0,19,60,18,1514,100,10,180.0,1980.0,12.0,0.09090909090909091,0.007575757575757576,0.00909090909090909,False,1962.0,True
rome,rome:60:58-1-s27:p0,20,60,16,1514,100,10,160.0,1980.0,12.0,0.08080808080808081,0.006734006734006735,0.00808080808080808,False,1964.0,True
rome,rome:60:58-1-s27:p0,21,60,7,1514,100,10,70.0,1980.0,12.0,0.03535353535353535,0.002946127946127946,0.0035353535353535356,True,1973.0,True
rome,rome:60:58-1-s27:p0,22,60,7,1514,100,10,70.0,1980.0,12.0,0.03535353535353535,0.002946127946127946,0.0035353535353535356,True,1973.0,True
rome,rome:60:58-1-s27:p0,23,61,6,1514,100,10,60.0,2013.0,12.0,0.029806259314456036,0.0024838549428713363,0.0029806259314456036,True,2007.0,True
rome,rome:60:66-0-s9:p0,0,59,667,613,120,12,8004.0,1947.0,12.0,4.110939907550077,0.34257832562917306,0.34257832562917306,False,1280.0,True
rome,rome:60:66-0-s9:p0,1,60,156,1108,120,12,1872.0,1980.0,12.0,0.9454545454545454,0.07878787878787878,0.07878787878787878,False,1824.0,True
rome,rome:60:66-0-s9:p0,2,60,0,1207,120,12,0.0,1980.0,12.0,0.0,0.0,0.0,True,1980.0,True
rome,rome:60:66-0-s9:p0,3,60,0,1207,120,12,0.0,1980.0,12.0,0.0,0.0,0.0,True,1980.0,True
rome,rome:60:66-0-s9:p0,4,61,0,1207,120,12,0.0,2013.0,12.0,0.0,0.0,0.0,True,2013.0,True
rome,rome:60:66-0-s9:p0,5,61,1,1207,120,12,12.0,2013.0,12.0,0.005961251862891207,0.0004967709885742673,0.0004967709885742673,True,2012.0,True
rome,rome:60:66-0-s9:p0,6,60,0,1207,120,12,0.0,1980.0,12.0,0.0,0.0,0.0,True,1980.0,True
rome,rome:60:66-0-s9:p0,7,60,0,1207,120,12,0.0,1980.0,12.0,0.0,0.0,0.0,True,1980.0,True
rome,rome:60:66-0-s9:p0,8,58,0,1207,120,12,0.0,1914.0,12.0,0.0,0.0,0.0,True,1914.0,True
rome,rome:60:66-0-s9:p0,9,61,0,1207,120,12,0.0,2013.0,12.0,0.0,0.0,0.0,True,2013.0,True
rome,rome:60:66-0-s9:p0,10,59,0,1207,120,12,0.0,1947.0,12.0,0.0,0.0,0.0,True,1947.0,True
rome,rome:60:66-0-s9:p0,11,61,0,1207,120,12,0.0,2013.0,12.0,0.0,0.0,0.0,True,2013.0,True
rome,rome:60:66-0-s9:p0,12,59,0,1207,120,12,0.0,1947.0,12.0,0.0,0.0,0.0,True,1947.0,True
rome,rome:60:66-0-s9:p0,13,62,5,1207,120,12,60.0,2046.0,12.0,0.02932551319648094,0.0024437927663734115,0.0024437927663734115,True,2041.0,True
rome,rome:60:66-0-s9:p0,14,58,6,1207,120,12,72.0,1914.0,12.0,0.03761755485893417,0.0031347962382445144,0.003134796238244514,True,1908.0,True
rome,rome:60:66-0-s9:p0,15,64,0,1207,120,12,0.0,2112.0,12.0,0.0,0.0,0.0,True,2112.0,True
rome,rome:60:66-0-s9:p0,16,56,0,1207,120,12,0.0,1848.0,12.0,0.0,0.0,0.0,True,1848.0,True
rome,rome:60:66-0-s9:p0,17,63,0,1207,120,12,0.0,2079.0,12.0,0.0,0.0,0.0,True,2079.0,True
rome,rome:60:66-0-s9:p0,18,60,0,1207,120,12,0.0,1980.0,12.0,0.0,0.0,0.0,True,1980.0,True
rome,rome:60:66-0-s9:p0,19,60,0,1207,120,12,0.0,1980.0,12.0,0.0,0.0,0.0,True,1980.0,True
rome,rome:60:66-0-s9:p0,20,58,0,1207,120,12,0.0,1914.0,12.0,0.0,0.0,0.0,True,1914.0,True
rome,rome:60:66-0-s9:p0,21,63,0,1207,120,12,0.0,2079.0,12.0,0.0,0.0,0.0,True,2079.0,True
rome,rome:60:66-0-s9:p0,22,57,0,1207,120,12,0.0,1881.0,12.0,0.0,0.0,0.0,True,1881.0,True
rome,rome:60:66-0-s9:p0,23,59,13,1207,120,12,156.0,1947.0,12.0,0.08012326656394453,0.00667693888032871,0.00667693888032871,False,1934.0,True
rome,rome:60:67-1-s1:p0,0,60,22,1112,120,12,264.0,1980.0,12.0,0.13333333333333333,0.011111111111111112,0.011111111111111112,False,1958.0,True
rome,rome:60:67-1-s1:p0,1,61,3,1112,120,12,36.0,2013.0,12.0,0.01788375558867362,0.0014903129657228018,0.0014903129657228018,True,2010.0,True
rome,rome:60:67-1-s1:p0,2,59,0,1112,120,12,0.0,1947.0,12.0,0.0,0.0,0.0,True,1947.0,True
rome,rome:60:67-1-s1:p0,3,48,0,1112,120,12,0.0,1584.0,12.0,0.0,0.0,0.0,True,1584.0,True
rome,rome:60:67-1-s1:p0,4,72,0,1112,120,12,0.0,2376.0,12.0,0.0,0.0,0.0,True,2376.0,True
rome,rome:60:67-1-s1:p0,5,48,0,1112,120,12,0.0,1584.0,12.0,0.0,0.0,0.0,True,1584.0,True
rome,rome:60:67-1-s1:p0,6,59,0,1112,120,12,0.0,1947.0,12.0,0.0,0.0,0.0,True,1947.0,True
rome,rome:60:67-1-s1:p0,7,71,17,1112,120,12,204.0,2343.0,12.0,0.08706786171574904,0.007255655142979087,0.007255655142979087,False,2326.0,True
rome,rome:60:67-1-s1:p0,8,63,8,1112,120,12,96.0,2079.0,12.0,0.046176046176046176,0.003848003848003848,0.003848003848003848,True,2071.0,True
rome,rome:60:67-1-s1:p0,9,45,2,1112,120,12,24.0,1485.0,12.0,0.01616161616161616,0.0013468013468013469,0.0013468013468013469,True,1483.0,True
rome,rome:60:67-1-s1:p0,10,73,1,1112,120,12,12.0,2409.0,12.0,0.0049813200498132005,0.00041511000415110004,0.00041511000415110004,True,2408.0,True
rome,rome:60:67-1-s1:p0,11,47,28,1112,120,12,336.0,1551.0,12.0,0.21663442940038685,0.018052869116698903,0.018052869116698903,False,1523.0,True
rome,rome:60:67-1-s1:p0,12,72,0,1112,120,12,0.0,2376.0,12.0,0.0,0.0,0.0,True,2376.0,True
rome,rome:60:67-1-s1:p0,13,51,0,1112,120,12,0.0,1683.0,12.0,0.0,0.0,0.0,True,1683.0,True
rome,rome:60:67-1-s1:p0,14,62,0,1112,120,12,0.0,2046.0,12.0,0.0,0.0,0.0,True,2046.0,True
rome,rome:60:67-1-s1:p0,15,56,8,1112,120,12,96.0,1848.0,12.0,0.05194805194805195,0.004329004329004329,0.004329004329004329,True,1840.0,True
rome,rome:60:67-1-s1:p0,16,64,0,1112,120,12,0.0,2112.0,12.0,0.0,0.0,0.0,True,2112.0,True
rome,rome:60:67-1-s1:p0,17,58,0,1112,120,12,0.0,1914.0,12.0,0.0,0.0,0.0,True,1914.0,True
rome,rome:60:67-1-s1:p0,18,58,0,1112,120,12,0.0,1914.0,12.0,0.0,0.0,0.0,True,1914.0,True
rome,rome:60:67-1-s1:p0,19,61,0,1112,120,12,0.0,2013.0,12.0,0.0,0.0,0.0,True,2013.0,True
rome,rome:60:67-1-s1:p0,20,59,18,1112,120,12,216.0,1947.0,12.0,0.11093990755007704,0.009244992295839754,0.009244992295839754,False,1929.0,True
rome,rome:60:67-1-s1:p0,21,60,158,1112,120,12,1896.0,1980.0,12.0,0.9575757575757575,0.0797979797979798,0.0797979797979798,False,1822.0,True
rome,rome:60:67-1-s1:p0,22,60,293,1012,120,12,3516.0,1980.0,12.0,1.7757575757575759,0.147979797979798,0.147979797979798,False,1687.0,True
rome,rome:60:67-1-s1:p0,23,60,90,910,120,12,1080.0,1980.0,12.0,0.5454545454545454,0.04545454545454545,0.045454545454545456,False,1890.0,True
rome,rome:60:68-0-s112:p0,0,60,0,1514,100,10,0.0,1980.0,12.0,0.0,0.0,0.0,True,1980.0,True
rome,rome:60:68-0-s112:p0,1,60,0,1514,100,10,0.0,1980.0,12.0,0.0,0.0,0.0,True,1980.0,True
rome,rome:60:68-0-s112:p0,2,60,0,1514,100,10,0.0,1980.0,12.0,0.0,0.0,0.0,True,1980.0,True
rome,rome:60:68-0-s112:p0,3,60,0,1514,100,10,0.0,1980.0,12.0,0.0,0.0,0.0,True,1980.0,True
rome,rome:60:68-0-s112:p0,4,60,0,1514,100,10,0.0,1980.0,12.0,0.0,0.0,0.0,True,1980.0,True
rome,rome:60:68-0-s112:p0,5,60,0,1514,100,10,0.0,1980.0,12.0,0.0,0.0,0.0,True,1980.0,True
rome,rome:60:68-0-s112:p0,6,60,16,1514,100,10,160.0,1980.0,12.0,0.08080808080808081,0.006734006734006735,0.00808080808080808,False,1964.0,True
rome,rome:60:68-0-s112:p0,7,60,0,1514,100,10,0.0,1980.0,12.0,0.0,0.0,0.0,True,1980.0,True
rome,rome:60:68-0-s112:p0,8,61,0,1514,100,10,0.0,2013.0,12.0,0.0,0.0,0.0,True,2013.0,True
rome,rome:60:68-0-s112:p0,9,59,0,1514,100,10,0.0,1947.0,12.0,0.0,0.0,0.0,True,1947.0,True
rome,rome:60:68-0-s112:p0,10,60,0,1514,100,10,0.0,1980.0,12.0,0.0,0.0,0.0,True,1980.0,True
rome,rome:60:68-0-s112:p0,11,60,0,1514,100,10,0.0,1980.0,12.0,0.0,0.0,0.0,True,1980.0,True
rome,rome:60:68-0-s112:p0,12,60,0,1514,100,10,0.0,1980.0,12.0,0.0,0.0,0.0,True,1980.0,True
rome,rome:60:68-0-s112:p0,13,62,8,1514,100,10,80.0,2046.0,12.0,0.039100684261974585,0.0032583903551645487,0.0039100684261974585,True,2038.0,True
rome,rome:60:68-0-s112:p0,14,60,0,1514,100,10,0.0,1980.0,12.0,0.0,0.0,0.0,True,1980.0,True
rome,rome:60:68-0-s112:p0,15,58,0,1514,100,10,0.0,1914.0,12.0,0.0,0.0,0.0,True,1914.0,True
rome,rome:60:68-0-s112:p0,16,60,3,1514,100,10,30.0,1980.0,12.0,0.015151515151515152,0.0012626262626262627,0.0015151515151515152,True,1977.0,True
rome,rome:60:68-0-s112:p0,17,60,27,1514,100,10,270.0,1980.0,12.0,0.13636363636363635,0.011363636363636362,0.013636363636363636,False,1953.0,True
rome,rome:60:68-0-s112:p0,18,60,0,1514,100,10,0.0,1980.0,12.0,0.0,0.0,0.0,True,1980.0,True
rome,rome:60:68-0-s112:p0,19,61,0,1514,100,10,0.0,2013.0,12.0,0.0,0.0,0.0,True,2013.0,True
rome,rome:60:68-0-s112:p0,20,59,0,1514,100,10,0.0,1947.0,12.0,0.0,0.0,0.0,True,1947.0,True
rome,rome:60:68-0-s112:p0,21,60,0,1514,100,10,0.0,1980.0,12.0,0.0,0.0,0.0,True,1980.0,True
rome,rome:60:68-0-s112:p0,22,60,0,1514,100,10,0.0,1980.0,12.0,0.0,0.0,0.0,True,1980.0,True
rome,rome:60:68-0-s112:p0,23,60,0,1514,100,10,0.0,1980.0,12.0,0.0,0.0,0.0,True,1980.0,True
rome,rome:60:68-0-s234:p0,0,60,249,1201,100,10,2490.0,1980.0,12.0,1.2575757575757576,0.10479797979797979,0.12575757575757576,False,1731.0,True
rome,rome:60:68-0-s234:p0,1,61,27,1203,100,10,270.0,2013.0,12.0,0.13412816691505217,0.011177347242921014,0.013412816691505217,False,1986.0,True
rome,rome:60:68-0-s234:p0,2,60,0,1203,100,10,0.0,1980.0,12.0,0.0,0.0,0.0,True,1980.0,True
rome,rome:60:68-0-s234:p0,3,59,0,1203,100,10,0.0,1947.0,12.0,0.0,0.0,0.0,True,1947.0,True
rome,rome:60:68-0-s234:p0,4,60,0,1203,100,10,0.0,1980.0,12.0,0.0,0.0,0.0,True,1980.0,True
rome,rome:60:68-0-s234:p0,5,60,10,1203,100,10,100.0,1980.0,12.0,0.050505050505050504,0.004208754208754209,0.005050505050505051,True,1970.0,True
rome,rome:60:68-0-s234:p0,6,61,4,1203,100,10,40.0,2013.0,12.0,0.01987083954297069,0.0016559032952475575,0.001987083954297069,True,2009.0,True
rome,rome:60:68-0-s234:p0,7,59,8,1203,100,10,80.0,1947.0,12.0,0.04108885464817668,0.00342407122068139,0.004108885464817668,True,1939.0,True
rome,rome:60:68-0-s234:p0,8,60,2,1203,100,10,20.0,1980.0,12.0,0.010101010101010102,0.0008417508417508418,0.00101010101010101,True,1978.0,True
rome,rome:60:68-0-s234:p0,9,60,15,1203,100,10,150.0,1980.0,12.0,0.07575757575757576,0.006313131313131313,0.007575757575757576,False,1965.0,True
rome,rome:60:68-0-s234:p0,10,60,13,1203,100,10,130.0,1980.0,12.0,0.06565656565656566,0.005471380471380472,0.0065656565656565654,False,1967.0,True
rome,rome:60:68-0-s234:p0,11,60,6,1203,100,10,60.0,1980.0,12.0,0.030303030303030304,0.0025252525252525255,0.0030303030303030303,True,1974.0,True
rome,rome:60:68-0-s234:p0,12,60,0,1204,100,10,0.0,1980.0,12.0,0.0,0.0,0.0,True,1980.0,True
rome,rome:60:68-0-s234:p0,13,61,0,1204,100,10,0.0,2013.0,12.0,0.0,0.0,0.0,True,2013.0,True
rome,rome:60:68-0-s234:p0,14,59,4,1204,100,10,40.0,1947.0,12.0,0.02054442732408834,0.001712035610340695,0.002054442732408834,True,1943.0,True
rome,rome:60:68-0-s234:p0,15,61,1,1204,100,10,10.0,2013.0,12.0,0.004967709885742673,0.0004139758238118894,0.0004967709885742673,True,2012.0,True
rome,rome:60:68-0-s234:p0,16,59,4,1204,100,10,40.0,1947.0,12.0,0.02054442732408834,0.001712035610340695,0.002054442732408834,True,1943.0,True
rome,rome:60:68-0-s234:p0,17,61,12,1204,100,10,120.0,2013.0,12.0,0.05961251862891207,0.004967709885742673,0.005961251862891207,False,2001.0,True
rome,rome:60:68-0-s234:p0,18,60,0,1204,100,10,0.0,1980.0,12.0,0.0,0.0,0.0,True,1980.0,True
rome,rome:60:68-0-s234:p0,19,59,4,1204,100,10,40.0,1947.0,12.0,0.02054442732408834,0.001712035610340695,0.002054442732408834,True,1943.0,True
rome,rome:60:68-0-s234:p0,20,60,5,1204,100,10,50.0,1980.0,12.0,0.025252525252525252,0.0021043771043771043,0.0025252525252525255,True,1975.0,True
rome,rome:60:68-0-s234:p0,21,61,0,1204,100,10,0.0,2013.0,12.0,0.0,0.0,0.0,True,2013.0,True
rome,rome:60:68-0-s234:p0,22,60,0,1204,100,10,0.0,1980.0,12.0,0.0,0.0,0.0,True,1980.0,True
rome,rome:60:68-0-s234:p0,23,60,0,1204,100,10,0.0,1980.0,12.0,0.0,0.0,0.0,True,1980.0,True
rome,rome:60:70-0-s118:p0,0,56,229,1413,100,10,2290.0,1848.0,12.0,1.2391774891774892,0.10326479076479077,0.12391774891774891,False,1619.0,True
rome,rome:60:70-0-s118:p0,1,60,126,1514,100,10,1260.0,1980.0,12.0,0.6363636363636364,0.05303030303030303,0.06363636363636363,False,1854.0,True
rome,rome:60:70-0-s118:p0,2,63,14,1514,100,10,140.0,2079.0,12.0,0.06734006734006734,0.005611672278338945,0.006734006734006734,False,2065.0,True
rome,rome:60:70-0-s118:p0,3,57,25,1514,100,10,250.0,1881.0,12.0,0.13290802764486975,0.011075668970405813,0.013290802764486975,False,1856.0,True
rome,rome:60:70-0-s118:p0,4,65,30,1515,100,10,300.0,2145.0,12.0,0.13986013986013987,0.011655011655011656,0.013986013986013986,False,2115.0,True
rome,rome:60:70-0-s118:p0,5,61,22,1514,100,10,220.0,2013.0,12.0,0.1092896174863388,0.009107468123861566,0.01092896174863388,False,1991.0,True
rome,rome:60:70-0-s118:p0,6,61,0,1514,100,10,0.0,2013.0,12.0,0.0,0.0,0.0,True,2013.0,True
rome,rome:60:70-0-s118:p0,7,59,23,1514,100,10,230.0,1947.0,12.0,0.11813045711350796,0.009844204759458996,0.011813045711350795,False,1924.0,True
rome,rome:60:70-0-s118:p0,8,59,48,1514,100,10,480.0,1947.0,12.0,0.2465331278890601,0.02054442732408834,0.02465331278890601,False,1899.0,True
rome,rome:60:70-0-s118:p0,9,61,1,1514,100,10,10.0,2013.0,12.0,0.004967709885742673,0.0004139758238118894,0.0004967709885742673,True,2012.0,True
rome,rome:60:70-0-s118:p0,10,59,0,1514,100,10,0.0,1947.0,12.0,0.0,0.0,0.0,True,1947.0,True
rome,rome:60:70-0-s118:p0,11,61,0,1514,100,10,0.0,2013.0,12.0,0.0,0.0,0.0,True,2013.0,True
rome,rome:60:70-0-s118:p0,12,59,0,1514,100,10,0.0,1947.0,12.0,0.0,0.0,0.0,True,1947.0,True
rome,rome:60:70-0-s118:p0,13,60,0,1514,100,10,0.0,1980.0,12.0,0.0,0.0,0.0,True,1980.0,True
rome,rome:60:70-0-s118:p0,14,60,1,1514,100,10,10.0,1980.0,12.0,0.005050505050505051,0.0004208754208754209,0.000505050505050505,True,1979.0,True
rome,rome:60:70-0-s118:p0,15,60,0,1514,100,10,0.0,1980.0,12.0,0.0,0.0,0.0,True,1980.0,True
rome,rome:60:70-0-s118:p0,16,60,0,1514,100,10,0.0,1980.0,12.0,0.0,0.0,0.0,True,1980.0,True
rome,rome:60:70-0-s118:p0,17,60,0,1514,100,10,0.0,1980.0,12.0,0.0,0.0,0.0,True,1980.0,True
rome,rome:60:70-0-s118:p0,18,60,12,1514,100,10,120.0,1980.0,12.0,0.06060606060606061,0.005050505050505051,0.006060606060606061,False,1968.0,True
rome,rome:60:70-0-s118:p0,19,60,0,1514,100,10,0.0,1980.0,12.0,0.0,0.0,0.0,True,1980.0,True
rome,rome:60:70-0-s118:p0,20,60,0,1514,100,10,0.0,1980.0,12.0,0.0,0.0,0.0,True,1980.0,True
rome,rome:60:70-0-s118:p0,21,60,8,1514,100,10,80.0,1980.0,12.0,0.04040404040404041,0.0033670033670033673,0.00404040404040404,True,1972.0,True
rome,rome:60:70-0-s118:p0,22,60,0,1514,100,10,0.0,1980.0,12.0,0.0,0.0,0.0,True,1980.0,True
rome,rome:60:70-0-s118:p0,23,60,18,1514,100,10,180.0,1980.0,12.0,0.09090909090909091,0.007575757575757576,0.00909090909090909,False,1962.0,True
rome,rome:60:70-0-s141:p0,0,60,585,514,120,12,7020.0,1980.0,12.0,3.5454545454545454,0.29545454545454547,0.29545454545454547,False,1395.0,True
rome,rome:60:70-0-s141:p0,1,60,214,910,120,12,2568.0,1980.0,12.0,1.2969696969696969,0.10808080808080807,0.10808080808080808,False,1766.0,True
rome,rome:60:70-0-s141:p0,2,60,442,1011,120,12,5304.0,1980.0,12.0,2.6787878787878787,0.22323232323232323,0.22323232323232323,False,1538.0,True
rome,rome:60:70-0-s141:p0,3,60,146,1313,100,10,1460.0,1980.0,12.0,0.7373737373737373,0.061447811447811446,0.07373737373737374,False,1834.0,True
rome,rome:60:70-0-s141:p0,4,61,115,1513,100,10,1150.0,2013.0,12.0,0.5712866368604074,0.04760721973836728,0.057128663686040734,False,1898.0,True
rome,rome:60:70-0-s141:p0,5,59,0,1514,100,10,0.0,1947.0,12.0,0.0,0.0,0.0,True,1947.0,True
rome,rome:60:70-0-s141:p0,6,60,0,1514,100,10,0.0,1980.0,12.0,0.0,0.0,0.0,True,1980.0,True
rome,rome:60:70-0-s141:p0,7,60,0,1514,100,10,0.0,1980.0,12.0,0.0,0.0,0.0,True,1980.0,True
rome,rome:60:70-0-s141:p0,8,60,0,1514,100,10,0.0,1980.0,12.0,0.0,0.0,0.0,True,1980.0,True
rome,rome:60:70-0-s141:p0,9,60,18,1514,100,10,180.0,1980.0,12.0,0.09090909090909091,0.007575757575757576,0.00909090909090909,False,1962.0,True
rome,rome:60:70-0-s141:p0,10,60,0,1514,100,10,0.0,1980.0,12.0,0.0,0.0,0.0,True,1980.0,True
rome,rome:60:70-0-s141:p0,11,60,18,1514,100,10,180.0,1980.0,12.0,0.09090909090909091,0.007575757575757576,0.00909090909090909,False,1962.0,True
rome,rome:60:70-0-s141:p0,12,60,10,1514,100,10,100.0,1980.0,12.0,0.050505050505050504,0.004208754208754209,0.005050505050505051,True,1970.0,True
rome,rome:60:70-0-s141:p0,13,61,0,1514,100,10,0.0,2013.0,12.0,0.0,0.0,0.0,True,2013.0,True
rome,rome:60:70-0-s141:p0,14,59,47,1514,100,10,470.0,1947.0,12.0,0.241397021058038,0.020116418421503166,0.024139702105803802,False,1900.0,True
rome,rome:60:70-0-s141:p0,15,61,10,1514,100,10,100.0,2013.0,12.0,0.04967709885742673,0.004139758238118894,0.004967709885742673,True,2003.0,True
rome,rome:60:70-0-s141:p0,16,59,22,1514,100,10,220.0,1947.0,12.0,0.11299435028248588,0.009416195856873822,0.011299435028248588,False,1925.0,True
rome,rome:60:70-0-s141:p0,17,61,18,1514,100,10,180.0,2013.0,12.0,0.08941877794336811,0.007451564828614009,0.00894187779433681,False,1995.0,True
rome,rome:60:70-0-s141:p0,18,59,40,1514,100,10,400.0,1947.0,12.0,0.2054442732408834,0.01712035610340695,0.02054442732408834,False,1907.0,True
rome,rome:60:70-0-s141:p0,19,61,28,1514,100,10,280.0,2013.0,12.0,0.13909587680079483,0.011591323066732903,0.013909587680079483,False,1985.0,True
rome,rome:60:70-0-s141:p0,20,59,8,1514,100,10,80.0,1947.0,12.0,0.04108885464817668,0.00342407122068139,0.004108885464817668,True,1939.0,True
rome,rome:60:70-0-s141:p0,21,60,0,1514,100,10,0.0,1980.0,12.0,0.0,0.0,0.0,True,1980.0,True
rome,rome:60:70-0-s141:p0,22,60,32,1514,100,10,320.0,1980.0,12.0,0.16161616161616163,0.01346801346801347,0.01616161616161616,False,1948.0,True
rome,rome:60:70-0-s141:p0,23,60,9,1513,100,10,90.0,1980.0,12.0,0.045454545454545456,0.003787878787878788,0.004545454545454545,True,1971.0,True
rome,rome:60:70-0-s152:p0,0,60,45,1515,100,10,450.0,1980.0,12.0,0.22727272727272727,0.01893939393939394,0.022727272727272728,False,1935.0,True
rome,rome:60:70-0-s152:p0,1,60,0,1514,100,10,0.0,1980.0,12.0,0.0,0.0,0.0,True,1980.0,True
rome,rome:60:70-0-s152:p0,2,60,0,1514,100,10,0.0,1980.0,12.0,0.0,0.0,0.0,True,1980.0,True
rome,rome:60:70-0-s152:p0,3,60,0,1514,100,10,0.0,1980.0,12.0,0.0,0.0,0.0,True,1980.0,True
rome,rome:60:70-0-s152:p0,4,60,0,1514,100,10,0.0,1980.0,12.0,0.0,0.0,0.0,True,1980.0,True
rome,rome:60:70-0-s152:p0,5,60,10,1514,100,10,100.0,1980.0,12.0,0.050505050505050504,0.004208754208754209,0.005050505050505051,True,1970.0,True
rome,rome:60:70-0-s152:p0,6,60,11,1514,100,10,110.0,1980.0,12.0,0.05555555555555555,0.004629629629629629,0.005555555555555556,False,1969.0,True
rome,rome:60:70-0-s152:p0,7,60,18,1514,100,10,180.0,1980.0,12.0,0.09090909090909091,0.007575757575757576,0.00909090909090909,False,1962.0,True
rome,rome:60:70-0-s152:p0,8,61,1,1514,100,10,10.0,2013.0,12.0,0.004967709885742673,0.0004139758238118894,0.0004967709885742673,True,2012.0,True
rome,rome:60:70-0-s152:p0,9,59,36,1514,100,10,360.0,1947.0,12.0,0.18489984591679506,0.015408320493066256,0.01848998459167951,False,1911.0,True
rome,rome:60:70-0-s152:p0,10,61,0,1514,100,10,0.0,2013.0,12.0,0.0,0.0,0.0,True,2013.0,True
rome,rome:60:70-0-s152:p0,11,59,22,1514,100,10,220.0,1947.0,12.0,0.11299435028248588,0.009416195856873822,0.011299435028248588,False,1925.0,True
rome,rome:60:70-0-s152:p0,12,61,22,1514,100,10,220.0,2013.0,12.0,0.1092896174863388,0.009107468123861566,0.01092896174863388,False,1991.0,True
rome,rome:60:70-0-s152:p0,13,61,14,1514,100,10,140.0,2013.0,12.0,0.06954793840039741,0.005795661533366451,0.006954793840039742,False,1999.0,True
rome,rome:60:70-0-s152:p0,14,59,18,1514,100,10,180.0,1947.0,12.0,0.09244992295839753,0.007704160246533128,0.009244992295839754,False,1929.0,True
rome,rome:60:70-0-s152:p0,15,59,0,1514,100,10,0.0,1947.0,12.0,0.0,0.0,0.0,True,1947.0,True
rome,rome:60:70-0-s152:p0,16,61,0,1514,100,10,0.0,2013.0,12.0,0.0,0.0,0.0,True,2013.0,True
rome,rome:60:70-0-s152:p0,17,59,12,1514,100,10,120.0,1947.0,12.0,0.061633281972265024,0.005136106831022085,0.0061633281972265025,False,1935.0,True
rome,rome:60:70-0-s152:p0,18,60,9,1514,100,10,90.0,1980.0,12.0,0.045454545454545456,0.003787878787878788,0.004545454545454545,True,1971.0,True
rome,rome:60:70-0-s152:p0,19,60,19,1514,100,10,190.0,1980.0,12.0,0.09595959595959595,0.007996632996632997,0.009595959595959595,False,1961.0,True
rome,rome:60:70-0-s152:p0,20,63,0,1514,100,10,0.0,2079.0,12.0,0.0,0.0,0.0,True,2079.0,True
rome,rome:60:70-0-s152:p0,21,58,0,1514,100,10,0.0,1914.0,12.0,0.0,0.0,0.0,True,1914.0,True
rome,rome:60:70-0-s152:p0,22,59,0,1514,100,10,0.0,1947.0,12.0,0.0,0.0,0.0,True,1947.0,True
rome,rome:60:70-0-s152:p0,23,60,0,1514,100,10,0.0,1980.0,12.0,0.0,0.0,0.0,True,1980.0,True
rome,rome:60:70-0-s162:p0,0,59,18,1514,100,10,180.0,1947.0,12.0,0.09244992295839753,0.007704160246533128,0.009244992295839754,False,1929.0,True
rome,rome:60:70-0-s162:p0,1,61,0,1514,100,10,0.0,2013.0,12.0,0.0,0.0,0.0,True,2013.0,True
rome,rome:60:70-0-s162:p0,2,59,46,1514,100,10,460.0,1947.0,12.0,0.23626091422701592,0.019688409518917992,0.02362609142270159,False,1901.0,True
rome,rome:60:70-0-s162:p0,3,61,0,1514,100,10,0.0,2013.0,12.0,0.0,0.0,0.0,True,2013.0,True
rome,rome:60:70-0-s162:p0,4,59,0,1514,100,10,0.0,1947.0,12.0,0.0,0.0,0.0,True,1947.0,True
rome,rome:60:70-0-s162:p0,5,61,0,1514,100,10,0.0,2013.0,12.0,0.0,0.0,0.0,True,2013.0,True
rome,rome:60:70-0-s162:p0,6,60,12,1514,100,10,120.0,1980.0,12.0,0.06060606060606061,0.005050505050505051,0.006060606060606061,False,1968.0,True
rome,rome:60:70-0-s162:p0,7,60,19,1514,100,10,190.0,1980.0,12.0,0.09595959595959595,0.007996632996632997,0.009595959595959595,False,1961.0,True
rome,rome:60:70-0-s162:p0,8,59,25,1514,100,10,250.0,1947.0,12.0,0.12840267077555212,0.010700222564629344,0.012840267077555213,False,1922.0,True
rome,rome:60:70-0-s162:p0,9,62,9,1514,100,10,90.0,2046.0,12.0,0.04398826979472141,0.0036656891495601175,0.004398826979472141,True,2037.0,True
rome,rome:60:70-0-s162:p0,10,58,15,1514,100,10,150.0,1914.0,12.0,0.07836990595611286,0.006530825496342738,0.007836990595611285,False,1899.0,True
rome,rome:60:70-0-s162:p0,11,61,7,1514,100,10,70.0,2013.0,12.0,0.03477396920019871,0.0028978307666832257,0.003477396920019871,True,2006.0,True
rome,rome:60:70-0-s162:p0,12,59,17,1514,100,10,170.0,1947.0,12.0,0.08731381612737545,0.007276151343947954,0.008731381612737545,False,1930.0,True
rome,rome:60:70-0-s162:p0,13,61,0,1514,100,10,0.0,2013.0,12.0,0.0,0.0,0.0,True,2013.0,True
rome,rome:60:70-0-s162:p0,14,59,0,1514,100,10,0.0,1947.0,12.0,0.0,0.0,0.0,True,1947.0,True
rome,rome:60:70-0-s162:p0,15,61,0,1514,100,10,0.0,2013.0,12.0,0.0,0.0,0.0,True,2013.0,True
rome,rome:60:70-0-s162:p0,16,59,0,1514,100,10,0.0,1947.0,12.0,0.0,0.0,0.0,True,1947.0,True
rome,rome:60:70-0-s162:p0,17,61,0,1514,100,10,0.0,2013.0,12.0,0.0,0.0,0.0,True,2013.0,True
rome,rome:60:70-0-s162:p0,18,60,4,1514,100,10,40.0,1980.0,12.0,0.020202020202020204,0.0016835016835016836,0.00202020202020202,True,1976.0,True
rome,rome:60:70-0-s162:p0,19,60,9,1514,100,10,90.0,1980.0,12.0,0.045454545454545456,0.003787878787878788,0.004545454545454545,True,1971.0,True
rome,rome:60:70-0-s162:p0,20,60,10,1514,100,10,100.0,1980.0,12.0,0.050505050505050504,0.004208754208754209,0.005050505050505051,True,1970.0,True
rome,rome:60:70-0-s162:p0,21,60,2,1514,100,10,20.0,1980.0,12.0,0.010101010101010102,0.0008417508417508418,0.00101010101010101,True,1978.0,True
rome,rome:60:70-0-s162:p0,22,60,0,1513,100,10,0.0,1980.0,12.0,0.0,0.0,0.0,True,1980.0,True
rome,rome:60:70-0-s162:p0,23,60,1,1513,100,10,10.0,1980.0,12.0,0.005050505050505051,0.0004208754208754209,0.000505050505050505,True,1979.0,True
rome,rome:60:70-0-s172:p0,0,59,178,1515,100,10,1780.0,1947.0,12.0,0.9142270159219312,0.07618558466016094,0.09142270159219312,False,1769.0,True
rome,rome:60:70-0-s172:p0,1,60,0,1514,100,10,0.0,1980.0,12.0,0.0,0.0,0.0,True,1980.0,True
rome,rome:60:70-0-s172:p0,2,59,0,1514,100,10,0.0,1947.0,12.0,0.0,0.0,0.0,True,1947.0,True
rome,rome:60:70-0-s172:p0,3,61,0,1514,100,10,0.0,2013.0,12.0,0.0,0.0,0.0,True,2013.0,True
rome,rome:60:70-0-s172:p0,4,59,7,1514,100,10,70.0,1947.0,12.0,0.035952747817154594,0.0029960623180962163,0.0035952747817154596,True,1940.0,True
rome,rome:60:70-0-s172:p0,5,61,21,1514,100,10,210.0,2013.0,12.0,0.10432190760059612,0.008693492300049677,0.010432190760059613,False,1992.0,True
rome,rome:60:70-0-s172:p0,6,59,25,1514,100,10,250.0,1947.0,12.0,0.12840267077555212,0.010700222564629344,0.012840267077555213,False,1922.0,True
rome,rome:60:70-0-s172:p0,7,61,15,1514,100,10,150.0,2013.0,12.0,0.07451564828614009,0.00620963735717834,0.007451564828614009,False,1998.0,True
rome,rome:60:70-0-s172:p0,8,59,17,1514,100,10,170.0,1947.0,12.0,0.08731381612737545,0.007276151343947954,0.008731381612737545,False,1930.0,True
rome,rome:60:70-0-s172:p0,9,62,4,1514,100,10,40.0,2046.0,12.0,0.019550342130987292,0.0016291951775822744,0.0019550342130987292,True,2042.0,True
rome,rome:60:70-0-s172:p0,10,58,5,1514,100,10,50.0,1914.0,12.0,0.02612330198537095,0.002176941832114246,0.002612330198537095,True,1909.0,True
rome,rome:60:70-0-s172:p0,11,61,7,1513,100,10,70.0,2013.0,12.0,0.03477396920019871,0.0028978307666832257,0.003477396920019871,True,2006.0,True
rome,rome:60:70-0-s172:p0,12,59,33,1514,100,10,330.0,1947.0,12.0,0.1694915254237288,0.014124293785310734,0.01694915254237288,False,1914.0,True
rome,rome:60:70-0-s172:p0,13,61,5,1514,100,10,50.0,2013.0,12.0,0.024838549428713365,0.002069879119059447,0.0024838549428713363,True,2008.0,True
rome,rome:60:70-0-s172:p0,14,61,0,1514,100,10,0.0,2013.0,12.0,0.0,0.0,0.0,True,2013.0,True
rome,rome:60:70-0-s172:p0,15,59,0,1514,100,10,0.0,1947.0,12.0,0.0,0.0,0.0,True,1947.0,True
rome,rome:60:70-0-s172:p0,16,60,0,1514,100,10,0.0,1980.0,12.0,0.0,0.0,0.0,True,1980.0,True
rome,rome:60:70-0-s172:p0,17,60,0,1514,100,10,0.0,1980.0,12.0,0.0,0.0,0.0,True,1980.0,True
rome,rome:60:70-0-s172:p0,18,60,7,1514,100,10,70.0,1980.0,12.0,0.03535353535353535,0.002946127946127946,0.0035353535353535356,True,1973.0,True
rome,rome:60:70-0-s172:p0,19,60,5,1513,100,10,50.0,1980.0,12.0,0.025252525252525252,0.0021043771043771043,0.0025252525252525255,True,1975.0,True
rome,rome:60:70-0-s172:p0,20,59,0,1514,100,10,0.0,1947.0,12.0,0.0,0.0,0.0,True,1947.0,True
rome,rome:60:70-0-s172:p0,21,61,12,1514,100,10,120.0,2013.0,12.0,0.05961251862891207,0.004967709885742673,0.005961251862891207,False,2001.0,True
rome,rome:60:70-0-s172:p0,22,60,0,1513,100,10,0.0,1980.0,12.0,0.0,0.0,0.0,True,1980.0,True
rome,rome:60:70-0-s172:p0,23,60,4,1513,100,10,40.0,1980.0,12.0,0.020202020202020204,0.0016835016835016836,0.00202020202020202,True,1976.0,True
rome,rome:60:70-0-s57:p0,0,59,0,1514,100,10,0.0,1947.0,12.0,0.0,0.0,0.0,True,1947.0,True
rome,rome:60:70-0-s57:p0,1,61,28,1514,100,10,280.0,2013.0,12.0,0.13909587680079483,0.011591323066732903,0.013909587680079483,False,1985.0,True
rome,rome:60:70-0-s57:p0,2,59,0,1514,100,10,0.0,1947.0,12.0,0.0,0.0,0.0,True,1947.0,True
rome,rome:60:70-0-s57:p0,3,61,0,1514,100,10,0.0,2013.0,12.0,0.0,0.0,0.0,True,2013.0,True
rome,rome:60:70-0-s57:p0,4,59,11,1514,100,10,110.0,1947.0,12.0,0.05649717514124294,0.004708097928436911,0.005649717514124294,False,1936.0,True
rome,rome:60:70-0-s57:p0,5,61,22,1514,100,10,220.0,2013.0,12.0,0.1092896174863388,0.009107468123861566,0.01092896174863388,False,1991.0,True
rome,rome:60:70-0-s57:p0,6,60,7,1514,100,10,70.0,1980.0,12.0,0.03535353535353535,0.002946127946127946,0.0035353535353535356,True,1973.0,True
rome,rome:60:70-0-s57:p0,7,60,0,1514,100,10,0.0,1980.0,12.0,0.0,0.0,0.0,True,1980.0,True
rome,rome:60:70-0-s57:p0,8,60,12,1514,100,10,120.0,1980.0,12.0,0.06060606060606061,0.005050505050505051,0.006060606060606061,False,1968.0,True
rome,rome:60:70-0-s57:p0,9,60,12,1514,100,10,120.0,1980.0,12.0,0.06060606060606061,0.005050505050505051,0.006060606060606061,False,1968.0,True
rome,rome:60:70-0-s57:p0,10,60,18,1514,100,10,180.0,1980.0,12.0,0.09090909090909091,0.007575757575757576,0.00909090909090909,False,1962.0,True
rome,rome:60:70-0-s57:p0,11,60,18,1514,100,10,180.0,1980.0,12.0,0.09090909090909091,0.007575757575757576,0.00909090909090909,False,1962.0,True
rome,rome:60:70-0-s57:p0,12,60,25,1514,100,10,250.0,1980.0,12.0,0.12626262626262627,0.010521885521885523,0.012626262626262626,False,1955.0,True
rome,rome:60:70-0-s57:p0,13,60,12,1514,100,10,120.0,1980.0,12.0,0.06060606060606061,0.005050505050505051,0.006060606060606061,False,1968.0,True
rome,rome:60:70-0-s57:p0,14,60,15,1514,100,10,150.0,1980.0,12.0,0.07575757575757576,0.006313131313131313,0.007575757575757576,False,1965.0,True
rome,rome:60:70-0-s57:p0,15,60,22,1514,100,10,220.0,1980.0,12.0,0.1111111111111111,0.009259259259259259,0.011111111111111112,False,1958.0,True
rome,rome:60:70-0-s57:p0,16,60,11,1514,100,10,110.0,1980.0,12.0,0.05555555555555555,0.004629629629629629,0.005555555555555556,False,1969.0,True
rome,rome:60:70-0-s57:p0,17,60,6,1514,100,10,60.0,1980.0,12.0,0.030303030303030304,0.0025252525252525255,0.0030303030303030303,True,1974.0,True
rome,rome:60:70-0-s57:p0,18,60,23,1514,100,10,230.0,1980.0,12.0,0.11616161616161616,0.00968013468013468,0.011616161616161616,False,1957.0,True
rome,rome:60:70-0-s57:p0,19,60,14,1514,100,10,140.0,1980.0,12.0,0.0707070707070707,0.005892255892255892,0.007070707070707071,False,1966.0,True
rome,rome:60:70-0-s57:p0,20,60,12,1514,100,10,120.0,1980.0,12.0,0.06060606060606061,0.005050505050505051,0.006060606060606061,False,1968.0,True
rome,rome:60:70-0-s57:p0,21,60,14,1514,100,10,140.0,1980.0,12.0,0.0707070707070707,0.005892255892255892,0.007070707070707071,False,1966.0,True
rome,rome:60:70-0-s57:p0,22,60,25,1514,100,10,250.0,1980.0,12.0,0.12626262626262627,0.010521885521885523,0.012626262626262626,False,1955.0,True
rome,rome:60:70-0-s57:p0,23,60,16,1514,100,10,160.0,1980.0,12.0,0.08080808080808081,0.006734006734006735,0.00808080808080808,False,1964.0,True
rome,rome:60:70-0-s57:p1,0,60,21,1514,100,10,210.0,1980.0,12.0,0.10606060606060606,0.008838383838383838,0.010606060606060607,False,1959.0,True
rome,rome:60:70-0-s57:p1,1,60,13,1514,100,10,130.0,1980.0,12.0,0.06565656565656566,0.005471380471380472,0.0065656565656565654,False,1967.0,True
rome,rome:60:70-0-s57:p1,2,60,24,1514,100,10,240.0,1980.0,12.0,0.12121212121212122,0.010101010101010102,0.012121212121212121,False,1956.0,True
rome,rome:60:70-0-s57:p1,3,60,20,1514,100,10,200.0,1980.0,12.0,0.10101010101010101,0.008417508417508417,0.010101010101010102,False,1960.0,True
rome,rome:60:70-0-s57:p1,4,59,14,1514,100,10,140.0,1947.0,12.0,0.07190549563430919,0.005992124636192433,0.007190549563430919,False,1933.0,True
rome,rome:60:70-0-s57:p1,5,61,15,1514,100,10,150.0,2013.0,12.0,0.07451564828614009,0.00620963735717834,0.007451564828614009,False,1998.0,True
rome,rome:60:70-0-s57:p1,6,59,17,1514,100,10,170.0,1947.0,12.0,0.08731381612737545,0.007276151343947954,0.008731381612737545,False,1930.0,True
rome,rome:60:70-0-s57:p1,7,61,10,1514,100,10,100.0,2013.0,12.0,0.04967709885742673,0.004139758238118894,0.004967709885742673,True,2003.0,True
rome,rome:60:70-0-s57:p1,8,59,13,1514,100,10,130.0,1947.0,12.0,0.0667693888032871,0.005564115733607259,0.00667693888032871,False,1934.0,True
rome,rome:60:70-0-s57:p1,9,61,10,1514,100,10,100.0,2013.0,12.0,0.04967709885742673,0.004139758238118894,0.004967709885742673,True,2003.0,True
rome,rome:60:70-0-s57:p1,10,59,25,1514,100,10,250.0,1947.0,12.0,0.12840267077555212,0.010700222564629344,0.012840267077555213,False,1922.0,True
rome,rome:60:70-0-s57:p1,11,60,17,1514,100,10,170.0,1980.0,12.0,0.08585858585858586,0.007154882154882154,0.008585858585858586,False,1963.0,True
rome,rome:60:70-0-s57:p1,12,60,18,1514,100,10,180.0,1980.0,12.0,0.09090909090909091,0.007575757575757576,0.00909090909090909,False,1962.0,True
rome,rome:60:70-0-s57:p1,13,60,10,1514,100,10,100.0,1980.0,12.0,0.050505050505050504,0.004208754208754209,0.005050505050505051,True,1970.0,True
rome,rome:60:70-0-s57:p1,14,60,26,1514,100,10,260.0,1980.0,12.0,0.13131313131313133,0.010942760942760943,0.013131313131313131,False,1954.0,True
rome,rome:60:70-0-s57:p1,15,60,15,1514,100,10,150.0,1980.0,12.0,0.07575757575757576,0.006313131313131313,0.007575757575757576,False,1965.0,True
rome,rome:60:70-0-s57:p1,16,61,12,1514,100,10,120.0,2013.0,12.0,0.05961251862891207,0.004967709885742673,0.005961251862891207,False,2001.0,True
rome,rome:60:70-0-s57:p1,17,59,18,1514,100,10,180.0,1947.0,12.0,0.09244992295839753,0.007704160246533128,0.009244992295839754,False,1929.0,True
rome,rome:60:70-0-s57:p1,18,61,11,1514,100,10,110.0,2013.0,12.0,0.0546448087431694,0.004553734061930783,0.00546448087431694,False,2002.0,True
rome,rome:60:70-0-s57:p1,19,60,10,1514,100,10,100.0,1980.0,12.0,0.050505050505050504,0.004208754208754209,0.005050505050505051,True,1970.0,True
rome,rome:60:70-0-s57:p1,20,61,21,1514,100,10,210.0,2013.0,12.0,0.10432190760059612,0.008693492300049677,0.010432190760059613,False,1992.0,True
rome,rome:60:70-0-s57:p1,21,59,17,1514,100,10,170.0,1947.0,12.0,0.08731381612737545,0.007276151343947954,0.008731381612737545,False,1930.0,True
rome,rome:60:70-0-s57:p1,22,59,15,1514,100,10,150.0,1947.0,12.0,0.07704160246533127,0.0064201335387776065,0.007704160246533128,False,1932.0,True
rome,rome:60:70-0-s57:p1,23,61,18,1514,100,10,180.0,2013.0,12.0,0.08941877794336811,0.007451564828614009,0.00894187779433681,False,1995.0,True
rome,rome:60:70-0-s57:p2,0,61,6,1514,100,10,60.0,2013.0,12.0,0.029806259314456036,0.0024838549428713363,0.0029806259314456036,True,2007.0,True
rome,rome:60:70-0-s57:p2,1,59,10,1514,100,10,100.0,1947.0,12.0,0.05136106831022085,0.004280089025851737,0.005136106831022085,True,1937.0,True
rome,rome:60:70-0-s57:p2,2,61,15,1514,100,10,150.0,2013.0,12.0,0.07451564828614009,0.00620963735717834,0.007451564828614009,False,1998.0,True
rome,rome:60:70-0-s57:p2,3,59,17,1514,100,10,170.0,1947.0,12.0,0.08731381612737545,0.007276151343947954,0.008731381612737545,False,1930.0,True
rome,rome:60:70-0-s57:p2,4,61,15,1514,100,10,150.0,2013.0,12.0,0.07451564828614009,0.00620963735717834,0.007451564828614009,False,1998.0,True
rome,rome:60:70-0-s57:p2,5,60,23,1514,100,10,230.0,1980.0,12.0,0.11616161616161616,0.00968013468013468,0.011616161616161616,False,1957.0,True
rome,rome:60:70-0-s57:p2,6,60,15,1514,100,10,150.0,1980.0,12.0,0.07575757575757576,0.006313131313131313,0.007575757575757576,False,1965.0,True
rome,rome:60:70-0-s57:p2,7,59,8,1514,100,10,80.0,1947.0,12.0,0.04108885464817668,0.00342407122068139,0.004108885464817668,True,1939.0,True
rome,rome:60:70-0-s57:p2,8,61,12,1514,100,10,120.0,2013.0,12.0,0.05961251862891207,0.004967709885742673,0.005961251862891207,False,2001.0,True
rome,rome:60:70-0-s57:p2,9,59,21,1514,100,10,210.0,1947.0,12.0,0.10785824345146379,0.008988186954288649,0.01078582434514638,False,1926.0,True
rome,rome:60:70-0-s57:p2,10,61,6,1514,100,10,60.0,2013.0,12.0,0.029806259314456036,0.0024838549428713363,0.0029806259314456036,True,2007.0,True
rome,rome:60:70-0-s57:p2,11,60,13,1514,100,10,130.0,1980.0,12.0,0.06565656565656566,0.005471380471380472,0.0065656565656565654,False,1967.0,True
rome,rome:60:70-0-s57:p2,12,60,29,1514,100,10,290.0,1980.0,12.0,0.14646464646464646,0.012205387205387205,0.014646464646464647,False,1951.0,True
rome,rome:60:70-0-s57:p2,13,59,23,1514,100,10,230.0,1947.0,12.0,0.11813045711350796,0.009844204759458996,0.011813045711350795,False,1924.0,True
rome,rome:60:70-0-s57:p2,14,61,25,1514,100,10,250.0,2013.0,12.0,0.12419274714356682,0.010349395595297234,0.012419274714356682,False,1988.0,True
rome,rome:60:70-0-s57:p2,15,59,13,1514,100,10,130.0,1947.0,12.0,0.0667693888032871,0.005564115733607259,0.00667693888032871,False,1934.0,True
rome,rome:60:70-0-s57:p2,16,61,5,1514,100,10,50.0,2013.0,12.0,0.024838549428713365,0.002069879119059447,0.0024838549428713363,True,2008.0,True
rome,rome:60:70-0-s57:p2,17,59,9,1514,100,10,90.0,1947.0,12.0,0.046224961479198766,0.003852080123266564,0.004622496147919877,True,1938.0,True
rome,rome:60:70-0-s57:p2,18,61,19,1514,100,10,190.0,2013.0,12.0,0.09438648782911079,0.007865540652425899,0.009438648782911079,False,1994.0,True
rome,rome:60:70-0-s57:p2,19,59,6,1514,100,10,60.0,1947.0,12.0,0.030816640986132512,0.0025680534155110425,0.0030816640986132513,True,1941.0,True
rome,rome:60:70-0-s57:p2,20,61,7,1514,100,10,70.0,2013.0,12.0,0.03477396920019871,0.0028978307666832257,0.003477396920019871,True,2006.0,True
rome,rome:60:70-0-s57:p2,21,59,11,1514,100,10,110.0,1947.0,12.0,0.05649717514124294,0.004708097928436911,0.005649717514124294,False,1936.0,True
rome,rome:60:70-0-s57:p2,22,61,5,1514,100,10,50.0,2013.0,12.0,0.024838549428713365,0.002069879119059447,0.0024838549428713363,True,2008.0,True
rome,rome:60:70-0-s57:p2,23,59,33,1514,100,10,330.0,1947.0,12.0,0.1694915254237288,0.014124293785310734,0.01694915254237288,False,1914.0,True
rome,rome:60:70-0-s78:p0,0,60,0,1514,100,10,0.0,1980.0,12.0,0.0,0.0,0.0,True,1980.0,True
rome,rome:60:70-0-s78:p0,1,61,0,1514,100,10,0.0,2013.0,12.0,0.0,0.0,0.0,True,2013.0,True
rome,rome:60:70-0-s78:p0,2,60,0,1514,100,10,0.0,1980.0,12.0,0.0,0.0,0.0,True,1980.0,True
rome,rome:60:70-0-s78:p0,3,61,0,1514,100,10,0.0,2013.0,12.0,0.0,0.0,0.0,True,2013.0,True
rome,rome:60:70-0-s78:p0,4,59,2,1514,100,10,20.0,1947.0,12.0,0.01027221366204417,0.0008560178051703475,0.001027221366204417,True,1945.0,True
rome,rome:60:70-0-s78:p0,5,63,14,1514,100,10,140.0,2079.0,12.0,0.06734006734006734,0.005611672278338945,0.006734006734006734,False,2065.0,True
rome,rome:60:70-0-s78:p0,6,57,21,1514,100,10,210.0,1881.0,12.0,0.11164274322169059,0.009303561935140882,0.011164274322169059,False,1860.0,True
rome,rome:60:70-0-s78:p0,7,61,10,1514,100,10,100.0,2013.0,12.0,0.04967709885742673,0.004139758238118894,0.004967709885742673,True,2003.0,True
rome,rome:60:70-0-s78:p0,8,59,10,1514,100,10,100.0,1947.0,12.0,0.05136106831022085,0.004280089025851737,0.005136106831022085,True,1937.0,True
rome,rome:60:70-0-s78:p0,9,59,14,1514,100,10,140.0,1947.0,12.0,0.07190549563430919,0.005992124636192433,0.007190549563430919,False,1933.0,True
rome,rome:60:70-0-s78:p0,10,62,26,1514,100,10,260.0,2046.0,12.0,0.1270772238514174,0.010589768654284784,0.01270772238514174,False,2020.0,True
rome,rome:60:70-0-s78:p0,11,58,9,1514,100,10,90.0,1914.0,12.0,0.047021943573667714,0.003918495297805643,0.004702194357366771,True,1905.0,True
rome,rome:60:70-0-s78:p0,12,60,30,1514,100,10,300.0,1980.0,12.0,0.15151515151515152,0.012626262626262626,0.015151515151515152,False,1950.0,True
rome,rome:60:70-0-s78:p0,13,60,5,1514,100,10,50.0,1980.0,12.0,0.025252525252525252,0.0021043771043771043,0.0025252525252525255,True,1975.0,True
rome,rome:60:70-0-s78:p0,14,60,12,1514,100,10,120.0,1980.0,12.0,0.06060606060606061,0.005050505050505051,0.006060606060606061,False,1968.0,True
rome,rome:60:70-0-s78:p0,15,60,9,1514,100,10,90.0,1980.0,12.0,0.045454545454545456,0.003787878787878788,0.004545454545454545,True,1971.0,True
rome,rome:60:70-0-s78:p0,16,61,46,1514,100,10,460.0,2013.0,12.0,0.22851465474416294,0.019042887895346913,0.022851465474416296,False,1967.0,True
rome,rome:60:70-0-s78:p0,17,60,13,1514,100,10,130.0,1980.0,12.0,0.06565656565656566,0.005471380471380472,0.0065656565656565654,False,1967.0,True
rome,rome:60:70-0-s78:p0,18,59,17,1514,100,10,170.0,1947.0,12.0,0.08731381612737545,0.007276151343947954,0.008731381612737545,False,1930.0,True
rome,rome:60:70-0-s78:p0,19,61,40,1514,100,10,400.0,2013.0,12.0,0.19870839542970692,0.016559032952475575,0.01987083954297069,False,1973.0,True
rome,rome:60:70-0-s78:p0,20,59,31,1514,100,10,310.0,1947.0,12.0,0.15921931176168463,0.013268275980140387,0.015921931176168466,False,1916.0,True
rome,rome:60:70-0-s78:p0,21,61,13,1514,100,10,130.0,2013.0,12.0,0.06458022851465474,0.005381685709554562,0.006458022851465474,False,2000.0,True
rome,rome:60:70-0-s78:p0,22,60,8,1514,100,10,80.0,1980.0,12.0,0.04040404040404041,0.0033670033670033673,0.00404040404040404,True,1972.0,True
rome,rome:60:70-0-s78:p0,23,60,12,1514,100,10,120.0,1980.0,12.0,0.06060606060606061,0.005050505050505051,0.006060606060606061,False,1968.0,True
rome,rome:60:72-0-s234:p0,0,60,12,1514,100,10,120.0,1980.0,12.0,0.06060606060606061,0.005050505050505051,0.006060606060606061,False,1968.0,True
rome,rome:60:72-0-s234:p0,1,60,0,1514,100,10,0.0,1980.0,12.0,0.0,0.0,0.0,True,1980.0,True
rome,rome:60:72-0-s234:p0,2,60,0,1514,100,10,0.0,1980.0,12.0,0.0,0.0,0.0,True,1980.0,True
rome,rome:60:72-0-s234:p0,3,60,0,1514,100,10,0.0,1980.0,12.0,0.0,0.0,0.0,True,1980.0,True
rome,rome:60:72-0-s234:p0,4,60,2,1514,100,10,20.0,1980.0,12.0,0.010101010101010102,0.0008417508417508418,0.00101010101010101,True,1978.0,True
rome,rome:60:72-0-s234:p0,5,60,1,1514,100,10,10.0,1980.0,12.0,0.005050505050505051,0.0004208754208754209,0.000505050505050505,True,1979.0,True
rome,rome:60:72-0-s234:p0,6,60,19,1514,100,10,190.0,1980.0,12.0,0.09595959595959595,0.007996632996632997,0.009595959595959595,False,1961.0,True
rome,rome:60:72-0-s234:p0,7,60,32,1514,100,10,320.0,1980.0,12.0,0.16161616161616163,0.01346801346801347,0.01616161616161616,False,1948.0,True
rome,rome:60:72-0-s234:p0,8,60,33,1514,100,10,330.0,1980.0,12.0,0.16666666666666666,0.013888888888888888,0.016666666666666666,False,1947.0,True
rome,rome:60:72-0-s234:p0,9,60,27,1514,100,10,270.0,1980.0,12.0,0.13636363636363635,0.011363636363636362,0.013636363636363636,False,1953.0,True
rome,rome:60:72-0-s234:p0,10,60,16,1514,100,10,160.0,1980.0,12.0,0.08080808080808081,0.006734006734006735,0.00808080808080808,False,1964.0,True
rome,rome:60:72-0-s234:p0,11,60,15,1514,100,10,150.0,1980.0,12.0,0.07575757575757576,0.006313131313131313,0.007575757575757576,False,1965.0,True
rome,rome:60:72-0-s234:p0,12,60,59,1514,100,10,590.0,1980.0,12.0,0.29797979797979796,0.02483164983164983,0.0297979797979798,False,1921.0,True
rome,rome:60:72-0-s234:p0,13,61,22,1514,100,10,220.0,2013.0,12.0,0.1092896174863388,0.009107468123861566,0.01092896174863388,False,1991.0,True
rome,rome:60:72-0-s234:p0,14,60,12,1514,100,10,120.0,1980.0,12.0,0.06060606060606061,0.005050505050505051,0.006060606060606061,False,1968.0,True
rome,rome:60:72-0-s234:p0,15,59,2,1514,100,10,20.0,1947.0,12.0,0.01027221366204417,0.0008560178051703475,0.001027221366204417,True,1945.0,True
rome,rome:60:72-0-s234:p0,16,60,29,1514,100,10,290.0,1980.0,12.0,0.14646464646464646,0.012205387205387205,0.014646464646464647,False,1951.0,True
rome,rome:60:72-0-s234:p0,17,60,43,1513,100,10,430.0,1980.0,12.0,0.21717171717171718,0.0180976430976431,0.021717171717171718,False,1937.0,True
rome,rome:60:72-0-s234:p0,18,62,22,1514,100,10,220.0,2046.0,12.0,0.10752688172043011,0.008960573476702509,0.010752688172043012,False,2024.0,True
rome,rome:60:72-0-s234:p0,19,58,25,1514,100,10,250.0,1914.0,12.0,0.13061650992685475,0.01088470916057123,0.013061650992685475,False,1889.0,True
rome,rome:60:72-0-s234:p0,20,60,17,1513,100,10,170.0,1980.0,12.0,0.08585858585858586,0.007154882154882154,0.008585858585858586,False,1963.0,True
rome,rome:60:72-0-s234:p0,21,60,25,1514,100,10,250.0,1980.0,12.0,0.12626262626262627,0.010521885521885523,0.012626262626262626,False,1955.0,True
rome,rome:60:72-0-s234:p0,22,61,12,1513,100,10,120.0,2013.0,12.0,0.05961251862891207,0.004967709885742673,0.005961251862891207,False,2001.0,True
rome,rome:60:72-0-s234:p0,23,59,7,1513,100,10,70.0,1947.0,12.0,0.035952747817154594,0.0029960623180962163,0.0035952747817154596,True,1940.0,True
rome,rome:60:78-0-s44:p0,0,46,0,202,120,12,0.0,1518.0,12.0,0.0,0.0,0.0,True,1518.0,True
rome,rome:60:78-0-s44:p0,1,60,0,202,120,12,0.0,1980.0,12.0,0.0,0.0,0.0,True,1980.0,True
rome,rome:60:78-0-s44:p0,2,60,0,202,120,12,0.0,1980.0,12.0,0.0,0.0,0.0,True,1980.0,True
rome,rome:60:78-0-s44:p0,3,74,0,202,120,12,0.0,2442.0,12.0,0.0,0.0,0.0,True,2442.0,True
rome,rome:60:78-0-s44:p0,4,61,0,202,120,12,0.0,2013.0,12.0,0.0,0.0,0.0,True,2013.0,True
rome,rome:60:78-0-s44:p0,5,45,0,202,120,12,0.0,1485.0,12.0,0.0,0.0,0.0,True,1485.0,True
rome,rome:60:78-0-s44:p0,6,75,0,202,120,12,0.0,2475.0,12.0,0.0,0.0,0.0,True,2475.0,True
rome,rome:60:78-0-s44:p0,7,59,0,202,120,12,0.0,1947.0,12.0,0.0,0.0,0.0,True,1947.0,True
rome,rome:60:78-0-s44:p0,8,60,0,202,120,12,0.0,1980.0,12.0,0.0,0.0,0.0,True,1980.0,True
rome,rome:60:78-0-s44:p0,9,46,5,202,120,12,60.0,1518.0,12.0,0.039525691699604744,0.0032938076416337285,0.0032938076416337285,True,1513.0,True
rome,rome:60:78-0-s44:p0,10,91,0,202,120,12,0.0,3003.0,12.0,0.0,0.0,0.0,True,3003.0,True
rome,rome:60:78-0-s44:p0,11,36,0,202,120,12,0.0,1188.0,12.0,0.0,0.0,0.0,True,1188.0,True
rome,rome:60:78-0-s44:p0,12,60,5,202,120,12,60.0,1980.0,12.0,0.030303030303030304,0.0025252525252525255,0.0025252525252525255,True,1975.0,True
rome,rome:60:78-0-s44:p0,13,60,0,202,120,12,0.0,1980.0,12.0,0.0,0.0,0.0,True,1980.0,True
rome,rome:60:78-0-s44:p0,14,60,0,202,120,12,0.0,1980.0,12.0,0.0,0.0,0.0,True,1980.0,True
rome,rome:60:78-0-s44:p0,15,60,0,202,120,12,0.0,1980.0,12.0,0.0,0.0,0.0,True,1980.0,True
rome,rome:60:78-0-s44:p0,16,60,0,202,120,12,0.0,1980.0,12.0,0.0,0.0,0.0,True,1980.0,True
rome,rome:60:78-0-s44:p0,17,60,0,202,120,12,0.0,1980.0,12.0,0.0,0.0,0.0,True,1980.0,True
rome,rome:60:78-0-s44:p0,18,60,0,202,120,12,0.0,1980.0,12.0,0.0,0.0,0.0,True,1980.0,True
rome,rome:60:78-0-s44:p0,19,60,0,202,120,12,0.0,1980.0,12.0,0.0,0.0,0.0,True,1980.0,True
rome,rome:60:78-0-s44:p0,20,60,0,202,120,12,0.0,1980.0,12.0,0.0,0.0,0.0,True,1980.0,True
rome,rome:60:78-0-s44:p0,21,60,0,202,120,12,0.0,1980.0,12.0,0.0,0.0,0.0,True,1980.0,True
rome,rome:60:78-0-s44:p0,22,60,0,202,120,12,0.0,1980.0,12.0,0.0,0.0,0.0,True,1980.0,True
rome,rome:60:78-0-s44:p0,23,60,4,202,120,12,48.0,1980.0,12.0,0.024242424242424242,0.00202020202020202,0.00202020202020202,True,1976.0,True
rome,rome:60:83-0-s152:p0,0,61,20,1514,100,10,200.0,2013.0,12.0,0.09935419771485346,0.008279516476237788,0.009935419771485345,False,1993.0,True
rome,rome:60:83-0-s152:p0,1,59,17,1514,100,10,170.0,1947.0,12.0,0.08731381612737545,0.007276151343947954,0.008731381612737545,False,1930.0,True
rome,rome:60:83-0-s152:p0,2,60,2,1514,100,10,20.0,1980.0,12.0,0.010101010101010102,0.0008417508417508418,0.00101010101010101,True,1978.0,True
rome,rome:60:83-0-s152:p0,3,60,1,1514,100,10,10.0,1980.0,12.0,0.005050505050505051,0.0004208754208754209,0.000505050505050505,True,1979.0,True
rome,rome:60:83-0-s152:p0,4,60,53,1514,100,10,530.0,1980.0,12.0,0.2676767676767677,0.022306397306397305,0.026767676767676767,False,1927.0,True
rome,rome:60:83-0-s152:p0,5,60,1,1514,100,10,10.0,1980.0,12.0,0.005050505050505051,0.0004208754208754209,0.000505050505050505,True,1979.0,True
rome,rome:60:83-0-s152:p0,6,60,0,1514,100,10,0.0,1980.0,12.0,0.0,0.0,0.0,True,1980.0,True
rome,rome:60:83-0-s152:p0,7,61,0,1514,100,10,0.0,2013.0,12.0,0.0,0.0,0.0,True,2013.0,True
rome,rome:60:83-0-s152:p0,8,59,0,1514,100,10,0.0,1947.0,12.0,0.0,0.0,0.0,True,1947.0,True
rome,rome:60:83-0-s152:p0,9,60,1,1514,100,10,10.0,1980.0,12.0,0.005050505050505051,0.0004208754208754209,0.000505050505050505,True,1979.0,True
rome,rome:60:83-0-s152:p0,10,60,17,1514,100,10,170.0,1980.0,12.0,0.08585858585858586,0.007154882154882154,0.008585858585858586,False,1963.0,True
rome,rome:60:83-0-s152:p0,11,61,27,1514,100,10,270.0,2013.0,12.0,0.13412816691505217,0.011177347242921014,0.013412816691505217,False,1986.0,True
rome,rome:60:83-0-s152:p0,12,59,14,1514,100,10,140.0,1947.0,12.0,0.07190549563430919,0.005992124636192433,0.007190549563430919,False,1933.0,True
rome,rome:60:83-0-s152:p0,13,60,2,1514,100,10,20.0,1980.0,12.0,0.010101010101010102,0.0008417508417508418,0.00101010101010101,True,1978.0,True
rome,rome:60:83-0-s152:p0,14,60,0,1514,100,10,0.0,1980.0,12.0,0.0,0.0,0.0,True,1980.0,True
rome,rome:60:83-0-s152:p0,15,60,1,1514,100,10,10.0,1980.0,12.0,0.005050505050505051,0.0004208754208754209,0.000505050505050505,True,1979.0,True
rome,rome:60:83-0-s152:p0,16,60,0,1514,100,10,0.0,1980.0,12.0,0.0,0.0,0.0,True,1980.0,True
rome,rome:60:83-0-s152:p0,17,60,1,1514,100,10,10.0,1980.0,12.0,0.005050505050505051,0.0004208754208754209,0.000505050505050505,True,1979.0,True
rome,rome:60:83-0-s152:p0,18,61,4,1514,100,10,40.0,2013.0,12.0,0.01987083954297069,0.0016559032952475575,0.001987083954297069,True,2009.0,True
rome,rome:60:83-0-s152:p0,19,59,16,1514,100,10,160.0,1947.0,12.0,0.08217770929635336,0.00684814244136278,0.008217770929635337,False,1931.0,True
rome,rome:60:83-0-s152:p0,20,61,14,1514,100,10,140.0,2013.0,12.0,0.06954793840039741,0.005795661533366451,0.006954793840039742,False,1999.0,True
rome,rome:60:83-0-s152:p0,21,59,4,1514,100,10,40.0,1947.0,12.0,0.02054442732408834,0.001712035610340695,0.002054442732408834,True,1943.0,True
rome,rome:60:83-0-s152:p0,22,61,1,1514,100,10,10.0,2013.0,12.0,0.004967709885742673,0.0004139758238118894,0.0004967709885742673,True,2012.0,True
rome,rome:60:83-0-s152:p0,23,59,0,1514,100,10,0.0,1947.0,12.0,0.0,0.0,0.0,True,1947.0,True
rome,rome:60:83-0-s41:p0,0,60,293,910,120,12,3516.0,1980.0,12.0,1.7757575757575759,0.147979797979798,0.147979797979798,False,1687.0,True
rome,rome:60:83-0-s41:p0,1,60,9,1012,120,12,108.0,1980.0,12.0,0.05454545454545454,0.004545454545454545,0.004545454545454545,True,1971.0,True
rome,rome:60:83-0-s41:p0,2,61,4,1012,120,12,48.0,2013.0,12.0,0.02384500745156483,0.001987083954297069,0.001987083954297069,True,2009.0,True
rome,rome:60:83-0-s41:p0,3,59,0,1012,120,12,0.0,1947.0,12.0,0.0,0.0,0.0,True,1947.0,True
rome,rome:60:83-0-s41:p0,4,59,0,1012,120,12,0.0,1947.0,12.0,0.0,0.0,0.0,True,1947.0,True
rome,rome:60:83-0-s41:p0,5,61,1,1012,120,12,12.0,2013.0,12.0,0.005961251862891207,0.0004967709885742673,0.0004967709885742673,True,2012.0,True
rome,rome:60:83-0-s41:p0,6,60,0,1012,120,12,0.0,1980.0,12.0,0.0,0.0,0.0,True,1980.0,True
rome,rome:60:83-0-s41:p0,7,60,0,1012,120,12,0.0,1980.0,12.0,0.0,0.0,0.0,True,1980.0,True
rome,rome:60:83-0-s41:p0,8,60,0,1012,120,12,0.0,1980.0,12.0,0.0,0.0,0.0,True,1980.0,True
rome,rome:60:83-0-s41:p0,9,60,3,1012,120,12,36.0,1980.0,12.0,0.01818181818181818,0.0015151515151515152,0.0015151515151515152,True,1977.0,True
rome,rome:60:83-0-s41:p0,10,60,4,1012,120,12,48.0,1980.0,12.0,0.024242424242424242,0.00202020202020202,0.00202020202020202,True,1976.0,True
rome,rome:60:83-0-s41:p0,11,56,7,1012,120,12,84.0,1848.0,12.0,0.045454545454545456,0.003787878787878788,0.003787878787878788,True,1841.0,True
rome,rome:60:83-0-s41:p0,12,60,1,1012,120,12,12.0,1980.0,12.0,0.006060606060606061,0.000505050505050505,0.000505050505050505,True,1979.0,True
rome,rome:60:83-0-s41:p0,13,60,1,1012,120,12,12.0,1980.0,12.0,0.006060606060606061,0.000505050505050505,0.000505050505050505,True,1979.0,True
rome,rome:60:83-0-s41:p0,14,60,2,1012,120,12,24.0,1980.0,12.0,0.012121212121212121,0.00101010101010101,0.00101010101010101,True,1978.0,True
rome,rome:60:83-0-s41:p0,15,61,2,1012,120,12,24.0,2013.0,12.0,0.011922503725782414,0.0009935419771485345,0.0009935419771485345,True,2011.0,True
rome,rome:60:83-0-s41:p0,16,59,9,1012,120,12,108.0,1947.0,12.0,0.05546995377503852,0.004622496147919877,0.004622496147919877,True,1938.0,True
rome,rome:60:83-0-s41:p0,17,60,30,1012,120,12,360.0,1980.0,12.0,0.18181818181818182,0.015151515151515152,0.015151515151515152,False,1950.0,True
rome,rome:60:83-0-s41:p0,18,60,0,1112,120,12,0.0,1980.0,12.0,0.0,0.0,0.0,True,1980.0,True
rome,rome:60:83-0-s41:p0,19,60,0,1112,120,12,0.0,1980.0,12.0,0.0,0.0,0.0,True,1980.0,True
rome,rome:60:83-0-s41:p0,20,60,0,1112,120,12,0.0,1980.0,12.0,0.0,0.0,0.0,True,1980.0,True
rome,rome:60:83-0-s41:p0,21,60,6,1112,120,12,72.0,1980.0,12.0,0.03636363636363636,0.0030303030303030303,0.0030303030303030303,True,1974.0,True
rome,rome:60:83-0-s41:p0,22,61,2,1112,120,12,24.0,2013.0,12.0,0.011922503725782414,0.0009935419771485345,0.0009935419771485345,True,2011.0,True
rome,rome:60:83-0-s41:p0,23,59,32,1112,120,12,384.0,1947.0,12.0,0.19722650231124808,0.016435541859270673,0.016435541859270673,False,1915.0,True
rome,rome:60:83-0-s59:p0,0,61,142,107,120,12,1704.0,2013.0,12.0,0.8464977645305514,0.07054148037754594,0.07054148037754596,False,1871.0,True
rome,rome:60:83-0-s59:p0,1,59,0,208,120,12,0.0,1947.0,12.0,0.0,0.0,0.0,True,1947.0,True
rome,rome:60:83-0-s59:p0,2,59,0,208,120,12,0.0,1947.0,12.0,0.0,0.0,0.0,True,1947.0,True
rome,rome:60:83-0-s59:p0,3,61,14,208,120,12,168.0,2013.0,12.0,0.08345752608047691,0.0069547938400397425,0.006954793840039742,False,1999.0,True
rome,rome:60:83-0-s59:p0,4,60,15,208,120,12,180.0,1980.0,12.0,0.09090909090909091,0.007575757575757576,0.007575757575757576,False,1965.0,True
rome,rome:60:83-0-s59:p0,5,61,27,208,120,12,324.0,2013.0,12.0,0.16095380029806258,0.013412816691505215,0.013412816691505217,False,1986.0,True
rome,rome:60:83-0-s59:p0,6,58,18,208,120,12,216.0,1914.0,12.0,0.11285266457680251,0.009404388714733543,0.009404388714733543,False,1896.0,True
rome,rome:60:83-0-s59:p0,7,62,36,208,120,12,432.0,2046.0,12.0,0.21114369501466276,0.017595307917888565,0.017595307917888565,False,2010.0,True
rome,rome:60:83-0-s59:p0,8,59,20,208,120,12,240.0,1947.0,12.0,0.12326656394453005,0.01027221366204417,0.01027221366204417,False,1927.0,True
rome,rome:60:83-0-s59:p0,9,60,17,208,120,12,204.0,1980.0,12.0,0.10303030303030303,0.008585858585858586,0.008585858585858586,False,1963.0,True
rome,rome:60:83-0-s59:p0,10,60,17,208,120,12,204.0,1980.0,12.0,0.10303030303030303,0.008585858585858586,0.008585858585858586,False,1963.0,True
rome,rome:60:83-0-s59:p0,11,60,12,208,120,12,144.0,1980.0,12.0,0.07272727272727272,0.006060606060606061,0.006060606060606061,False,1968.0,True
rome,rome:60:83-0-s59:p0,12,60,28,208,120,12,336.0,1980.0,12.0,0.1696969696969697,0.014141414141414142,0.014141414141414142,False,1952.0,True
rome,rome:60:83-0-s59:p0,13,60,22,208,120,12,264.0,1980.0,12.0,0.13333333333333333,0.011111111111111112,0.011111111111111112,False,1958.0,True
rome,rome:60:83-0-s59:p0,14,60,25,208,120,12,300.0,1980.0,12.0,0.15151515151515152,0.012626262626262626,0.012626262626262626,False,1955.0,True
rome,rome:60:83-0-s59:p0,15,60,36,208,120,12,432.0,1980.0,12.0,0.21818181818181817,0.01818181818181818,0.01818181818181818,False,1944.0,True
rome,rome:60:83-0-s59:p0,16,61,23,208,120,12,276.0,2013.0,12.0,0.13710879284649777,0.011425732737208148,0.011425732737208148,False,1990.0,True
rome,rome:60:83-0-s59:p0,17,59,12,207,120,12,144.0,1947.0,12.0,0.07395993836671803,0.0061633281972265025,0.0061633281972265025,False,1935.0,True
rome,rome:60:83-0-s59:p0,18,61,12,207,120,12,144.0,2013.0,12.0,0.07153502235469449,0.005961251862891207,0.005961251862891207,False,2001.0,True
rome,rome:60:83-0-s59:p0,19,59,16,208,120,12,192.0,1947.0,12.0,0.09861325115562404,0.008217770929635337,0.008217770929635337,False,1931.0,True
rome,rome:60:83-0-s59:p0,20,60,17,208,120,12,204.0,1980.0,12.0,0.10303030303030303,0.008585858585858586,0.008585858585858586,False,1963.0,True
rome,rome:60:83-0-s59:p0,21,60,17,208,120,12,204.0,1980.0,12.0,0.10303030303030303,0.008585858585858586,0.008585858585858586,False,1963.0,True
rome,rome:60:83-0-s59:p0,22,61,13,207,120,12,156.0,2013.0,12.0,0.07749627421758569,0.006458022851465474,0.006458022851465474,False,2000.0,True
rome,rome:60:83-0-s59:p0,23,59,23,207,120,12,276.0,1947.0,12.0,0.14175654853620956,0.011813045711350797,0.011813045711350795,False,1924.0,True
rome,rome:60:83-0-s95:p0,0,59,141,910,120,12,1692.0,1947.0,12.0,0.8690292758089369,0.0724191063174114,0.0724191063174114,False,1806.0,True
rome,rome:60:83-0-s95:p0,1,60,75,1011,120,12,900.0,1980.0,12.0,0.45454545454545453,0.03787878787878788,0.03787878787878788,False,1905.0,True
rome,rome:60:83-0-s95:p0,2,61,9,1012,120,12,108.0,2013.0,12.0,0.05365126676602087,0.004470938897168405,0.004470938897168405,True,2004.0,True
rome,rome:60:83-0-s95:p0,3,59,0,1012,120,12,0.0,1947.0,12.0,0.0,0.0,0.0,True,1947.0,True
rome,rome:60:83-0-s95:p0,4,61,7,1012,120,12,84.0,2013.0,12.0,0.041728763040238454,0.0034773969200198713,0.003477396920019871,True,2006.0,True
rome,rome:60:83-0-s95:p0,5,59,1,1012,120,12,12.0,1947.0,12.0,0.0061633281972265025,0.0005136106831022085,0.0005136106831022085,True,1946.0,True
rome,rome:60:83-0-s95:p0,6,61,0,1012,120,12,0.0,2013.0,12.0,0.0,0.0,0.0,True,2013.0,True
rome,rome:60:83-0-s95:p0,7,59,0,1012,120,12,0.0,1947.0,12.0,0.0,0.0,0.0,True,1947.0,True
rome,rome:60:83-0-s95:p0,8,61,0,1012,120,12,0.0,2013.0,12.0,0.0,0.0,0.0,True,2013.0,True
rome,rome:60:83-0-s95:p0,9,60,0,1012,120,12,0.0,1980.0,12.0,0.0,0.0,0.0,True,1980.0,True
rome,rome:60:83-0-s95:p0,10,59,0,1012,120,12,0.0,1947.0,12.0,0.0,0.0,0.0,True,1947.0,True
rome,rome:60:83-0-s95:p0,11,61,0,1012,120,12,0.0,2013.0,12.0,0.0,0.0,0.0,True,2013.0,True
rome,rome:60:83-0-s95:p0,12,60,4,1012,120,12,48.0,1980.0,12.0,0.024242424242424242,0.00202020202020202,0.00202020202020202,True,1976.0,True
rome,rome:60:83-0-s95:p0,13,60,0,1012,120,12,0.0,1980.0,12.0,0.0,0.0,0.0,True,1980.0,True
rome,rome:60:83-0-s95:p0,14,60,0,1012,120,12,0.0,1980.0,12.0,0.0,0.0,0.0,True,1980.0,True
rome,rome:60:83-0-s95:p0,15,60,0,1012,120,12,0.0,1980.0,12.0,0.0,0.0,0.0,True,1980.0,True
rome,rome:60:83-0-s95:p0,16,59,0,1012,120,12,0.0,1947.0,12.0,0.0,0.0,0.0,True,1947.0,True
rome,rome:60:83-0-s95:p0,17,61,0,1012,120,12,0.0,2013.0,12.0,0.0,0.0,0.0,True,2013.0,True
rome,rome:60:83-0-s95:p0,18,60,0,1012,120,12,0.0,1980.0,12.0,0.0,0.0,0.0,True,1980.0,True
rome,rome:60:83-0-s95:p0,19,60,0,1012,120,12,0.0,1980.0,12.0,0.0,0.0,0.0,True,1980.0,True
rome,rome:60:83-0-s95:p0,20,60,0,1012,120,12,0.0,1980.0,12.0,0.0,0.0,0.0,True,1980.0,True
rome,rome:60:83-0-s95:p0,21,60,8,1012,120,12,96.0,1980.0,12.0,0.048484848484848485,0.00404040404040404,0.00404040404040404,True,1972.0,True
rome,rome:60:83-0-s95:p0,22,60,0,1012,120,12,0.0,1980.0,12.0,0.0,0.0,0.0,True,1980.0,True
rome,rome:60:83-0-s95:p0,23,60,0,1012,120,12,0.0,1980.0,12.0,0.0,0.0,0.0,True,1980.0,True
rome,rome:60:83-0-s95:p1,0,60,7,1012,120,12,84.0,1980.0,12.0,0.04242424242424243,0.0035353535353535356,0.0035353535353535356,True,1973.0,True
rome,rome:60:83-0-s95:p1,1,60,4,1012,120,12,48.0,1980.0,12.0,0.024242424242424242,0.00202020202020202,0.00202020202020202,True,1976.0,True
rome,rome:60:83-0-s95:p1,2,61,4,1012,120,12,48.0,2013.0,12.0,0.02384500745156483,0.001987083954297069,0.001987083954297069,True,2009.0,True
rome,rome:60:83-0-s95:p1,3,59,11,1012,120,12,132.0,1947.0,12.0,0.06779661016949153,0.005649717514124294,0.005649717514124294,False,1936.0,True
rome,rome:60:83-0-s95:p1,4,59,23,1012,120,12,276.0,1947.0,12.0,0.14175654853620956,0.011813045711350797,0.011813045711350795,False,1924.0,True
rome,rome:60:83-0-s95:p1,5,61,5,1112,120,12,60.0,2013.0,12.0,0.029806259314456036,0.0024838549428713363,0.0024838549428713363,True,2008.0,True
rome,rome:60:83-0-s95:p1,6,60,0,1112,120,12,0.0,1980.0,12.0,0.0,0.0,0.0,True,1980.0,True
rome,rome:60:83-0-s95:p1,7,59,0,1112,120,12,0.0,1947.0,12.0,0.0,0.0,0.0,True,1947.0,True
rome,rome:60:83-0-s95:p1,8,60,0,1112,120,12,0.0,1980.0,12.0,0.0,0.0,0.0,True,1980.0,True
rome,rome:60:83-0-s95:p1,9,61,0,1112,120,12,0.0,2013.0,12.0,0.0,0.0,0.0,True,2013.0,True
rome,rome:60:83-0-s95:p1,10,60,0,1112,120,12,0.0,1980.0,12.0,0.0,0.0,0.0,True,1980.0,True
rome,rome:60:83-0-s95:p1,11,61,0,1112,120,12,0.0,2013.0,12.0,0.0,0.0,0.0,True,2013.0,True
rome,rome:60:83-0-s95:p1,12,59,0,1112,120,12,0.0,1947.0,12.0,0.0,0.0,0.0,True,1947.0,True
rome,rome:60:83-0-s95:p1,13,60,0,1112,120,12,0.0,1980.0,12.0,0.0,0.0,0.0,True,1980.0,True
rome,rome:60:83-0-s95:p1,14,60,8,1112,120,12,96.0,1980.0,12.0,0.048484848484848485,0.00404040404040404,0.00404040404040404,True,1972.0,True
rome,rome:60:83-0-s95:p1,15,60,1,1112,120,12,12.0,1980.0,12.0,0.006060606060606061,0.000505050505050505,0.000505050505050505,True,1979.0,True
rome,rome:60:83-0-s95:p1,16,60,0,1112,120,12,0.0,1980.0,12.0,0.0,0.0,0.0,True,1980.0,True
rome,rome:60:83-0-s95:p1,17,60,0,1112,120,12,0.0,1980.0,12.0,0.0,0.0,0.0,True,1980.0,True
rome,rome:60:83-0-s95:p1,18,59,0,1112,120,12,0.0,1947.0,12.0,0.0,0.0,0.0,True,1947.0,True
rome,rome:60:83-0-s95:p1,19,61,0,1112,120,12,0.0,2013.0,12.0,0.0,0.0,0.0,True,2013.0,True
rome,rome:60:83-0-s95:p1,20,60,0,1112,120,12,0.0,1980.0,12.0,0.0,0.0,0.0,True,1980.0,True
rome,rome:60:83-0-s95:p1,21,60,0,1112,120,12,0.0,1980.0,12.0,0.0,0.0,0.0,True,1980.0,True
rome,rome:60:83-0-s95:p1,22,60,0,1112,120,12,0.0,1980.0,12.0,0.0,0.0,0.0,True,1980.0,True
rome,rome:60:83-0-s95:p1,23,60,0,1112,120,12,0.0,1980.0,12.0,0.0,0.0,0.0,True,1980.0,True
rome,rome:60:95-0-s137:p0,0,58,12,202,120,12,144.0,1914.0,12.0,0.07523510971786834,0.006269592476489029,0.006269592476489028,False,1902.0,True
rome,rome:60:95-0-s137:p0,1,60,2,202,120,12,24.0,1980.0,12.0,0.012121212121212121,0.00101010101010101,0.00101010101010101,True,1978.0,True
rome,rome:60:95-0-s137:p0,2,60,1,202,120,12,12.0,1980.0,12.0,0.006060606060606061,0.000505050505050505,0.000505050505050505,True,1979.0,True
rome,rome:60:95-0-s137:p0,3,63,0,202,120,12,0.0,2079.0,12.0,0.0,0.0,0.0,True,2079.0,True
rome,rome:60:95-0-s137:p0,4,57,0,202,120,12,0.0,1881.0,12.0,0.0,0.0,0.0,True,1881.0,True
rome,rome:60:95-0-s137:p0,5,66,0,202,120,12,0.0,2178.0,12.0,0.0,0.0,0.0,True,2178.0,True
rome,rome:60:95-0-s137:p0,6,54,12,202,120,12,144.0,1782.0,12.0,0.08080808080808081,0.006734006734006735,0.006734006734006734,False,1770.0,True
rome,rome:60:95-0-s137:p0,7,63,1,202,120,12,12.0,2079.0,12.0,0.005772005772005772,0.000481000481000481,0.000481000481000481,True,2078.0,True
rome,rome:60:95-0-s137:p0,8,58,18,202,120,12,216.0,1914.0,12.0,0.11285266457680251,0.009404388714733543,0.009404388714733543,False,1896.0,True
rome,rome:60:95-0-s137:p0,9,59,1,202,120,12,12.0,1947.0,12.0,0.0061633281972265025,0.0005136106831022085,0.0005136106831022085,True,1946.0,True
rome,rome:60:95-0-s137:p0,10,61,1,202,120,12,12.0,2013.0,12.0,0.005961251862891207,0.0004967709885742673,0.0004967709885742673,True,2012.0,True
rome,rome:60:95-0-s137:p0,11,49,0,202,120,12,0.0,1617.0,12.0,0.0,0.0,0.0,True,1617.0,True
rome,rome:60:95-0-s137:p0,12,62,0,202,120,12,0.0,2046.0,12.0,0.0,0.0,0.0,True,2046.0,True
rome,rome:60:95-0-s137:p0,13,63,0,202,120,12,0.0,2079.0,12.0,0.0,0.0,0.0,True,2079.0,True
rome,rome:60:95-0-s137:p0,14,57,0,202,120,12,0.0,1881.0,12.0,0.0,0.0,0.0,True,1881.0,True
rome,rome:60:95-0-s137:p0,15,63,0,202,120,12,0.0,2079.0,12.0,0.0,0.0,0.0,True,2079.0,True
rome,rome:60:95-0-s137:p0,16,57,0,202,120,12,0.0,1881.0,12.0,0.0,0.0,0.0,True,1881.0,True
rome,rome:60:95-0-s137:p0,17,62,0,202,120,12,0.0,2046.0,12.0,0.0,0.0,0.0,True,2046.0,True
rome,rome:60:95-0-s137:p0,18,58,1,202,120,12,12.0,1914.0,12.0,0.006269592476489028,0.000522466039707419,0.0005224660397074191,True,1913.0,True
rome,rome:60:95-0-s137:p0,19,60,0,202,120,12,0.0,1980.0,12.0,0.0,0.0,0.0,True,1980.0,True
rome,rome:60:95-0-s137:p0,20,60,0,202,120,12,0.0,1980.0,12.0,0.0,0.0,0.0,True,1980.0,True
rome,rome:60:95-0-s137:p0,21,60,0,202,120,12,0.0,1980.0,12.0,0.0,0.0,0.0,True,1980.0,True
rome,rome:60:95-0-s137:p0,22,62,0,202,120,12,0.0,2046.0,12.0,0.0,0.0,0.0,True,2046.0,True
rome,rome:60:95-0-s137:p0,23,58,188,202,120,12,2256.0,1914.0,12.0,1.1786833855799372,0.09822361546499477,0.09822361546499478,False,1726.0,True
rome,rome:60:96-0-s156:p0,0,58,3,1208,120,12,36.0,1914.0,12.0,0.018808777429467086,0.0015673981191222572,0.001567398119122257,True,1911.0,True
rome,rome:60:96-0-s156:p0,1,61,0,1208,120,12,0.0,2013.0,12.0,0.0,0.0,0.0,True,2013.0,True
rome,rome:60:96-0-s156:p0,2,59,0,1208,120,12,0.0,1947.0,12.0,0.0,0.0,0.0,True,1947.0,True
rome,rome:60:96-0-s156:p0,3,61,8,1208,120,12,96.0,2013.0,12.0,0.04769001490312966,0.003974167908594138,0.003974167908594138,True,2005.0,True
rome,rome:60:96-0-s156:p0,4,59,21,1208,120,12,252.0,1947.0,12.0,0.12942989214175654,0.010785824345146378,0.01078582434514638,False,1926.0,True
rome,rome:60:96-0-s156:p0,5,62,1,1208,120,12,12.0,2046.0,12.0,0.005865102639296188,0.0004887585532746823,0.0004887585532746823,True,2045.0,True
rome,rome:60:96-0-s156:p0,6,58,0,1208,120,12,0.0,1914.0,12.0,0.0,0.0,0.0,True,1914.0,True
rome,rome:60:96-0-s156:p0,7,60,4,1208,120,12,48.0,1980.0,12.0,0.024242424242424242,0.00202020202020202,0.00202020202020202,True,1976.0,True
rome,rome:60:96-0-s156:p0,8,61,0,1207,120,12,0.0,2013.0,12.0,0.0,0.0,0.0,True,2013.0,True
rome,rome:60:96-0-s156:p0,9,60,8,1207,120,12,96.0,1980.0,12.0,0.048484848484848485,0.00404040404040404,0.00404040404040404,True,1972.0,True
rome,rome:60:96-0-s156:p0,10,60,20,1207,120,12,240.0,1980.0,12.0,0.12121212121212122,0.010101010101010102,0.010101010101010102,False,1960.0,True
rome,rome:60:96-0-s156:p0,11,59,24,1207,120,12,288.0,1947.0,12.0,0.14791987673343607,0.012326656394453005,0.012326656394453005,False,1923.0,True
rome,rome:60:96-0-s156:p0,12,62,22,1207,120,12,264.0,2046.0,12.0,0.12903225806451613,0.01075268817204301,0.010752688172043012,False,2024.0,True
rome,rome:60:96-0-s156:p0,13,58,10,1207,120,12,120.0,1914.0,12.0,0.06269592476489028,0.005224660397074189,0.00522466039707419,True,1904.0,True
rome,rome:60:96-0-s156:p0,14,61,10,1208,120,12,120.0,2013.0,12.0,0.05961251862891207,0.004967709885742673,0.004967709885742673,True,2003.0,True
rome,rome:60:96-0-s156:p0,15,59,18,1207,120,12,216.0,1947.0,12.0,0.11093990755007704,0.009244992295839754,0.009244992295839754,False,1929.0,True
rome,rome:60:96-0-s156:p0,16,61,12,1207,120,12,144.0,2013.0,12.0,0.07153502235469449,0.005961251862891207,0.005961251862891207,False,2001.0,True
rome,rome:60:96-0-s156:p0,17,60,14,1207,120,12,168.0,1980.0,12.0,0.08484848484848485,0.007070707070707071,0.007070707070707071,False,1966.0,True
rome,rome:60:96-0-s156:p0,18,60,12,1207,120,12,144.0,1980.0,12.0,0.07272727272727272,0.006060606060606061,0.006060606060606061,False,1968.0,True
rome,rome:60:96-0-s156:p0,19,60,11,1207,120,12,132.0,1980.0,12.0,0.06666666666666667,0.005555555555555556,0.005555555555555556,False,1969.0,True
rome,rome:60:96-0-s156:p0,20,59,7,1207,120,12,84.0,1947.0,12.0,0.04314329738058552,0.00359527478171546,0.0035952747817154596,True,1940.0,True
rome,rome:60:96-0-s156:p0,21,61,14,1207,120,12,168.0,2013.0,12.0,0.08345752608047691,0.0069547938400397425,0.006954793840039742,False,1999.0,True
rome,rome:60:96-0-s156:p0,22,59,10,1207,120,12,120.0,1947.0,12.0,0.061633281972265024,0.005136106831022085,0.005136106831022085,True,1937.0,True
rome,rome:60:96-0-s156:p0,23,61,72,1207,120,12,864.0,2013.0,12.0,0.42921013412816694,0.03576751117734724,0.03576751117734724,False,1941.0,True
