dataset,period_id,fallback_rate_cents_per_m,max_zone_rate_cents_per_m,ge_max_zone_rate,exact_fee_cents,honest_paid_fee_cents,moving_honest_paid_fee_cents,strategic_min_fee_cents,honest_penalty,honest_penalty_moving_only,withholding_gain,n_intervals,n_honest_outage_intervals,n_moving_honest_outage_intervals,n_strategic_declared_intervals,honest_outage_source,honest_outage_actual_distance_m,honest_outage_charged_distance_m,honest_outage_movement_ratio,honest_outage_dwell_edge_share,moving_outage_actual_distance_m,moving_outage_charged_distance_m,moving_outage_movement_ratio,moving_outage_dwell_edge_share,speed_bound_ok,honest_min_speed_bound_slack_m,strategic_min_speed_bound_slack_m
geolife,010-20080916114237-0,1,5,False,21664,21664,21664,14544,,,0.32865583456425407,10,0,0,4,none,,,,,,,,,True,,948
geolife,010-20080917225654-0,1,5,False,17357,17357,17357,14909,,,0.14103819784524976,16,0,0,4,none,,,,,,,,,True,,1194
geolife,010-20080921224934-0,1,5,False,18695,18695,18695,18370,,,0.017384327360256753,35,0,0,1,none,,,,,,,,,True,,1519
geolife,010-20080922111517-0,1,5,False,21393,21393,21393,16385,,,0.23409526480624504,12,0,0,6,none,,,,,,,,,True,,1183
geolife,010-20080922234926-0,1,5,False,18146,18146,18146,15851,,,0.1264741540835446,35,0,0,3,none,,,,,,,,,True,,1318
geolife,010-20080923121817-0,1,5,False,21735,21735,21735,16445,,,0.24338624338624337,12,0,0,5,none,,,,,,,,,True,,1128
geolife,010-20080923231456-1,1,5,False,19281,19281,19281,18691,,,0.030600072610341787,58,0,0,2,none,,,,,,,,,True,,1496
geolife,010-20080924113459-1,1,5,False,21973,21973,21973,17548,,,0.2013835161334365,14,0,0,5,none,,,,,,,,,True,,1311
geolife,010-20080924231334-1,1,5,False,17750,17750,17750,16670,,,0.06084507042253521,26,0,0,1,none,,,,,,,,,True,,1368
geolife,010-20080925104204-0,1,5,False,21492,21492,21492,18647,,,0.1323748371487065,19,0,0,4,none,,,,,,,,,True,,1300
geolife,010-20080925233430-0,1,5,False,18103,18103,18103,16943,,,0.06407777716400596,31,0,0,2,none,,,,,,,,,True,,1405
geolife,010-20080926105402-0,1,5,False,21916,21916,21916,17466,,,0.20304800146012045,15,0,0,5,none,,,,,,,,,True,,1207
geolife,010-20080927232235-1,1,5,False,16035,16035,16035,13995,,,0.12722170252572498,22,0,0,2,none,,,,,,,,,True,,738
geolife,010-20081005225112-1,1,5,False,17388,17388,17388,17388,,,0.0,59,0,0,0,none,,,,,,,,,True,,
rome,rome:60:103-0-s96:p0,1,12,False,18646,27644,25631,10164,0.48256998820122277,0.3746111766598734,0.45489649254531805,24,5,4,3,derived_from_native_gap_count,110,10098,0.010893246187363835,0.2,110,8085,0.013605442176870748,0.0,True,1955,1495
rome,rome:60:104-0-s145:p0,1,12,False,2090,23869,5854,2090,10.420574162679426,1.800956937799043,0.0,24,10,2,0,derived_from_native_gap_count,142,23199,0.006120953489374542,0.8,112,4884,0.02293202293202293,0.0,True,2004,
rome,rome:60:105-0-s77:p0,1,12,False,360,16959,360,360,46.108333333333334,,0.0,24,8,0,0,derived_from_native_gap_count,11,16731,0.0006574621959237344,1.0,,,,,True,2005,
rome,rome:60:109-0-s11:p0,1,12,False,10248,20097,12069,5004,0.9610655737704918,0.17769320843091335,0.5117096018735363,24,5,1,2,derived_from_native_gap_count,18,10065,0.0017883755588673621,0.8,16,2013,0.007948335817188276,0.0,True,1997,1435
rome,rome:60:109-0-s11:p1,1,12,False,2208,16104,4053,2208,6.293478260869565,0.8355978260869565,0.0,24,7,1,0,derived_from_native_gap_count,19,14124,0.0013452279807419994,0.8571428571428571,14,2013,0.006954793840039742,0.0,True,1999,
rome,rome:60:109-0-s188:p0,1,12,False,11874,21345,15273,10266,0.7976250631632138,0.286255684689237,0.13542193026781202,24,6,3,3,derived_from_native_gap_count,264,12111,0.021798365122615803,0.5,264,6039,0.04371584699453552,0.0,True,1831,1721
rome,rome:60:109-0-s188:p1,1,12,False,2300,13971,5956,2300,5.074347826086957,1.5895652173913044,0.0,24,6,2,0,derived_from_native_gap_count,44,12111,0.0036330608537693005,0.6666666666666666,37,4026,0.009190263288623945,0.0,True,1994,
rome,rome:60:109-0-s32:p0,1,12,False,15742,28393,22524,9697,0.8036462965315716,0.43082200482784905,0.3840045737517469,24,7,4,2,derived_from_native_gap_count,144,14091,0.010219288907813498,0.42857142857142855,127,8052,0.015772478887232984,0.0,True,1964,1508
rome,rome:60:109-0-s40:p0,1,12,False,28662,37425,33471,14878,0.3057358174586561,0.1677831274858698,0.4809154978717466,24,5,3,5,derived_from_native_gap_count,129,10065,0.012816691505216096,0.4,123,6039,0.02036761053154496,0.0,True,1934,1395
rome,rome:60:109-0-s42:p0,1,12,False,26936,35887,33874,20149,0.3323062073062073,0.25757350757350755,0.251967626967627,24,7,6,6,derived_from_native_gap_count,490,14157,0.034611852793670975,0.14285714285714285,490,12144,0.040349143610013176,0.0,True,1860,1610
rome,rome:60:11-0-s11:p0,1,12,False,3040,10984,4883,3040,2.613157894736842,0.60625,0.0,24,4,1,0,derived_from_native_gap_count,24,8184,0.002932551319648094,0.75,17,2013,0.008445106805762544,0.0,True,1996,
rome,rome:60:11-0-s11:p1,1,12,False,1370,17377,7194,1370,11.683941605839417,4.251094890510949,0.0,24,8,3,0,derived_from_native_gap_count,46,16467,0.0027934657193174227,0.625,38,6204,0.0061250805931656995,0.0,True,2008,
rome,rome:60:11-0-s11:p2,1,12,False,2840,14119,12040,2840,3.9714788732394366,3.23943661971831,0.0,24,6,5,0,derived_from_native_gap_count,103,12309,0.008367860914777805,0.16666666666666666,103,10230,0.010068426197458456,0.0,True,1981,
rome,rome:60:11-0-s136:p0,1,12,False,5740,25620,11278,4369,3.4634146341463414,0.964808362369338,0.23885017421602786,24,10,3,1,derived_from_native_gap_count,124,21120,0.005871212121212121,0.7,93,6468,0.01437847866419295,0.0,True,1966,1437
rome,rome:60:11-0-s186:p0,1,12,False,5680,26534,22165,5430,3.671478873239437,2.902288732394366,0.04401408450704225,24,10,8,1,derived_from_native_gap_count,185,22704,0.008148343904157857,0.2,183,18315,0.009991809991809993,0.0,True,2005,1757
rome,rome:60:11-0-s84:p0,1,12,False,3060,8885,6872,3060,1.90359477124183,1.2457516339869281,0.0,24,3,2,0,derived_from_native_gap_count,28,6105,0.004586404586404586,0.3333333333333333,28,4092,0.006842619745845552,0.0,True,1997,
rome,rome:60:124-1-s99:p0,1,12,False,1540,24964,8103,1540,15.21038961038961,4.261688311688312,0.0,24,11,3,0,derived_from_native_gap_count,60,24024,0.0024975024975024975,0.7272727272727273,40,6963,0.0057446502944133275,0.0,True,2013,
rome,rome:60:127-0-s273:p0,1,12,False,15504,19494,15504,7992,0.25735294117647056,,0.4845201238390093,24,2,0,3,derived_from_native_gap_count,3,4026,0.0007451564828614009,1.0,,,,,True,2010,1319
rome,rome:60:128-0-s16:p0,1,12,False,690,10916,690,690,14.820289855072463,,0.0,24,5,0,0,derived_from_native_gap_count,7,10296,0.0006798756798756799,1.0,,,,,True,2007,
rome,rome:60:128-0-s16:p1,1,12,False,1520,11215,5186,1520,6.378289473684211,2.411842105263158,0.0,24,5,2,0,derived_from_native_gap_count,37,10065,0.0036761053154495777,0.6,36,4026,0.00894187779433681,0.0,True,1989,
rome,rome:60:128-0-s65:p0,1,12,False,1704,10917,5046,1704,5.40669014084507,1.9612676056338028,0.0,24,5,2,0,derived_from_native_gap_count,71,10065,0.007054148037754595,0.6,57,4026,0.014157973174366617,0.0,True,1981,
rome,rome:60:128-0-s82:p0,1,12,False,21024,27726,23715,14010,0.3187785388127854,0.12799657534246575,0.3336187214611872,24,5,3,5,derived_from_native_gap_count,283,10098,0.02802535155476332,0.4,279,6039,0.046199701937406856,0.0,True,1876,1573
rome,rome:60:128-0-s82:p1,1,12,False,2592,13995,7983,2592,4.399305555555555,2.079861111111111,0.0,24,6,3,0,derived_from_native_gap_count,59,12111,0.004871604326645199,0.5,54,6039,0.00894187779433681,0.0,True,1985,
rome,rome:60:128-0-s82:p2,1,12,False,612,6651,612,612,9.867647058823529,,0.0,24,3,0,0,derived_from_native_gap_count,0,6039,0.0,1.0,,,,,True,2013,
rome,rome:60:134-0-s99:p0,1,12,False,1908,13467,3525,1908,6.0581761006289305,0.8474842767295597,0.0,24,6,1,0,derived_from_native_gap_count,46,12111,0.003798199983486087,0.8333333333333334,33,2013,0.01639344262295082,0.0,True,1980,
rome,rome:60:137-0-s71:p0,1,12,False,10974,26671,20712,7077,1.4303809003098231,0.8873701476216512,0.35511208310552217,24,9,6,1,derived_from_native_gap_count,242,18117,0.013357619914996965,0.3333333333333333,234,12078,0.019374068554396422,0.0,True,1877,1460
rome,rome:60:137-0-s71:p1,1,12,False,1330,17057,5046,1330,11.824812030075188,2.793984962406015,0.0,24,8,2,0,derived_from_native_gap_count,41,16137,0.0025407448720332158,0.75,31,4026,0.007699950322901143,0.0,True,1993,
rome,rome:60:137-0-s71:p2,1,12,False,2580,12335,4393,2580,3.7810077519379846,0.7027131782945737,0.0,24,5,1,0,derived_from_native_gap_count,31,10065,0.003079980129160457,0.8,20,2013,0.009935419771485345,0.0,True,1993,
rome,rome:60:140-0-s121:p0,1,12,False,2364,23664,8841,2364,9.01015228426396,2.739847715736041,0.0,24,11,4,0,derived_from_native_gap_count,139,22968,0.006051898293277604,0.6363636363636364,134,8085,0.016573902288188003,0.0,True,1926,
rome,rome:60:140-0-s121:p1,1,12,False,768,20946,768,768,26.2734375,,0.0,24,10,0,0,derived_from_native_gap_count,7,20262,0.00034547428684236504,1.0,,,,,True,2006,
rome,rome:60:149-0-s182:p0,1,12,False,9940,21196,12917,7567,1.1323943661971831,0.2994969818913481,0.23873239436619717,24,6,2,2,derived_from_native_gap_count,135,12606,0.010709186101856259,0.6666666666666666,128,4257,0.030068123091378907,0.0,True,1899,1627
rome,rome:60:149-0-s21:p0,1,12,False,1300,19879,1300,1300,14.291538461538462,,0.0,24,9,0,0,derived_from_native_gap_count,0,18579,0.0,1.0,,,,,True,2046,
rome,rome:60:149-0-s21:p1,1,12,False,110,20636,110,110,186.6,,0.0,24,10,0,0,derived_from_native_gap_count,0,20526,0.0,1.0,,,,,True,2013,
rome,rome:60:149-0-s21:p2,1,12,False,160,16561,160,160,102.50625,,0.0,24,8,0,0,derived_from_native_gap_count,0,16401,0.0,1.0,,,,,True,2013,
rome,rome:60:149-0-s21:p3,1,12,False,750,18907,750,750,24.209333333333333,,0.0,24,9,0,0,derived_from_native_gap_count,29,18447,0.0015720713395132,1.0,,,,,True,2005,
rome,rome:60:150-0-s108:p0,1,12,False,2380,20686,4263,2380,7.691596638655462,0.7911764705882353,0.0,24,9,1,0,derived_from_native_gap_count,24,18546,0.0012940795858945326,0.8888888888888888,13,2013,0.006458022851465474,0.0,True,2000,
rome,rome:60:153-0-s12:p0,1,12,False,912,10893,912,912,10.944078947368421,,0.0,24,5,0,0,derived_from_native_gap_count,7,10065,0.0006954793840039742,1.0,,,,,True,2006,
rome,rome:60:153-0-s12:p1,1,12,False,1200,15324,1200,1200,11.77,,0.0,24,7,0,0,derived_from_native_gap_count,0,14124,0.0,1.0,,,,,True,2013,
rome,rome:60:153-0-s15:p0,1,12,False,1476,11541,1476,1476,6.819105691056911,,0.0,24,5,0,0,derived_from_native_gap_count,11,10197,0.0010787486515641855,1.0,,,,,True,2005,
rome,rome:60:153-0-s15:p1,1,12,False,4128,20541,14550,4128,3.9760174418604652,2.5247093023255816,0.0,24,9,6,0,derived_from_native_gap_count,142,18117,0.007837942264171772,0.3333333333333333,138,12078,0.011425732737208148,0.0,True,1981,
rome,rome:60:153-0-s15:p2,1,12,False,8028,22653,18783,8028,1.8217488789237668,1.3396860986547086,0.0,24,9,7,0,derived_from_native_gap_count,291,18117,0.016062261963901307,0.2222222222222222,278,14091,0.019728904974806616,0.0,True,1929,
rome,rome:60:153-0-s214:p0,1,12,False,7060,12912,10866,5670,0.8288951841359773,0.5390934844192634,0.19688385269121814,24,3,2,1,derived_from_native_gap_count,22,6072,0.0036231884057971015,0.3333333333333333,22,4026,0.00546448087431694,0.0,True,2002,1643
rome,rome:60:155-0-s239:p0,1,12,False,2360,19807,9820,2360,7.3927966101694915,3.1610169491525424,0.0,24,9,4,0,derived_from_native_gap_count,100,18447,0.005420935653493793,0.5555555555555556,79,8250,0.009575757575757576,0.0,True,1997,
rome,rome:60:155-0-s253:p0,1,12,False,4740,20750,8486,3707,3.3776371308016877,0.7902953586497891,0.21793248945147678,24,8,2,1,derived_from_native_gap_count,49,16500,0.00296969696969697,0.75,28,4026,0.006954793840039742,0.0,True,1998,1649
rome,rome:60:155-0-s266:p0,1,12,False,5140,25212,8695,3954,3.9050583657587548,0.6916342412451362,0.23073929961089495,24,10,2,1,derived_from_native_gap_count,85,20922,0.004062709110027722,0.8,57,4125,0.013818181818181818,0.0,True,2008,1604
rome,rome:60:156-0-s76:p0,1,12,False,18972,31002,18972,8220,0.6340923466160657,,0.5667299177735611,24,6,0,3,derived_from_native_gap_count,4,12078,0.0003311806590495115,1.0,,,,,True,2011,1403
rome,rome:60:157-0-s98:p0,1,12,False,1896,24171,5319,1896,11.748417721518987,1.8053797468354431,0.0,24,11,2,0,derived_from_native_gap_count,66,23067,0.002861230329041488,0.8181818181818182,53,4059,0.013057403301305741,0.0,True,1980,
rome,rome:60:162-0-s40:p0,1,12,False,13124,20615,18503,7251,0.5707863456263335,0.4098597988418165,0.44750076196281624,24,4,3,2,derived_from_native_gap_count,55,8151,0.006747638326585695,0.25,55,6039,0.009107468123861567,0.0,True,1989,1441
rome,rome:60:162-0-s40:p1,1,12,False,3840,17481,13272,3840,3.55234375,2.45625,0.0,24,7,5,0,derived_from_native_gap_count,142,15345,0.009253828608667318,0.2857142857142857,127,10956,0.011591821832785688,0.0,True,1985,
rome,rome:60:163-0-s105:p0,1,12,False,11076,18657,12801,5532,0.6844528710725893,0.1557421451787649,0.5005417118093174,24,4,1,1,derived_from_native_gap_count,42,8085,0.005194805194805195,0.75,24,2013,0.011922503725782414,0.0,True,1989,1353
rome,rome:60:167-0-s26:p0,1,12,False,7368,18702,12663,6312,1.538273615635179,0.7186482084690554,0.14332247557003258,24,6,3,1,derived_from_native_gap_count,62,12078,0.005133300215267428,0.5,62,6039,0.010266600430534857,0.0,True,1988,1727
rome,rome:60:167-0-s73:p0,1,12,False,4632,16194,8142,4632,2.4961139896373057,0.7577720207253886,0.0,24,6,2,0,derived_from_native_gap_count,43,12078,0.0035601920847822487,0.6666666666666666,43,4026,0.010680576254346746,0.0,True,1985,
rome,rome:60:172-0-s6:p0,1,12,False,200,13169,200,200,64.845,,0.0,24,6,0,0,derived_from_native_gap_count,0,12969,0.0,1.0,,,,,True,2013,
rome,rome:60:178-0-s37:p0,1,12,False,768,13044,768,768,15.984375,,0.0,24,6,0,0,derived_from_native_gap_count,0,12276,0.0,1.0,,,,,True,2013,
rome,rome:60:178-1-s43:p0,1,12,False,13040,22451,16451,12310,0.72170245398773,0.261579754601227,0.05598159509202454,24,5,2,1,derived_from_native_gap_count,60,10131,0.005922416345869114,0.6,54,4059,0.013303769401330377,0.0,True,1990,1709
rome,rome:60:185-0-s124:p0,1,12,False,880,4700,2654,880,4.340909090909091,2.015909090909091,0.0,24,2,1,0,derived_from_native_gap_count,47,4290,0.010955710955710955,0.5,47,2244,0.02094474153297683,0.0,True,2046,
rome,rome:60:185-0-s150:p0,1,12,False,12626,20498,14423,7033,0.6234753682876604,0.14232536036749566,0.44297481387612864,24,4,1,2,derived_from_native_gap_count,37,8316,0.004449254449254449,0.75,18,2013,0.00894187779433681,0.0,True,1995,1019
rome,rome:60:193-0-s204:p0,1,12,False,80,6119,80,80,75.4875,,0.0,24,3,0,0,derived_from_native_gap_count,0,6039,0.0,1.0,,,,,True,2013,
rome,rome:60:213-0-s41:p0,1,12,False,4608,18459,4608,3657,3.005859375,,0.20638020833333334,24,7,0,1,derived_from_native_gap_count,20,14091,0.0014193456816407636,1.0,,,,,True,2004,1645
rome,rome:60:213-0-s41:p1,1,12,False,3024,14322,8523,3024,3.736111111111111,1.818452380952381,0.0,24,6,3,0,derived_from_native_gap_count,65,12078,0.0053816857095545624,0.5,45,6039,0.007451564828614009,0.0,True,1995,
rome,rome:60:213-0-s66:p0,1,12,False,8904,19218,8904,2829,1.158355795148248,,0.682277628032345,24,5,0,1,derived_from_native_gap_count,4,10362,0.0003860258637328701,1.0,,,,,True,2011,976
rome,rome:60:214-0-s203:p0,1,12,False,10332,20352,11976,5232,0.9698025551684089,0.15911730545876887,0.49361207897793263,24,5,1,1,derived_from_native_gap_count,67,10824,0.006189948263118995,0.8,61,2376,0.025673400673400674,0.0,True,2007,1390
rome,rome:60:214-0-s203:p1,1,12,False,7512,23703,7512,5787,2.1553514376996805,,0.22963258785942492,24,8,0,2,derived_from_native_gap_count,1,16203,6.171696599395174e-05,1.0,,,,,True,2012,1712
rome,rome:60:214-0-s220:p0,1,12,False,10464,14490,10464,5280,0.38474770642201833,,0.4954128440366973,24,2,0,2,derived_from_native_gap_count,0,4026,0.0,1.0,,,,,True,2013,1429
rome,rome:60:229-0-s172:p0,1,12,False,8304,26392,22403,7629,2.178227360308285,1.6978564547206165,0.08128612716763006,24,10,8,1,derived_from_native_gap_count,343,21846,0.015700814794470382,0.2,336,17787,0.018890200708382526,0.0,True,1987,1668
rome,rome:60:234-0-s260:p0,1,12,False,9876,22690,18744,5421,1.2974888618874039,0.8979343863912516,0.45109356014580804,24,7,5,1,derived_from_native_gap_count,131,14124,0.009274992919852733,0.2857142857142857,123,10098,0.01218062982768865,0.0,True,1980,1353
rome,rome:60:24-0-s158:p0,1,12,False,1932,21714,5598,1932,10.23913043478261,1.8975155279503106,0.0,24,10,2,0,derived_from_native_gap_count,51,20394,0.0025007355104442485,0.8,30,4026,0.007451564828614009,0.0,True,1994,
rome,rome:60:24-0-s158:p1,1,12,False,4044,25215,16488,4044,5.235163204747774,3.077151335311573,0.0,24,10,6,0,derived_from_native_gap_count,136,22803,0.00596412752707977,0.4,118,13860,0.008513708513708513,0.0,True,1989,
rome,rome:60:24-0-s158:p2,1,12,False,1596,23535,5775,1596,13.746240601503759,2.6184210526315788,0.0,24,10,2,0,derived_from_native_gap_count,61,22671,0.0026906620793083675,0.8,34,4587,0.007412252016568564,0.0,True,2012,
rome,rome:60:24-0-s158:p3,1,12,False,4128,17013,10833,4128,3.1213662790697674,1.6242732558139534,0.0,24,7,4,0,derived_from_native_gap_count,117,14289,0.008188116733151375,0.42857142857142855,115,8085,0.01422387136672851,0.0,True,1977,
rome,rome:60:24-0-s50:p0,1,12,False,9448,30855,24823,7060,2.265770533446232,1.6273285351397122,0.2527519051651143,24,12,9,1,derived_from_native_gap_count,298,24387,0.01221962521015295,0.25,294,18315,0.016052416052416054,0.0,True,1932,1616
rome,rome:60:24-0-s50:p1,1,12,False,2720,26846,12716,2720,8.86985294117647,3.675,0.0,24,12,5,0,derived_from_native_gap_count,135,25476,0.0052991050400376825,0.5833333333333334,96,10956,0.008762322015334063,0.0,True,1986,
rome,rome:60:24-0-s50:p2,1,12,False,770,26973,3115,770,34.02987012987013,3.0454545454545454,0.0,24,12,1,0,derived_from_native_gap_count,23,26433,0.0008701244656300836,0.9166666666666666,13,2475,0.0052525252525252525,0.0,True,2046,
rome,rome:60:24-0-s50:p3,1,12,False,1350,19675,5162,1350,13.574074074074074,2.823703703703704,0.0,24,9,2,0,derived_from_native_gap_count,65,18975,0.0034255599472990776,0.7777777777777778,28,4092,0.006842619745845552,0.0,True,2000,
rome,rome:60:24-0-s50:p4,1,12,False,2260,24357,11503,2260,9.777433628318583,4.0898230088495575,0.0,24,10,4,0,derived_from_native_gap_count,97,23067,0.004205141544197338,0.6,69,9933,0.00694654183026276,0.0,True,2009,
rome,rome:60:243-0-s57:p0,1,12,False,5340,7353,5340,4464,0.37696629213483146,,0.16404494382022472,24,1,0,1,derived_from_native_gap_count,0,2013,0.0,1.0,,,,,True,2013,1742
rome,rome:60:243-0-s91:p0,1,12,False,8116,10129,8116,6496,0.2480285855101035,,0.1996057171020207,24,1,0,1,derived_from_native_gap_count,0,2013,0.0,1.0,,,,,True,2013,1680
rome,rome:60:243-0-s91:p1,1,12,False,2430,10205,6209,2430,3.1995884773662553,1.5551440329218107,0.0,24,4,2,0,derived_from_native_gap_count,31,8085,0.00383426097711812,0.5,28,4059,0.006898250800689825,0.0,True,1998,
rome,rome:60:243-0-s94:p0,1,12,False,8756,14558,10609,6632,0.6626313385107355,0.21162631338510735,0.2425765189584285,24,3,1,1,derived_from_native_gap_count,27,6072,0.004446640316205534,0.6666666666666666,16,2013,0.007948335817188276,0.0,True,1997,1638
rome,rome:60:249-0-s139:p0,1,12,False,29036,35249,29318,21437,0.21397575423612067,0.009712081553933048,0.2617096018735363,24,5,2,6,derived_from_native_gap_count,321,10065,0.03189269746646796,0.6,312,4026,0.07749627421758569,0.0,True,1830,1357
rome,rome:60:254-0-s329:p0,1,12,False,7670,21733,14161,5632,1.8335071707953063,0.8462842242503259,0.2657105606258149,24,7,4,1,derived_from_native_gap_count,214,16203,0.013207430722705672,0.42857142857142855,199,8481,0.023464214125692724,0.0,True,1904,1103
rome,rome:60:256-0-s375:p0,1,12,False,8940,17742,11787,8052,0.9845637583892617,0.31845637583892616,0.09932885906040269,24,5,2,1,derived_from_native_gap_count,108,10098,0.0106951871657754,0.6,101,4059,0.024882976102488297,0.0,True,1966,1741
rome,rome:60:257-0-s123:p0,1,12,False,7824,19218,9273,5202,1.4562883435582823,0.1851993865030675,0.3351226993865031,24,6,1,2,derived_from_native_gap_count,57,12078,0.004719324391455539,0.8333333333333334,47,2013,0.02334823646299056,0.0,True,1966,1570
rome,rome:60:257-0-s123:p1,1,12,False,15648,34485,22308,8016,1.2037960122699387,0.4256134969325153,0.48773006134969327,24,9,4,2,derived_from_native_gap_count,127,20361,0.006237414665291489,0.5555555555555556,116,8052,0.014406358668653751,0.0,True,1982,1464
rome,rome:60:260-0-s115:p0,1,12,False,26718,41044,30910,13510,0.5361928288045512,0.1568979714050453,0.4943483793697133,24,9,4,4,derived_from_native_gap_count,370,18348,0.020165685633311534,0.5555555555555556,367,8184,0.0448435972629521,0.0,True,1866,1301
rome,rome:60:260-0-s14:p0,1,12,False,5412,13257,5289,4473,1.4495565410199556,-0.022727272727272728,0.17350332594235032,24,5,1,2,derived_from_native_gap_count,185,10065,0.01838052657724789,0.8,178,2013,0.08842523596621957,0.0,True,1835,1747
rome,rome:60:268-0-s46:p0,1,12,False,9360,19434,9360,6636,1.0762820512820512,,0.29102564102564105,24,5,0,2,derived_from_native_gap_count,2,10098,0.00019805902158843335,1.0,,,,,True,2011,1693
rome,rome:60:275-0-s235:p0,1,12,False,7980,9390,9390,6462,0.17669172932330826,0.17669172932330826,0.19022556390977444,24,1,1,1,derived_from_native_gap_count,53,2046,0.025904203323558164,0.0,53,2046,0.025904203323558164,0.0,True,1993,1628
rome,rome:60:275-0-s290:p0,1,12,False,4500,6225,6225,4500,0.38333333333333336,0.38333333333333336,0.0,24,1,1,0,derived_from_native_gap_count,24,2013,0.011922503725782414,0.0,24,2013,0.011922503725782414,0.0,True,1989,
rome,rome:60:275-0-s376:p0,1,12,False,23030,28199,28199,13923,0.22444637429439862,0.22444637429439862,0.3954407294832827,24,3,3,4,derived_from_native_gap_count,78,6105,0.012776412776412777,0.0,78,6105,0.012776412776412777,0.0,True,1976,1504
rome,rome:60:289-0-s12:p0,1,12,False,10680,22995,20949,8157,1.1530898876404494,0.9615168539325842,0.23623595505617978,24,7,6,1,derived_from_native_gap_count,170,14355,0.011842563566701497,0.14285714285714285,170,12309,0.01381103257778861,0.0,True,1987,1272
rome,rome:60:289-0-s30:p0,1,12,False,5280,21873,19980,5280,3.1426136363636363,2.784090909090909,0.0,24,9,8,0,derived_from_native_gap_count,127,18117,0.007009990616547994,0.1111111111111111,117,16104,0.007265275707898659,0.0,True,1995,
rome,rome:60:289-0-s77:p0,1,12,False,14484,27243,25230,8772,0.8809030654515327,0.7419221209610605,0.39436619718309857,24,7,6,2,derived_from_native_gap_count,122,14223,0.008577655909442452,0.14285714285714285,122,12210,0.009991809991809993,0.0,True,1985,1381
rome,rome:60:289-0-s94:p0,1,12,False,20172,30816,22755,12042,0.5276621058893516,0.12804878048780488,0.40303390838786435,24,7,3,5,derived_from_native_gap_count,290,14124,0.020532427074483148,0.5714285714285714,288,6039,0.04769001490312966,0.0,True,1817,1499
rome,rome:60:290-0-s103:p0,1,12,False,23776,29479,25453,12672,0.23986372812920592,0.07053331090174966,0.4670255720053836,24,3,1,4,derived_from_native_gap_count,28,6039,0.004636529226693161,0.6666666666666666,28,2013,0.013909587680079483,0.0,True,1985,1500
rome,rome:60:290-0-s103:p1,1,12,False,2052,9792,3753,2052,3.7719298245614037,0.8289473684210527,0.0,24,4,1,0,derived_from_native_gap_count,26,8052,0.003229011425732737,0.75,26,2013,0.012916045702930949,0.0,True,1987,
rome,rome:60:290-0-s119:p0,1,12,False,2556,10341,4386,2556,3.045774647887324,0.715962441314554,0.0,24,4,1,0,derived_from_native_gap_count,25,8085,0.0030921459492888066,0.75,18,2046,0.008797653958944282,0.0,True,2006,
rome,rome:60:290-0-s34:p0,1,12,False,2940,14106,8271,2940,3.7979591836734694,1.813265306122449,0.0,24,6,3,0,derived_from_native_gap_count,76,12078,0.006292432521940719,0.5,59,6039,0.00976982944196059,0.0,True,1985,
rome,rome:60:290-0-s36:p0,1,12,False,3036,16461,12519,3036,4.42193675889328,3.1235177865612647,0.0,24,7,5,0,derived_from_native_gap_count,83,14421,0.00575549545801262,0.2857142857142857,76,10395,0.007311207311207311,0.0,True,1991,
rome,rome:60:290-0-s36:p1,1,12,False,4776,8451,6546,4776,0.7694723618090452,0.3706030150753769,0.0,24,2,1,0,derived_from_native_gap_count,32,4059,0.007883715200788372,0.5,23,2046,0.011241446725317693,0.0,True,2004,
rome,rome:60:290-0-s36:p2,1,12,False,5712,18333,16320,5712,2.2095588235294117,1.8571428571428572,0.0,24,7,6,0,derived_from_native_gap_count,128,14157,0.009041463586918132,0.14285714285714285,128,12144,0.010540184453227932,0.0,True,1979,
rome,rome:60:293-0-s42:p0,1,12,False,5340,14337,8298,4728,1.6848314606741572,0.553932584269663,0.1146067415730337,24,5,2,1,derived_from_native_gap_count,89,10065,0.008842523596621958,0.6,89,4026,0.022106308991554892,0.0,True,1950,1764
rome,rome:60:297-1-s52:p0,1,12,False,7104,31698,23001,6618,3.4619932432432434,2.2377533783783785,0.06841216216216216,24,12,8,1,derived_from_native_gap_count,211,27126,0.0077785150777851505,0.3333333333333333,185,18117,0.010211403654026605,0.0,True,2016,1714
rome,rome:60:297-1-s52:p1,1,12,False,4896,25752,19422,4896,4.259803921568627,2.9669117647058822,0.0,24,10,7,0,derived_from_native_gap_count,165,22836,0.0072254335260115606,0.3,148,16302,0.009078640657588026,0.0,True,2004,
rome,rome:60:306-0-s25:p0,1,12,False,31620,38076,38076,22644,0.20417457305502845,0.20417457305502845,0.2838709677419355,24,7,7,7,derived_from_native_gap_count,639,14124,0.04524214103653356,0.0,639,14124,0.04524214103653356,0.0,True,1823,1434
rome,rome:60:306-0-s68:p0,1,12,False,16956,22200,22200,15444,0.30927105449398445,0.30927105449398445,0.08917197452229299,24,6,6,4,derived_from_native_gap_count,575,12144,0.04734848484848485,0.0,575,12144,0.04734848484848485,0.0,True,1845,1704
rome,rome:60:309-0-s267:p0,1,12,False,6000,23262,15297,5499,2.877,1.5495,0.0835,24,9,5,1,derived_from_native_gap_count,74,18150,0.004077134986225896,0.4444444444444444,64,10065,0.006358668653750621,0.0,True,1996,1743
rome,rome:60:309-0-s61:p0,1,12,False,3024,5037,3024,3024,0.6656746031746031,,0.0,24,1,0,0,derived_from_native_gap_count,0,2013,0.0,1.0,,,,,True,2013,
rome,rome:60:309-0-s61:p1,1,12,False,3696,10920,10920,3696,1.9545454545454546,1.9545454545454546,0.0,24,4,4,0,derived_from_native_gap_count,69,8052,0.00856929955290611,0.0,69,8052,0.00856929955290611,0.0,True,1990,
rome,rome:60:326-0-s63:p0,1,12,False,17772,35118,31212,10677,0.9760297096556381,0.7562457798784605,0.3992234976367319,24,10,8,3,derived_from_native_gap_count,232,20130,0.011525086934923,0.2,222,16104,0.013785394932935917,0.0,True,1954,1531
rome,rome:60:326-0-s63:p1,1,12,False,10296,19269,19269,9108,0.8715034965034965,0.8715034965034965,0.11538461538461539,24,5,5,1,derived_from_native_gap_count,91,10065,0.009041231992051665,0.0,91,10065,0.009041231992051665,0.0,True,1989,1716
rome,rome:60:326-0-s82:p0,1,12,False,588,20163,2085,588,33.29081632653061,2.545918367346939,0.0,24,10,1,0,derived_from_native_gap_count,49,20163,0.0024301939195556215,0.9,43,2013,0.02136115250869349,0.0,True,1970,
rome,rome:60:329-0-s52:p0,1,12,False,3324,24843,12627,3324,6.473826714801444,2.7987364620938626,0.0,24,11,5,0,derived_from_native_gap_count,129,23067,0.005592404734035636,0.5454545454545454,113,10659,0.01060136973449667,0.0,True,1972,
rome,rome:60:329-0-s55:p0,1,12,False,16128,31689,23259,10476,0.96484375,0.4421502976190476,0.35044642857142855,24,9,5,4,derived_from_native_gap_count,268,18777,0.014272780529371039,0.4444444444444444,261,10263,0.02543116047939199,0.0,True,1851,1520
rome,rome:60:329-0-s55:p1,1,12,False,2472,28857,13422,2430,10.673543689320388,4.429611650485437,0.01699029126213592,24,9,2,1,derived_from_native_gap_count,81,27357,0.0029608509705011513,0.7777777777777778,72,11814,0.006094464195022855,0.0,True,2046,57
rome,rome:60:336-0-s227:p0,1,12,False,8030,23127,15215,6410,1.8800747198007473,0.8947696139476962,0.20174346201743462,24,9,5,1,derived_from_native_gap_count,302,18117,0.01666942650549208,0.4444444444444444,288,10065,0.028614008941877794,0.0,True,1825,1680
rome,rome:60:336-0-s227:p1,1,12,False,2880,22080,10142,2880,6.666666666666667,2.5215277777777776,0.0,24,10,4,0,derived_from_native_gap_count,93,20130,0.004619970193740686,0.6,79,8052,0.009811227024341779,0.0,True,1988,
rome,rome:60:353-0-s131:p0,1,12,False,10392,31155,12393,4344,1.9979792147806004,0.19255196304849884,0.581986143187067,24,10,1,2,derived_from_native_gap_count,16,20955,0.000763540921021236,0.9,12,2145,0.005594405594405594,0.0,True,2013,1478
rome,rome:60:353-0-s219:p0,1,12,False,9420,30843,14049,4929,2.274203821656051,0.4914012738853503,0.4767515923566879,24,11,3,1,derived_from_native_gap_count,148,23199,0.006379585326953748,0.7272727272727273,145,6369,0.022766525357198933,0.0,True,1988,1350
rome,rome:60:360-0-s126:p0,1,12,False,14280,19968,13929,7713,0.3983193277310924,-0.02457983193277311,0.4598739495798319,24,4,1,3,derived_from_native_gap_count,197,8052,0.02446597118728266,0.75,197,2013,0.09786388474913064,0.0,True,1816,1437
rome,rome:60:366-0-s105:p0,1,12,False,3750,18644,10772,3750,3.9717333333333333,1.8725333333333334,0.0,24,8,4,0,derived_from_native_gap_count,121,16104,0.007513661202185792,0.5,103,8052,0.012791852955787383,0.0,True,1974,
rome,rome:60:43-1-s109:p0,1,12,False,10224,26841,15588,7893,1.625293427230047,0.5246478873239436,0.22799295774647887,24,9,4,2,derived_from_native_gap_count,312,20361,0.015323412406070429,0.5555555555555556,312,9108,0.034255599472990776,0.0,True,1908,1473
rome,rome:60:43-1-s80:p0,1,12,False,5190,17706,5190,3060,2.4115606936416185,,0.41040462427745666,24,6,0,1,derived_from_native_gap_count,9,12606,0.0007139457401237506,1.0,,,,,True,2013,1569
rome,rome:60:45-0-s4:p0,1,12,False,7212,22137,16011,5349,2.0694675540765393,1.2200499168053245,0.25831946755407653,24,8,5,1,derived_from_native_gap_count,123,16401,0.0074995427108103165,0.375,122,10263,0.011887362369677482,0.0,True,2001,1569
rome,rome:60:45-0-s4:p1,1,12,False,408,18867,408,408,45.24264705882353,,0.0,24,9,0,0,derived_from_native_gap_count,10,18579,0.0005382421012971634,1.0,,,,,True,2012,
rome,rome:60:46-0-s41:p0,1,12,False,1788,19752,3573,1788,10.046979865771812,0.9983221476510067,0.0,24,9,1,0,derived_from_native_gap_count,21,18216,0.001152832674571805,0.8888888888888888,19,2013,0.009438648782911079,0.0,True,1994,
rome,rome:60:46-0-s41:p1,1,12,False,1428,21459,3105,1428,14.027310924369749,1.1743697478991597,0.0,24,10,1,0,derived_from_native_gap_count,44,20559,0.002140181915462814,0.9,28,2013,0.013909587680079483,0.0,True,1985,
rome,rome:60:46-0-s49:p0,1,12,False,11352,31314,13233,4272,1.7584566596194504,0.16569767441860464,0.6236786469344608,24,10,1,2,derived_from_native_gap_count,14,20130,0.0006954793840039742,0.9,11,2013,0.00546448087431694,0.0,True,2002,1322
rome,rome:60:46-0-s56:p0,1,12,False,2352,16542,2352,2055,6.033163265306122,,0.12627551020408162,24,7,0,1,derived_from_native_gap_count,0,14190,0.0,1.0,,,,,True,2013,1760
rome,rome:60:46-0-s56:p1,1,12,False,288,16248,288,288,55.416666666666664,,0.0,24,8,0,0,derived_from_native_gap_count,12,16104,0.0007451564828614009,1.0,,,,,True,2006,
rome,rome:60:46-0-s56:p2,1,12,False,1752,15645,3501,1752,7.929794520547945,0.9982876712328768,0.0,24,7,1,0,derived_from_native_gap_count,22,14157,0.001554001554001554,0.8571428571428571,22,2013,0.01092896174863388,0.0,True,1991,
rome,rome:60:46-0-s56:p3,1,12,False,660,16521,2481,660,24.03181818181818,2.7590909090909093,0.0,24,8,1,0,derived_from_native_gap_count,23,16137,0.0014252959038235113,0.875,16,2013,0.007948335817188276,0.0,True,1997,
rome,rome:60:46-0-s65:p0,1,12,False,14100,23817,15873,7776,0.6891489361702128,0.12574468085106383,0.44851063829787235,24,5,1,2,derived_from_native_gap_count,29,10065,0.00288127173373075,0.8,20,2013,0.009935419771485345,0.0,True,1993,1308
rome,rome:60:46-0-s89:p0,1,12,False,2040,17199,9309,2040,7.430882352941176,3.5632352941176473,0.0,24,8,4,0,derived_from_native_gap_count,87,16203,0.005369376041473801,0.5,68,8085,0.008410636982065553,0.0,True,1985,
rome,rome:60:47-0-s268:p0,1,12,False,4416,18858,12006,4416,3.270380434782609,1.71875,0.0,24,7,4,0,derived_from_native_gap_count,111,15774,0.00703689615823507,0.42857142857142855,110,8910,0.012345679012345678,0.0,True,1982,
rome,rome:60:51-1-s193:p0,1,12,False,17402,22160,18035,11556,0.2734168486380876,0.036375129295483276,0.33593839788530055,24,3,1,4,derived_from_native_gap_count,115,6138,0.018735744542196155,0.6666666666666666,115,2013,0.057128663686040734,0.0,True,1898,1586
rome,rome:60:53-0-s98:p0,1,12,False,1640,21190,5316,1640,11.920731707317072,2.2414634146341466,0.0,24,10,2,0,derived_from_native_gap_count,58,20130,0.00288127173373075,0.8,35,4026,0.008693492300049677,0.0,True,1994,
rome,rome:60:58-0-s2:p0,1,12,False,8112,15894,9885,4104,0.959319526627219,0.21856508875739644,0.4940828402366864,24,4,1,1,derived_from_native_gap_count,28,8118,0.0034491254003449125,0.75,20,2013,0.009935419771485345,0.0,True,1993,1239
rome,rome:60:58-0-s8:p0,1,12,False,4788,12492,6621,4788,1.6090225563909775,0.38283208020050125,0.0,24,4,1,0,derived_from_native_gap_count,29,8052,0.003601589667163438,0.75,15,2013,0.007451564828614009,0.0,True,1998,
rome,rome:60:58-1-s27:p0,1,12,False,3340,7226,3340,3340,1.1634730538922156,,0.0,24,2,0,0,derived_from_native_gap_count,14,4026,0.003477396920019871,1.0,,,,,True,2005,
rome,rome:60:66-0-s9:p0,1,12,False,10176,26472,10176,4119,1.6014150943396226,,0.5952240566037735,24,8,0,1,derived_from_native_gap_count,6,16368,0.00036656891495601173,1.0,,,,,True,2012,1280
rome,rome:60:67-1-s1:p0,1,12,False,7776,27195,9915,6240,2.4972993827160495,0.27507716049382713,0.19753086419753085,24,9,1,1,derived_from_native_gap_count,29,19767,0.0014670916173420347,0.8888888888888888,17,2343,0.007255655142979087,0.0,True,2010,1687
rome,rome:60:68-0-s112:p0,1,12,False,540,6532,540,540,11.096296296296297,,0.0,24,3,0,0,derived_from_native_gap_count,8,6072,0.0013175230566534915,1.0,,,,,True,2013,
rome,rome:60:68-0-s234:p0,1,12,False,3640,15278,7276,3130,3.1972527472527474,0.9989010989010989,0.1401098901098901,24,6,2,1,derived_from_native_gap_count,44,12078,0.0036429872495446266,0.6666666666666666,39,4026,0.009687034277198211,0.0,True,1986,1731
rome,rome:60:70-0-s118:p0,1,12,False,5570,17176,11147,5128,2.0836624775583483,1.0012567324955117,0.07935368043087972,24,6,3,1,derived_from_native_gap_count,67,12276,0.005457803844900619,0.5,66,6237,0.010582010582010581,0.0,True,1991,1619
rome,rome:60:70-0-s141:p0,1,12,False,20102,28457,24531,11150,0.415630285543727,0.22032633568799123,0.4453288230026863,24,5,3,3,derived_from_native_gap_count,171,10065,0.01698956780923994,0.4,161,6039,0.026660043053485676,0.0,True,1898,1395
rome,rome:60:70-0-s152:p0,1,12,False,2370,14144,6036,2370,4.967932489451477,1.5468354430379747,0.0,24,6,2,0,derived_from_native_gap_count,37,12144,0.003046772068511199,0.6666666666666666,36,4026,0.00894187779433681,0.0,True,1991,
rome,rome:60:70-0-s162:p0,1,12,False,1940,17917,1940,1940,8.235567010309278,,0.0,24,8,0,0,derived_from_native_gap_count,16,16137,0.0009915101939641817,1.0,,,,,True,2006,
rome,rome:60:70-0-s172:p0,1,12,False,3450,18947,9009,3450,4.491884057971014,1.611304347826087,0.0,24,8,3,0,derived_from_native_gap_count,64,16137,0.003966040775856727,0.625,48,6039,0.007948335817188276,0.0,True,1992,
rome,rome:60:70-0-s57:p0,1,12,False,3230,8769,6756,3230,1.714860681114551,1.091640866873065,0.0,24,3,2,0,derived_from_native_gap_count,50,6039,0.008279516476237788,0.3333333333333333,50,4026,0.012419274714356682,0.0,True,1985,
rome,rome:60:70-0-s57:p1,1,12,False,3900,17021,13195,3900,3.3643589743589746,2.3833333333333333,0.0,24,7,5,0,derived_from_native_gap_count,97,14091,0.0068838265559577035,0.2857142857142857,77,10065,0.007650273224043716,0.0,True,1992,
rome,rome:60:70-0-s57:p2,1,12,False,3460,22440,12665,3460,5.485549132947977,2.6604046242774566,0.0,24,10,5,0,derived_from_native_gap_count,115,20130,0.005712866368604074,0.5,86,10065,0.008544461003477397,0.0,True,1988,
rome,rome:60:70-0-s78:p0,1,12,False,3420,18133,12194,3420,4.302046783625731,2.5654970760233917,0.0,24,8,5,0,derived_from_native_gap_count,149,16203,0.009195827933098808,0.375,139,10164,0.013675718221172766,0.0,True,1967,
rome,rome:60:72-0-s234:p0,1,12,False,4320,9832,9832,4320,1.275925925925926,1.275925925925926,0.0,24,3,3,0,derived_from_native_gap_count,56,6072,0.00922266139657444,0.0,56,6072,0.00922266139657444,0.0,True,1991,
rome,rome:60:78-0-s44:p0,1,12,False,168,10101,168,168,59.125,,0.0,24,4,0,0,derived_from_native_gap_count,0,9933,0.0,1.0,,,,,True,2013,
rome,rome:60:83-0-s152:p0,1,12,False,1960,13378,7389,1960,5.825510204081633,2.7698979591836737,0.0,24,6,3,0,derived_from_native_gap_count,66,12078,0.00546448087431694,0.5,61,6039,0.010101010101010102,0.0,True,1986,
rome,rome:60:83-0-s41:p0,1,12,False,4872,12816,4872,3336,1.6305418719211822,,0.31527093596059114,24,4,0,1,derived_from_native_gap_count,9,8052,0.0011177347242921013,1.0,,,,,True,2009,1687
rome,rome:60:83-0-s59:p0,1,12,False,6744,17664,17664,6744,1.6192170818505338,1.6192170818505338,0.0,24,7,7,0,derived_from_native_gap_count,267,14124,0.018903993203058623,0.0,267,14124,0.018903993203058623,0.0,True,1871,
rome,rome:60:83-0-s95:p0,1,12,False,2940,14826,2940,2940,4.042857142857143,,0.0,24,6,0,0,derived_from_native_gap_count,16,12078,0.001324722636198046,1.0,,,,,True,2004,
rome,rome:60:83-0-s95:p1,1,12,False,756,10713,756,756,13.170634920634921,,0.0,24,5,0,0,derived_from_native_gap_count,9,10065,0.0008941877794336811,1.0,,,,,True,2008,
rome,rome:60:95-0-s137:p0,1,12,False,2844,21465,2844,2502,6.5474683544303796,,0.12025316455696203,24,9,0,1,derived_from_native_gap_count,2,18645,0.00010726736390453205,1.0,,,,,True,2012,1726
rome,rome:60:96-0-s156:p0,1,12,False,3612,20127,10257,3612,4.572259136212624,1.839700996677741,0.0,24,9,4,0,derived_from_native_gap_count,139,18183,0.007644503107298026,0.5555555555555556,120,8085,0.014842300556586271,0.0,True,1941,
geolife,010-20080916114237-0,2,5,False,21664,21664,21664,19289,,,0.10962887740029542,10,0,0,2,none,,,,,,,,,True,,948
geolife,010-20080917225654-0,2,5,False,17357,17357,17357,17357,,,0.0,16,0,0,0,none,,,,,,,,,True,,
geolife,010-20080921224934-0,2,5,False,18695,18695,18695,18695,,,0.0,35,0,0,0,none,,,,,,,,,True,,
geolife,010-20080922111517-0,2,5,False,21393,21393,21393,21368,,,0.0011686065535455523,12,0,0,1,none,,,,,,,,,True,,1183
geolife,010-20080922234926-0,2,5,False,18146,18146,18146,18146,,,0.0,35,0,0,0,none,,,,,,,,,True,,
geolife,010-20080923121817-0,2,5,False,21735,21735,21735,21435,,,0.013802622498274672,12,0,0,1,none,,,,,,,,,True,,1128
geolife,010-20080923231456-1,2,5,False,19281,19281,19281,19281,,,0.0,58,0,0,0,none,,,,,,,,,True,,
geolife,010-20080924113459-1,2,5,False,21973,21973,21973,21973,,,0.0,14,0,0,0,none,,,,,,,,,True,,
geolife,010-20080924231334-1,2,5,False,17750,17750,17750,17750,,,0.0,26,0,0,0,none,,,,,,,,,True,,
geolife,010-20080925104204-0,2,5,False,21492,21492,21492,21492,,,0.0,19,0,0,0,none,,,,,,,,,True,,
geolife,010-20080925233430-0,2,5,False,18103,18103,18103,18103,,,0.0,31,0,0,0,none,,,,,,,,,True,,
geolife,010-20080926105402-0,2,5,False,21916,21916,21916,21916,,,0.0,15,0,0,0,none,,,,,,,,,True,,
geolife,010-20080927232235-1,2,5,False,16035,16035,16035,16035,,,0.0,22,0,0,0,none,,,,,,,,,True,,
geolife,010-20081005225112-1,2,5,False,17388,17388,17388,17388,,,0.0,59,0,0,0,none,,,,,,,,,True,,
rome,rome:60:103-0-s96:p0,2,12,False,18646,37742,33716,15304,1.0241338624906147,0.8082162394079159,0.1792341520969645,24,5,4,2,derived_from_native_gap_count,110,10098,0.010893246187363835,0.2,110,8085,0.013605442176870748,0.0,True,1955,1495
rome,rome:60:104-0-s145:p0,2,12,False,2090,47068,10738,2090,21.520574162679427,4.137799043062201,0.0,24,10,2,0,derived_from_native_gap_count,142,23199,0.006120953489374542,0.8,112,4884,0.02293202293202293,0.0,True,2004,
rome,rome:60:105-0-s77:p0,2,12,False,360,33690,360,360,92.58333333333333,,0.0,24,8,0,0,derived_from_native_gap_count,11,16731,0.0006574621959237344,1.0,,,,,True,2005,
rome,rome:60:109-0-s11:p0,2,12,False,10248,30162,14082,7668,1.943208430913349,0.3741217798594848,0.25175644028103045,24,5,1,1,derived_from_native_gap_count,18,10065,0.0017883755588673621,0.8,16,2013,0.007948335817188276,0.0,True,1997,1435
rome,rome:60:109-0-s11:p1,2,12,False,2208,30228,6066,2208,12.690217391304348,1.747282608695652,0.0,24,7,1,0,derived_from_native_gap_count,19,14124,0.0013452279807419994,0.8571428571428571,14,2013,0.006954793840039742,0.0,True,1999,
rome,rome:60:109-0-s188:p0,2,12,False,11874,33456,21312,11874,1.8175846387064174,0.7948458817584638,0.0,24,6,3,0,derived_from_native_gap_count,264,12111,0.021798365122615803,0.5,264,6039,0.04371584699453552,0.0,True,1831,
rome,rome:60:109-0-s188:p1,2,12,False,2300,26082,9982,2300,10.34,3.34,0.0,24,6,2,0,derived_from_native_gap_count,44,12111,0.0036330608537693005,0.6666666666666666,37,4026,0.009190263288623945,0.0,True,1994,
rome,rome:60:109-0-s32:p0,2,12,False,15742,42484,30576,13624,1.6987676280015245,0.942319908524965,0.13454453055520263,24,7,4,2,derived_from_native_gap_count,144,14091,0.010219288907813498,0.42857142857142855,127,8052,0.015772478887232984,0.0,True,1964,1508
rome,rome:60:109-0-s40:p0,2,12,False,28662,47490,39510,23370,0.6568976344986394,0.37848021770985973,0.184634707975717,24,5,3,3,derived_from_native_gap_count,129,10065,0.012816691505216096,0.4,123,6039,0.02036761053154496,0.0,True,1934,1395
rome,rome:60:109-0-s42:p0,2,12,False,26936,50044,46018,26456,0.8578853578853579,0.7084199584199584,0.01782001782001782,24,7,6,1,derived_from_native_gap_count,490,14157,0.034611852793670975,0.14285714285714285,490,12144,0.040349143610013176,0.0,True,1860,1610
rome,rome:60:11-0-s11:p0,2,12,False,3040,19168,6896,3040,5.3052631578947365,1.268421052631579,0.0,24,4,1,0,derived_from_native_gap_count,24,8184,0.002932551319648094,0.75,17,2013,0.008445106805762544,0.0,True,1996,
rome,rome:60:11-0-s11:p1,2,12,False,1370,33844,13398,1370,23.703649635036495,8.77956204379562,0.0,24,8,3,0,derived_from_native_gap_count,46,16467,0.0027934657193174227,0.625,38,6204,0.0061250805931656995,0.0,True,2008,
rome,rome:60:11-0-s11:p2,2,12,False,2840,26428,22270,2840,8.305633802816901,6.841549295774648,0.0,24,6,5,0,derived_from_native_gap_count,103,12309,0.008367860914777805,0.16666666666666666,103,10230,0.010068426197458456,0.0,True,1981,
rome,rome:60:11-0-s136:p0,2,12,False,5740,46740,17746,5740,7.142857142857143,2.091637630662021,0.0,24,10,3,0,derived_from_native_gap_count,124,21120,0.005871212121212121,0.7,93,6468,0.01437847866419295,0.0,True,1966,
rome,rome:60:11-0-s186:p0,2,12,False,5680,49238,40480,5680,7.668661971830986,6.126760563380282,0.0,24,10,8,0,derived_from_native_gap_count,185,22704,0.008148343904157857,0.2,183,18315,0.009991809991809993,0.0,True,2005,
rome,rome:60:11-0-s84:p0,2,12,False,3060,14990,10964,3060,3.8986928104575163,2.5830065359477126,0.0,24,3,2,0,derived_from_native_gap_count,28,6105,0.004586404586404586,0.3333333333333333,28,4092,0.006842619745845552,0.0,True,1997,
rome,rome:60:124-1-s99:p0,2,12,False,1540,48988,15066,1540,30.81038961038961,8.783116883116882,0.0,24,11,3,0,derived_from_native_gap_count,60,24024,0.0024975024975024975,0.7272727272727273,40,6963,0.0057446502944133275,0.0,True,2013,
rome,rome:60:127-0-s273:p0,2,12,False,15504,23520,15504,11532,0.5170278637770898,,0.2561919504643963,24,2,0,1,derived_from_native_gap_count,3,4026,0.0007451564828614009,1.0,,,,,True,2010,1319
rome,rome:60:128-0-s16:p0,2,12,False,690,21212,690,690,29.742028985507247,,0.0,24,5,0,0,derived_from_native_gap_count,7,10296,0.0006798756798756799,1.0,,,,,True,2007,
rome,rome:60:128-0-s16:p1,2,12,False,1520,21280,9212,1520,13.0,5.060526315789474,0.0,24,5,2,0,derived_from_native_gap_count,37,10065,0.0036761053154495777,0.6,36,4026,0.00894187779433681,0.0,True,1989,
rome,rome:60:128-0-s65:p0,2,12,False,1704,20982,9072,1704,11.31338028169014,4.323943661971831,0.0,24,5,2,0,derived_from_native_gap_count,71,10065,0.007054148037754595,0.6,57,4026,0.014157973174366617,0.0,True,1981,
rome,rome:60:128-0-s82:p0,2,12,False,21024,37824,29754,20028,0.7990867579908676,0.4152397260273973,0.04737442922374429,24,5,3,2,derived_from_native_gap_count,283,10098,0.02802535155476332,0.4,279,6039,0.046199701937406856,0.0,True,1876,1573
rome,rome:60:128-0-s82:p1,2,12,False,2592,26106,14022,2592,9.07175925925926,4.409722222222222,0.0,24,6,3,0,derived_from_native_gap_count,59,12111,0.004871604326645199,0.5,54,6039,0.00894187779433681,0.0,True,1985,
rome,rome:60:128-0-s82:p2,2,12,False,612,12690,612,612,19.735294117647058,,0.0,24,3,0,0,derived_from_native_gap_count,0,6039,0.0,1.0,,,,,True,2013,
rome,rome:60:134-0-s99:p0,2,12,False,1908,25578,5538,1908,12.40566037735849,1.9025157232704402,0.0,24,6,1,0,derived_from_native_gap_count,46,12111,0.003798199983486087,0.8333333333333334,33,2013,0.01639344262295082,0.0,True,1980,
rome,rome:60:137-0-s71:p0,2,12,False,10974,44788,32790,9024,3.0812830326225624,1.9879715691634774,0.17769272826681246,24,9,6,1,derived_from_native_gap_count,242,18117,0.013357619914996965,0.3333333333333333,234,12078,0.019374068554396422,0.0,True,1877,1460
rome,rome:60:137-0-s71:p1,2,12,False,1330,33194,9072,1330,23.957894736842107,5.821052631578947,0.0,24,8,2,0,derived_from_native_gap_count,41,16137,0.0025407448720332158,0.75,31,4026,0.007699950322901143,0.0,True,1993,
rome,rome:60:137-0-s71:p2,2,12,False,2580,22400,6406,2580,7.682170542635659,1.4829457364341085,0.0,24,5,1,0,derived_from_native_gap_count,31,10065,0.003079980129160457,0.8,20,2013,0.009935419771485345,0.0,True,1993,
rome,rome:60:140-0-s121:p0,2,12,False,2364,46632,16926,2364,18.725888324873097,6.159898477157361,0.0,24,11,4,0,derived_from_native_gap_count,139,22968,0.006051898293277604,0.6363636363636364,134,8085,0.016573902288188003,0.0,True,1926,
rome,rome:60:140-0-s121:p1,2,12,False,768,41208,768,768,52.65625,,0.0,24,10,0,0,derived_from_native_gap_count,7,20262,0.00034547428684236504,1.0,,,,,True,2006,
rome,rome:60:149-0-s182:p0,2,12,False,9940,33802,17174,9664,2.400603621730382,0.7277665995975855,0.027766599597585512,24,6,2,1,derived_from_native_gap_count,135,12606,0.010709186101856259,0.6666666666666666,128,4257,0.030068123091378907,0.0,True,1899,1627
rome,rome:60:149-0-s21:p0,2,12,False,1300,38458,1300,1300,28.583076923076923,,0.0,24,9,0,0,derived_from_native_gap_count,0,18579,0.0,1.0,,,,,True,2046,
rome,rome:60:149-0-s21:p1,2,12,False,110,41162,110,110,373.2,,0.0,24,10,0,0,derived_from_native_gap_count,0,20526,0.0,1.0,,,,,True,2013,
rome,rome:60:149-0-s21:p2,2,12,False,160,32962,160,160,205.0125,,0.0,24,8,0,0,derived_from_native_gap_count,0,16401,0.0,1.0,,,,,True,2013,
rome,rome:60:149-0-s21:p3,2,12,False,750,37354,750,750,48.80533333333333,,0.0,24,9,0,0,derived_from_native_gap_count,29,18447,0.0015720713395132,1.0,,,,,True,2005,
rome,rome:60:150-0-s108:p0,2,12,False,2380,39232,6276,2380,15.484033613445378,1.6369747899159663,0.0,24,9,1,0,derived_from_native_gap_count,24,18546,0.0012940795858945326,0.8888888888888888,13,2013,0.006458022851465474,0.0,True,2000,
rome,rome:60:153-0-s12:p0,2,12,False,912,20958,912,912,21.980263157894736,,0.0,24,5,0,0,derived_from_native_gap_count,7,10065,0.0006954793840039742,1.0,,,,,True,2006,
rome,rome:60:153-0-s12:p1,2,12,False,1200,29448,1200,1200,23.54,,0.0,24,7,0,0,derived_from_native_gap_count,0,14124,0.0,1.0,,,,,True,2013,
rome,rome:60:153-0-s15:p0,2,12,False,1476,21738,1476,1476,13.727642276422765,,0.0,24,5,0,0,derived_from_native_gap_count,11,10197,0.0010787486515641855,1.0,,,,,True,2005,
rome,rome:60:153-0-s15:p1,2,12,False,4128,38658,26628,4128,8.36482558139535,5.450581395348837,0.0,24,9,6,0,derived_from_native_gap_count,142,18117,0.007837942264171772,0.3333333333333333,138,12078,0.011425732737208148,0.0,True,1981,
rome,rome:60:153-0-s15:p2,2,12,False,8028,40770,32874,8028,4.07847533632287,3.0949177877429,0.0,24,9,7,0,derived_from_native_gap_count,291,18117,0.016062261963901307,0.2222222222222222,278,14091,0.019728904974806616,0.0,True,1929,
rome,rome:60:153-0-s214:p0,2,12,False,7060,18984,14892,7060,1.6889518413597733,1.1093484419263455,0.0,24,3,2,0,derived_from_native_gap_count,22,6072,0.0036231884057971015,0.3333333333333333,22,4026,0.00546448087431694,0.0,True,2002,
rome,rome:60:155-0-s239:p0,2,12,False,2360,38254,18070,2360,15.209322033898305,6.656779661016949,0.0,24,9,4,0,derived_from_native_gap_count,100,18447,0.005420935653493793,0.5555555555555556,79,8250,0.009575757575757576,0.0,True,1997,
rome,rome:60:155-0-s253:p0,2,12,False,4740,37250,12512,4740,6.858649789029536,1.639662447257384,0.0,24,8,2,0,derived_from_native_gap_count,49,16500,0.00296969696969697,0.75,28,4026,0.006954793840039742,0.0,True,1998,
rome,rome:60:155-0-s266:p0,2,12,False,5140,46134,12820,5140,7.975486381322957,1.4941634241245136,0.0,24,10,2,0,derived_from_native_gap_count,85,20922,0.004062709110027722,0.8,57,4125,0.013818181818181818,0.0,True,2008,
rome,rome:60:156-0-s76:p0,2,12,False,18972,43080,18972,14160,1.2707147375079064,,0.25363693864642634,24,6,0,3,derived_from_native_gap_count,4,12078,0.0003311806590495115,1.0,,,,,True,2011,1403
rome,rome:60:157-0-s98:p0,2,12,False,1896,47238,9378,1896,23.914556962025316,3.9462025316455698,0.0,24,11,2,0,derived_from_native_gap_count,66,23067,0.002861230329041488,0.8181818181818182,53,4059,0.013057403301305741,0.0,True,1980,
rome,rome:60:162-0-s40:p0,2,12,False,13124,28766,24542,11178,1.1918622371228285,0.8700091435537946,0.14827796403535506,24,4,3,2,derived_from_native_gap_count,55,8151,0.006747638326585695,0.25,55,6039,0.009107468123861567,0.0,True,1989,1441
rome,rome:60:162-0-s40:p1,2,12,False,3840,32826,24228,3840,7.5484375,5.309375,0.0,24,7,5,0,derived_from_native_gap_count,142,15345,0.009253828608667318,0.2857142857142857,127,10956,0.011591821832785688,0.0,True,1985,
rome,rome:60:163-0-s105:p0,2,12,False,11076,26742,14814,7512,1.414409534127844,0.33748645720476705,0.3217768147345612,24,4,1,1,derived_from_native_gap_count,42,8085,0.005194805194805195,0.75,24,2013,0.011922503725782414,0.0,True,1989,1353
rome,rome:60:167-0-s26:p0,2,12,False,7368,30780,18702,7368,3.1775244299674266,1.538273615635179,0.0,24,6,3,0,derived_from_native_gap_count,62,12078,0.005133300215267428,0.5,62,6039,0.010266600430534857,0.0,True,1988,
rome,rome:60:167-0-s73:p0,2,12,False,4632,28272,12168,4632,5.103626943005182,1.6269430051813472,0.0,24,6,2,0,derived_from_native_gap_count,43,12078,0.0035601920847822487,0.6666666666666666,43,4026,0.010680576254346746,0.0,True,1985,
rome,rome:60:172-0-s6:p0,2,12,False,200,26138,200,200,129.69,,0.0,24,6,0,0,derived_from_native_gap_count,0,12969,0.0,1.0,,,,,True,2013,
rome,rome:60:178-0-s37:p0,2,12,False,768,25320,768,768,31.96875,,0.0,24,6,0,0,derived_from_native_gap_count,0,12276,0.0,1.0,,,,,True,2013,
rome,rome:60:178-1-s43:p0,2,12,False,13040,32582,20510,13040,1.4986196319018406,0.5728527607361963,0.0,24,5,2,0,derived_from_native_gap_count,60,10131,0.005922416345869114,0.6,54,4059,0.013303769401330377,0.0,True,1990,
rome,rome:60:185-0-s124:p0,2,12,False,880,8990,4898,880,9.215909090909092,4.5659090909090905,0.0,24,2,1,0,derived_from_native_gap_count,47,4290,0.010955710955710955,0.5,47,2244,0.02094474153297683,0.0,True,2046,
rome,rome:60:185-0-s150:p0,2,12,False,12626,28814,16436,10408,1.2821162680183749,0.3017582765721527,0.17566925392048155,24,4,1,1,derived_from_native_gap_count,37,8316,0.004449254449254449,0.75,18,2013,0.00894187779433681,0.0,True,1995,1019
rome,rome:60:193-0-s204:p0,2,12,False,80,12158,80,80,150.975,,0.0,24,3,0,0,derived_from_native_gap_count,0,6039,0.0,1.0,,,,,True,2013,
rome,rome:60:213-0-s41:p0,2,12,False,4608,32550,4608,4608,6.063802083333333,,0.0,24,7,0,0,derived_from_native_gap_count,20,14091,0.0014193456816407636,1.0,,,,,True,2004,
rome,rome:60:213-0-s41:p1,2,12,False,3024,26400,14562,3024,7.73015873015873,3.8154761904761907,0.0,24,6,3,0,derived_from_native_gap_count,65,12078,0.0053816857095545624,0.5,45,6039,0.007451564828614009,0.0,True,1995,
rome,rome:60:213-0-s66:p0,2,12,False,8904,29580,8904,4446,2.3221024258760106,,0.5006738544474394,24,5,0,1,derived_from_native_gap_count,4,10362,0.0003860258637328701,1.0,,,,,True,2011,976
rome,rome:60:214-0-s203:p0,2,12,False,10332,31176,14352,7212,2.0174216027874565,0.389082462253194,0.30197444831591175,24,5,1,1,derived_from_native_gap_count,67,10824,0.006189948263118995,0.8,61,2376,0.025673400673400674,0.0,True,2007,1390
rome,rome:60:214-0-s203:p1,2,12,False,7512,39906,7512,7512,4.312300319488818,,0.0,24,8,0,0,derived_from_native_gap_count,1,16203,6.171696599395174e-05,1.0,,,,,True,2012,
rome,rome:60:214-0-s220:p0,2,12,False,10464,18516,10464,7812,0.7694954128440367,,0.25344036697247707,24,2,0,1,derived_from_native_gap_count,0,4026,0.0,1.0,,,,,True,2013,1429
rome,rome:60:229-0-s172:p0,2,12,False,8304,48238,40190,8304,4.809007707129094,3.839836223506744,0.0,24,10,8,0,derived_from_native_gap_count,343,21846,0.015700814794470382,0.2,336,17787,0.018890200708382526,0.0,True,1987,
rome,rome:60:234-0-s260:p0,2,12,False,9876,36814,28842,7302,2.727622519238558,1.9204131227217498,0.2606318347509113,24,7,5,1,derived_from_native_gap_count,131,14124,0.009274992919852733,0.2857142857142857,123,10098,0.01218062982768865,0.0,True,1980,1353
rome,rome:60:24-0-s158:p0,2,12,False,1932,42108,9624,1932,20.795031055900623,3.981366459627329,0.0,24,10,2,0,derived_from_native_gap_count,51,20394,0.0025007355104442485,0.8,30,4026,0.007451564828614009,0.0,True,1994,
rome,rome:60:24-0-s158:p1,2,12,False,4044,48018,30348,4044,10.873887240356083,6.5044510385756675,0.0,24,10,6,0,derived_from_native_gap_count,136,22803,0.00596412752707977,0.4,118,13860,0.008513708513708513,0.0,True,1989,
rome,rome:60:24-0-s158:p2,2,12,False,1596,46206,10362,1596,27.951127819548873,5.492481203007519,0.0,24,10,2,0,derived_from_native_gap_count,61,22671,0.0026906620793083675,0.8,34,4587,0.007412252016568564,0.0,True,2012,
rome,rome:60:24-0-s158:p3,2,12,False,4128,31302,18918,4128,6.582848837209302,3.582848837209302,0.0,24,7,4,0,derived_from_native_gap_count,117,14289,0.008188116733151375,0.42857142857142855,115,8085,0.01422387136672851,0.0,True,1977,
rome,rome:60:24-0-s50:p0,2,12,False,9448,55242,43138,9040,4.846951735817104,3.5658340389500425,0.04318374259102455,24,12,9,1,derived_from_native_gap_count,298,24387,0.01221962521015295,0.25,294,18315,0.016052416052416054,0.0,True,1932,1616
rome,rome:60:24-0-s50:p1,2,12,False,2720,52322,23672,2720,18.236029411764704,7.702941176470588,0.0,24,12,5,0,derived_from_native_gap_count,135,25476,0.0052991050400376825,0.5833333333333334,96,10956,0.008762322015334063,0.0,True,1986,
rome,rome:60:24-0-s50:p2,2,12,False,770,53406,5590,770,68.35844155844156,6.259740259740259,0.0,24,12,1,0,derived_from_native_gap_count,23,26433,0.0008701244656300836,0.9166666666666666,13,2475,0.0052525252525252525,0.0,True,2046,
rome,rome:60:24-0-s50:p3,2,12,False,1350,38650,9254,1350,27.62962962962963,5.854814814814815,0.0,24,9,2,0,derived_from_native_gap_count,65,18975,0.0034255599472990776,0.7777777777777778,28,4092,0.006842619745845552,0.0,True,2000,
rome,rome:60:24-0-s50:p4,2,12,False,2260,47424,21436,2260,19.984070796460177,8.48495575221239,0.0,24,10,4,0,derived_from_native_gap_count,97,23067,0.004205141544197338,0.6,69,9933,0.00694654183026276,0.0,True,2009,
rome,rome:60:243-0-s57:p0,2,12,False,5340,9366,5340,5340,0.7539325842696629,,0.0,24,1,0,0,derived_from_native_gap_count,0,2013,0.0,1.0,,,,,True,2013,
rome,rome:60:243-0-s91:p0,2,12,False,8116,12142,8116,8116,0.496057171020207,,0.0,24,1,0,0,derived_from_native_gap_count,0,2013,0.0,1.0,,,,,True,2013,
rome,rome:60:243-0-s91:p1,2,12,False,2430,18290,10268,2430,6.526748971193416,3.225514403292181,0.0,24,4,2,0,derived_from_native_gap_count,31,8085,0.00383426097711812,0.5,28,4059,0.006898250800689825,0.0,True,1998,
rome,rome:60:243-0-s94:p0,2,12,False,8756,20630,12622,8612,1.3560986751941526,0.44152581087254456,0.01644586569209685,24,3,1,1,derived_from_native_gap_count,27,6072,0.004446640316205534,0.6666666666666666,16,2013,0.007948335817188276,0.0,True,1997,1638
rome,rome:60:249-0-s139:p0,2,12,False,29036,45314,33344,28088,0.5606144096983056,0.148367543738807,0.032649125223860036,24,5,2,1,derived_from_native_gap_count,321,10065,0.03189269746646796,0.6,312,4026,0.07749627421758569,0.0,True,1830,1571
rome,rome:60:254-0-s329:p0,2,12,False,7670,37936,22642,7084,3.9460234680573665,1.9520208604954368,0.07640156453715775,24,7,4,1,derived_from_native_gap_count,214,16203,0.013207430722705672,0.42857142857142855,199,8481,0.023464214125692724,0.0,True,1904,1103
rome,rome:60:256-0-s375:p0,2,12,False,8940,27840,15846,8940,2.1140939597315436,0.77248322147651,0.0,24,5,2,0,derived_from_native_gap_count,108,10098,0.0106951871657754,0.6,101,4059,0.024882976102488297,0.0,True,1966,
rome,rome:60:257-0-s123:p0,2,12,False,7824,31296,11286,7194,3.0,0.4424846625766871,0.08052147239263803,24,6,1,1,derived_from_native_gap_count,57,12078,0.004719324391455539,0.8333333333333334,47,2013,0.02334823646299056,0.0,True,1966,1570
rome,rome:60:257-0-s123:p1,2,12,False,15648,54846,30360,11976,2.504984662576687,0.9401840490797546,0.23466257668711657,24,9,4,2,derived_from_native_gap_count,127,20361,0.006237414665291489,0.5555555555555556,116,8052,0.014406358668653751,0.0,True,1982,1464
rome,rome:60:260-0-s115:p0,2,12,False,26718,59392,39094,19684,1.222920877311176,0.46320832397634554,0.26326820869825585,24,9,4,3,derived_from_native_gap_count,370,18348,0.020165685633311534,0.5555555555555556,367,8184,0.0448435972629521,0.0,True,1866,1301
rome,rome:60:260-0-s14:p0,2,12,False,5412,23322,7302,5412,3.309312638580931,0.3492239467849224,0.0,24,5,1,0,derived_from_native_gap_count,185,10065,0.01838052657724789,0.8,178,2013,0.08842523596621957,0.0,True,1835,
rome,rome:60:268-0-s46:p0,2,12,False,9360,29532,9360,9360,2.155128205128205,,0.0,24,5,0,0,derived_from_native_gap_count,2,10098,0.00019805902158843335,1.0,,,,,True,2011,
rome,rome:60:275-0-s235:p0,2,12,False,7980,11436,11436,7980,0.4330827067669173,0.4330827067669173,0.0,24,1,1,0,derived_from_native_gap_count,53,2046,0.025904203323558164,0.0,53,2046,0.025904203323558164,0.0,True,1993,
rome,rome:60:275-0-s290:p0,2,12,False,4500,8238,8238,4500,0.8306666666666667,0.8306666666666667,0.0,24,1,1,0,derived_from_native_gap_count,24,2013,0.011922503725782414,0.0,24,2013,0.011922503725782414,0.0,True,1989,
rome,rome:60:275-0-s376:p0,2,12,False,23030,34304,34304,20108,0.4895353886235345,0.4895353886235345,0.12687798523664784,24,3,3,2,derived_from_native_gap_count,78,6105,0.012776412776412777,0.0,78,6105,0.012776412776412777,0.0,True,1976,1504
rome,rome:60:289-0-s12:p0,2,12,False,10680,37350,33258,9774,2.497191011235955,2.114044943820225,0.0848314606741573,24,7,6,1,derived_from_native_gap_count,170,14355,0.011842563566701497,0.14285714285714285,170,12309,0.01381103257778861,0.0,True,1987,1272
rome,rome:60:289-0-s30:p0,2,12,False,5280,39990,36084,5280,6.573863636363637,5.834090909090909,0.0,24,9,8,0,derived_from_native_gap_count,127,18117,0.007009990616547994,0.1111111111111111,117,16104,0.007265275707898659,0.0,True,1995,
rome,rome:60:289-0-s77:p0,2,12,False,14484,41466,37440,12576,1.8628831814415907,1.5849212924606462,0.13173156586578294,24,7,6,1,derived_from_native_gap_count,122,14223,0.008577655909442452,0.14285714285714285,122,12210,0.009991809991809993,0.0,True,1985,1381
rome,rome:60:289-0-s94:p0,2,12,False,20172,44940,28794,18348,1.2278405710886378,0.4274241522903034,0.09042236763831053,24,7,3,2,derived_from_native_gap_count,290,14124,0.020532427074483148,0.5714285714285714,288,6039,0.04769001490312966,0.0,True,1817,1499
rome,rome:60:290-0-s103:p0,2,12,False,23776,35518,27466,20412,0.4938593539703903,0.1551985195154778,0.1414872139973082,24,3,1,3,derived_from_native_gap_count,28,6039,0.004636529226693161,0.6666666666666666,28,2013,0.013909587680079483,0.0,True,1985,1500
rome,rome:60:290-0-s103:p1,2,12,False,2052,17844,5766,2052,7.695906432748538,1.8099415204678362,0.0,24,4,1,0,derived_from_native_gap_count,26,8052,0.003229011425732737,0.75,26,2013,0.012916045702930949,0.0,True,1987,
rome,rome:60:290-0-s119:p0,2,12,False,2556,18426,6432,2556,6.208920187793427,1.516431924882629,0.0,24,4,1,0,derived_from_native_gap_count,25,8085,0.0030921459492888066,0.75,18,2046,0.008797653958944282,0.0,True,2006,
rome,rome:60:290-0-s34:p0,2,12,False,2940,26184,14310,2940,7.906122448979592,3.86734693877551,0.0,24,6,3,0,derived_from_native_gap_count,76,12078,0.006292432521940719,0.5,59,6039,0.00976982944196059,0.0,True,1985,
rome,rome:60:290-0-s36:p0,2,12,False,3036,30882,22914,3036,9.171936758893281,6.547430830039525,0.0,24,7,5,0,derived_from_native_gap_count,83,14421,0.00575549545801262,0.2857142857142857,76,10395,0.007311207311207311,0.0,True,1991,
rome,rome:60:290-0-s36:p1,2,12,False,4776,12510,8592,4776,1.6193467336683418,0.7989949748743719,0.0,24,2,1,0,derived_from_native_gap_count,32,4059,0.007883715200788372,0.5,23,2046,0.011241446725317693,0.0,True,2004,
rome,rome:60:290-0-s36:p2,2,12,False,5712,32490,28464,5712,4.688025210084033,3.9831932773109244,0.0,24,7,6,0,derived_from_native_gap_count,128,14157,0.009041463586918132,0.14285714285714285,128,12144,0.010540184453227932,0.0,True,1979,
rome,rome:60:293-0-s42:p0,2,12,False,5340,24402,12324,5340,3.5696629213483146,1.3078651685393259,0.0,24,5,2,0,derived_from_native_gap_count,89,10065,0.008842523596621958,0.6,89,4026,0.022106308991554892,0.0,True,1950,
rome,rome:60:297-1-s52:p0,2,12,False,7104,58824,41118,7104,7.280405405405405,4.788006756756757,0.0,24,12,8,0,derived_from_native_gap_count,211,27126,0.0077785150777851505,0.3333333333333333,185,18117,0.010211403654026605,0.0,True,2016,
rome,rome:60:297-1-s52:p1,2,12,False,4896,48588,35724,4896,8.924019607843137,6.296568627450981,0.0,24,10,7,0,derived_from_native_gap_count,165,22836,0.0072254335260115606,0.3,148,16302,0.009078640657588026,0.0,True,2004,
rome,rome:60:306-0-s25:p0,2,12,False,31620,52200,52200,28686,0.650853889943074,0.650853889943074,0.09278937381404175,24,7,7,2,derived_from_native_gap_count,639,14124,0.04524214103653356,0.0,639,14124,0.04524214103653356,0.0,True,1823,1434
rome,rome:60:306-0-s68:p0,2,12,False,16956,34344,34344,16956,1.0254777070063694,1.0254777070063694,0.0,24,6,6,0,derived_from_native_gap_count,575,12144,0.04734848484848485,0.0,575,12144,0.04734848484848485,0.0,True,1845,
rome,rome:60:309-0-s267:p0,2,12,False,6000,41412,25362,6000,5.902,3.227,0.0,24,9,5,0,derived_from_native_gap_count,74,18150,0.004077134986225896,0.4444444444444444,64,10065,0.006358668653750621,0.0,True,1996,
rome,rome:60:309-0-s61:p0,2,12,False,3024,7050,3024,3024,1.3313492063492063,,0.0,24,1,0,0,derived_from_native_gap_count,0,2013,0.0,1.0,,,,,True,2013,
rome,rome:60:309-0-s61:p1,2,12,False,3696,18972,18972,3696,4.133116883116883,4.133116883116883,0.0,24,4,4,0,derived_from_native_gap_count,69,8052,0.00856929955290611,0.0,69,8052,0.00856929955290611,0.0,True,1990,
rome,rome:60:326-0-s63:p0,2,12,False,17772,55248,47316,16020,2.108710330857529,1.662390276839973,0.09858203916272788,24,10,8,2,derived_from_native_gap_count,232,20130,0.011525086934923,0.2,222,16104,0.013785394932935917,0.0,True,1954,1531
rome,rome:60:326-0-s63:p1,2,12,False,10296,29334,29334,10296,1.849067599067599,1.849067599067599,0.0,24,5,5,0,derived_from_native_gap_count,91,10065,0.009041231992051665,0.0,91,10065,0.009041231992051665,0.0,True,1989,
rome,rome:60:326-0-s82:p0,2,12,False,588,40326,4098,588,67.58163265306122,5.969387755102041,0.0,24,10,1,0,derived_from_native_gap_count,49,20163,0.0024301939195556215,0.9,43,2013,0.02136115250869349,0.0,True,1970,
rome,rome:60:329-0-s52:p0,2,12,False,3324,47910,23286,3324,13.413357400722022,6.005415162454874,0.0,24,11,5,0,derived_from_native_gap_count,129,23067,0.005592404734035636,0.5454545454545454,113,10659,0.01060136973449667,0.0,True,1972,
rome,rome:60:329-0-s55:p0,2,12,False,16128,50466,33522,14898,2.129092261904762,1.0784970238095237,0.07626488095238096,24,9,5,1,derived_from_native_gap_count,268,18777,0.014272780529371039,0.4444444444444444,261,10263,0.02543116047939199,0.0,True,1851,1520
rome,rome:60:329-0-s55:p1,2,12,False,2472,56214,25236,2472,21.740291262135923,9.20873786407767,0.0,24,9,2,0,derived_from_native_gap_count,81,27357,0.0029608509705011513,0.7777777777777778,72,11814,0.006094464195022855,0.0,True,2046,
rome,rome:60:336-0-s227:p0,2,12,False,8030,41244,25280,8030,4.136239103362391,2.148194271481943,0.0,24,9,5,0,derived_from_native_gap_count,302,18117,0.01666942650549208,0.4444444444444444,288,10065,0.028614008941877794,0.0,True,1825,
rome,rome:60:336-0-s227:p1,2,12,False,2880,42210,18194,2880,13.65625,5.317361111111111,0.0,24,10,4,0,derived_from_native_gap_count,93,20130,0.004619970193740686,0.6,79,8052,0.009811227024341779,0.0,True,1988,
rome,rome:60:353-0-s131:p0,2,12,False,10392,52110,14538,8172,4.014434180138569,0.3989607390300231,0.21362586605080833,24,10,1,2,derived_from_native_gap_count,16,20955,0.000763540921021236,0.9,12,2145,0.005594405594405594,0.0,True,2013,1478
rome,rome:60:353-0-s219:p0,2,12,False,9420,54042,20418,6810,4.736942675159236,1.167515923566879,0.2770700636942675,24,11,3,1,derived_from_native_gap_count,148,23199,0.006379585326953748,0.7272727272727273,145,6369,0.022766525357198933,0.0,True,1988,1350
rome,rome:60:360-0-s126:p0,2,12,False,14280,28020,15942,11724,0.9621848739495799,0.11638655462184874,0.17899159663865546,24,4,1,1,derived_from_native_gap_count,197,8052,0.02446597118728266,0.75,197,2013,0.09786388474913064,0.0,True,1816,1437
rome,rome:60:366-0-s105:p0,2,12,False,3750,34748,18824,3750,8.266133333333334,4.019733333333333,0.0,24,8,4,0,derived_from_native_gap_count,121,16104,0.007513661202185792,0.5,103,8052,0.012791852955787383,0.0,True,1974,
rome,rome:60:43-1-s109:p0,2,12,False,10224,47202,24696,10224,3.6167840375586855,1.4154929577464788,0.0,24,9,4,0,derived_from_native_gap_count,312,20361,0.015323412406070429,0.5555555555555556,312,9108,0.034255599472990776,0.0,True,1908,
rome,rome:60:43-1-s80:p0,2,12,False,5190,30312,5190,5040,4.840462427745665,,0.028901734104046242,24,6,0,1,derived_from_native_gap_count,9,12606,0.0007139457401237506,1.0,,,,,True,2013,1569
rome,rome:60:45-0-s4:p0,2,12,False,7212,38538,26274,7212,4.343594009983361,2.6430948419301163,0.0,24,8,5,0,derived_from_native_gap_count,123,16401,0.0074995427108103165,0.375,122,10263,0.011887362369677482,0.0,True,2001,
rome,rome:60:45-0-s4:p1,2,12,False,408,37446,408,408,90.77941176470588,,0.0,24,9,0,0,derived_from_native_gap_count,10,18579,0.0005382421012971634,1.0,,,,,True,2012,
rome,rome:60:46-0-s41:p0,2,12,False,1788,37968,5586,1788,20.23489932885906,2.1241610738255035,0.0,24,9,1,0,derived_from_native_gap_count,21,18216,0.001152832674571805,0.8888888888888888,19,2013,0.009438648782911079,0.0,True,1994,
rome,rome:60:46-0-s41:p1,2,12,False,1428,42018,5118,1428,28.42436974789916,2.5840336134453783,0.0,24,10,1,0,derived_from_native_gap_count,44,20559,0.002140181915462814,0.9,28,2013,0.013909587680079483,0.0,True,1985,
rome,rome:60:46-0-s49:p0,2,12,False,11352,51444,15246,7416,3.531712473572939,0.3430232558139535,0.346723044397463,24,10,1,1,derived_from_native_gap_count,14,20130,0.0006954793840039742,0.9,11,2013,0.00546448087431694,0.0,True,2002,1322
rome,rome:60:46-0-s56:p0,2,12,False,2352,30732,2352,2352,12.066326530612244,,0.0,24,7,0,0,derived_from_native_gap_count,0,14190,0.0,1.0,,,,,True,2013,
rome,rome:60:46-0-s56:p1,2,12,False,288,32352,288,288,111.33333333333333,,0.0,24,8,0,0,derived_from_native_gap_count,12,16104,0.0007451564828614009,1.0,,,,,True,2006,
rome,rome:60:46-0-s56:p2,2,12,False,1752,29802,5514,1752,16.01027397260274,2.1472602739726026,0.0,24,7,1,0,derived_from_native_gap_count,22,14157,0.001554001554001554,0.8571428571428571,22,2013,0.01092896174863388,0.0,True,1991,
rome,rome:60:46-0-s56:p3,2,12,False,660,32658,4494,660,48.481818181818184,5.8090909090909095,0.0,24,8,1,0,derived_from_native_gap_count,23,16137,0.0014252959038235113,0.875,16,2013,0.007948335817188276,0.0,True,1997,
rome,rome:60:46-0-s65:p0,2,12,False,14100,33882,17886,9996,1.4029787234042552,0.26851063829787236,0.29106382978723405,24,5,1,1,derived_from_native_gap_count,29,10065,0.00288127173373075,0.8,20,2013,0.009935419771485345,0.0,True,1993,1308
rome,rome:60:46-0-s89:p0,2,12,False,2040,33402,17394,2040,15.373529411764705,7.526470588235294,0.0,24,8,4,0,derived_from_native_gap_count,87,16203,0.005369376041473801,0.5,68,8085,0.008410636982065553,0.0,True,1985,
rome,rome:60:47-0-s268:p0,2,12,False,4416,34632,20916,4416,6.842391304347826,3.7364130434782608,0.0,24,7,4,0,derived_from_native_gap_count,111,15774,0.00703689615823507,0.42857142857142855,110,8910,0.012345679012345678,0.0,True,1982,
rome,rome:60:51-1-s193:p0,2,12,False,17402,28298,20048,16634,0.6261349270198828,0.15205148833467416,0.04413285829215033,24,3,1,1,derived_from_native_gap_count,115,6138,0.018735744542196155,0.6666666666666666,115,2013,0.057128663686040734,0.0,True,1898,1586
rome,rome:60:53-0-s98:p0,2,12,False,1640,41320,9342,1640,24.195121951219512,4.696341463414634,0.0,24,10,2,0,derived_from_native_gap_count,58,20130,0.00288127173373075,0.8,35,4026,0.008693492300049677,0.0,True,1994,
rome,rome:60:58-0-s2:p0,2,12,False,8112,24012,11898,5820,1.9600591715976332,0.46671597633136097,0.28254437869822485,24,4,1,1,derived_from_native_gap_count,28,8118,0.0034491254003449125,0.75,20,2013,0.009935419771485345,0.0,True,1993,1239
rome,rome:60:58-0-s8:p0,2,12,False,4788,20544,8634,4788,3.2907268170426067,0.8032581453634086,0.0,24,4,1,0,derived_from_native_gap_count,29,8052,0.003601589667163438,0.75,15,2013,0.007451564828614009,0.0,True,1998,
rome,rome:60:58-1-s27:p0,2,12,False,3340,11252,3340,3340,2.3688622754491018,,0.0,24,2,0,0,derived_from_native_gap_count,14,4026,0.003477396920019871,1.0,,,,,True,2005,
rome,rome:60:66-0-s9:p0,2,12,False,10176,42840,10176,6066,3.2099056603773586,,0.40389150943396224,24,8,0,1,derived_from_native_gap_count,6,16368,0.00036656891495601173,1.0,,,,,True,2012,1280
rome,rome:60:67-1-s1:p0,2,12,False,7776,46962,12258,7776,5.039351851851852,0.5763888888888888,0.0,24,9,1,0,derived_from_native_gap_count,29,19767,0.0014670916173420347,0.8888888888888888,17,2343,0.007255655142979087,0.0,True,2010,
rome,rome:60:68-0-s112:p0,2,12,False,540,12604,540,540,22.340740740740742,,0.0,24,3,0,0,derived_from_native_gap_count,8,6072,0.0013175230566534915,1.0,,,,,True,2013,
rome,rome:60:68-0-s234:p0,2,12,False,3640,27356,11302,3640,6.515384615384615,2.104945054945055,0.0,24,6,2,0,derived_from_native_gap_count,44,12078,0.0036429872495446266,0.6666666666666666,39,4026,0.009687034277198211,0.0,True,1986,
rome,rome:60:70-0-s118:p0,2,12,False,5570,29452,17384,5570,4.287612208258528,2.1210053859964093,0.0,24,6,3,0,derived_from_native_gap_count,67,12276,0.005457803844900619,0.5,66,6237,0.010582010582010581,0.0,True,1991,
rome,rome:60:70-0-s141:p0,2,12,False,20102,38522,30570,15698,0.9163267336583425,0.5207442045567605,0.21908267834046363,24,5,3,2,derived_from_native_gap_count,171,10065,0.01698956780923994,0.4,161,6039,0.026660043053485676,0.0,True,1898,1395
rome,rome:60:70-0-s152:p0,2,12,False,2370,26288,10062,2370,10.091983122362869,3.2455696202531645,0.0,24,6,2,0,derived_from_native_gap_count,37,12144,0.003046772068511199,0.6666666666666666,36,4026,0.00894187779433681,0.0,True,1991,
rome,rome:60:70-0-s162:p0,2,12,False,1940,34054,1940,1940,16.55360824742268,,0.0,24,8,0,0,derived_from_native_gap_count,16,16137,0.0009915101939641817,1.0,,,,,True,2006,
rome,rome:60:70-0-s172:p0,2,12,False,3450,35084,15048,3450,9.16927536231884,3.3617391304347826,0.0,24,8,3,0,derived_from_native_gap_count,64,16137,0.003966040775856727,0.625,48,6039,0.007948335817188276,0.0,True,1992,
rome,rome:60:70-0-s57:p0,2,12,False,3230,14808,10782,3230,3.584520123839009,2.3380804953560372,0.0,24,3,2,0,derived_from_native_gap_count,50,6039,0.008279516476237788,0.3333333333333333,50,4026,0.012419274714356682,0.0,True,1985,
rome,rome:60:70-0-s57:p1,2,12,False,3900,31112,23260,3900,6.977435897435898,4.964102564102564,0.0,24,7,5,0,derived_from_native_gap_count,97,14091,0.0068838265559577035,0.2857142857142857,77,10065,0.007650273224043716,0.0,True,1992,
rome,rome:60:70-0-s57:p2,2,12,False,3460,42570,22730,3460,11.303468208092486,5.569364161849711,0.0,24,10,5,0,derived_from_native_gap_count,115,20130,0.005712866368604074,0.5,86,10065,0.008544461003477397,0.0,True,1988,
rome,rome:60:70-0-s78:p0,2,12,False,3420,34336,22358,3420,9.039766081871345,5.537426900584795,0.0,24,8,5,0,derived_from_native_gap_count,149,16203,0.009195827933098808,0.375,139,10164,0.013675718221172766,0.0,True,1967,
rome,rome:60:72-0-s234:p0,2,12,False,4320,15904,15904,4320,2.6814814814814816,2.6814814814814816,0.0,24,3,3,0,derived_from_native_gap_count,56,6072,0.00922266139657444,0.0,56,6072,0.00922266139657444,0.0,True,1991,
rome,rome:60:78-0-s44:p0,2,12,False,168,20034,168,168,118.25,,0.0,24,4,0,0,derived_from_native_gap_count,0,9933,0.0,1.0,,,,,True,2013,
rome,rome:60:83-0-s152:p0,2,12,False,1960,25456,13428,1960,11.987755102040817,5.851020408163265,0.0,24,6,3,0,derived_from_native_gap_count,66,12078,0.00546448087431694,0.5,61,6039,0.010101010101010102,0.0,True,1986,
rome,rome:60:83-0-s41:p0,2,12,False,4872,20868,4872,4872,3.2832512315270934,,0.0,24,4,0,0,derived_from_native_gap_count,9,8052,0.0011177347242921013,1.0,,,,,True,2009,
rome,rome:60:83-0-s59:p0,2,12,False,6744,31788,31788,6744,3.713523131672598,3.713523131672598,0.0,24,7,7,0,derived_from_native_gap_count,267,14124,0.018903993203058623,0.0,267,14124,0.018903993203058623,0.0,True,1871,
rome,rome:60:83-0-s95:p0,2,12,False,2940,26904,2940,2940,8.151020408163266,,0.0,24,6,0,0,derived_from_native_gap_count,16,12078,0.001324722636198046,1.0,,,,,True,2004,
rome,rome:60:83-0-s95:p1,2,12,False,756,20778,756,756,26.484126984126984,,0.0,24,5,0,0,derived_from_native_gap_count,9,10065,0.0008941877794336811,1.0,,,,,True,2008,
rome,rome:60:95-0-s137:p0,2,12,False,2844,40110,2844,2844,13.103375527426161,,0.0,24,9,0,0,derived_from_native_gap_count,2,18645,0.00010726736390453205,1.0,,,,,True,2012,
rome,rome:60:96-0-s156:p0,2,12,False,3612,38310,18342,3612,9.606312292358805,4.078073089700997,0.0,24,9,4,0,derived_from_native_gap_count,139,18183,0.007644503107298026,0.5555555555555556,120,8085,0.014842300556586271,0.0,True,1941,
geolife,010-20080916114237-0,3,5,False,21664,21664,21664,21664,,,0.0,10,0,0,0,none,,,,,,,,,True,,
geolife,010-20080917225654-0,3,5,False,17357,17357,17357,17357,,,0.0,16,0,0,0,none,,,,,,,,,True,,
geolife,010-20080921224934-0,3,5,False,18695,18695,18695,18695,,,0.0,35,0,0,0,none,,,,,,,,,True,,
geolife,010-20080922111517-0,3,5,False,21393,21393,21393,21393,,,0.0,12,0,0,0,none,,,,,,,,,True,,
geolife,010-20080922234926-0,3,5,False,18146,18146,18146,18146,,,0.0,35,0,0,0,none,,,,,,,,,True,,
geolife,010-20080923121817-0,3,5,False,21735,21735,21735,21735,,,0.0,12,0,0,0,none,,,,,,,,,True,,
geolife,010-20080923231456-1,3,5,False,19281,19281,19281,19281,,,0.0,58,0,0,0,none,,,,,,,,,True,,
geolife,010-20080924113459-1,3,5,False,21973,21973,21973,21973,,,0.0,14,0,0,0,none,,,,,,,,,True,,
geolife,010-20080924231334-1,3,5,False,17750,17750,17750,17750,,,0.0,26,0,0,0,none,,,,,,,,,True,,
geolife,010-20080925104204-0,3,5,False,21492,21492,21492,21492,,,0.0,19,0,0,0,none,,,,,,,,,True,,
geolife,010-20080925233430-0,3,5,False,18103,18103,18103,18103,,,0.0,31,0,0,0,none,,,,,,,,,True,,
geolife,010-20080926105402-0,3,5,False,21916,21916,21916,21916,,,0.0,15,0,0,0,none,,,,,,,,,True,,
geolife,010-20080927232235-1,3,5,False,16035,16035,16035,16035,,,0.0,22,0,0,0,none,,,,,,,,,True,,
geolife,010-20081005225112-1,3,5,False,17388,17388,17388,17388,,,0.0,59,0,0,0,none,,,,,,,,,True,,
rome,rome:60:103-0-s96:p0,3,12,False,18646,47840,41801,18646,1.5656977367800065,1.2418213021559583,0.0,24,5,4,0,derived_from_native_gap_count,110,10098,0.010893246187363835,0.2,110,8085,0.013605442176870748,0.0,True,1955,
rome,rome:60:104-0-s145:p0,3,12,False,2090,70267,15622,2090,32.620574162679425,6.474641148325359,0.0,24,10,2,0,derived_from_native_gap_count,142,23199,0.006120953489374542,0.8,112,4884,0.02293202293202293,0.0,True,2004,
rome,rome:60:105-0-s77:p0,3,12,False,360,50421,360,360,139.05833333333334,,0.0,24,8,0,0,derived_from_native_gap_count,11,16731,0.0006574621959237344,1.0,,,,,True,2005,
rome,rome:60:109-0-s11:p0,3,12,False,10248,40227,16095,9648,2.925351288056206,0.5705503512880562,0.0585480093676815,24,5,1,1,derived_from_native_gap_count,18,10065,0.0017883755588673621,0.8,16,2013,0.007948335817188276,0.0,True,1997,1435
rome,rome:60:109-0-s11:p1,3,12,False,2208,44352,8079,2208,19.08695652173913,2.6589673913043477,0.0,24,7,1,0,derived_from_native_gap_count,19,14124,0.0013452279807419994,0.8571428571428571,14,2013,0.006954793840039742,0.0,True,1999,
rome,rome:60:109-0-s188:p0,3,12,False,11874,45567,27351,11874,2.837544214249621,1.3034360788276909,0.0,24,6,3,0,derived_from_native_gap_count,264,12111,0.021798365122615803,0.5,264,6039,0.04371584699453552,0.0,True,1831,
rome,rome:60:109-0-s188:p1,3,12,False,2300,38193,14008,2300,15.605652173913043,5.090434782608695,0.0,24,6,2,0,derived_from_native_gap_count,44,12111,0.0036330608537693005,0.6666666666666666,37,4026,0.009190263288623945,0.0,True,1994,
rome,rome:60:109-0-s32:p0,3,12,False,15742,56575,38628,15742,2.5938889594714776,1.453817812222081,0.0,24,7,4,0,derived_from_native_gap_count,144,14091,0.010219288907813498,0.42857142857142855,127,8052,0.015772478887232984,0.0,True,1964,
rome,rome:60:109-0-s40:p0,3,12,False,28662,57555,45549,27342,1.0080594515386225,0.5891773079338497,0.04605400879212895,24,5,3,2,derived_from_native_gap_count,129,10065,0.012816691505216096,0.4,123,6039,0.02036761053154496,0.0,True,1934,1395
rome,rome:60:109-0-s42:p0,3,12,False,26936,64201,58162,26936,1.3834645084645085,1.1592664092664093,0.0,24,7,6,0,derived_from_native_gap_count,490,14157,0.034611852793670975,0.14285714285714285,490,12144,0.040349143610013176,0.0,True,1860,
rome,rome:60:11-0-s11:p0,3,12,False,3040,27352,8909,3040,7.997368421052632,1.9305921052631578,0.0,24,4,1,0,derived_from_native_gap_count,24,8184,0.002932551319648094,0.75,17,2013,0.008445106805762544,0.0,True,1996,
rome,rome:60:11-0-s11:p1,3,12,False,1370,50311,19602,1370,35.723357664233575,13.308029197080291,0.0,24,8,3,0,derived_from_native_gap_count,46,16467,0.0027934657193174227,0.625,38,6204,0.0061250805931656995,0.0,True,2008,
rome,rome:60:11-0-s11:p2,3,12,False,2840,38737,32500,2840,12.639788732394367,10.443661971830986,0.0,24,6,5,0,derived_from_native_gap_count,103,12309,0.008367860914777805,0.16666666666666666,103,10230,0.010068426197458456,0.0,True,1981,
rome,rome:60:11-0-s136:p0,3,12,False,5740,67860,24214,5740,10.822299651567944,3.218466898954704,0.0,24,10,3,0,derived_from_native_gap_count,124,21120,0.005871212121212121,0.7,93,6468,0.01437847866419295,0.0,True,1966,
rome,rome:60:11-0-s186:p0,3,12,False,5680,71942,58795,5680,11.665845070422534,9.351232394366198,0.0,24,10,8,0,derived_from_native_gap_count,185,22704,0.008148343904157857,0.2,183,18315,0.009991809991809993,0.0,True,2005,
rome,rome:60:11-0-s84:p0,3,12,False,3060,21095,15056,3060,5.893790849673203,3.9202614379084966,0.0,24,3,2,0,derived_from_native_gap_count,28,6105,0.004586404586404586,0.3333333333333333,28,4092,0.006842619745845552,0.0,True,1997,
rome,rome:60:124-1-s99:p0,3,12,False,1540,73012,22029,1540,46.41038961038961,13.304545454545455,0.0,24,11,3,0,derived_from_native_gap_count,60,24024,0.0024975024975024975,0.7272727272727273,40,6963,0.0057446502944133275,0.0,True,2013,
rome,rome:60:127-0-s273:p0,3,12,False,15504,27546,15504,13512,0.776702786377709,,0.12848297213622292,24,2,0,1,derived_from_native_gap_count,3,4026,0.0007451564828614009,1.0,,,,,True,2010,1319
rome,rome:60:128-0-s16:p0,3,12,False,690,31508,690,690,44.66376811594203,,0.0,24,5,0,0,derived_from_native_gap_count,7,10296,0.0006798756798756799,1.0,,,,,True,2007,
rome,rome:60:128-0-s16:p1,3,12,False,1520,31345,13238,1520,19.62171052631579,7.70921052631579,0.0,24,5,2,0,derived_from_native_gap_count,37,10065,0.0036761053154495777,0.6,36,4026,0.00894187779433681,0.0,True,1989,
rome,rome:60:128-0-s65:p0,3,12,False,1704,31047,13098,1704,17.220070422535212,6.686619718309859,0.0,24,5,2,0,derived_from_native_gap_count,71,10065,0.007054148037754595,0.6,57,4026,0.014157973174366617,0.0,True,1981,
rome,rome:60:128-0-s82:p0,3,12,False,21024,47922,35793,21024,1.2793949771689497,0.7024828767123288,0.0,24,5,3,0,derived_from_native_gap_count,283,10098,0.02802535155476332,0.4,279,6039,0.046199701937406856,0.0,True,1876,
rome,rome:60:128-0-s82:p1,3,12,False,2592,38217,20061,2592,13.744212962962964,6.739583333333333,0.0,24,6,3,0,derived_from_native_gap_count,59,12111,0.004871604326645199,0.5,54,6039,0.00894187779433681,0.0,True,1985,
rome,rome:60:128-0-s82:p2,3,12,False,612,18729,612,612,29.602941176470587,,0.0,24,3,0,0,derived_from_native_gap_count,0,6039,0.0,1.0,,,,,True,2013,
rome,rome:60:134-0-s99:p0,3,12,False,1908,37689,7551,1908,18.75314465408805,2.957547169811321,0.0,24,6,1,0,derived_from_native_gap_count,46,12111,0.003798199983486087,0.8333333333333334,33,2013,0.01639344262295082,0.0,True,1980,
rome,rome:60:137-0-s71:p0,3,12,False,10974,62905,44868,10971,4.732185164935301,3.0885729907053032,0.0002733734281027884,24,9,6,1,derived_from_native_gap_count,242,18117,0.013357619914996965,0.3333333333333333,234,12078,0.019374068554396422,0.0,True,1877,1460
rome,rome:60:137-0-s71:p1,3,12,False,1330,49331,13098,1330,36.09097744360902,8.84812030075188,0.0,24,8,2,0,derived_from_native_gap_count,41,16137,0.0025407448720332158,0.75,31,4026,0.007699950322901143,0.0,True,1993,
rome,rome:60:137-0-s71:p2,3,12,False,2580,32465,8419,2580,11.583333333333334,2.2631782945736436,0.0,24,5,1,0,derived_from_native_gap_count,31,10065,0.003079980129160457,0.8,20,2013,0.009935419771485345,0.0,True,1993,
rome,rome:60:140-0-s121:p0,3,12,False,2364,69600,25011,2364,28.441624365482234,9.57994923857868,0.0,24,11,4,0,derived_from_native_gap_count,139,22968,0.006051898293277604,0.6363636363636364,134,8085,0.016573902288188003,0.0,True,1926,
rome,rome:60:140-0-s121:p1,3,12,False,768,61470,768,768,79.0390625,,0.0,24,10,0,0,derived_from_native_gap_count,7,20262,0.00034547428684236504,1.0,,,,,True,2006,
rome,rome:60:149-0-s182:p0,3,12,False,9940,46408,21431,9940,3.6688128772635813,1.156036217303823,0.0,24,6,2,0,derived_from_native_gap_count,135,12606,0.010709186101856259,0.6666666666666666,128,4257,0.030068123091378907,0.0,True,1899,
rome,rome:60:149-0-s21:p0,3,12,False,1300,57037,1300,1300,42.87461538461538,,0.0,24,9,0,0,derived_from_native_gap_count,0,18579,0.0,1.0,,,,,True,2046,
rome,rome:60:149-0-s21:p1,3,12,False,110,61688,110,110,559.8,,0.0,24,10,0,0,derived_from_native_gap_count,0,20526,0.0,1.0,,,,,True,2013,
rome,rome:60:149-0-s21:p2,3,12,False,160,49363,160,160,307.51875,,0.0,24,8,0,0,derived_from_native_gap_count,0,16401,0.0,1.0,,,,,True,2013,
rome,rome:60:149-0-s21:p3,3,12,False,750,55801,750,750,73.40133333333333,,0.0,24,9,0,0,derived_from_native_gap_count,29,18447,0.0015720713395132,1.0,,,,,True,2005,
rome,rome:60:150-0-s108:p0,3,12,False,2380,57778,8289,2380,23.276470588235295,2.4827731092436975,0.0,24,9,1,0,derived_from_native_gap_count,24,18546,0.0012940795858945326,0.8888888888888888,13,2013,0.006458022851465474,0.0,True,2000,
rome,rome:60:153-0-s12:p0,3,12,False,912,31023,912,912,33.016447368421055,,0.0,24,5,0,0,derived_from_native_gap_count,7,10065,0.0006954793840039742,1.0,,,,,True,2006,
rome,rome:60:153-0-s12:p1,3,12,False,1200,43572,1200,1200,35.31,,0.0,24,7,0,0,derived_from_native_gap_count,0,14124,0.0,1.0,,,,,True,2013,
rome,rome:60:153-0-s15:p0,3,12,False,1476,31935,1476,1476,20.63617886178862,,0.0,24,5,0,0,derived_from_native_gap_count,11,10197,0.0010787486515641855,1.0,,,,,True,2005,
rome,rome:60:153-0-s15:p1,3,12,False,4128,56775,38706,4128,12.753633720930232,8.376453488372093,0.0,24,9,6,0,derived_from_native_gap_count,142,18117,0.007837942264171772,0.3333333333333333,138,12078,0.011425732737208148,0.0,True,1981,
rome,rome:60:153-0-s15:p2,3,12,False,8028,58887,46965,8028,6.335201793721973,4.850149476831091,0.0,24,9,7,0,derived_from_native_gap_count,291,18117,0.016062261963901307,0.2222222222222222,278,14091,0.019728904974806616,0.0,True,1929,
rome,rome:60:153-0-s214:p0,3,12,False,7060,25056,18918,7060,2.5490084985835693,1.6796033994334278,0.0,24,3,2,0,derived_from_native_gap_count,22,6072,0.0036231884057971015,0.3333333333333333,22,4026,0.00546448087431694,0.0,True,2002,
rome,rome:60:155-0-s239:p0,3,12,False,2360,56701,26320,2360,23.02584745762712,10.152542372881356,0.0,24,9,4,0,derived_from_native_gap_count,100,18447,0.005420935653493793,0.5555555555555556,79,8250,0.009575757575757576,0.0,True,1997,
rome,rome:60:155-0-s253:p0,3,12,False,4740,53750,16538,4740,10.339662447257384,2.489029535864979,0.0,24,8,2,0,derived_from_native_gap_count,49,16500,0.00296969696969697,0.75,28,4026,0.006954793840039742,0.0,True,1998,
rome,rome:60:155-0-s266:p0,3,12,False,5140,67056,16945,5140,12.04591439688716,2.296692607003891,0.0,24,10,2,0,derived_from_native_gap_count,85,20922,0.004062709110027722,0.8,57,4125,0.013818181818181818,0.0,True,2008,
rome,rome:60:156-0-s76:p0,3,12,False,18972,55158,18972,17988,1.907337128399747,,0.05186590765338393,24,6,0,1,derived_from_native_gap_count,4,12078,0.0003311806590495115,1.0,,,,,True,2011,1403
rome,rome:60:157-0-s98:p0,3,12,False,1896,70305,13437,1896,36.08069620253165,6.087025316455696,0.0,24,11,2,0,derived_from_native_gap_count,66,23067,0.002861230329041488,0.8181818181818182,53,4059,0.013057403301305741,0.0,True,1980,
rome,rome:60:162-0-s40:p0,3,12,False,13124,36917,30581,13124,1.8129381286193234,1.3301584882657727,0.0,24,4,3,0,derived_from_native_gap_count,55,8151,0.006747638326585695,0.25,55,6039,0.009107468123861567,0.0,True,1989,
rome,rome:60:162-0-s40:p1,3,12,False,3840,48171,35184,3840,11.54453125,8.1625,0.0,24,7,5,0,derived_from_native_gap_count,142,15345,0.009253828608667318,0.2857142857142857,127,10956,0.011591821832785688,0.0,True,1985,
rome,rome:60:163-0-s105:p0,3,12,False,11076,34827,16827,9492,2.1443661971830985,0.5192307692307693,0.14301191765980498,24,4,1,1,derived_from_native_gap_count,42,8085,0.005194805194805195,0.75,24,2013,0.011922503725782414,0.0,True,1989,1353
rome,rome:60:167-0-s26:p0,3,12,False,7368,42858,24741,7368,4.8167752442996745,2.357899022801303,0.0,24,6,3,0,derived_from_native_gap_count,62,12078,0.005133300215267428,0.5,62,6039,0.010266600430534857,0.0,True,1988,
rome,rome:60:167-0-s73:p0,3,12,False,4632,40350,16194,4632,7.711139896373057,2.4961139896373057,0.0,24,6,2,0,derived_from_native_gap_count,43,12078,0.0035601920847822487,0.6666666666666666,43,4026,0.010680576254346746,0.0,True,1985,
rome,rome:60:172-0-s6:p0,3,12,False,200,39107,200,200,194.535,,0.0,24,6,0,0,derived_from_native_gap_count,0,12969,0.0,1.0,,,,,True,2013,
rome,rome:60:178-0-s37:p0,3,12,False,768,37596,768,768,47.953125,,0.0,24,6,0,0,derived_from_native_gap_count,0,12276,0.0,1.0,,,,,True,2013,
rome,rome:60:178-1-s43:p0,3,12,False,13040,42713,24569,13040,2.275536809815951,0.8841257668711656,0.0,24,5,2,0,derived_from_native_gap_count,60,10131,0.005922416345869114,0.6,54,4059,0.013303769401330377,0.0,True,1990,
rome,rome:60:185-0-s124:p0,3,12,False,880,13280,7142,880,14.090909090909092,7.115909090909091,0.0,24,2,1,0,derived_from_native_gap_count,47,4290,0.010955710955710955,0.5,47,2244,0.02094474153297683,0.0,True,2046,
rome,rome:60:185-0-s150:p0,3,12,False,12626,37130,18449,11959,1.9407571677490891,0.46119119277680976,0.052827498811975286,24,4,1,1,derived_from_native_gap_count,37,8316,0.004449254449254449,0.75,18,2013,0.00894187779433681,0.0,True,1995,1019
rome,rome:60:193-0-s204:p0,3,12,False,80,18197,80,80,226.4625,,0.0,24,3,0,0,derived_from_native_gap_count,0,6039,0.0,1.0,,,,,True,2013,
rome,rome:60:213-0-s41:p0,3,12,False,4608,46641,4608,4608,9.121744791666666,,0.0,24,7,0,0,derived_from_native_gap_count,20,14091,0.0014193456816407636,1.0,,,,,True,2004,
rome,rome:60:213-0-s41:p1,3,12,False,3024,38478,20601,3024,11.72420634920635,5.8125,0.0,24,6,3,0,derived_from_native_gap_count,65,12078,0.0053816857095545624,0.5,45,6039,0.007451564828614009,0.0,True,1995,
rome,rome:60:213-0-s66:p0,3,12,False,8904,39942,8904,6063,3.4858490566037736,,0.3190700808625337,24,5,0,1,derived_from_native_gap_count,4,10362,0.0003860258637328701,1.0,,,,,True,2011,976
rome,rome:60:214-0-s203:p0,3,12,False,10332,42000,16728,9192,3.065040650406504,0.6190476190476191,0.11033681765389082,24,5,1,1,derived_from_native_gap_count,67,10824,0.006189948263118995,0.8,61,2376,0.025673400673400674,0.0,True,2007,1390
rome,rome:60:214-0-s203:p1,3,12,False,7512,56109,7512,7512,6.469249201277956,,0.0,24,8,0,0,derived_from_native_gap_count,1,16203,6.171696599395174e-05,1.0,,,,,True,2012,
rome,rome:60:214-0-s220:p0,3,12,False,10464,22542,10464,9792,1.154243119266055,,0.06422018348623854,24,2,0,1,derived_from_native_gap_count,0,4026,0.0,1.0,,,,,True,2013,1429
rome,rome:60:229-0-s172:p0,3,12,False,8304,70084,57977,8304,7.439788053949903,5.981815992292871,0.0,24,10,8,0,derived_from_native_gap_count,343,21846,0.015700814794470382,0.2,336,17787,0.018890200708382526,0.0,True,1987,
rome,rome:60:234-0-s260:p0,3,12,False,9876,50938,38940,9183,4.157756176589713,2.942891859052248,0.07017010935601459,24,7,5,1,derived_from_native_gap_count,131,14124,0.009274992919852733,0.2857142857142857,123,10098,0.01218062982768865,0.0,True,1980,1353
rome,rome:60:24-0-s158:p0,3,12,False,1932,62502,13650,1932,31.350931677018632,6.065217391304348,0.0,24,10,2,0,derived_from_native_gap_count,51,20394,0.0025007355104442485,0.8,30,4026,0.007451564828614009,0.0,True,1994,
rome,rome:60:24-0-s158:p1,3,12,False,4044,70821,44208,4044,16.512611275964392,9.931750741839762,0.0,24,10,6,0,derived_from_native_gap_count,136,22803,0.00596412752707977,0.4,118,13860,0.008513708513708513,0.0,True,1989,
rome,rome:60:24-0-s158:p2,3,12,False,1596,68877,14949,1596,42.15601503759399,8.36654135338346,0.0,24,10,2,0,derived_from_native_gap_count,61,22671,0.0026906620793083675,0.8,34,4587,0.007412252016568564,0.0,True,2012,
rome,rome:60:24-0-s158:p3,3,12,False,4128,45591,27003,4128,10.044331395348838,5.5414244186046515,0.0,24,7,4,0,derived_from_native_gap_count,117,14289,0.008188116733151375,0.42857142857142855,115,8085,0.01422387136672851,0.0,True,1977,
rome,rome:60:24-0-s50:p0,3,12,False,9448,79629,61453,9448,7.428132938187976,5.5043395427603725,0.0,24,12,9,0,derived_from_native_gap_count,298,24387,0.01221962521015295,0.25,294,18315,0.016052416052416054,0.0,True,1932,
rome,rome:60:24-0-s50:p1,3,12,False,2720,77798,34628,2720,27.60220588235294,11.730882352941176,0.0,24,12,5,0,derived_from_native_gap_count,135,25476,0.0052991050400376825,0.5833333333333334,96,10956,0.008762322015334063,0.0,True,1986,
rome,rome:60:24-0-s50:p2,3,12,False,770,79839,8065,770,102.68701298701299,9.474025974025974,0.0,24,12,1,0,derived_from_native_gap_count,23,26433,0.0008701244656300836,0.9166666666666666,13,2475,0.0052525252525252525,0.0,True,2046,
rome,rome:60:24-0-s50:p3,3,12,False,1350,57625,13346,1350,41.68518518518518,8.885925925925926,0.0,24,9,2,0,derived_from_native_gap_count,65,18975,0.0034255599472990776,0.7777777777777778,28,4092,0.006842619745845552,0.0,True,2000,
rome,rome:60:24-0-s50:p4,3,12,False,2260,70491,31369,2260,30.19070796460177,12.88008849557522,0.0,24,10,4,0,derived_from_native_gap_count,97,23067,0.004205141544197338,0.6,69,9933,0.00694654183026276,0.0,True,2009,
rome,rome:60:243-0-s57:p0,3,12,False,5340,11379,5340,5340,1.1308988764044945,,0.0,24,1,0,0,derived_from_native_gap_count,0,2013,0.0,1.0,,,,,True,2013,
rome,rome:60:243-0-s91:p0,3,12,False,8116,14155,8116,8116,0.7440857565303105,,0.0,24,1,0,0,derived_from_native_gap_count,0,2013,0.0,1.0,,,,,True,2013,
rome,rome:60:243-0-s91:p1,3,12,False,2430,26375,14327,2430,9.853909465020577,4.8958847736625515,0.0,24,4,2,0,derived_from_native_gap_count,31,8085,0.00383426097711812,0.5,28,4059,0.006898250800689825,0.0,True,1998,
rome,rome:60:243-0-s94:p0,3,12,False,8756,26702,14635,8756,2.0495660118775696,0.6714253083599817,0.0,24,3,1,0,derived_from_native_gap_count,27,6072,0.004446640316205534,0.6666666666666666,16,2013,0.007948335817188276,0.0,True,1997,
rome,rome:60:249-0-s139:p0,3,12,False,29036,55379,37370,29036,0.9072530651604904,0.28702300592368096,0.0,24,5,2,0,derived_from_native_gap_count,321,10065,0.03189269746646796,0.6,312,4026,0.07749627421758569,0.0,True,1830,
rome,rome:60:254-0-s329:p0,3,12,False,7670,54139,31123,7670,6.058539765319426,3.0577574967405474,0.0,24,7,4,0,derived_from_native_gap_count,214,16203,0.013207430722705672,0.42857142857142855,199,8481,0.023464214125692724,0.0,True,1904,
rome,rome:60:256-0-s375:p0,3,12,False,8940,37938,19905,8940,3.2436241610738255,1.226510067114094,0.0,24,5,2,0,derived_from_native_gap_count,108,10098,0.0106951871657754,0.6,101,4059,0.024882976102488297,0.0,True,1966,
rome,rome:60:257-0-s123:p0,3,12,False,7824,43374,13299,7824,4.543711656441718,0.6997699386503068,0.0,24,6,1,0,derived_from_native_gap_count,57,12078,0.004719324391455539,0.8333333333333334,47,2013,0.02334823646299056,0.0,True,1966,
rome,rome:60:257-0-s123:p1,3,12,False,15648,75207,38412,15396,3.8061733128834354,1.4547546012269938,0.016104294478527608,24,9,4,1,derived_from_native_gap_count,127,20361,0.006237414665291489,0.5555555555555556,116,8052,0.014406358668653751,0.0,True,1982,1464
rome,rome:60:260-0-s115:p0,3,12,False,26718,77740,47278,24040,1.9096489258178007,0.7695186765476458,0.1002320532974025,24,9,4,2,derived_from_native_gap_count,370,18348,0.020165685633311534,0.5555555555555556,367,8184,0.0448435972629521,0.0,True,1866,1301
rome,rome:60:260-0-s14:p0,3,12,False,5412,33387,9315,5412,5.169068736141907,0.7211751662971175,0.0,24,5,1,0,derived_from_native_gap_count,185,10065,0.01838052657724789,0.8,178,2013,0.08842523596621957,0.0,True,1835,
rome,rome:60:268-0-s46:p0,3,12,False,9360,39630,9360,9360,3.233974358974359,,0.0,24,5,0,0,derived_from_native_gap_count,2,10098,0.00019805902158843335,1.0,,,,,True,2011,
rome,rome:60:275-0-s235:p0,3,12,False,7980,13482,13482,7980,0.6894736842105263,0.6894736842105263,0.0,24,1,1,0,derived_from_native_gap_count,53,2046,0.025904203323558164,0.0,53,2046,0.025904203323558164,0.0,True,1993,
rome,rome:60:275-0-s290:p0,3,12,False,4500,10251,10251,4500,1.278,1.278,0.0,24,1,1,0,derived_from_native_gap_count,24,2013,0.011922503725782414,0.0,24,2013,0.011922503725782414,0.0,True,1989,
rome,rome:60:275-0-s376:p0,3,12,False,23030,40409,40409,23030,0.7546244029526704,0.7546244029526704,0.0,24,3,3,0,derived_from_native_gap_count,78,6105,0.012776412776412777,0.0,78,6105,0.012776412776412777,0.0,True,1976,
rome,rome:60:289-0-s12:p0,3,12,False,10680,51705,45567,10680,3.841292134831461,3.266573033707865,0.0,24,7,6,0,derived_from_native_gap_count,170,14355,0.011842563566701497,0.14285714285714285,170,12309,0.01381103257778861,0.0,True,1987,
rome,rome:60:289-0-s30:p0,3,12,False,5280,58107,52188,5280,10.005113636363637,8.88409090909091,0.0,24,9,8,0,derived_from_native_gap_count,127,18117,0.007009990616547994,0.1111111111111111,117,16104,0.007265275707898659,0.0,True,1995,
rome,rome:60:289-0-s77:p0,3,12,False,14484,55689,49650,14424,2.844863297431649,2.427920463960232,0.004142502071251036,24,7,6,1,derived_from_native_gap_count,122,14223,0.008577655909442452,0.14285714285714285,122,12210,0.009991809991809993,0.0,True,1985,1381
rome,rome:60:289-0-s94:p0,3,12,False,20172,59064,34833,20172,1.928019036287924,0.7267995240928019,0.0,24,7,3,0,derived_from_native_gap_count,290,14124,0.020532427074483148,0.5714285714285714,288,6039,0.04769001490312966,0.0,True,1817,
rome,rome:60:290-0-s103:p0,3,12,False,23776,41557,29479,23776,0.7478549798115747,0.23986372812920592,0.0,24,3,1,0,derived_from_native_gap_count,28,6039,0.004636529226693161,0.6666666666666666,28,2013,0.013909587680079483,0.0,True,1985,
rome,rome:60:290-0-s103:p1,3,12,False,2052,25896,7779,2052,11.619883040935672,2.7909356725146197,0.0,24,4,1,0,derived_from_native_gap_count,26,8052,0.003229011425732737,0.75,26,2013,0.012916045702930949,0.0,True,1987,
rome,rome:60:290-0-s119:p0,3,12,False,2556,26511,8478,2556,9.37206572769953,2.316901408450704,0.0,24,4,1,0,derived_from_native_gap_count,25,8085,0.0030921459492888066,0.75,18,2046,0.008797653958944282,0.0,True,2006,
rome,rome:60:290-0-s34:p0,3,12,False,2940,38262,20349,2940,12.014285714285714,5.921428571428572,0.0,24,6,3,0,derived_from_native_gap_count,76,12078,0.006292432521940719,0.5,59,6039,0.00976982944196059,0.0,True,1985,
rome,rome:60:290-0-s36:p0,3,12,False,3036,45303,33309,3036,13.921936758893281,9.971343873517787,0.0,24,7,5,0,derived_from_native_gap_count,83,14421,0.00575549545801262,0.2857142857142857,76,10395,0.007311207311207311,0.0,True,1991,
rome,rome:60:290-0-s36:p1,3,12,False,4776,16569,10638,4776,2.4692211055276383,1.2273869346733668,0.0,24,2,1,0,derived_from_native_gap_count,32,4059,0.007883715200788372,0.5,23,2046,0.011241446725317693,0.0,True,2004,
rome,rome:60:290-0-s36:p2,3,12,False,5712,46647,40608,5712,7.1664915966386555,6.109243697478991,0.0,24,7,6,0,derived_from_native_gap_count,128,14157,0.009041463586918132,0.14285714285714285,128,12144,0.010540184453227932,0.0,True,1979,
rome,rome:60:293-0-s42:p0,3,12,False,5340,34467,16350,5340,5.454494382022472,2.061797752808989,0.0,24,5,2,0,derived_from_native_gap_count,89,10065,0.008842523596621958,0.6,89,4026,0.022106308991554892,0.0,True,1950,
rome,rome:60:297-1-s52:p0,3,12,False,7104,85950,59235,7104,11.098817567567568,7.338260135135135,0.0,24,12,8,0,derived_from_native_gap_count,211,27126,0.0077785150777851505,0.3333333333333333,185,18117,0.010211403654026605,0.0,True,2016,
rome,rome:60:297-1-s52:p1,3,12,False,4896,71424,52026,4896,13.588235294117647,9.626225490196079,0.0,24,10,7,0,derived_from_native_gap_count,165,22836,0.0072254335260115606,0.3,148,16302,0.009078640657588026,0.0,True,2004,
rome,rome:60:306-0-s25:p0,3,12,False,31620,66324,66324,31602,1.0975332068311194,1.0975332068311194,0.0005692599620493358,24,7,7,1,derived_from_native_gap_count,639,14124,0.04524214103653356,0.0,639,14124,0.04524214103653356,0.0,True,1823,1434
rome,rome:60:306-0-s68:p0,3,12,False,16956,46488,46488,16956,1.7416843595187543,1.7416843595187543,0.0,24,6,6,0,derived_from_native_gap_count,575,12144,0.04734848484848485,0.0,575,12144,0.04734848484848485,0.0,True,1845,
rome,rome:60:309-0-s267:p0,3,12,False,6000,59562,35427,6000,8.927,4.9045,0.0,24,9,5,0,derived_from_native_gap_count,74,18150,0.004077134986225896,0.4444444444444444,64,10065,0.006358668653750621,0.0,True,1996,
rome,rome:60:309-0-s61:p0,3,12,False,3024,9063,3024,3024,1.9970238095238095,,0.0,24,1,0,0,derived_from_native_gap_count,0,2013,0.0,1.0,,,,,True,2013,
rome,rome:60:309-0-s61:p1,3,12,False,3696,27024,27024,3696,6.311688311688312,6.311688311688312,0.0,24,4,4,0,derived_from_native_gap_count,69,8052,0.00856929955290611,0.0,69,8052,0.00856929955290611,0.0,True,1990,
rome,rome:60:326-0-s63:p0,3,12,False,17772,75378,63420,17772,3.2413909520594193,2.5685347738014856,0.0,24,10,8,0,derived_from_native_gap_count,232,20130,0.011525086934923,0.2,222,16104,0.013785394932935917,0.0,True,1954,
rome,rome:60:326-0-s63:p1,3,12,False,10296,39399,39399,10296,2.8266317016317015,2.8266317016317015,0.0,24,5,5,0,derived_from_native_gap_count,91,10065,0.009041231992051665,0.0,91,10065,0.009041231992051665,0.0,True,1989,
rome,rome:60:326-0-s82:p0,3,12,False,588,60489,6111,588,101.87244897959184,9.392857142857142,0.0,24,10,1,0,derived_from_native_gap_count,49,20163,0.0024301939195556215,0.9,43,2013,0.02136115250869349,0.0,True,1970,
rome,rome:60:329-0-s52:p0,3,12,False,3324,70977,33945,3324,20.3528880866426,9.212093862815884,0.0,24,11,5,0,derived_from_native_gap_count,129,23067,0.005592404734035636,0.5454545454545454,113,10659,0.01060136973449667,0.0,True,1972,
rome,rome:60:329-0-s55:p0,3,12,False,16128,69243,43785,16128,3.2933407738095237,1.71484375,0.0,24,9,5,0,derived_from_native_gap_count,268,18777,0.014272780529371039,0.4444444444444444,261,10263,0.02543116047939199,0.0,True,1851,
rome,rome:60:329-0-s55:p1,3,12,False,2472,83571,37050,2472,32.807038834951456,13.987864077669903,0.0,24,9,2,0,derived_from_native_gap_count,81,27357,0.0029608509705011513,0.7777777777777778,72,11814,0.006094464195022855,0.0,True,2046,
rome,rome:60:336-0-s227:p0,3,12,False,8030,59361,35345,8030,6.392403486924035,3.4016189290161893,0.0,24,9,5,0,derived_from_native_gap_count,302,18117,0.01666942650549208,0.4444444444444444,288,10065,0.028614008941877794,0.0,True,1825,
rome,rome:60:336-0-s227:p1,3,12,False,2880,62340,26246,2880,20.645833333333332,8.113194444444444,0.0,24,10,4,0,derived_from_native_gap_count,93,20130,0.004619970193740686,0.6,79,8052,0.009811227024341779,0.0,True,1988,
rome,rome:60:353-0-s131:p0,3,12,False,10392,73065,16683,10392,6.030889145496536,0.6053695150115473,0.0,24,10,1,0,derived_from_native_gap_count,16,20955,0.000763540921021236,0.9,12,2145,0.005594405594405594,0.0,True,2013,
rome,rome:60:353-0-s219:p0,3,12,False,9420,77241,26787,8691,7.1996815286624205,1.8436305732484077,0.07738853503184713,24,11,3,1,derived_from_native_gap_count,148,23199,0.006379585326953748,0.7272727272727273,145,6369,0.022766525357198933,0.0,True,1988,1350
rome,rome:60:360-0-s126:p0,3,12,False,14280,36072,17955,13704,1.5260504201680671,0.25735294117647056,0.040336134453781515,24,4,1,1,derived_from_native_gap_count,197,8052,0.02446597118728266,0.75,197,2013,0.09786388474913064,0.0,True,1816,1437
rome,rome:60:366-0-s105:p0,3,12,False,3750,50852,26876,3750,12.560533333333334,6.166933333333334,0.0,24,8,4,0,derived_from_native_gap_count,121,16104,0.007513661202185792,0.5,103,8052,0.012791852955787383,0.0,True,1974,
rome,rome:60:43-1-s109:p0,3,12,False,10224,67563,33804,10224,5.608274647887324,2.306338028169014,0.0,24,9,4,0,derived_from_native_gap_count,312,20361,0.015323412406070429,0.5555555555555556,312,9108,0.034255599472990776,0.0,True,1908,
rome,rome:60:43-1-s80:p0,3,12,False,5190,42918,5190,5190,7.269364161849711,,0.0,24,6,0,0,derived_from_native_gap_count,9,12606,0.0007139457401237506,1.0,,,,,True,2013,
rome,rome:60:45-0-s4:p0,3,12,False,7212,54939,36537,7212,6.617720465890183,4.066139767054908,0.0,24,8,5,0,derived_from_native_gap_count,123,16401,0.0074995427108103165,0.375,122,10263,0.011887362369677482,0.0,True,2001,
rome,rome:60:45-0-s4:p1,3,12,False,408,56025,408,408,136.31617647058823,,0.0,24,9,0,0,derived_from_native_gap_count,10,18579,0.0005382421012971634,1.0,,,,,True,2012,
rome,rome:60:46-0-s41:p0,3,12,False,1788,56184,7599,1788,30.42281879194631,3.25,0.0,24,9,1,0,derived_from_native_gap_count,21,18216,0.001152832674571805,0.8888888888888888,19,2013,0.009438648782911079,0.0,True,1994,
rome,rome:60:46-0-s41:p1,3,12,False,1428,62577,7131,1428,42.82142857142857,3.9936974789915967,0.0,24,10,1,0,derived_from_native_gap_count,44,20559,0.002140181915462814,0.9,28,2013,0.013909587680079483,0.0,True,1985,
rome,rome:60:46-0-s49:p0,3,12,False,11352,71574,17259,9396,5.304968287526427,0.5203488372093024,0.17230443974630022,24,10,1,1,derived_from_native_gap_count,14,20130,0.0006954793840039742,0.9,11,2013,0.00546448087431694,0.0,True,2002,1322
rome,rome:60:46-0-s56:p0,3,12,False,2352,44922,2352,2352,18.099489795918366,,0.0,24,7,0,0,derived_from_native_gap_count,0,14190,0.0,1.0,,,,,True,2013,
rome,rome:60:46-0-s56:p1,3,12,False,288,48456,288,288,167.25,,0.0,24,8,0,0,derived_from_native_gap_count,12,16104,0.0007451564828614009,1.0,,,,,True,2006,
rome,rome:60:46-0-s56:p2,3,12,False,1752,43959,7527,1752,24.090753424657535,3.296232876712329,0.0,24,7,1,0,derived_from_native_gap_count,22,14157,0.001554001554001554,0.8571428571428571,22,2013,0.01092896174863388,0.0,True,1991,
rome,rome:60:46-0-s56:p3,3,12,False,660,48795,6507,660,72.93181818181819,8.85909090909091,0.0,24,8,1,0,derived_from_native_gap_count,23,16137,0.0014252959038235113,0.875,16,2013,0.007948335817188276,0.0,True,1997,
rome,rome:60:46-0-s65:p0,3,12,False,14100,43947,19899,11976,2.1168085106382977,0.41127659574468084,0.15063829787234043,24,5,1,1,derived_from_native_gap_count,29,10065,0.00288127173373075,0.8,20,2013,0.009935419771485345,0.0,True,1993,1308
rome,rome:60:46-0-s89:p0,3,12,False,2040,49605,25479,2040,23.316176470588236,11.489705882352942,0.0,24,8,4,0,derived_from_native_gap_count,87,16203,0.005369376041473801,0.5,68,8085,0.008410636982065553,0.0,True,1985,
rome,rome:60:47-0-s268:p0,3,12,False,4416,50406,29826,4416,10.414402173913043,5.7540760869565215,0.0,24,7,4,0,derived_from_native_gap_count,111,15774,0.00703689615823507,0.42857142857142855,110,8910,0.012345679012345678,0.0,True,1982,
rome,rome:60:51-1-s193:p0,3,12,False,17402,34436,22061,17402,0.978853005401678,0.26772784737386507,0.0,24,3,1,0,derived_from_native_gap_count,115,6138,0.018735744542196155,0.6666666666666666,115,2013,0.057128663686040734,0.0,True,1898,
rome,rome:60:53-0-s98:p0,3,12,False,1640,61450,13368,1640,36.46951219512195,7.151219512195122,0.0,24,10,2,0,derived_from_native_gap_count,58,20130,0.00288127173373075,0.8,35,4026,0.008693492300049677,0.0,True,1994,
rome,rome:60:58-0-s2:p0,3,12,False,8112,32130,13911,7536,2.9607988165680474,0.7148668639053254,0.07100591715976332,24,4,1,1,derived_from_native_gap_count,28,8118,0.0034491254003449125,0.75,20,2013,0.009935419771485345,0.0,True,1993,1239
rome,rome:60:58-0-s8:p0,3,12,False,4788,28596,10647,4788,4.972431077694235,1.2236842105263157,0.0,24,4,1,0,derived_from_native_gap_count,29,8052,0.003601589667163438,0.75,15,2013,0.007451564828614009,0.0,True,1998,
rome,rome:60:58-1-s27:p0,3,12,False,3340,15278,3340,3340,3.574251497005988,,0.0,24,2,0,0,derived_from_native_gap_count,14,4026,0.003477396920019871,1.0,,,,,True,2005,
rome,rome:60:66-0-s9:p0,3,12,False,10176,59208,10176,8013,4.818396226415095,,0.21255896226415094,24,8,0,1,derived_from_native_gap_count,6,16368,0.00036656891495601173,1.0,,,,,True,2012,1280
rome,rome:60:67-1-s1:p0,3,12,False,7776,66729,14601,7776,7.581404320987654,0.8777006172839507,0.0,24,9,1,0,derived_from_native_gap_count,29,19767,0.0014670916173420347,0.8888888888888888,17,2343,0.007255655142979087,0.0,True,2010,
rome,rome:60:68-0-s112:p0,3,12,False,540,18676,540,540,33.58518518518518,,0.0,24,3,0,0,derived_from_native_gap_count,8,6072,0.0013175230566534915,1.0,,,,,True,2013,
rome,rome:60:68-0-s234:p0,3,12,False,3640,39434,15328,3640,9.833516483516483,3.210989010989011,0.0,24,6,2,0,derived_from_native_gap_count,44,12078,0.0036429872495446266,0.6666666666666666,39,4026,0.009687034277198211,0.0,True,1986,
rome,rome:60:70-0-s118:p0,3,12,False,5570,41728,23621,5570,6.491561938958707,3.240754039497307,0.0,24,6,3,0,derived_from_native_gap_count,67,12276,0.005457803844900619,0.5,66,6237,0.010582010582010581,0.0,True,1991,
rome,rome:60:70-0-s141:p0,3,12,False,20102,48587,36609,19022,1.417023181772958,0.8211620734255298,0.053725997413192714,24,5,3,1,derived_from_native_gap_count,171,10065,0.01698956780923994,0.4,161,6039,0.026660043053485676,0.0,True,1898,1395
rome,rome:60:70-0-s152:p0,3,12,False,2370,38432,14088,2370,15.216033755274262,4.944303797468354,0.0,24,6,2,0,derived_from_native_gap_count,37,12144,0.003046772068511199,0.6666666666666666,36,4026,0.00894187779433681,0.0,True,1991,
rome,rome:60:70-0-s162:p0,3,12,False,1940,50191,1940,1940,24.871649484536082,,0.0,24,8,0,0,derived_from_native_gap_count,16,16137,0.0009915101939641817,1.0,,,,,True,2006,
rome,rome:60:70-0-s172:p0,3,12,False,3450,51221,21087,3450,13.846666666666666,5.1121739130434785,0.0,24,8,3,0,derived_from_native_gap_count,64,16137,0.003966040775856727,0.625,48,6039,0.007948335817188276,0.0,True,1992,
rome,rome:60:70-0-s57:p0,3,12,False,3230,20847,14808,3230,5.454179566563467,3.584520123839009,0.0,24,3,2,0,derived_from_native_gap_count,50,6039,0.008279516476237788,0.3333333333333333,50,4026,0.012419274714356682,0.0,True,1985,
rome,rome:60:70-0-s57:p1,3,12,False,3900,45203,33325,3900,10.59051282051282,7.544871794871795,0.0,24,7,5,0,derived_from_native_gap_count,97,14091,0.0068838265559577035,0.2857142857142857,77,10065,0.007650273224043716,0.0,True,1992,
rome,rome:60:70-0-s57:p2,3,12,False,3460,62700,32795,3460,17.121387283236995,8.478323699421965,0.0,24,10,5,0,derived_from_native_gap_count,115,20130,0.005712866368604074,0.5,86,10065,0.008544461003477397,0.0,True,1988,
rome,rome:60:70-0-s78:p0,3,12,False,3420,50539,32522,3420,13.777485380116959,8.5093567251462,0.0,24,8,5,0,derived_from_native_gap_count,149,16203,0.009195827933098808,0.375,139,10164,0.013675718221172766,0.0,True,1967,
rome,rome:60:72-0-s234:p0,3,12,False,4320,21976,21976,4320,4.087037037037037,4.087037037037037,0.0,24,3,3,0,derived_from_native_gap_count,56,6072,0.00922266139657444,0.0,56,6072,0.00922266139657444,0.0,True,1991,
rome,rome:60:78-0-s44:p0,3,12,False,168,29967,168,168,177.375,,0.0,24,4,0,0,derived_from_native_gap_count,0,9933,0.0,1.0,,,,,True,2013,
rome,rome:60:83-0-s152:p0,3,12,False,1960,37534,19467,1960,18.15,8.932142857142857,0.0,24,6,3,0,derived_from_native_gap_count,66,12078,0.00546448087431694,0.5,61,6039,0.010101010101010102,0.0,True,1986,
rome,rome:60:83-0-s41:p0,3,12,False,4872,28920,4872,4872,4.935960591133005,,0.0,24,4,0,0,derived_from_native_gap_count,9,8052,0.0011177347242921013,1.0,,,,,True,2009,
rome,rome:60:83-0-s59:p0,3,12,False,6744,45912,45912,6744,5.807829181494662,5.807829181494662,0.0,24,7,7,0,derived_from_native_gap_count,267,14124,0.018903993203058623,0.0,267,14124,0.018903993203058623,0.0,True,1871,
rome,rome:60:83-0-s95:p0,3,12,False,2940,38982,2940,2940,12.259183673469387,,0.0,24,6,0,0,derived_from_native_gap_count,16,12078,0.001324722636198046,1.0,,,,,True,2004,
rome,rome:60:83-0-s95:p1,3,12,False,756,30843,756,756,39.79761904761905,,0.0,24,5,0,0,derived_from_native_gap_count,9,10065,0.0008941877794336811,1.0,,,,,True,2008,
rome,rome:60:95-0-s137:p0,3,12,False,2844,58755,2844,2844,19.65928270042194,,0.0,24,9,0,0,derived_from_native_gap_count,2,18645,0.00010726736390453205,1.0,,,,,True,2012,
rome,rome:60:96-0-s156:p0,3,12,False,3612,56493,26427,3612,14.640365448504983,6.3164451827242525,0.0,24,9,4,0,derived_from_native_gap_count,139,18183,0.007644503107298026,0.5555555555555556,120,8085,0.014842300556586271,0.0,True,1941,
geolife,010-20080916114237-0,4,5,False,21664,21664,21664,21664,,,0.0,10,0,0,0,none,,,,,,,,,True,,
geolife,010-20080917225654-0,4,5,False,17357,17357,17357,17357,,,0.0,16,0,0,0,none,,,,,,,,,True,,
geolife,010-20080921224934-0,4,5,False,18695,18695,18695,18695,,,0.0,35,0,0,0,none,,,,,,,,,True,,
geolife,010-20080922111517-0,4,5,False,21393,21393,21393,21393,,,0.0,12,0,0,0,none,,,,,,,,,True,,
geolife,010-20080922234926-0,4,5,False,18146,18146,18146,18146,,,0.0,35,0,0,0,none,,,,,,,,,True,,
geolife,010-20080923121817-0,4,5,False,21735,21735,21735,21735,,,0.0,12,0,0,0,none,,,,,,,,,True,,
geolife,010-20080923231456-1,4,5,False,19281,19281,19281,19281,,,0.0,58,0,0,0,none,,,,,,,,,True,,
geolife,010-20080924113459-1,4,5,False,21973,21973,21973,21973,,,0.0,14,0,0,0,none,,,,,,,,,True,,
geolife,010-20080924231334-1,4,5,False,17750,17750,17750,17750,,,0.0,26,0,0,0,none,,,,,,,,,True,,
geolife,010-20080925104204-0,4,5,False,21492,21492,21492,21492,,,0.0,19,0,0,0,none,,,,,,,,,True,,
geolife,010-20080925233430-0,4,5,False,18103,18103,18103,18103,,,0.0,31,0,0,0,none,,,,,,,,,True,,
geolife,010-20080926105402-0,4,5,False,21916,21916,21916,21916,,,0.0,15,0,0,0,none,,,,,,,,,True,,
geolife,010-20080927232235-1,4,5,False,16035,16035,16035,16035,,,0.0,22,0,0,0,none,,,,,,,,,True,,
geolife,010-20081005225112-1,4,5,False,17388,17388,17388,17388,,,0.0,59,0,0,0,none,,,,,,,,,True,,
rome,rome:60:103-0-s96:p0,4,12,False,18646,57938,49886,18646,2.1072616110693985,1.6754263649040009,0.0,24,5,4,0,derived_from_native_gap_count,110,10098,0.010893246187363835,0.2,110,8085,0.013605442176870748,0.0,True,1955,
rome,rome:60:104-0-s145:p0,4,12,False,2090,93466,20506,2090,43.720574162679426,8.811483253588516,0.0,24,10,2,0,derived_from_native_gap_count,142,23199,0.006120953489374542,0.8,112,4884,0.02293202293202293,0.0,True,2004,
rome,rome:60:105-0-s77:p0,4,12,False,360,67152,360,360,185.53333333333333,,0.0,24,8,0,0,derived_from_native_gap_count,11,16731,0.0006574621959237344,1.0,,,,,True,2005,
rome,rome:60:109-0-s11:p0,4,12,False,10248,50292,18108,10248,3.9074941451990632,0.7669789227166276,0.0,24,5,1,0,derived_from_native_gap_count,18,10065,0.0017883755588673621,0.8,16,2013,0.007948335817188276,0.0,True,1997,
rome,rome:60:109-0-s11:p1,4,12,False,2208,58476,10092,2208,25.483695652173914,3.5706521739130435,0.0,24,7,1,0,derived_from_native_gap_count,19,14124,0.0013452279807419994,0.8571428571428571,14,2013,0.006954793840039742,0.0,True,1999,
rome,rome:60:109-0-s188:p0,4,12,False,11874,57678,33390,11874,3.857503789792825,1.8120262758969177,0.0,24,6,3,0,derived_from_native_gap_count,264,12111,0.021798365122615803,0.5,264,6039,0.04371584699453552,0.0,True,1831,
rome,rome:60:109-0-s188:p1,4,12,False,2300,50304,18034,2300,20.871304347826086,6.840869565217392,0.0,24,6,2,0,derived_from_native_gap_count,44,12111,0.0036330608537693005,0.6666666666666666,37,4026,0.009190263288623945,0.0,True,1994,
rome,rome:60:109-0-s32:p0,4,12,False,15742,70666,46680,15742,3.4890102909414304,1.965315715919197,0.0,24,7,4,0,derived_from_native_gap_count,144,14091,0.010219288907813498,0.42857142857142855,127,8052,0.015772478887232984,0.0,True,1964,
rome,rome:60:109-0-s40:p0,4,12,False,28662,67620,51588,28662,1.3592212685786058,0.7998743981578397,0.0,24,5,3,0,derived_from_native_gap_count,129,10065,0.012816691505216096,0.4,123,6039,0.02036761053154496,0.0,True,1934,
rome,rome:60:109-0-s42:p0,4,12,False,26936,78358,70306,26936,1.909043659043659,1.61011286011286,0.0,24,7,6,0,derived_from_native_gap_count,490,14157,0.034611852793670975,0.14285714285714285,490,12144,0.040349143610013176,0.0,True,1860,
rome,rome:60:11-0-s11:p0,4,12,False,3040,35536,10922,3040,10.689473684210526,2.592763157894737,0.0,24,4,1,0,derived_from_native_gap_count,24,8184,0.002932551319648094,0.75,17,2013,0.008445106805762544,0.0,True,1996,
rome,rome:60:11-0-s11:p1,4,12,False,1370,66778,25806,1370,47.74306569343066,17.836496350364964,0.0,24,8,3,0,derived_from_native_gap_count,46,16467,0.0027934657193174227,0.625,38,6204,0.0061250805931656995,0.0,True,2008,
rome,rome:60:11-0-s11:p2,4,12,False,2840,51046,42730,2840,16.97394366197183,14.045774647887324,0.0,24,6,5,0,derived_from_native_gap_count,103,12309,0.008367860914777805,0.16666666666666666,103,10230,0.010068426197458456,0.0,True,1981,
rome,rome:60:11-0-s136:p0,4,12,False,5740,88980,30682,5740,14.501742160278745,4.345296167247387,0.0,24,10,3,0,derived_from_native_gap_count,124,21120,0.005871212121212121,0.7,93,6468,0.01437847866419295,0.0,True,1966,
rome,rome:60:11-0-s186:p0,4,12,False,5680,94646,77110,5680,15.663028169014085,12.575704225352112,0.0,24,10,8,0,derived_from_native_gap_count,185,22704,0.008148343904157857,0.2,183,18315,0.009991809991809993,0.0,True,2005,
rome,rome:60:11-0-s84:p0,4,12,False,3060,27200,19148,3060,7.888888888888889,5.257516339869281,0.0,24,3,2,0,derived_from_native_gap_count,28,6105,0.004586404586404586,0.3333333333333333,28,4092,0.006842619745845552,0.0,True,1997,
rome,rome:60:124-1-s99:p0,4,12,False,1540,97036,28992,1540,62.01038961038961,17.825974025974027,0.0,24,11,3,0,derived_from_native_gap_count,60,24024,0.0024975024975024975,0.7272727272727273,40,6963,0.0057446502944133275,0.0,True,2013,
rome,rome:60:127-0-s273:p0,4,12,False,15504,31572,15504,15492,1.0363777089783281,,0.0007739938080495357,24,2,0,1,derived_from_native_gap_count,3,4026,0.0007451564828614009,1.0,,,,,True,2010,1319
rome,rome:60:128-0-s16:p0,4,12,False,690,41804,690,690,59.585507246376814,,0.0,24,5,0,0,derived_from_native_gap_count,7,10296,0.0006798756798756799,1.0,,,,,True,2007,
rome,rome:60:128-0-s16:p1,4,12,False,1520,41410,17264,1520,26.24342105263158,10.357894736842105,0.0,24,5,2,0,derived_from_native_gap_count,37,10065,0.0036761053154495777,0.6,36,4026,0.00894187779433681,0.0,True,1989,
rome,rome:60:128-0-s65:p0,4,12,False,1704,41112,17124,1704,23.12676056338028,9.049295774647888,0.0,24,5,2,0,derived_from_native_gap_count,71,10065,0.007054148037754595,0.6,57,4026,0.014157973174366617,0.0,True,1981,
rome,rome:60:128-0-s82:p0,4,12,False,21024,58020,41832,21024,1.759703196347032,0.9897260273972602,0.0,24,5,3,0,derived_from_native_gap_count,283,10098,0.02802535155476332,0.4,279,6039,0.046199701937406856,0.0,True,1876,
rome,rome:60:128-0-s82:p1,4,12,False,2592,50328,26100,2592,18.416666666666668,9.069444444444445,0.0,24,6,3,0,derived_from_native_gap_count,59,12111,0.004871604326645199,0.5,54,6039,0.00894187779433681,0.0,True,1985,
rome,rome:60:128-0-s82:p2,4,12,False,612,24768,612,612,39.470588235294116,,0.0,24,3,0,0,derived_from_native_gap_count,0,6039,0.0,1.0,,,,,True,2013,
rome,rome:60:134-0-s99:p0,4,12,False,1908,49800,9564,1908,25.10062893081761,4.012578616352202,0.0,24,6,1,0,derived_from_native_gap_count,46,12111,0.003798199983486087,0.8333333333333334,33,2013,0.01639344262295082,0.0,True,1980,
rome,rome:60:137-0-s71:p0,4,12,False,10974,81022,56946,10974,6.383087297248041,4.189174412247129,0.0,24,9,6,0,derived_from_native_gap_count,242,18117,0.013357619914996965,0.3333333333333333,234,12078,0.019374068554396422,0.0,True,1877,
rome,rome:60:137-0-s71:p1,4,12,False,1330,65468,17124,1330,48.22406015037594,11.875187969924813,0.0,24,8,2,0,derived_from_native_gap_count,41,16137,0.0025407448720332158,0.75,31,4026,0.007699950322901143,0.0,True,1993,
rome,rome:60:137-0-s71:p2,4,12,False,2580,42530,10432,2580,15.484496124031008,3.0434108527131785,0.0,24,5,1,0,derived_from_native_gap_count,31,10065,0.003079980129160457,0.8,20,2013,0.009935419771485345,0.0,True,1993,
rome,rome:60:140-0-s121:p0,4,12,False,2364,92568,33096,2364,38.15736040609137,13.0,0.0,24,11,4,0,derived_from_native_gap_count,139,22968,0.006051898293277604,0.6363636363636364,134,8085,0.016573902288188003,0.0,True,1926,
rome,rome:60:140-0-s121:p1,4,12,False,768,81732,768,768,105.421875,,0.0,24,10,0,0,derived_from_native_gap_count,7,20262,0.00034547428684236504,1.0,,,,,True,2006,
rome,rome:60:149-0-s182:p0,4,12,False,9940,59014,25688,9940,4.9370221327967805,1.5843058350100603,0.0,24,6,2,0,derived_from_native_gap_count,135,12606,0.010709186101856259,0.6666666666666666,128,4257,0.030068123091378907,0.0,True,1899,
rome,rome:60:149-0-s21:p0,4,12,False,1300,75616,1300,1300,57.16615384615385,,0.0,24,9,0,0,derived_from_native_gap_count,0,18579,0.0,1.0,,,,,True,2046,
rome,rome:60:149-0-s21:p1,4,12,False,110,82214,110,110,746.4,,0.0,24,10,0,0,derived_from_native_gap_count,0,20526,0.0,1.0,,,,,True,2013,
rome,rome:60:149-0-s21:p2,4,12,False,160,65764,160,160,410.025,,0.0,24,8,0,0,derived_from_native_gap_count,0,16401,0.0,1.0,,,,,True,2013,
rome,rome:60:149-0-s21:p3,4,12,False,750,74248,750,750,97.99733333333333,,0.0,24,9,0,0,derived_from_native_gap_count,29,18447,0.0015720713395132,1.0,,,,,True,2005,
rome,rome:60:150-0-s108:p0,4,12,False,2380,76324,10302,2380,31.06890756302521,3.3285714285714287,0.0,24,9,1,0,derived_from_native_gap_count,24,18546,0.0012940795858945326,0.8888888888888888,13,2013,0.006458022851465474,0.0,True,2000,
rome,rome:60:153-0-s12:p0,4,12,False,912,41088,912,912,44.05263157894737,,0.0,24,5,0,0,derived_from_native_gap_count,7,10065,0.0006954793840039742,1.0,,,,,True,2006,
rome,rome:60:153-0-s12:p1,4,12,False,1200,57696,1200,1200,47.08,,0.0,24,7,0,0,derived_from_native_gap_count,0,14124,0.0,1.0,,,,,True,2013,
rome,rome:60:153-0-s15:p0,4,12,False,1476,42132,1476,1476,27.54471544715447,,0.0,24,5,0,0,derived_from_native_gap_count,11,10197,0.0010787486515641855,1.0,,,,,True,2005,
rome,rome:60:153-0-s15:p1,4,12,False,4128,74892,50784,4128,17.142441860465116,11.30232558139535,0.0,24,9,6,0,derived_from_native_gap_count,142,18117,0.007837942264171772,0.3333333333333333,138,12078,0.011425732737208148,0.0,True,1981,
rome,rome:60:153-0-s15:p2,4,12,False,8028,77004,61056,8028,8.591928251121077,6.605381165919282,0.0,24,9,7,0,derived_from_native_gap_count,291,18117,0.016062261963901307,0.2222222222222222,278,14091,0.019728904974806616,0.0,True,1929,
rome,rome:60:153-0-s214:p0,4,12,False,7060,31128,22944,7060,3.4090651558073652,2.2498583569405097,0.0,24,3,2,0,derived_from_native_gap_count,22,6072,0.0036231884057971015,0.3333333333333333,22,4026,0.00546448087431694,0.0,True,2002,
rome,rome:60:155-0-s239:p0,4,12,False,2360,75148,34570,2360,30.84237288135593,13.648305084745763,0.0,24,9,4,0,derived_from_native_gap_count,100,18447,0.005420935653493793,0.5555555555555556,79,8250,0.009575757575757576,0.0,True,1997,
rome,rome:60:155-0-s253:p0,4,12,False,4740,70250,20564,4740,13.820675105485233,3.338396624472574,0.0,24,8,2,0,derived_from_native_gap_count,49,16500,0.00296969696969697,0.75,28,4026,0.006954793840039742,0.0,True,1998,
rome,rome:60:155-0-s266:p0,4,12,False,5140,87978,21070,5140,16.116342412451363,3.0992217898832686,0.0,24,10,2,0,derived_from_native_gap_count,85,20922,0.004062709110027722,0.8,57,4125,0.013818181818181818,0.0,True,2008,
rome,rome:60:156-0-s76:p0,4,12,False,18972,67236,18972,18972,2.5439595192915876,,0.0,24,6,0,0,derived_from_native_gap_count,4,12078,0.0003311806590495115,1.0,,,,,True,2011,
rome,rome:60:157-0-s98:p0,4,12,False,1896,93372,17496,1896,48.24683544303797,8.227848101265822,0.0,24,11,2,0,derived_from_native_gap_count,66,23067,0.002861230329041488,0.8181818181818182,53,4059,0.013057403301305741,0.0,True,1980,
rome,rome:60:162-0-s40:p0,4,12,False,13124,45068,36620,13124,2.4340140201158182,1.7903078329777506,0.0,24,4,3,0,derived_from_native_gap_count,55,8151,0.006747638326585695,0.25,55,6039,0.009107468123861567,0.0,True,1989,
rome,rome:60:162-0-s40:p1,4,12,False,3840,63516,46140,3840,15.540625,11.015625,0.0,24,7,5,0,derived_from_native_gap_count,142,15345,0.009253828608667318,0.2857142857142857,127,10956,0.011591821832785688,0.0,True,1985,
rome,rome:60:163-0-s105:p0,4,12,False,11076,42912,18840,11076,2.8743228602383533,0.7009750812567714,0.0,24,4,1,0,derived_from_native_gap_count,42,8085,0.005194805194805195,0.75,24,2013,0.011922503725782414,0.0,True,1989,
rome,rome:60:167-0-s26:p0,4,12,False,7368,54936,30780,7368,6.456026058631922,3.1775244299674266,0.0,24,6,3,0,derived_from_native_gap_count,62,12078,0.005133300215267428,0.5,62,6039,0.010266600430534857,0.0,True,1988,
rome,rome:60:167-0-s73:p0,4,12,False,4632,52428,20220,4632,10.318652849740932,3.365284974093264,0.0,24,6,2,0,derived_from_native_gap_count,43,12078,0.0035601920847822487,0.6666666666666666,43,4026,0.010680576254346746,0.0,True,1985,
rome,rome:60:172-0-s6:p0,4,12,False,200,52076,200,200,259.38,,0.0,24,6,0,0,derived_from_native_gap_count,0,12969,0.0,1.0,,,,,True,2013,
rome,rome:60:178-0-s37:p0,4,12,False,768,49872,768,768,63.9375,,0.0,24,6,0,0,derived_from_native_gap_count,0,12276,0.0,1.0,,,,,True,2013,
rome,rome:60:178-1-s43:p0,4,12,False,13040,52844,28628,13040,3.052453987730061,1.195398773006135,0.0,24,5,2,0,derived_from_native_gap_count,60,10131,0.005922416345869114,0.6,54,4059,0.013303769401330377,0.0,True,1990,
rome,rome:60:185-0-s124:p0,4,12,False,880,17570,9386,880,18.96590909090909,9.665909090909091,0.0,24,2,1,0,derived_from_native_gap_count,47,4290,0.010955710955710955,0.5,47,2244,0.02094474153297683,0.0,True,2046,
rome,rome:60:185-0-s150:p0,4,12,False,12626,45446,20462,12626,2.5993980674798034,0.6206241089814668,0.0,24,4,1,0,derived_from_native_gap_count,37,8316,0.004449254449254449,0.75,18,2013,0.00894187779433681,0.0,True,1995,
rome,rome:60:193-0-s204:p0,4,12,False,80,24236,80,80,301.95,,0.0,24,3,0,0,derived_from_native_gap_count,0,6039,0.0,1.0,,,,,True,2013,
rome,rome:60:213-0-s41:p0,4,12,False,4608,60732,4608,4608,12.1796875,,0.0,24,7,0,0,derived_from_native_gap_count,20,14091,0.0014193456816407636,1.0,,,,,True,2004,
rome,rome:60:213-0-s41:p1,4,12,False,3024,50556,26640,3024,15.718253968253968,7.809523809523809,0.0,24,6,3,0,derived_from_native_gap_count,65,12078,0.0053816857095545624,0.5,45,6039,0.007451564828614009,0.0,True,1995,
rome,rome:60:213-0-s66:p0,4,12,False,8904,50304,8904,7680,4.649595687331536,,0.13746630727762804,24,5,0,1,derived_from_native_gap_count,4,10362,0.0003860258637328701,1.0,,,,,True,2011,976
rome,rome:60:214-0-s203:p0,4,12,False,10332,52824,19104,10332,4.112659698025552,0.8490127758420442,0.0,24,5,1,0,derived_from_native_gap_count,67,10824,0.006189948263118995,0.8,61,2376,0.025673400673400674,0.0,True,2007,
rome,rome:60:214-0-s203:p1,4,12,False,7512,72312,7512,7512,8.626198083067093,,0.0,24,8,0,0,derived_from_native_gap_count,1,16203,6.171696599395174e-05,1.0,,,,,True,2012,
rome,rome:60:214-0-s220:p0,4,12,False,10464,26568,10464,10464,1.5389908256880733,,0.0,24,2,0,0,derived_from_native_gap_count,0,4026,0.0,1.0,,,,,True,2013,
rome,rome:60:229-0-s172:p0,4,12,False,8304,91930,75764,8304,10.070568400770712,8.123795761078998,0.0,24,10,8,0,derived_from_native_gap_count,343,21846,0.015700814794470382,0.2,336,17787,0.018890200708382526,0.0,True,1987,
rome,rome:60:234-0-s260:p0,4,12,False,9876,65062,49038,9876,5.587889833940867,3.965370595382746,0.0,24,7,5,0,derived_from_native_gap_count,131,14124,0.009274992919852733,0.2857142857142857,123,10098,0.01218062982768865,0.0,True,1980,
rome,rome:60:24-0-s158:p0,4,12,False,1932,82896,17676,1932,41.90683229813665,8.149068322981366,0.0,24,10,2,0,derived_from_native_gap_count,51,20394,0.0025007355104442485,0.8,30,4026,0.007451564828614009,0.0,True,1994,
rome,rome:60:24-0-s158:p1,4,12,False,4044,93624,58068,4044,22.1513353115727,13.359050445103858,0.0,24,10,6,0,derived_from_native_gap_count,136,22803,0.00596412752707977,0.4,118,13860,0.008513708513708513,0.0,True,1989,
rome,rome:60:24-0-s158:p2,4,12,False,1596,91548,19536,1596,56.3609022556391,11.240601503759398,0.0,24,10,2,0,derived_from_native_gap_count,61,22671,0.0026906620793083675,0.8,34,4587,0.007412252016568564,0.0,True,2012,
rome,rome:60:24-0-s158:p3,4,12,False,4128,59880,35088,4128,13.505813953488373,7.5,0.0,24,7,4,0,derived_from_native_gap_count,117,14289,0.008188116733151375,0.42857142857142855,115,8085,0.01422387136672851,0.0,True,1977,
rome,rome:60:24-0-s50:p0,4,12,False,9448,104016,79768,9448,10.009314140558848,7.442845046570703,0.0,24,12,9,0,derived_from_native_gap_count,298,24387,0.01221962521015295,0.25,294,18315,0.016052416052416054,0.0,True,1932,
rome,rome:60:24-0-s50:p1,4,12,False,2720,103274,45584,2720,36.96838235294118,15.758823529411766,0.0,24,12,5,0,derived_from_native_gap_count,135,25476,0.0052991050400376825,0.5833333333333334,96,10956,0.008762322015334063,0.0,True,1986,
rome,rome:60:24-0-s50:p2,4,12,False,770,106272,10540,770,137.0155844155844,12.688311688311689,0.0,24,12,1,0,derived_from_native_gap_count,23,26433,0.0008701244656300836,0.9166666666666666,13,2475,0.0052525252525252525,0.0,True,2046,
rome,rome:60:24-0-s50:p3,4,12,False,1350,76600,17438,1350,55.74074074074074,11.917037037037037,0.0,24,9,2,0,derived_from_native_gap_count,65,18975,0.0034255599472990776,0.7777777777777778,28,4092,0.006842619745845552,0.0,True,2000,
rome,rome:60:24-0-s50:p4,4,12,False,2260,93558,41302,2260,40.39734513274336,17.27522123893805,0.0,24,10,4,0,derived_from_native_gap_count,97,23067,0.004205141544197338,0.6,69,9933,0.00694654183026276,0.0,True,2009,
rome,rome:60:243-0-s57:p0,4,12,False,5340,13392,5340,5340,1.5078651685393258,,0.0,24,1,0,0,derived_from_native_gap_count,0,2013,0.0,1.0,,,,,True,2013,
rome,rome:60:243-0-s91:p0,4,12,False,8116,16168,8116,8116,0.992114342040414,,0.0,24,1,0,0,derived_from_native_gap_count,0,2013,0.0,1.0,,,,,True,2013,
rome,rome:60:243-0-s91:p1,4,12,False,2430,34460,18386,2430,13.181069958847736,6.5662551440329215,0.0,24,4,2,0,derived_from_native_gap_count,31,8085,0.00383426097711812,0.5,28,4059,0.006898250800689825,0.0,True,1998,
rome,rome:60:243-0-s94:p0,4,12,False,8756,32774,16648,8756,2.743033348560987,0.9013248058474189,0.0,24,3,1,0,derived_from_native_gap_count,27,6072,0.004446640316205534,0.6666666666666666,16,2013,0.007948335817188276,0.0,True,1997,
rome,rome:60:249-0-s139:p0,4,12,False,29036,65444,41396,29036,1.2538917206226754,0.4256784681085549,0.0,24,5,2,0,derived_from_native_gap_count,321,10065,0.03189269746646796,0.6,312,4026,0.07749627421758569,0.0,True,1830,
rome,rome:60:254-0-s329:p0,4,12,False,7670,70342,39604,7670,8.171056062581487,4.163494132985658,0.0,24,7,4,0,derived_from_native_gap_count,214,16203,0.013207430722705672,0.42857142857142855,199,8481,0.023464214125692724,0.0,True,1904,
rome,rome:60:256-0-s375:p0,4,12,False,8940,48036,23964,8940,4.373154362416107,1.6805369127516778,0.0,24,5,2,0,derived_from_native_gap_count,108,10098,0.0106951871657754,0.6,101,4059,0.024882976102488297,0.0,True,1966,
rome,rome:60:257-0-s123:p0,4,12,False,7824,55452,15312,7824,6.087423312883436,0.9570552147239264,0.0,24,6,1,0,derived_from_native_gap_count,57,12078,0.004719324391455539,0.8333333333333334,47,2013,0.02334823646299056,0.0,True,1966,
rome,rome:60:257-0-s123:p1,4,12,False,15648,95568,46464,15648,5.107361963190184,1.969325153374233,0.0,24,9,4,0,derived_from_native_gap_count,127,20361,0.006237414665291489,0.5555555555555556,116,8052,0.014406358668653751,0.0,True,1982,
rome,rome:60:260-0-s115:p0,4,12,False,26718,96088,55462,26490,2.5963769743244254,1.075829029118946,0.008533572872220974,24,9,4,1,derived_from_native_gap_count,370,18348,0.020165685633311534,0.5555555555555556,367,8184,0.0448435972629521,0.0,True,1866,1301
rome,rome:60:260-0-s14:p0,4,12,False,5412,43452,11328,5412,7.028824833702883,1.0931263858093125,0.0,24,5,1,0,derived_from_native_gap_count,185,10065,0.01838052657724789,0.8,178,2013,0.08842523596621957,0.0,True,1835,
rome,rome:60:268-0-s46:p0,4,12,False,9360,49728,9360,9360,4.312820512820513,,0.0,24,5,0,0,derived_from_native_gap_count,2,10098,0.00019805902158843335,1.0,,,,,True,2011,
rome,rome:60:275-0-s235:p0,4,12,False,7980,15528,15528,7980,0.9458646616541353,0.9458646616541353,0.0,24,1,1,0,derived_from_native_gap_count,53,2046,0.025904203323558164,0.0,53,2046,0.025904203323558164,0.0,True,1993,
rome,rome:60:275-0-s290:p0,4,12,False,4500,12264,12264,4500,1.7253333333333334,1.7253333333333334,0.0,24,1,1,0,derived_from_native_gap_count,24,2013,0.011922503725782414,0.0,24,2013,0.011922503725782414,0.0,True,1989,
rome,rome:60:275-0-s376:p0,4,12,False,23030,46514,46514,23030,1.0197134172818063,1.0197134172818063,0.0,24,3,3,0,derived_from_native_gap_count,78,6105,0.012776412776412777,0.0,78,6105,0.012776412776412777,0.0,True,1976,
rome,rome:60:289-0-s12:p0,4,12,False,10680,66060,57876,10680,5.185393258426966,4.419101123595506,0.0,24,7,6,0,derived_from_native_gap_count,170,14355,0.011842563566701497,0.14285714285714285,170,12309,0.01381103257778861,0.0,True,1987,
rome,rome:60:289-0-s30:p0,4,12,False,5280,76224,68292,5280,13.436363636363636,11.934090909090909,0.0,24,9,8,0,derived_from_native_gap_count,127,18117,0.007009990616547994,0.1111111111111111,117,16104,0.007265275707898659,0.0,True,1995,
rome,rome:60:289-0-s77:p0,4,12,False,14484,69912,61860,14484,3.826843413421707,3.270919635459818,0.0,24,7,6,0,derived_from_native_gap_count,122,14223,0.008577655909442452,0.14285714285714285,122,12210,0.009991809991809993,0.0,True,1985,
rome,rome:60:289-0-s94:p0,4,12,False,20172,73188,40872,20172,2.62819750148721,1.0261748958953003,0.0,24,7,3,0,derived_from_native_gap_count,290,14124,0.020532427074483148,0.5714285714285714,288,6039,0.04769001490312966,0.0,True,1817,
rome,rome:60:290-0-s103:p0,4,12,False,23776,47596,31492,23776,1.0018506056527592,0.32452893674293404,0.0,24,3,1,0,derived_from_native_gap_count,28,6039,0.004636529226693161,0.6666666666666666,28,2013,0.013909587680079483,0.0,True,1985,
rome,rome:60:290-0-s103:p1,4,12,False,2052,33948,9792,2052,15.543859649122806,3.7719298245614037,0.0,24,4,1,0,derived_from_native_gap_count,26,8052,0.003229011425732737,0.75,26,2013,0.012916045702930949,0.0,True,1987,
rome,rome:60:290-0-s119:p0,4,12,False,2556,34596,10524,2556,12.535211267605634,3.1173708920187795,0.0,24,4,1,0,derived_from_native_gap_count,25,8085,0.0030921459492888066,0.75,18,2046,0.008797653958944282,0.0,True,2006,
rome,rome:60:290-0-s34:p0,4,12,False,2940,50340,26388,2940,16.122448979591837,7.975510204081632,0.0,24,6,3,0,derived_from_native_gap_count,76,12078,0.006292432521940719,0.5,59,6039,0.00976982944196059,0.0,True,1985,
rome,rome:60:290-0-s36:p0,4,12,False,3036,59724,43704,3036,18.67193675889328,13.395256916996047,0.0,24,7,5,0,derived_from_native_gap_count,83,14421,0.00575549545801262,0.2857142857142857,76,10395,0.007311207311207311,0.0,True,1991,
rome,rome:60:290-0-s36:p1,4,12,False,4776,20628,12684,4776,3.319095477386935,1.6557788944723617,0.0,24,2,1,0,derived_from_native_gap_count,32,4059,0.007883715200788372,0.5,23,2046,0.011241446725317693,0.0,True,2004,
rome,rome:60:290-0-s36:p2,4,12,False,5712,60804,52752,5712,9.644957983193278,8.235294117647058,0.0,24,7,6,0,derived_from_native_gap_count,128,14157,0.009041463586918132,0.14285714285714285,128,12144,0.010540184453227932,0.0,True,1979,
rome,rome:60:293-0-s42:p0,4,12,False,5340,44532,20376,5340,7.3393258426966295,2.8157303370786515,0.0,24,5,2,0,derived_from_native_gap_count,89,10065,0.008842523596621958,0.6,89,4026,0.022106308991554892,0.0,True,1950,
rome,rome:60:297-1-s52:p0,4,12,False,7104,113076,77352,7104,14.91722972972973,9.888513513513514,0.0,24,12,8,0,derived_from_native_gap_count,211,27126,0.0077785150777851505,0.3333333333333333,185,18117,0.010211403654026605,0.0,True,2016,
rome,rome:60:297-1-s52:p1,4,12,False,4896,94260,68328,4896,18.252450980392158,12.955882352941176,0.0,24,10,7,0,derived_from_native_gap_count,165,22836,0.0072254335260115606,0.3,148,16302,0.009078640657588026,0.0,True,2004,
rome,rome:60:306-0-s25:p0,4,12,False,31620,80448,80448,31620,1.544212523719165,1.544212523719165,0.0,24,7,7,0,derived_from_native_gap_count,639,14124,0.04524214103653356,0.0,639,14124,0.04524214103653356,0.0,True,1823,
rome,rome:60:306-0-s68:p0,4,12,False,16956,58632,58632,16956,2.4578910120311392,2.4578910120311392,0.0,24,6,6,0,derived_from_native_gap_count,575,12144,0.04734848484848485,0.0,575,12144,0.04734848484848485,0.0,True,1845,
rome,rome:60:309-0-s267:p0,4,12,False,6000,77712,45492,6000,11.952,6.582,0.0,24,9,5,0,derived_from_native_gap_count,74,18150,0.004077134986225896,0.4444444444444444,64,10065,0.006358668653750621,0.0,True,1996,
rome,rome:60:309-0-s61:p0,4,12,False,3024,11076,3024,3024,2.6626984126984126,,0.0,24,1,0,0,derived_from_native_gap_count,0,2013,0.0,1.0,,,,,True,2013,
rome,rome:60:309-0-s61:p1,4,12,False,3696,35076,35076,3696,8.49025974025974,8.49025974025974,0.0,24,4,4,0,derived_from_native_gap_count,69,8052,0.00856929955290611,0.0,69,8052,0.00856929955290611,0.0,True,1990,
rome,rome:60:326-0-s63:p0,4,12,False,17772,95508,79524,17772,4.37407157326131,3.474679270762998,0.0,24,10,8,0,derived_from_native_gap_count,232,20130,0.011525086934923,0.2,222,16104,0.013785394932935917,0.0,True,1954,
rome,rome:60:326-0-s63:p1,4,12,False,10296,49464,49464,10296,3.804195804195804,3.804195804195804,0.0,24,5,5,0,derived_from_native_gap_count,91,10065,0.009041231992051665,0.0,91,10065,0.009041231992051665,0.0,True,1989,
rome,rome:60:326-0-s82:p0,4,12,False,588,80652,8124,588,136.16326530612244,12.816326530612244,0.0,24,10,1,0,derived_from_native_gap_count,49,20163,0.0024301939195556215,0.9,43,2013,0.02136115250869349,0.0,True,1970,
rome,rome:60:329-0-s52:p0,4,12,False,3324,94044,44604,3324,27.292418772563177,12.418772563176896,0.0,24,11,5,0,derived_from_native_gap_count,129,23067,0.005592404734035636,0.5454545454545454,113,10659,0.01060136973449667,0.0,True,1972,
rome,rome:60:329-0-s55:p0,4,12,False,16128,88020,54048,16128,4.457589285714286,2.3511904761904763,0.0,24,9,5,0,derived_from_native_gap_count,268,18777,0.014272780529371039,0.4444444444444444,261,10263,0.02543116047939199,0.0,True,1851,
rome,rome:60:329-0-s55:p1,4,12,False,2472,110928,48864,2472,43.87378640776699,18.766990291262136,0.0,24,9,2,0,derived_from_native_gap_count,81,27357,0.0029608509705011513,0.7777777777777778,72,11814,0.006094464195022855,0.0,True,2046,
rome,rome:60:336-0-s227:p0,4,12,False,8030,77478,45410,8030,8.648567870485678,4.655043586550436,0.0,24,9,5,0,derived_from_native_gap_count,302,18117,0.01666942650549208,0.4444444444444444,288,10065,0.028614008941877794,0.0,True,1825,
rome,rome:60:336-0-s227:p1,4,12,False,2880,82470,34298,2880,27.635416666666668,10.909027777777778,0.0,24,10,4,0,derived_from_native_gap_count,93,20130,0.004619970193740686,0.6,79,8052,0.009811227024341779,0.0,True,1988,
rome,rome:60:353-0-s131:p0,4,12,False,10392,94020,18828,10392,8.047344110854503,0.8117782909930716,0.0,24,10,1,0,derived_from_native_gap_count,16,20955,0.000763540921021236,0.9,12,2145,0.005594405594405594,0.0,True,2013,
rome,rome:60:353-0-s219:p0,4,12,False,9420,100440,33156,9420,9.662420382165605,2.519745222929936,0.0,24,11,3,0,derived_from_native_gap_count,148,23199,0.006379585326953748,0.7272727272727273,145,6369,0.022766525357198933,0.0,True,1988,
rome,rome:60:360-0-s126:p0,4,12,False,14280,44124,19968,14280,2.0899159663865547,0.3983193277310924,0.0,24,4,1,0,derived_from_native_gap_count,197,8052,0.02446597118728266,0.75,197,2013,0.09786388474913064,0.0,True,1816,
rome,rome:60:366-0-s105:p0,4,12,False,3750,66956,34928,3750,16.854933333333335,8.314133333333332,0.0,24,8,4,0,derived_from_native_gap_count,121,16104,0.007513661202185792,0.5,103,8052,0.012791852955787383,0.0,True,1974,
rome,rome:60:43-1-s109:p0,4,12,False,10224,87924,42912,10224,7.599765258215962,3.1971830985915495,0.0,24,9,4,0,derived_from_native_gap_count,312,20361,0.015323412406070429,0.5555555555555556,312,9108,0.034255599472990776,0.0,True,1908,
rome,rome:60:43-1-s80:p0,4,12,False,5190,55524,5190,5190,9.698265895953757,,0.0,24,6,0,0,derived_from_native_gap_count,9,12606,0.0007139457401237506,1.0,,,,,True,2013,
rome,rome:60:45-0-s4:p0,4,12,False,7212,71340,46800,7212,8.891846921797004,5.4891846921797,0.0,24,8,5,0,derived_from_native_gap_count,123,16401,0.0074995427108103165,0.375,122,10263,0.011887362369677482,0.0,True,2001,
rome,rome:60:45-0-s4:p1,4,12,False,408,74604,408,408,181.85294117647058,,0.0,24,9,0,0,derived_from_native_gap_count,10,18579,0.0005382421012971634,1.0,,,,,True,2012,
rome,rome:60:46-0-s41:p0,4,12,False,1788,74400,9612,1788,40.61073825503356,4.375838926174497,0.0,24,9,1,0,derived_from_native_gap_count,21,18216,0.001152832674571805,0.8888888888888888,19,2013,0.009438648782911079,0.0,True,1994,
rome,rome:60:46-0-s41:p1,4,12,False,1428,83136,9144,1428,57.21848739495798,5.4033613445378155,0.0,24,10,1,0,derived_from_native_gap_count,44,20559,0.002140181915462814,0.9,28,2013,0.013909587680079483,0.0,True,1985,
rome,rome:60:46-0-s49:p0,4,12,False,11352,91704,19272,11352,7.078224101479916,0.6976744186046512,0.0,24,10,1,0,derived_from_native_gap_count,14,20130,0.0006954793840039742,0.9,11,2013,0.00546448087431694,0.0,True,2002,
rome,rome:60:46-0-s56:p0,4,12,False,2352,59112,2352,2352,24.132653061224488,,0.0,24,7,0,0,derived_from_native_gap_count,0,14190,0.0,1.0,,,,,True,2013,
rome,rome:60:46-0-s56:p1,4,12,False,288,64560,288,288,223.16666666666666,,0.0,24,8,0,0,derived_from_native_gap_count,12,16104,0.0007451564828614009,1.0,,,,,True,2006,
rome,rome:60:46-0-s56:p2,4,12,False,1752,58116,9540,1752,32.17123287671233,4.445205479452055,0.0,24,7,1,0,derived_from_native_gap_count,22,14157,0.001554001554001554,0.8571428571428571,22,2013,0.01092896174863388,0.0,True,1991,
rome,rome:60:46-0-s56:p3,4,12,False,660,64932,8520,660,97.38181818181818,11.909090909090908,0.0,24,8,1,0,derived_from_native_gap_count,23,16137,0.0014252959038235113,0.875,16,2013,0.007948335817188276,0.0,True,1997,
rome,rome:60:46-0-s65:p0,4,12,False,14100,54012,21912,13956,2.8306382978723406,0.5540425531914893,0.010212765957446808,24,5,1,1,derived_from_native_gap_count,29,10065,0.00288127173373075,0.8,20,2013,0.009935419771485345,0.0,True,1993,1308
rome,rome:60:46-0-s89:p0,4,12,False,2040,65808,33564,2040,31.258823529411764,15.452941176470588,0.0,24,8,4,0,derived_from_native_gap_count,87,16203,0.005369376041473801,0.5,68,8085,0.008410636982065553,0.0,True,1985,
rome,rome:60:47-0-s268:p0,4,12,False,4416,66180,38736,4416,13.986413043478262,7.771739130434782,0.0,24,7,4,0,derived_from_native_gap_count,111,15774,0.00703689615823507,0.42857142857142855,110,8910,0.012345679012345678,0.0,True,1982,
rome,rome:60:51-1-s193:p0,4,12,False,17402,40574,24074,17402,1.331571083783473,0.38340420641305595,0.0,24,3,1,0,derived_from_native_gap_count,115,6138,0.018735744542196155,0.6666666666666666,115,2013,0.057128663686040734,0.0,True,1898,
rome,rome:60:53-0-s98:p0,4,12,False,1640,81580,17394,1640,48.74390243902439,9.60609756097561,0.0,24,10,2,0,derived_from_native_gap_count,58,20130,0.00288127173373075,0.8,35,4026,0.008693492300049677,0.0,True,1994,
rome,rome:60:58-0-s2:p0,4,12,False,8112,40248,15924,8112,3.9615384615384617,0.9630177514792899,0.0,24,4,1,0,derived_from_native_gap_count,28,8118,0.0034491254003449125,0.75,20,2013,0.009935419771485345,0.0,True,1993,
rome,rome:60:58-0-s8:p0,4,12,False,4788,36648,12660,4788,6.654135338345864,1.644110275689223,0.0,24,4,1,0,derived_from_native_gap_count,29,8052,0.003601589667163438,0.75,15,2013,0.007451564828614009,0.0,True,1998,
rome,rome:60:58-1-s27:p0,4,12,False,3340,19304,3340,3340,4.779640718562875,,0.0,24,2,0,0,derived_from_native_gap_count,14,4026,0.003477396920019871,1.0,,,,,True,2005,
rome,rome:60:66-0-s9:p0,4,12,False,10176,75576,10176,9960,6.42688679245283,,0.02122641509433962,24,8,0,1,derived_from_native_gap_count,6,16368,0.00036656891495601173,1.0,,,,,True,2012,1280
rome,rome:60:67-1-s1:p0,4,12,False,7776,86496,16944,7776,10.123456790123457,1.1790123456790123,0.0,24,9,1,0,derived_from_native_gap_count,29,19767,0.0014670916173420347,0.8888888888888888,17,2343,0.007255655142979087,0.0,True,2010,
rome,rome:60:68-0-s112:p0,4,12,False,540,24748,540,540,44.82962962962963,,0.0,24,3,0,0,derived_from_native_gap_count,8,6072,0.0013175230566534915,1.0,,,,,True,2013,
rome,rome:60:68-0-s234:p0,4,12,False,3640,51512,19354,3640,13.151648351648351,4.317032967032967,0.0,24,6,2,0,derived_from_native_gap_count,44,12078,0.0036429872495446266,0.6666666666666666,39,4026,0.009687034277198211,0.0,True,1986,
rome,rome:60:70-0-s118:p0,4,12,False,5570,54004,29858,5570,8.695511669658886,4.360502692998205,0.0,24,6,3,0,derived_from_native_gap_count,67,12276,0.005457803844900619,0.5,66,6237,0.010582010582010581,0.0,True,1991,
rome,rome:60:70-0-s141:p0,4,12,False,20102,58652,42648,20102,1.9177196298875734,1.1215799422942991,0.0,24,5,3,0,derived_from_native_gap_count,171,10065,0.01698956780923994,0.4,161,6039,0.026660043053485676,0.0,True,1898,
rome,rome:60:70-0-s152:p0,4,12,False,2370,50576,18114,2370,20.340084388185655,6.643037974683544,0.0,24,6,2,0,derived_from_native_gap_count,37,12144,0.003046772068511199,0.6666666666666666,36,4026,0.00894187779433681,0.0,True,1991,
rome,rome:60:70-0-s162:p0,4,12,False,1940,66328,1940,1940,33.189690721649484,,0.0,24,8,0,0,derived_from_native_gap_count,16,16137,0.0009915101939641817,1.0,,,,,True,2006,
rome,rome:60:70-0-s172:p0,4,12,False,3450,67358,27126,3450,18.524057971014493,6.862608695652174,0.0,24,8,3,0,derived_from_native_gap_count,64,16137,0.003966040775856727,0.625,48,6039,0.007948335817188276,0.0,True,1992,
rome,rome:60:70-0-s57:p0,4,12,False,3230,26886,18834,3230,7.3238390092879255,4.830959752321982,0.0,24,3,2,0,derived_from_native_gap_count,50,6039,0.008279516476237788,0.3333333333333333,50,4026,0.012419274714356682,0.0,True,1985,
rome,rome:60:70-0-s57:p1,4,12,False,3900,59294,43390,3900,14.203589743589744,10.125641025641025,0.0,24,7,5,0,derived_from_native_gap_count,97,14091,0.0068838265559577035,0.2857142857142857,77,10065,0.007650273224043716,0.0,True,1992,
rome,rome:60:70-0-s57:p2,4,12,False,3460,82830,42860,3460,22.939306358381504,11.38728323699422,0.0,24,10,5,0,derived_from_native_gap_count,115,20130,0.005712866368604074,0.5,86,10065,0.008544461003477397,0.0,True,1988,
rome,rome:60:70-0-s78:p0,4,12,False,3420,66742,42686,3420,18.515204678362572,11.481286549707603,0.0,24,8,5,0,derived_from_native_gap_count,149,16203,0.009195827933098808,0.375,139,10164,0.013675718221172766,0.0,True,1967,
rome,rome:60:72-0-s234:p0,4,12,False,4320,28048,28048,4320,5.492592592592593,5.492592592592593,0.0,24,3,3,0,derived_from_native_gap_count,56,6072,0.00922266139657444,0.0,56,6072,0.00922266139657444,0.0,True,1991,
rome,rome:60:78-0-s44:p0,4,12,False,168,39900,168,168,236.5,,0.0,24,4,0,0,derived_from_native_gap_count,0,9933,0.0,1.0,,,,,True,2013,
rome,rome:60:83-0-s152:p0,4,12,False,1960,49612,25506,1960,24.312244897959182,12.013265306122449,0.0,24,6,3,0,derived_from_native_gap_count,66,12078,0.00546448087431694,0.5,61,6039,0.010101010101010102,0.0,True,1986,
rome,rome:60:83-0-s41:p0,4,12,False,4872,36972,4872,4872,6.588669950738916,,0.0,24,4,0,0,derived_from_native_gap_count,9,8052,0.0011177347242921013,1.0,,,,,True,2009,
rome,rome:60:83-0-s59:p0,4,12,False,6744,60036,60036,6744,7.902135231316726,7.902135231316726,0.0,24,7,7,0,derived_from_native_gap_count,267,14124,0.018903993203058623,0.0,267,14124,0.018903993203058623,0.0,True,1871,
rome,rome:60:83-0-s95:p0,4,12,False,2940,51060,2940,2940,16.367346938775512,,0.0,24,6,0,0,derived_from_native_gap_count,16,12078,0.001324722636198046,1.0,,,,,True,2004,
rome,rome:60:83-0-s95:p1,4,12,False,756,40908,756,756,53.111111111111114,,0.0,24,5,0,0,derived_from_native_gap_count,9,10065,0.0008941877794336811,1.0,,,,,True,2008,
rome,rome:60:95-0-s137:p0,4,12,False,2844,77400,2844,2844,26.21518987341772,,0.0,24,9,0,0,derived_from_native_gap_count,2,18645,0.00010726736390453205,1.0,,,,,True,2012,
rome,rome:60:96-0-s156:p0,4,12,False,3612,74676,34512,3612,19.674418604651162,8.554817275747508,0.0,24,9,4,0,derived_from_native_gap_count,139,18183,0.007644503107298026,0.5555555555555556,120,8085,0.014842300556586271,0.0,True,1941,
geolife,010-20080916114237-0,5,5,True,21664,21664,21664,21664,,,0.0,10,0,0,0,none,,,,,,,,,True,,
geolife,010-20080917225654-0,5,5,True,17357,17357,17357,17357,,,0.0,16,0,0,0,none,,,,,,,,,True,,
geolife,010-20080921224934-0,5,5,True,18695,18695,18695,18695,,,0.0,35,0,0,0,none,,,,,,,,,True,,
geolife,010-20080922111517-0,5,5,True,21393,21393,21393,21393,,,0.0,12,0,0,0,none,,,,,,,,,True,,
geolife,010-20080922234926-0,5,5,True,18146,18146,18146,18146,,,0.0,35,0,0,0,none,,,,,,,,,True,,
geolife,010-20080923121817-0,5,5,True,21735,21735,21735,21735,,,0.0,12,0,0,0,none,,,,,,,,,True,,
geolife,010-20080923231456-1,5,5,True,19281,19281,19281,19281,,,0.0,58,0,0,0,none,,,,,,,,,True,,
geolife,010-20080924113459-1,5,5,True,21973,21973,21973,21973,,,0.0,14,0,0,0,none,,,,,,,,,True,,
geolife,010-20080924231334-1,5,5,True,17750,17750,17750,17750,,,0.0,26,0,0,0,none,,,,,,,,,True,,
geolife,010-20080925104204-0,5,5,True,21492,21492,21492,21492,,,0.0,19,0,0,0,none,,,,,,,,,True,,
geolife,010-20080925233430-0,5,5,True,18103,18103,18103,18103,,,0.0,31,0,0,0,none,,,,,,,,,True,,
geolife,010-20080926105402-0,5,5,True,21916,21916,21916,21916,,,0.0,15,0,0,0,none,,,,,,,,,True,,
geolife,010-20080927232235-1,5,5,True,16035,16035,16035,16035,,,0.0,22,0,0,0,none,,,,,,,,,True,,
geolife,010-20081005225112-1,5,5,True,17388,17388,17388,17388,,,0.0,59,0,0,0,none,,,,,,,,,True,,
rome,rome:60:103-0-s96:p0,5,12,False,18646,68036,57971,18646,2.64882548535879,2.1090314276520434,0.0,24,5,4,0,derived_from_native_gap_count,110,10098,0.010893246187363835,0.2,110,8085,0.013605442176870748,0.0,True,1955,
rome,rome:60:104-0-s145:p0,5,12,False,2090,116665,25390,2090,54.82057416267943,11.148325358851675,0.0,24,10,2,0,derived_from_native_gap_count,142,23199,0.006120953489374542,0.8,112,4884,0.02293202293202293,0.0,True,2004,
rome,rome:60:105-0-s77:p0,5,12,False,360,83883,360,360,232.00833333333333,,0.0,24,8,0,0,derived_from_native_gap_count,11,16731,0.0006574621959237344,1.0,,,,,True,2005,
rome,rome:60:109-0-s11:p0,5,12,False,10248,60357,20121,10248,4.88963700234192,0.9634074941451991,0.0,24,5,1,0,derived_from_native_gap_count,18,10065,0.0017883755588673621,0.8,16,2013,0.007948335817188276,0.0,True,1997,
rome,rome:60:109-0-s11:p1,5,12,False,2208,72600,12105,2208,31.880434782608695,4.482336956521739,0.0,24,7,1,0,derived_from_native_gap_count,19,14124,0.0013452279807419994,0.8571428571428571,14,2013,0.006954793840039742,0.0,True,1999,
rome,rome:60:109-0-s188:p0,5,12,False,11874,69789,39429,11874,4.877463365336029,2.3206164729661447,0.0,24,6,3,0,derived_from_native_gap_count,264,12111,0.021798365122615803,0.5,264,6039,0.04371584699453552,0.0,True,1831,
rome,rome:60:109-0-s188:p1,5,12,False,2300,62415,22060,2300,26.13695652173913,8.591304347826087,0.0,24,6,2,0,derived_from_native_gap_count,44,12111,0.0036330608537693005,0.6666666666666666,37,4026,0.009190263288623945,0.0,True,1994,
rome,rome:60:109-0-s32:p0,5,12,False,15742,84757,54732,15742,4.384131622411384,2.476813619616313,0.0,24,7,4,0,derived_from_native_gap_count,144,14091,0.010219288907813498,0.42857142857142855,127,8052,0.015772478887232984,0.0,True,1964,
rome,rome:60:109-0-s40:p0,5,12,False,28662,77685,57627,28662,1.710383085618589,1.0105714883818295,0.0,24,5,3,0,derived_from_native_gap_count,129,10065,0.012816691505216096,0.4,123,6039,0.02036761053154496,0.0,True,1934,
rome,rome:60:109-0-s42:p0,5,12,False,26936,92515,82450,26936,2.4346228096228097,2.060959310959311,0.0,24,7,6,0,derived_from_native_gap_count,490,14157,0.034611852793670975,0.14285714285714285,490,12144,0.040349143610013176,0.0,True,1860,
rome,rome:60:11-0-s11:p0,5,12,False,3040,43720,12935,3040,13.381578947368421,3.254934210526316,0.0,24,4,1,0,derived_from_native_gap_count,24,8184,0.002932551319648094,0.75,17,2013,0.008445106805762544,0.0,True,1996,
rome,rome:60:11-0-s11:p1,5,12,False,1370,83245,32010,1370,59.762773722627735,22.364963503649633,0.0,24,8,3,0,derived_from_native_gap_count,46,16467,0.0027934657193174227,0.625,38,6204,0.0061250805931656995,0.0,True,2008,
rome,rome:60:11-0-s11:p2,5,12,False,2840,63355,52960,2840,21.308098591549296,17.64788732394366,0.0,24,6,5,0,derived_from_native_gap_count,103,12309,0.008367860914777805,0.16666666666666666,103,10230,0.010068426197458456,0.0,True,1981,
rome,rome:60:11-0-s136:p0,5,12,False,5740,110100,37150,5740,18.181184668989548,5.47212543554007,0.0,24,10,3,0,derived_from_native_gap_count,124,21120,0.005871212121212121,0.7,93,6468,0.01437847866419295,0.0,True,1966,
rome,rome:60:11-0-s186:p0,5,12,False,5680,117350,95425,5680,19.660211267605632,15.800176056338028,0.0,24,10,8,0,derived_from_native_gap_count,185,22704,0.008148343904157857,0.2,183,18315,0.009991809991809993,0.0,True,2005,
rome,rome:60:11-0-s84:p0,5,12,False,3060,33305,23240,3060,9.883986928104575,6.594771241830065,0.0,24,3,2,0,derived_from_native_gap_count,28,6105,0.004586404586404586,0.3333333333333333,28,4092,0.006842619745845552,0.0,True,1997,
rome,rome:60:124-1-s99:p0,5,12,False,1540,121060,35955,1540,77.6103896103896,22.3474025974026,0.0,24,11,3,0,derived_from_native_gap_count,60,24024,0.0024975024975024975,0.7272727272727273,40,6963,0.0057446502944133275,0.0,True,2013,
rome,rome:60:127-0-s273:p0,5,12,False,15504,35598,15504,15504,1.2960526315789473,,0.0,24,2,0,0,derived_from_native_gap_count,3,4026,0.0007451564828614009,1.0,,,,,True,2010,
rome,rome:60:128-0-s16:p0,5,12,False,690,52100,690,690,74.5072463768116,,0.0,24,5,0,0,derived_from_native_gap_count,7,10296,0.0006798756798756799,1.0,,,,,True,2007,
rome,rome:60:128-0-s16:p1,5,12,False,1520,51475,21290,1520,32.86513157894737,13.006578947368421,0.0,24,5,2,0,derived_from_native_gap_count,37,10065,0.0036761053154495777,0.6,36,4026,0.00894187779433681,0.0,True,1989,
rome,rome:60:128-0-s65:p0,5,12,False,1704,51177,21150,1704,29.033450704225352,11.411971830985916,0.0,24,5,2,0,derived_from_native_gap_count,71,10065,0.007054148037754595,0.6,57,4026,0.014157973174366617,0.0,True,1981,
rome,rome:60:128-0-s82:p0,5,12,False,21024,68118,47871,21024,2.2400114155251143,1.2769691780821917,0.0,24,5,3,0,derived_from_native_gap_count,283,10098,0.02802535155476332,0.4,279,6039,0.046199701937406856,0.0,True,1876,
rome,rome:60:128-0-s82:p1,5,12,False,2592,62439,32139,2592,23.08912037037037,11.399305555555555,0.0,24,6,3,0,derived_from_native_gap_count,59,12111,0.004871604326645199,0.5,54,6039,0.00894187779433681,0.0,True,1985,
rome,rome:60:128-0-s82:p2,5,12,False,612,30807,612,612,49.338235294117645,,0.0,24,3,0,0,derived_from_native_gap_count,0,6039,0.0,1.0,,,,,True,2013,
rome,rome:60:134-0-s99:p0,5,12,False,1908,61911,11577,1908,31.44811320754717,5.067610062893082,0.0,24,6,1,0,derived_from_native_gap_count,46,12111,0.003798199983486087,0.8333333333333334,33,2013,0.01639344262295082,0.0,True,1980,
rome,rome:60:137-0-s71:p0,5,12,False,10974,99139,69024,10974,8.03398942956078,5.289775833788956,0.0,24,9,6,0,derived_from_native_gap_count,242,18117,0.013357619914996965,0.3333333333333333,234,12078,0.019374068554396422,0.0,True,1877,
rome,rome:60:137-0-s71:p1,5,12,False,1330,81605,21150,1330,60.357142857142854,14.902255639097744,0.0,24,8,2,0,derived_from_native_gap_count,41,16137,0.0025407448720332158,0.75,31,4026,0.007699950322901143,0.0,True,1993,
rome,rome:60:137-0-s71:p2,5,12,False,2580,52595,12445,2580,19.385658914728683,3.8236434108527133,0.0,24,5,1,0,derived_from_native_gap_count,31,10065,0.003079980129160457,0.8,20,2013,0.009935419771485345,0.0,True,1993,
rome,rome:60:140-0-s121:p0,5,12,False,2364,115536,41181,2364,47.87309644670051,16.42005076142132,0.0,24,11,4,0,derived_from_native_gap_count,139,22968,0.006051898293277604,0.6363636363636364,134,8085,0.016573902288188003,0.0,True,1926,
rome,rome:60:140-0-s121:p1,5,12,False,768,101994,768,768,131.8046875,,0.0,24,10,0,0,derived_from_native_gap_count,7,20262,0.00034547428684236504,1.0,,,,,True,2006,
rome,rome:60:149-0-s182:p0,5,12,False,9940,71620,29945,9940,6.20523138832998,2.012575452716298,0.0,24,6,2,0,derived_from_native_gap_count,135,12606,0.010709186101856259,0.6666666666666666,128,4257,0.030068123091378907,0.0,True,1899,
rome,rome:60:149-0-s21:p0,5,12,False,1300,94195,1300,1300,71.45769230769231,,0.0,24,9,0,0,derived_from_native_gap_count,0,18579,0.0,1.0,,,,,True,2046,
rome,rome:60:149-0-s21:p1,5,12,False,110,102740,110,110,933.0,,0.0,24,10,0,0,derived_from_native_gap_count,0,20526,0.0,1.0,,,,,True,2013,
rome,rome:60:149-0-s21:p2,5,12,False,160,82165,160,160,512.53125,,0.0,24,8,0,0,derived_from_native_gap_count,0,16401,0.0,1.0,,,,,True,2013,
rome,rome:60:149-0-s21:p3,5,12,False,750,92695,750,750,122.59333333333333,,0.0,24,9,0,0,derived_from_native_gap_count,29,18447,0.0015720713395132,1.0,,,,,True,2005,
rome,rome:60:150-0-s108:p0,5,12,False,2380,94870,12315,2380,38.86134453781513,4.17436974789916,0.0,24,9,1,0,derived_from_native_gap_count,24,18546,0.0012940795858945326,0.8888888888888888,13,2013,0.006458022851465474,0.0,True,2000,
rome,rome:60:153-0-s12:p0,5,12,False,912,51153,912,912,55.088815789473685,,0.0,24,5,0,0,derived_from_native_gap_count,7,10065,0.0006954793840039742,1.0,,,,,True,2006,
rome,rome:60:153-0-s12:p1,5,12,False,1200,71820,1200,1200,58.85,,0.0,24,7,0,0,derived_from_native_gap_count,0,14124,0.0,1.0,,,,,True,2013,
rome,rome:60:153-0-s15:p0,5,12,False,1476,52329,1476,1476,34.453252032520325,,0.0,24,5,0,0,derived_from_native_gap_count,11,10197,0.0010787486515641855,1.0,,,,,True,2005,
rome,rome:60:153-0-s15:p1,5,12,False,4128,93009,62862,4128,21.53125,14.228197674418604,0.0,24,9,6,0,derived_from_native_gap_count,142,18117,0.007837942264171772,0.3333333333333333,138,12078,0.011425732737208148,0.0,True,1981,
rome,rome:60:153-0-s15:p2,5,12,False,8028,95121,75147,8028,10.84865470852018,8.360612855007474,0.0,24,9,7,0,derived_from_native_gap_count,291,18117,0.016062261963901307,0.2222222222222222,278,14091,0.019728904974806616,0.0,True,1929,
rome,rome:60:153-0-s214:p0,5,12,False,7060,37200,26970,7060,4.269121813031162,2.820113314447592,0.0,24,3,2,0,derived_from_native_gap_count,22,6072,0.0036231884057971015,0.3333333333333333,22,4026,0.00546448087431694,0.0,True,2002,
rome,rome:60:155-0-s239:p0,5,12,False,2360,93595,42820,2360,38.65889830508475,17.14406779661017,0.0,24,9,4,0,derived_from_native_gap_count,100,18447,0.005420935653493793,0.5555555555555556,79,8250,0.009575757575757576,0.0,True,1997,
rome,rome:60:155-0-s253:p0,5,12,False,4740,86750,24590,4740,17.30168776371308,4.187763713080169,0.0,24,8,2,0,derived_from_native_gap_count,49,16500,0.00296969696969697,0.75,28,4026,0.006954793840039742,0.0,True,1998,
rome,rome:60:155-0-s266:p0,5,12,False,5140,108900,25195,5140,20.186770428015564,3.901750972762646,0.0,24,10,2,0,derived_from_native_gap_count,85,20922,0.004062709110027722,0.8,57,4125,0.013818181818181818,0.0,True,2008,
rome,rome:60:156-0-s76:p0,5,12,False,18972,79314,18972,18972,3.1805819101834283,,0.0,24,6,0,0,derived_from_native_gap_count,4,12078,0.0003311806590495115,1.0,,,,,True,2011,
rome,rome:60:157-0-s98:p0,5,12,False,1896,116439,21555,1896,60.412974683544306,10.36867088607595,0.0,24,11,2,0,derived_from_native_gap_count,66,23067,0.002861230329041488,0.8181818181818182,53,4059,0.013057403301305741,0.0,True,1980,
rome,rome:60:162-0-s40:p0,5,12,False,13124,53219,42659,13124,3.0550899116123134,2.2504571776897286,0.0,24,4,3,0,derived_from_native_gap_count,55,8151,0.006747638326585695,0.25,55,6039,0.009107468123861567,0.0,True,1989,
rome,rome:60:162-0-s40:p1,5,12,False,3840,78861,57096,3840,19.53671875,13.86875,0.0,24,7,5,0,derived_from_native_gap_count,142,15345,0.009253828608667318,0.2857142857142857,127,10956,0.011591821832785688,0.0,True,1985,
rome,rome:60:163-0-s105:p0,5,12,False,11076,50997,20853,11076,3.604279523293608,0.8827193932827736,0.0,24,4,1,0,derived_from_native_gap_count,42,8085,0.005194805194805195,0.75,24,2013,0.011922503725782414,0.0,True,1989,
rome,rome:60:167-0-s26:p0,5,12,False,7368,67014,36819,7368,8.095276872964169,3.9971498371335503,0.0,24,6,3,0,derived_from_native_gap_count,62,12078,0.005133300215267428,0.5,62,6039,0.010266600430534857,0.0,True,1988,
rome,rome:60:167-0-s73:p0,5,12,False,4632,64506,24246,4632,12.926165803108809,4.234455958549223,0.0,24,6,2,0,derived_from_native_gap_count,43,12078,0.0035601920847822487,0.6666666666666666,43,4026,0.010680576254346746,0.0,True,1985,
rome,rome:60:172-0-s6:p0,5,12,False,200,65045,200,200,324.225,,0.0,24,6,0,0,derived_from_native_gap_count,0,12969,0.0,1.0,,,,,True,2013,
rome,rome:60:178-0-s37:p0,5,12,False,768,62148,768,768,79.921875,,0.0,24,6,0,0,derived_from_native_gap_count,0,12276,0.0,1.0,,,,,True,2013,
rome,rome:60:178-1-s43:p0,5,12,False,13040,62975,32687,13040,3.829371165644172,1.5066717791411044,0.0,24,5,2,0,derived_from_native_gap_count,60,10131,0.005922416345869114,0.6,54,4059,0.013303769401330377,0.0,True,1990,
rome,rome:60:185-0-s124:p0,5,12,False,880,21860,11630,880,23.84090909090909,12.215909090909092,0.0,24,2,1,0,derived_from_native_gap_count,47,4290,0.010955710955710955,0.5,47,2244,0.02094474153297683,0.0,True,2046,
rome,rome:60:185-0-s150:p0,5,12,False,12626,53762,22475,12626,3.258038967210518,0.7800570251861239,0.0,24,4,1,0,derived_from_native_gap_count,37,8316,0.004449254449254449,0.75,18,2013,0.00894187779433681,0.0,True,1995,
rome,rome:60:193-0-s204:p0,5,12,False,80,30275,80,80,377.4375,,0.0,24,3,0,0,derived_from_native_gap_count,0,6039,0.0,1.0,,,,,True,2013,
rome,rome:60:213-0-s41:p0,5,12,False,4608,74823,4608,4608,15.237630208333334,,0.0,24,7,0,0,derived_from_native_gap_count,20,14091,0.0014193456816407636,1.0,,,,,True,2004,
rome,rome:60:213-0-s41:p1,5,12,False,3024,62634,32679,3024,19.71230158730159,9.806547619047619,0.0,24,6,3,0,derived_from_native_gap_count,65,12078,0.0053816857095545624,0.5,45,6039,0.007451564828614009,0.0,True,1995,
rome,rome:60:213-0-s66:p0,5,12,False,8904,60666,8904,8904,5.813342318059299,,0.0,24,5,0,0,derived_from_native_gap_count,4,10362,0.0003860258637328701,1.0,,,,,True,2011,
rome,rome:60:214-0-s203:p0,5,12,False,10332,63648,21480,10332,5.160278745644599,1.0789779326364692,0.0,24,5,1,0,derived_from_native_gap_count,67,10824,0.006189948263118995,0.8,61,2376,0.025673400673400674,0.0,True,2007,
rome,rome:60:214-0-s203:p1,5,12,False,7512,88515,7512,7512,10.78314696485623,,0.0,24,8,0,0,derived_from_native_gap_count,1,16203,6.171696599395174e-05,1.0,,,,,True,2012,
rome,rome:60:214-0-s220:p0,5,12,False,10464,30594,10464,10464,1.9237385321100917,,0.0,24,2,0,0,derived_from_native_gap_count,0,4026,0.0,1.0,,,,,True,2013,
rome,rome:60:229-0-s172:p0,5,12,False,8304,113776,93551,8304,12.701348747591522,10.265775529865126,0.0,24,10,8,0,derived_from_native_gap_count,343,21846,0.015700814794470382,0.2,336,17787,0.018890200708382526,0.0,True,1987,
rome,rome:60:234-0-s260:p0,5,12,False,9876,79186,59136,9876,7.018023491292021,4.987849331713244,0.0,24,7,5,0,derived_from_native_gap_count,131,14124,0.009274992919852733,0.2857142857142857,123,10098,0.01218062982768865,0.0,True,1980,
rome,rome:60:24-0-s158:p0,5,12,False,1932,103290,21702,1932,52.462732919254655,10.232919254658386,0.0,24,10,2,0,derived_from_native_gap_count,51,20394,0.0025007355104442485,0.8,30,4026,0.007451564828614009,0.0,True,1994,
rome,rome:60:24-0-s158:p1,5,12,False,4044,116427,71928,4044,27.79005934718101,16.78635014836795,0.0,24,10,6,0,derived_from_native_gap_count,136,22803,0.00596412752707977,0.4,118,13860,0.008513708513708513,0.0,True,1989,
rome,rome:60:24-0-s158:p2,5,12,False,1596,114219,24123,1596,70.5657894736842,14.114661654135338,0.0,24,10,2,0,derived_from_native_gap_count,61,22671,0.0026906620793083675,0.8,34,4587,0.007412252016568564,0.0,True,2012,
rome,rome:60:24-0-s158:p3,5,12,False,4128,74169,43173,4128,16.967296511627907,9.45857558139535,0.0,24,7,4,0,derived_from_native_gap_count,117,14289,0.008188116733151375,0.42857142857142855,115,8085,0.01422387136672851,0.0,True,1977,
rome,rome:60:24-0-s50:p0,5,12,False,9448,128403,98083,9448,12.59049534292972,9.381350550381033,0.0,24,12,9,0,derived_from_native_gap_count,298,24387,0.01221962521015295,0.25,294,18315,0.016052416052416054,0.0,True,1932,
rome,rome:60:24-0-s50:p1,5,12,False,2720,128750,56540,2720,46.33455882352941,19.78676470588235,0.0,24,12,5,0,derived_from_native_gap_count,135,25476,0.0052991050400376825,0.5833333333333334,96,10956,0.008762322015334063,0.0,True,1986,
rome,rome:60:24-0-s50:p2,5,12,False,770,132705,13015,770,171.34415584415584,15.902597402597403,0.0,24,12,1,0,derived_from_native_gap_count,23,26433,0.0008701244656300836,0.9166666666666666,13,2475,0.0052525252525252525,0.0,True,2046,
rome,rome:60:24-0-s50:p3,5,12,False,1350,95575,21530,1350,69.79629629629629,14.948148148148148,0.0,24,9,2,0,derived_from_native_gap_count,65,18975,0.0034255599472990776,0.7777777777777778,28,4092,0.006842619745845552,0.0,True,2000,
rome,rome:60:24-0-s50:p4,5,12,False,2260,116625,51235,2260,50.60398230088496,21.670353982300885,0.0,24,10,4,0,derived_from_native_gap_count,97,23067,0.004205141544197338,0.6,69,9933,0.00694654183026276,0.0,True,2009,
rome,rome:60:243-0-s57:p0,5,12,False,5340,15405,5340,5340,1.8848314606741574,,0.0,24,1,0,0,derived_from_native_gap_count,0,2013,0.0,1.0,,,,,True,2013,
rome,rome:60:243-0-s91:p0,5,12,False,8116,18181,8116,8116,1.2401429275505176,,0.0,24,1,0,0,derived_from_native_gap_count,0,2013,0.0,1.0,,,,,True,2013,
rome,rome:60:243-0-s91:p1,5,12,False,2430,42545,22445,2430,16.508230452674898,8.236625514403292,0.0,24,4,2,0,derived_from_native_gap_count,31,8085,0.00383426097711812,0.5,28,4059,0.006898250800689825,0.0,True,1998,
rome,rome:60:243-0-s94:p0,5,12,False,8756,38846,18661,8756,3.436500685244404,1.1312243033348561,0.0,24,3,1,0,derived_from_native_gap_count,27,6072,0.004446640316205534,0.6666666666666666,16,2013,0.007948335817188276,0.0,True,1997,
rome,rome:60:249-0-s139:p0,5,12,False,29036,75509,45422,29036,1.6005303760848602,0.5643339302934288,0.0,24,5,2,0,derived_from_native_gap_count,321,10065,0.03189269746646796,0.6,312,4026,0.07749627421758569,0.0,True,1830,
rome,rome:60:254-0-s329:p0,5,12,False,7670,86545,48085,7670,10.283572359843546,5.269230769230769,0.0,24,7,4,0,derived_from_native_gap_count,214,16203,0.013207430722705672,0.42857142857142855,199,8481,0.023464214125692724,0.0,True,1904,
rome,rome:60:256-0-s375:p0,5,12,False,8940,58134,28023,8940,5.50268456375839,2.1345637583892616,0.0,24,5,2,0,derived_from_native_gap_count,108,10098,0.0106951871657754,0.6,101,4059,0.024882976102488297,0.0,True,1966,
rome,rome:60:257-0-s123:p0,5,12,False,7824,67530,17325,7824,7.631134969325154,1.214340490797546,0.0,24,6,1,0,derived_from_native_gap_count,57,12078,0.004719324391455539,0.8333333333333334,47,2013,0.02334823646299056,0.0,True,1966,
rome,rome:60:257-0-s123:p1,5,12,False,15648,115929,54516,15648,6.408550613496932,2.4838957055214723,0.0,24,9,4,0,derived_from_native_gap_count,127,20361,0.006237414665291489,0.5555555555555556,116,8052,0.014406358668653751,0.0,True,1982,
rome,rome:60:260-0-s115:p0,5,12,False,26718,114436,63646,26718,3.2831050228310503,1.3821393816902463,0.0,24,9,4,0,derived_from_native_gap_count,370,18348,0.020165685633311534,0.5555555555555556,367,8184,0.0448435972629521,0.0,True,1866,
rome,rome:60:260-0-s14:p0,5,12,False,5412,53517,13341,5412,8.888580931263858,1.4650776053215078,0.0,24,5,1,0,derived_from_native_gap_count,185,10065,0.01838052657724789,0.8,178,2013,0.08842523596621957,0.0,True,1835,
rome,rome:60:268-0-s46:p0,5,12,False,9360,59826,9360,9360,5.391666666666667,,0.0,24,5,0,0,derived_from_native_gap_count,2,10098,0.00019805902158843335,1.0,,,,,True,2011,
rome,rome:60:275-0-s235:p0,5,12,False,7980,17574,17574,7980,1.2022556390977444,1.2022556390977444,0.0,24,1,1,0,derived_from_native_gap_count,53,2046,0.025904203323558164,0.0,53,2046,0.025904203323558164,0.0,True,1993,
rome,rome:60:275-0-s290:p0,5,12,False,4500,14277,14277,4500,2.1726666666666667,2.1726666666666667,0.0,24,1,1,0,derived_from_native_gap_count,24,2013,0.011922503725782414,0.0,24,2013,0.011922503725782414,0.0,True,1989,
rome,rome:60:275-0-s376:p0,5,12,False,23030,52619,52619,23030,1.2848024316109423,1.2848024316109423,0.0,24,3,3,0,derived_from_native_gap_count,78,6105,0.012776412776412777,0.0,78,6105,0.012776412776412777,0.0,True,1976,
rome,rome:60:289-0-s12:p0,5,12,False,10680,80415,70185,10680,6.529494382022472,5.571629213483146,0.0,24,7,6,0,derived_from_native_gap_count,170,14355,0.011842563566701497,0.14285714285714285,170,12309,0.01381103257778861,0.0,True,1987,
rome,rome:60:289-0-s30:p0,5,12,False,5280,94341,84396,5280,16.867613636363636,14.98409090909091,0.0,24,9,8,0,derived_from_native_gap_count,127,18117,0.007009990616547994,0.1111111111111111,117,16104,0.007265275707898659,0.0,True,1995,
rome,rome:60:289-0-s77:p0,5,12,False,14484,84135,74070,14484,4.8088235294117645,4.113918806959403,0.0,24,7,6,0,derived_from_native_gap_count,122,14223,0.008577655909442452,0.14285714285714285,122,12210,0.009991809991809993,0.0,True,1985,
rome,rome:60:289-0-s94:p0,5,12,False,20172,87312,46911,20172,3.328375966686496,1.3255502676977988,0.0,24,7,3,0,derived_from_native_gap_count,290,14124,0.020532427074483148,0.5714285714285714,288,6039,0.04769001490312966,0.0,True,1817,
rome,rome:60:290-0-s103:p0,5,12,False,23776,53635,33505,23776,1.2558462314939434,0.40919414535666215,0.0,24,3,1,0,derived_from_native_gap_count,28,6039,0.004636529226693161,0.6666666666666666,28,2013,0.013909587680079483,0.0,True,1985,
rome,rome:60:290-0-s103:p1,5,12,False,2052,42000,11805,2052,19.46783625730994,4.752923976608187,0.0,24,4,1,0,derived_from_native_gap_count,26,8052,0.003229011425732737,0.75,26,2013,0.012916045702930949,0.0,True,1987,
rome,rome:60:290-0-s119:p0,5,12,False,2556,42681,12570,2556,15.698356807511738,3.9178403755868545,0.0,24,4,1,0,derived_from_native_gap_count,25,8085,0.0030921459492888066,0.75,18,2046,0.008797653958944282,0.0,True,2006,
rome,rome:60:290-0-s34:p0,5,12,False,2940,62418,32427,2940,20.23061224489796,10.029591836734694,0.0,24,6,3,0,derived_from_native_gap_count,76,12078,0.006292432521940719,0.5,59,6039,0.00976982944196059,0.0,True,1985,
rome,rome:60:290-0-s36:p0,5,12,False,3036,74145,54099,3036,23.42193675889328,16.81916996047431,0.0,24,7,5,0,derived_from_native_gap_count,83,14421,0.00575549545801262,0.2857142857142857,76,10395,0.007311207311207311,0.0,True,1991,
rome,rome:60:290-0-s36:p1,5,12,False,4776,24687,14730,4776,4.168969849246231,2.0841708542713566,0.0,24,2,1,0,derived_from_native_gap_count,32,4059,0.007883715200788372,0.5,23,2046,0.011241446725317693,0.0,True,2004,
rome,rome:60:290-0-s36:p2,5,12,False,5712,74961,64896,5712,12.1234243697479,10.361344537815127,0.0,24,7,6,0,derived_from_native_gap_count,128,14157,0.009041463586918132,0.14285714285714285,128,12144,0.010540184453227932,0.0,True,1979,
rome,rome:60:293-0-s42:p0,5,12,False,5340,54597,24402,5340,9.224157303370786,3.5696629213483146,0.0,24,5,2,0,derived_from_native_gap_count,89,10065,0.008842523596621958,0.6,89,4026,0.022106308991554892,0.0,True,1950,
rome,rome:60:297-1-s52:p0,5,12,False,7104,140202,95469,7104,18.73564189189189,12.438766891891891,0.0,24,12,8,0,derived_from_native_gap_count,211,27126,0.0077785150777851505,0.3333333333333333,185,18117,0.010211403654026605,0.0,True,2016,
rome,rome:60:297-1-s52:p1,5,12,False,4896,117096,84630,4896,22.916666666666668,16.285539215686274,0.0,24,10,7,0,derived_from_native_gap_count,165,22836,0.0072254335260115606,0.3,148,16302,0.009078640657588026,0.0,True,2004,
rome,rome:60:306-0-s25:p0,5,12,False,31620,94572,94572,31620,1.9908918406072107,1.9908918406072107,0.0,24,7,7,0,derived_from_native_gap_count,639,14124,0.04524214103653356,0.0,639,14124,0.04524214103653356,0.0,True,1823,
rome,rome:60:306-0-s68:p0,5,12,False,16956,70776,70776,16956,3.1740976645435244,3.1740976645435244,0.0,24,6,6,0,derived_from_native_gap_count,575,12144,0.04734848484848485,0.0,575,12144,0.04734848484848485,0.0,True,1845,
rome,rome:60:309-0-s267:p0,5,12,False,6000,95862,55557,6000,14.977,8.2595,0.0,24,9,5,0,derived_from_native_gap_count,74,18150,0.004077134986225896,0.4444444444444444,64,10065,0.006358668653750621,0.0,True,1996,
rome,rome:60:309-0-s61:p0,5,12,False,3024,13089,3024,3024,3.328373015873016,,0.0,24,1,0,0,derived_from_native_gap_count,0,2013,0.0,1.0,,,,,True,2013,
rome,rome:60:309-0-s61:p1,5,12,False,3696,43128,43128,3696,10.668831168831169,10.668831168831169,0.0,24,4,4,0,derived_from_native_gap_count,69,8052,0.00856929955290611,0.0,69,8052,0.00856929955290611,0.0,True,1990,
rome,rome:60:326-0-s63:p0,5,12,False,17772,115638,95628,17772,5.506752194463201,4.38082376772451,0.0,24,10,8,0,derived_from_native_gap_count,232,20130,0.011525086934923,0.2,222,16104,0.013785394932935917,0.0,True,1954,
rome,rome:60:326-0-s63:p1,5,12,False,10296,59529,59529,10296,4.781759906759906,4.781759906759906,0.0,24,5,5,0,derived_from_native_gap_count,91,10065,0.009041231992051665,0.0,91,10065,0.009041231992051665,0.0,True,1989,
rome,rome:60:326-0-s82:p0,5,12,False,588,100815,10137,588,170.45408163265307,16.239795918367346,0.0,24,10,1,0,derived_from_native_gap_count,49,20163,0.0024301939195556215,0.9,43,2013,0.02136115250869349,0.0,True,1970,
rome,rome:60:329-0-s52:p0,5,12,False,3324,117111,55263,3324,34.231949458483754,15.625451263537906,0.0,24,11,5,0,derived_from_native_gap_count,129,23067,0.005592404734035636,0.5454545454545454,113,10659,0.01060136973449667,0.0,True,1972,
rome,rome:60:329-0-s55:p0,5,12,False,16128,106797,64311,16128,5.6218377976190474,2.9875372023809526,0.0,24,9,5,0,derived_from_native_gap_count,268,18777,0.014272780529371039,0.4444444444444444,261,10263,0.02543116047939199,0.0,True,1851,
rome,rome:60:329-0-s55:p1,5,12,False,2472,138285,60678,2472,54.94053398058252,23.546116504854368,0.0,24,9,2,0,derived_from_native_gap_count,81,27357,0.0029608509705011513,0.7777777777777778,72,11814,0.006094464195022855,0.0,True,2046,
rome,rome:60:336-0-s227:p0,5,12,False,8030,95595,55475,8030,10.904732254047323,5.908468244084682,0.0,24,9,5,0,derived_from_native_gap_count,302,18117,0.01666942650549208,0.4444444444444444,288,10065,0.028614008941877794,0.0,True,1825,
rome,rome:60:336-0-s227:p1,5,12,False,2880,102600,42350,2880,34.625,13.70486111111111,0.0,24,10,4,0,derived_from_native_gap_count,93,20130,0.004619970193740686,0.6,79,8052,0.009811227024341779,0.0,True,1988,
rome,rome:60:353-0-s131:p0,5,12,False,10392,114975,20973,10392,10.06379907621247,1.0181870669745958,0.0,24,10,1,0,derived_from_native_gap_count,16,20955,0.000763540921021236,0.9,12,2145,0.005594405594405594,0.0,True,2013,
rome,rome:60:353-0-s219:p0,5,12,False,9420,123639,39525,9420,12.12515923566879,3.195859872611465,0.0,24,11,3,0,derived_from_native_gap_count,148,23199,0.006379585326953748,0.7272727272727273,145,6369,0.022766525357198933,0.0,True,1988,
rome,rome:60:360-0-s126:p0,5,12,False,14280,52176,21981,14280,2.653781512605042,0.5392857142857143,0.0,24,4,1,0,derived_from_native_gap_count,197,8052,0.02446597118728266,0.75,197,2013,0.09786388474913064,0.0,True,1816,
rome,rome:60:366-0-s105:p0,5,12,False,3750,83060,42980,3750,21.149333333333335,10.461333333333334,0.0,24,8,4,0,derived_from_native_gap_count,121,16104,0.007513661202185792,0.5,103,8052,0.012791852955787383,0.0,True,1974,
rome,rome:60:43-1-s109:p0,5,12,False,10224,108285,52020,10224,9.5912558685446,4.088028169014085,0.0,24,9,4,0,derived_from_native_gap_count,312,20361,0.015323412406070429,0.5555555555555556,312,9108,0.034255599472990776,0.0,True,1908,
rome,rome:60:43-1-s80:p0,5,12,False,5190,68130,5190,5190,12.127167630057803,,0.0,24,6,0,0,derived_from_native_gap_count,9,12606,0.0007139457401237506,1.0,,,,,True,2013,
rome,rome:60:45-0-s4:p0,5,12,False,7212,87741,57063,7212,11.165973377703827,6.912229617304493,0.0,24,8,5,0,derived_from_native_gap_count,123,16401,0.0074995427108103165,0.375,122,10263,0.011887362369677482,0.0,True,2001,
rome,rome:60:45-0-s4:p1,5,12,False,408,93183,408,408,227.38970588235293,,0.0,24,9,0,0,derived_from_native_gap_count,10,18579,0.0005382421012971634,1.0,,,,,True,2012,
rome,rome:60:46-0-s41:p0,5,12,False,1788,92616,11625,1788,50.79865771812081,5.501677852348993,0.0,24,9,1,0,derived_from_native_gap_count,21,18216,0.001152832674571805,0.8888888888888888,19,2013,0.009438648782911079,0.0,True,1994,
rome,rome:60:46-0-s41:p1,5,12,False,1428,103695,11157,1428,71.6155462184874,6.813025210084033,0.0,24,10,1,0,derived_from_native_gap_count,44,20559,0.002140181915462814,0.9,28,2013,0.013909587680079483,0.0,True,1985,
rome,rome:60:46-0-s49:p0,5,12,False,11352,111834,21285,11352,8.851479915433403,0.875,0.0,24,10,1,0,derived_from_native_gap_count,14,20130,0.0006954793840039742,0.9,11,2013,0.00546448087431694,0.0,True,2002,
rome,rome:60:46-0-s56:p0,5,12,False,2352,73302,2352,2352,30.165816326530614,,0.0,24,7,0,0,derived_from_native_gap_count,0,14190,0.0,1.0,,,,,True,2013,
rome,rome:60:46-0-s56:p1,5,12,False,288,80664,288,288,279.0833333333333,,0.0,24,8,0,0,derived_from_native_gap_count,12,16104,0.0007451564828614009,1.0,,,,,True,2006,
rome,rome:60:46-0-s56:p2,5,12,False,1752,72273,11553,1752,40.25171232876713,5.594178082191781,0.0,24,7,1,0,derived_from_native_gap_count,22,14157,0.001554001554001554,0.8571428571428571,22,2013,0.01092896174863388,0.0,True,1991,
rome,rome:60:46-0-s56:p3,5,12,False,660,81069,10533,660,121.83181818181818,14.959090909090909,0.0,24,8,1,0,derived_from_native_gap_count,23,16137,0.0014252959038235113,0.875,16,2013,0.007948335817188276,0.0,True,1997,
rome,rome:60:46-0-s65:p0,5,12,False,14100,64077,23925,14100,3.544468085106383,0.6968085106382979,0.0,24,5,1,0,derived_from_native_gap_count,29,10065,0.00288127173373075,0.8,20,2013,0.009935419771485345,0.0,True,1993,
rome,rome:60:46-0-s89:p0,5,12,False,2040,82011,41649,2040,39.201470588235296,19.416176470588237,0.0,24,8,4,0,derived_from_native_gap_count,87,16203,0.005369376041473801,0.5,68,8085,0.008410636982065553,0.0,True,1985,
rome,rome:60:47-0-s268:p0,5,12,False,4416,81954,47646,4416,17.558423913043477,9.789402173913043,0.0,24,7,4,0,derived_from_native_gap_count,111,15774,0.00703689615823507,0.42857142857142855,110,8910,0.012345679012345678,0.0,True,1982,
rome,rome:60:51-1-s193:p0,5,12,False,17402,46712,26087,17402,1.6842891621652682,0.4990805654522469,0.0,24,3,1,0,derived_from_native_gap_count,115,6138,0.018735744542196155,0.6666666666666666,115,2013,0.057128663686040734,0.0,True,1898,
rome,rome:60:53-0-s98:p0,5,12,False,1640,101710,21420,1640,61.01829268292683,12.060975609756097,0.0,24,10,2,0,derived_from_native_gap_count,58,20130,0.00288127173373075,0.8,35,4026,0.008693492300049677,0.0,True,1994,
rome,rome:60:58-0-s2:p0,5,12,False,8112,48366,17937,8112,4.962278106508876,1.2111686390532543,0.0,24,4,1,0,derived_from_native_gap_count,28,8118,0.0034491254003449125,0.75,20,2013,0.009935419771485345,0.0,True,1993,
rome,rome:60:58-0-s8:p0,5,12,False,4788,44700,14673,4788,8.335839598997493,2.0645363408521304,0.0,24,4,1,0,derived_from_native_gap_count,29,8052,0.003601589667163438,0.75,15,2013,0.007451564828614009,0.0,True,1998,
rome,rome:60:58-1-s27:p0,5,12,False,3340,23330,3340,3340,5.985029940119761,,0.0,24,2,0,0,derived_from_native_gap_count,14,4026,0.003477396920019871,1.0,,,,,True,2005,
rome,rome:60:66-0-s9:p0,5,12,False,10176,91944,10176,10176,8.035377358490566,,0.0,24,8,0,0,derived_from_native_gap_count,6,16368,0.00036656891495601173,1.0,,,,,True,2012,
rome,rome:60:67-1-s1:p0,5,12,False,7776,106263,19287,7776,12.66550925925926,1.4803240740740742,0.0,24,9,1,0,derived_from_native_gap_count,29,19767,0.0014670916173420347,0.8888888888888888,17,2343,0.007255655142979087,0.0,True,2010,
rome,rome:60:68-0-s112:p0,5,12,False,540,30820,540,540,56.074074074074076,,0.0,24,3,0,0,derived_from_native_gap_count,8,6072,0.0013175230566534915,1.0,,,,,True,2013,
rome,rome:60:68-0-s234:p0,5,12,False,3640,63590,23380,3640,16.46978021978022,5.423076923076923,0.0,24,6,2,0,derived_from_native_gap_count,44,12078,0.0036429872495446266,0.6666666666666666,39,4026,0.009687034277198211,0.0,True,1986,
rome,rome:60:70-0-s118:p0,5,12,False,5570,66280,36095,5570,10.899461400359067,5.480251346499102,0.0,24,6,3,0,derived_from_native_gap_count,67,12276,0.005457803844900619,0.5,66,6237,0.010582010582010581,0.0,True,1991,
rome,rome:60:70-0-s141:p0,5,12,False,20102,68717,48687,20102,2.418416078002189,1.4219978111630684,0.0,24,5,3,0,derived_from_native_gap_count,171,10065,0.01698956780923994,0.4,161,6039,0.026660043053485676,0.0,True,1898,
rome,rome:60:70-0-s152:p0,5,12,False,2370,62720,22140,2370,25.464135021097047,8.341772151898734,0.0,24,6,2,0,derived_from_native_gap_count,37,12144,0.003046772068511199,0.6666666666666666,36,4026,0.00894187779433681,0.0,True,1991,
rome,rome:60:70-0-s162:p0,5,12,False,1940,82465,1940,1940,41.50773195876289,,0.0,24,8,0,0,derived_from_native_gap_count,16,16137,0.0009915101939641817,1.0,,,,,True,2006,
rome,rome:60:70-0-s172:p0,5,12,False,3450,83495,33165,3450,23.201449275362318,8.61304347826087,0.0,24,8,3,0,derived_from_native_gap_count,64,16137,0.003966040775856727,0.625,48,6039,0.007948335817188276,0.0,True,1992,
rome,rome:60:70-0-s57:p0,5,12,False,3230,32925,22860,3230,9.193498452012383,6.077399380804954,0.0,24,3,2,0,derived_from_native_gap_count,50,6039,0.008279516476237788,0.3333333333333333,50,4026,0.012419274714356682,0.0,True,1985,
rome,rome:60:70-0-s57:p1,5,12,False,3900,73385,53455,3900,17.816666666666666,12.706410256410257,0.0,24,7,5,0,derived_from_native_gap_count,97,14091,0.0068838265559577035,0.2857142857142857,77,10065,0.007650273224043716,0.0,True,1992,
rome,rome:60:70-0-s57:p2,5,12,False,3460,102960,52925,3460,28.75722543352601,14.296242774566474,0.0,24,10,5,0,derived_from_native_gap_count,115,20130,0.005712866368604074,0.5,86,10065,0.008544461003477397,0.0,True,1988,
rome,rome:60:70-0-s78:p0,5,12,False,3420,82945,52850,3420,23.252923976608187,14.453216374269006,0.0,24,8,5,0,derived_from_native_gap_count,149,16203,0.009195827933098808,0.375,139,10164,0.013675718221172766,0.0,True,1967,
rome,rome:60:72-0-s234:p0,5,12,False,4320,34120,34120,4320,6.898148148148148,6.898148148148148,0.0,24,3,3,0,derived_from_native_gap_count,56,6072,0.00922266139657444,0.0,56,6072,0.00922266139657444,0.0,True,1991,
rome,rome:60:78-0-s44:p0,5,12,False,168,49833,168,168,295.625,,0.0,24,4,0,0,derived_from_native_gap_count,0,9933,0.0,1.0,,,,,True,2013,
rome,rome:60:83-0-s152:p0,5,12,False,1960,61690,31545,1960,30.474489795918366,15.09438775510204,0.0,24,6,3,0,derived_from_native_gap_count,66,12078,0.00546448087431694,0.5,61,6039,0.010101010101010102,0.0,True,1986,
rome,rome:60:83-0-s41:p0,5,12,False,4872,45024,4872,4872,8.241379310344827,,0.0,24,4,0,0,derived_from_native_gap_count,9,8052,0.0011177347242921013,1.0,,,,,True,2009,
rome,rome:60:83-0-s59:p0,5,12,False,6744,74160,74160,6744,9.99644128113879,9.99644128113879,0.0,24,7,7,0,derived_from_native_gap_count,267,14124,0.018903993203058623,0.0,267,14124,0.018903993203058623,0.0,True,1871,
rome,rome:60:83-0-s95:p0,5,12,False,2940,63138,2940,2940,20.475510204081633,,0.0,24,6,0,0,derived_from_native_gap_count,16,12078,0.001324722636198046,1.0,,,,,True,2004,
rome,rome:60:83-0-s95:p1,5,12,False,756,50973,756,756,66.42460317460318,,0.0,24,5,0,0,derived_from_native_gap_count,9,10065,0.0008941877794336811,1.0,,,,,True,2008,
rome,rome:60:95-0-s137:p0,5,12,False,2844,96045,2844,2844,32.7710970464135,,0.0,24,9,0,0,derived_from_native_gap_count,2,18645,0.00010726736390453205,1.0,,,,,True,2012,
rome,rome:60:96-0-s156:p0,5,12,False,3612,92859,42597,3612,24.70847176079734,10.793189368770765,0.0,24,9,4,0,derived_from_native_gap_count,139,18183,0.007644503107298026,0.5555555555555556,120,8085,0.014842300556586271,0.0,True,1941,
geolife,010-20080916114237-0,6,5,True,21664,21664,21664,21664,,,0.0,10,0,0,0,none,,,,,,,,,True,,
geolife,010-20080917225654-0,6,5,True,17357,17357,17357,17357,,,0.0,16,0,0,0,none,,,,,,,,,True,,
geolife,010-20080921224934-0,6,5,True,18695,18695,18695,18695,,,0.0,35,0,0,0,none,,,,,,,,,True,,
geolife,010-20080922111517-0,6,5,True,21393,21393,21393,21393,,,0.0,12,0,0,0,none,,,,,,,,,True,,
geolife,010-20080922234926-0,6,5,True,18146,18146,18146,18146,,,0.0,35,0,0,0,none,,,,,,,,,True,,
geolife,010-20080923121817-0,6,5,True,21735,21735,21735,21735,,,0.0,12,0,0,0,none,,,,,,,,,True,,
geolife,010-20080923231456-1,6,5,True,19281,19281,19281,19281,,,0.0,58,0,0,0,none,,,,,,,,,True,,
geolife,010-20080924113459-1,6,5,True,21973,21973,21973,21973,,,0.0,14,0,0,0,none,,,,,,,,,True,,
geolife,010-20080924231334-1,6,5,True,17750,17750,17750,17750,,,0.0,26,0,0,0,none,,,,,,,,,True,,
geolife,010-20080925104204-0,6,5,True,21492,21492,21492,21492,,,0.0,19,0,0,0,none,,,,,,,,,True,,
geolife,010-20080925233430-0,6,5,True,18103,18103,18103,18103,,,0.0,31,0,0,0,none,,,,,,,,,True,,
geolife,010-20080926105402-0,6,5,True,21916,21916,21916,21916,,,0.0,15,0,0,0,none,,,,,,,,,True,,
geolife,010-20080927232235-1,6,5,True,16035,16035,16035,16035,,,0.0,22,0,0,0,none,,,,,,,,,True,,
geolife,010-20081005225112-1,6,5,True,17388,17388,17388,17388,,,0.0,59,0,0,0,none,,,,,,,,,True,,
rome,rome:60:103-0-s96:p0,6,12,False,18646,78134,66056,18646,3.190389359648182,2.5426364904000858,0.0,24,5,4,0,derived_from_native_gap_count,110,10098,0.010893246187363835,0.2,110,8085,0.013605442176870748,0.0,True,1955,
rome,rome:60:104-0-s145:p0,6,12,False,2090,139864,30274,2090,65.92057416267943,13.485167464114832,0.0,24,10,2,0,derived_from_native_gap_count,142,23199,0.006120953489374542,0.8,112,4884,0.02293202293202293,0.0,True,2004,
rome,rome:60:105-0-s77:p0,6,12,False,360,100614,360,360,278.48333333333335,,0.0,24,8,0,0,derived_from_native_gap_count,11,16731,0.0006574621959237344,1.0,,,,,True,2005,
rome,rome:60:109-0-s11:p0,6,12,False,10248,70422,22134,10248,5.871779859484778,1.1598360655737705,0.0,24,5,1,0,derived_from_native_gap_count,18,10065,0.0017883755588673621,0.8,16,2013,0.007948335817188276,0.0,True,1997,
rome,rome:60:109-0-s11:p1,6,12,False,2208,86724,14118,2208,38.27717391304348,5.394021739130435,0.0,24,7,1,0,derived_from_native_gap_count,19,14124,0.0013452279807419994,0.8571428571428571,14,2013,0.006954793840039742,0.0,True,1999,
rome,rome:60:109-0-s188:p0,6,12,False,11874,81900,45468,11874,5.897422940879232,2.8292066700353713,0.0,24,6,3,0,derived_from_native_gap_count,264,12111,0.021798365122615803,0.5,264,6039,0.04371584699453552,0.0,True,1831,
rome,rome:60:109-0-s188:p1,6,12,False,2300,74526,26086,2300,31.402608695652173,10.341739130434783,0.0,24,6,2,0,derived_from_native_gap_count,44,12111,0.0036330608537693005,0.6666666666666666,37,4026,0.009190263288623945,0.0,True,1994,
rome,rome:60:109-0-s32:p0,6,12,False,15742,98848,62784,15742,5.279252953881336,2.988311523313429,0.0,24,7,4,0,derived_from_native_gap_count,144,14091,0.010219288907813498,0.42857142857142855,127,8052,0.015772478887232984,0.0,True,1964,
rome,rome:60:109-0-s40:p0,6,12,False,28662,87750,63666,28662,2.0615449026585724,1.2212685786058195,0.0,24,5,3,0,derived_from_native_gap_count,129,10065,0.012816691505216096,0.4,123,6039,0.02036761053154496,0.0,True,1934,
rome,rome:60:109-0-s42:p0,6,12,False,26936,106672,94594,26936,2.9602019602019602,2.511805761805762,0.0,24,7,6,0,derived_from_native_gap_count,490,14157,0.034611852793670975,0.14285714285714285,490,12144,0.040349143610013176,0.0,True,1860,
rome,rome:60:11-0-s11:p0,6,12,False,3040,51904,14948,3040,16.073684210526316,3.917105263157895,0.0,24,4,1,0,derived_from_native_gap_count,24,8184,0.002932551319648094,0.75,17,2013,0.008445106805762544,0.0,True,1996,
rome,rome:60:11-0-s11:p1,6,12,False,1370,99712,38214,1370,71.78248175182482,26.893430656934306,0.0,24,8,3,0,derived_from_native_gap_count,46,16467,0.0027934657193174227,0.625,38,6204,0.0061250805931656995,0.0,True,2008,
rome,rome:60:11-0-s11:p2,6,12,False,2840,75664,63190,2840,25.64225352112676,21.25,0.0,24,6,5,0,derived_from_native_gap_count,103,12309,0.008367860914777805,0.16666666666666666,103,10230,0.010068426197458456,0.0,True,1981,
rome,rome:60:11-0-s136:p0,6,12,False,5740,131220,43618,5740,21.860627177700348,6.598954703832753,0.0,24,10,3,0,derived_from_native_gap_count,124,21120,0.005871212121212121,0.7,93,6468,0.01437847866419295,0.0,True,1966,
rome,rome:60:11-0-s186:p0,6,12,False,5680,140054,113740,5680,23.657394366197185,19.024647887323944,0.0,24,10,8,0,derived_from_native_gap_count,185,22704,0.008148343904157857,0.2,183,18315,0.009991809991809993,0.0,True,2005,
rome,rome:60:11-0-s84:p0,6,12,False,3060,39410,27332,3060,11.879084967320262,7.93202614379085,0.0,24,3,2,0,derived_from_native_gap_count,28,6105,0.004586404586404586,0.3333333333333333,28,4092,0.006842619745845552,0.0,True,1997,
rome,rome:60:124-1-s99:p0,6,12,False,1540,145084,42918,1540,93.21038961038961,26.868831168831168,0.0,24,11,3,0,derived_from_native_gap_count,60,24024,0.0024975024975024975,0.7272727272727273,40,6963,0.0057446502944133275,0.0,True,2013,
rome,rome:60:127-0-s273:p0,6,12,False,15504,39624,15504,15504,1.5557275541795665,,0.0,24,2,0,0,derived_from_native_gap_count,3,4026,0.0007451564828614009,1.0,,,,,True,2010,
rome,rome:60:128-0-s16:p0,6,12,False,690,62396,690,690,89.42898550724638,,0.0,24,5,0,0,derived_from_native_gap_count,7,10296,0.0006798756798756799,1.0,,,,,True,2007,
rome,rome:60:128-0-s16:p1,6,12,False,1520,61540,25316,1520,39.48684210526316,15.655263157894737,0.0,24,5,2,0,derived_from_native_gap_count,37,10065,0.0036761053154495777,0.6,36,4026,0.00894187779433681,0.0,True,1989,
rome,rome:60:128-0-s65:p0,6,12,False,1704,61242,25176,1704,34.940140845070424,13.774647887323944,0.0,24,5,2,0,derived_from_native_gap_count,71,10065,0.007054148037754595,0.6,57,4026,0.014157973174366617,0.0,True,1981,
rome,rome:60:128-0-s82:p0,6,12,False,21024,78216,53910,21024,2.720319634703196,1.5642123287671232,0.0,24,5,3,0,derived_from_native_gap_count,283,10098,0.02802535155476332,0.4,279,6039,0.046199701937406856,0.0,True,1876,
rome,rome:60:128-0-s82:p1,6,12,False,2592,74550,38178,2592,27.761574074074073,13.729166666666666,0.0,24,6,3,0,derived_from_native_gap_count,59,12111,0.004871604326645199,0.5,54,6039,0.00894187779433681,0.0,True,1985,
rome,rome:60:128-0-s82:p2,6,12,False,612,36846,612,612,59.205882352941174,,0.0,24,3,0,0,derived_from_native_gap_count,0,6039,0.0,1.0,,,,,True,2013,
rome,rome:60:134-0-s99:p0,6,12,False,1908,74022,13590,1908,37.795597484276726,6.122641509433962,0.0,24,6,1,0,derived_from_native_gap_count,46,12111,0.003798199983486087,0.8333333333333334,33,2013,0.01639344262295082,0.0,True,1980,
rome,rome:60:137-0-s71:p0,6,12,False,10974,117256,81102,10974,9.684891561873519,6.390377255330782,0.0,24,9,6,0,derived_from_native_gap_count,242,18117,0.013357619914996965,0.3333333333333333,234,12078,0.019374068554396422,0.0,True,1877,
rome,rome:60:137-0-s71:p1,6,12,False,1330,97742,25176,1330,72.49022556390977,17.92932330827068,0.0,24,8,2,0,derived_from_native_gap_count,41,16137,0.0025407448720332158,0.75,31,4026,0.007699950322901143,0.0,True,1993,
rome,rome:60:137-0-s71:p2,6,12,False,2580,62660,14458,2580,23.286821705426355,4.603875968992248,0.0,24,5,1,0,derived_from_native_gap_count,31,10065,0.003079980129160457,0.8,20,2013,0.009935419771485345,0.0,True,1993,
rome,rome:60:140-0-s121:p0,6,12,False,2364,138504,49266,2364,57.588832487309645,19.84010152284264,0.0,24,11,4,0,derived_from_native_gap_count,139,22968,0.006051898293277604,0.6363636363636364,134,8085,0.016573902288188003,0.0,True,1926,
rome,rome:60:140-0-s121:p1,6,12,False,768,122256,768,768,158.1875,,0.0,24,10,0,0,derived_from_native_gap_count,7,20262,0.00034547428684236504,1.0,,,,,True,2006,
rome,rome:60:149-0-s182:p0,6,12,False,9940,84226,34202,9940,7.473440643863179,2.4408450704225353,0.0,24,6,2,0,derived_from_native_gap_count,135,12606,0.010709186101856259,0.6666666666666666,128,4257,0.030068123091378907,0.0,True,1899,
rome,rome:60:149-0-s21:p0,6,12,False,1300,112774,1300,1300,85.74923076923076,,0.0,24,9,0,0,derived_from_native_gap_count,0,18579,0.0,1.0,,,,,True,2046,
rome,rome:60:149-0-s21:p1,6,12,False,110,123266,110,110,1119.6,,0.0,24,10,0,0,derived_from_native_gap_count,0,20526,0.0,1.0,,,,,True,2013,
rome,rome:60:149-0-s21:p2,6,12,False,160,98566,160,160,615.0375,,0.0,24,8,0,0,derived_from_native_gap_count,0,16401,0.0,1.0,,,,,True,2013,
rome,rome:60:149-0-s21:p3,6,12,False,750,111142,750,750,147.18933333333334,,0.0,24,9,0,0,derived_from_native_gap_count,29,18447,0.0015720713395132,1.0,,,,,True,2005,
rome,rome:60:150-0-s108:p0,6,12,False,2380,113416,14328,2380,46.65378151260504,5.020168067226891,0.0,24,9,1,0,derived_from_native_gap_count,24,18546,0.0012940795858945326,0.8888888888888888,13,2013,0.006458022851465474,0.0,True,2000,
rome,rome:60:153-0-s12:p0,6,12,False,912,61218,912,912,66.125,,0.0,24,5,0,0,derived_from_native_gap_count,7,10065,0.0006954793840039742,1.0,,,,,True,2006,
rome,rome:60:153-0-s12:p1,6,12,False,1200,85944,1200,1200,70.62,,0.0,24,7,0,0,derived_from_native_gap_count,0,14124,0.0,1.0,,,,,True,2013,
rome,rome:60:153-0-s15:p0,6,12,False,1476,62526,1476,1476,41.36178861788618,,0.0,24,5,0,0,derived_from_native_gap_count,11,10197,0.0010787486515641855,1.0,,,,,True,2005,
rome,rome:60:153-0-s15:p1,6,12,False,4128,111126,74940,4128,25.920058139534884,17.15406976744186,0.0,24,9,6,0,derived_from_native_gap_count,142,18117,0.007837942264171772,0.3333333333333333,138,12078,0.011425732737208148,0.0,True,1981,
rome,rome:60:153-0-s15:p2,6,12,False,8028,113238,89238,8028,13.105381165919283,10.115844544095665,0.0,24,9,7,0,derived_from_native_gap_count,291,18117,0.016062261963901307,0.2222222222222222,278,14091,0.019728904974806616,0.0,True,1929,
rome,rome:60:153-0-s214:p0,6,12,False,7060,43272,30996,7060,5.129178470254957,3.3903682719546744,0.0,24,3,2,0,derived_from_native_gap_count,22,6072,0.0036231884057971015,0.3333333333333333,22,4026,0.00546448087431694,0.0,True,2002,
rome,rome:60:155-0-s239:p0,6,12,False,2360,112042,51070,2360,46.47542372881356,20.639830508474578,0.0,24,9,4,0,derived_from_native_gap_count,100,18447,0.005420935653493793,0.5555555555555556,79,8250,0.009575757575757576,0.0,True,1997,
rome,rome:60:155-0-s253:p0,6,12,False,4740,103250,28616,4740,20.782700421940927,5.037130801687764,0.0,24,8,2,0,derived_from_native_gap_count,49,16500,0.00296969696969697,0.75,28,4026,0.006954793840039742,0.0,True,1998,
rome,rome:60:155-0-s266:p0,6,12,False,5140,129822,29320,5140,24.257198443579767,4.7042801556420235,0.0,24,10,2,0,derived_from_native_gap_count,85,20922,0.004062709110027722,0.8,57,4125,0.013818181818181818,0.0,True,2008,
rome,rome:60:156-0-s76:p0,6,12,False,18972,91392,18972,18972,3.817204301075269,,0.0,24,6,0,0,derived_from_native_gap_count,4,12078,0.0003311806590495115,1.0,,,,,True,2011,
rome,rome:60:157-0-s98:p0,6,12,False,1896,139506,25614,1896,72.57911392405063,12.509493670886076,0.0,24,11,2,0,derived_from_native_gap_count,66,23067,0.002861230329041488,0.8181818181818182,53,4059,0.013057403301305741,0.0,True,1980,
rome,rome:60:162-0-s40:p0,6,12,False,13124,61370,48698,13124,3.6761658031088085,2.7106065224017066,0.0,24,4,3,0,derived_from_native_gap_count,55,8151,0.006747638326585695,0.25,55,6039,0.009107468123861567,0.0,True,1989,
rome,rome:60:162-0-s40:p1,6,12,False,3840,94206,68052,3840,23.5328125,16.721875,0.0,24,7,5,0,derived_from_native_gap_count,142,15345,0.009253828608667318,0.2857142857142857,127,10956,0.011591821832785688,0.0,True,1985,
rome,rome:60:163-0-s105:p0,6,12,False,11076,59082,22866,11076,4.334236186348862,1.0644637053087758,0.0,24,4,1,0,derived_from_native_gap_count,42,8085,0.005194805194805195,0.75,24,2013,0.011922503725782414,0.0,True,1989,
rome,rome:60:167-0-s26:p0,6,12,False,7368,79092,42858,7368,9.734527687296417,4.8167752442996745,0.0,24,6,3,0,derived_from_native_gap_count,62,12078,0.005133300215267428,0.5,62,6039,0.010266600430534857,0.0,True,1988,
rome,rome:60:167-0-s73:p0,6,12,False,4632,76584,28272,4632,15.533678756476684,5.103626943005182,0.0,24,6,2,0,derived_from_native_gap_count,43,12078,0.0035601920847822487,0.6666666666666666,43,4026,0.010680576254346746,0.0,True,1985,
rome,rome:60:172-0-s6:p0,6,12,False,200,78014,200,200,389.07,,0.0,24,6,0,0,derived_from_native_gap_count,0,12969,0.0,1.0,,,,,True,2013,
rome,rome:60:178-0-s37:p0,6,12,False,768,74424,768,768,95.90625,,0.0,24,6,0,0,derived_from_native_gap_count,0,12276,0.0,1.0,,,,,True,2013,
rome,rome:60:178-1-s43:p0,6,12,False,13040,73106,36746,13040,4.606288343558282,1.8179447852760737,0.0,24,5,2,0,derived_from_native_gap_count,60,10131,0.005922416345869114,0.6,54,4059,0.013303769401330377,0.0,True,1990,
rome,rome:60:185-0-s124:p0,6,12,False,880,26150,13874,880,28.71590909090909,14.76590909090909,0.0,24,2,1,0,derived_from_native_gap_count,47,4290,0.010955710955710955,0.5,47,2244,0.02094474153297683,0.0,True,2046,
rome,rome:60:185-0-s150:p0,6,12,False,12626,62078,24488,12626,3.9166798669412324,0.9394899413907809,0.0,24,4,1,0,derived_from_native_gap_count,37,8316,0.004449254449254449,0.75,18,2013,0.00894187779433681,0.0,True,1995,
rome,rome:60:193-0-s204:p0,6,12,False,80,36314,80,80,452.925,,0.0,24,3,0,0,derived_from_native_gap_count,0,6039,0.0,1.0,,,,,True,2013,
rome,rome:60:213-0-s41:p0,6,12,False,4608,88914,4608,4608,18.295572916666668,,0.0,24,7,0,0,derived_from_native_gap_count,20,14091,0.0014193456816407636,1.0,,,,,True,2004,
rome,rome:60:213-0-s41:p1,6,12,False,3024,74712,38718,3024,23.706349206349206,11.803571428571429,0.0,24,6,3,0,derived_from_native_gap_count,65,12078,0.0053816857095545624,0.5,45,6039,0.007451564828614009,0.0,True,1995,
rome,rome:60:213-0-s66:p0,6,12,False,8904,71028,8904,8904,6.977088948787062,,0.0,24,5,0,0,derived_from_native_gap_count,4,10362,0.0003860258637328701,1.0,,,,,True,2011,
rome,rome:60:214-0-s203:p0,6,12,False,10332,74472,23856,10332,6.207897793263647,1.3089430894308942,0.0,24,5,1,0,derived_from_native_gap_count,67,10824,0.006189948263118995,0.8,61,2376,0.025673400673400674,0.0,True,2007,
rome,rome:60:214-0-s203:p1,6,12,False,7512,104718,7512,7512,12.940095846645367,,0.0,24,8,0,0,derived_from_native_gap_count,1,16203,6.171696599395174e-05,1.0,,,,,True,2012,
rome,rome:60:214-0-s220:p0,6,12,False,10464,34620,10464,10464,2.30848623853211,,0.0,24,2,0,0,derived_from_native_gap_count,0,4026,0.0,1.0,,,,,True,2013,
rome,rome:60:229-0-s172:p0,6,12,False,8304,135622,111338,8304,15.332129094412332,12.407755298651253,0.0,24,10,8,0,derived_from_native_gap_count,343,21846,0.015700814794470382,0.2,336,17787,0.018890200708382526,0.0,True,1987,
rome,rome:60:234-0-s260:p0,6,12,False,9876,93310,69234,9876,8.448157148643176,6.0103280680437425,0.0,24,7,5,0,derived_from_native_gap_count,131,14124,0.009274992919852733,0.2857142857142857,123,10098,0.01218062982768865,0.0,True,1980,
rome,rome:60:24-0-s158:p0,6,12,False,1932,123684,25728,1932,63.01863354037267,12.316770186335404,0.0,24,10,2,0,derived_from_native_gap_count,51,20394,0.0025007355104442485,0.8,30,4026,0.007451564828614009,0.0,True,1994,
rome,rome:60:24-0-s158:p1,6,12,False,4044,139230,85788,4044,33.42878338278932,20.21364985163205,0.0,24,10,6,0,derived_from_native_gap_count,136,22803,0.00596412752707977,0.4,118,13860,0.008513708513708513,0.0,True,1989,
rome,rome:60:24-0-s158:p2,6,12,False,1596,136890,28710,1596,84.77067669172932,16.98872180451128,0.0,24,10,2,0,derived_from_native_gap_count,61,22671,0.0026906620793083675,0.8,34,4587,0.007412252016568564,0.0,True,2012,
rome,rome:60:24-0-s158:p3,6,12,False,4128,88458,51258,4128,20.42877906976744,11.417151162790697,0.0,24,7,4,0,derived_from_native_gap_count,117,14289,0.008188116733151375,0.42857142857142855,115,8085,0.01422387136672851,0.0,True,1977,
rome,rome:60:24-0-s50:p0,6,12,False,9448,152790,116398,9448,15.171676545300592,11.319856054191364,0.0,24,12,9,0,derived_from_native_gap_count,298,24387,0.01221962521015295,0.25,294,18315,0.016052416052416054,0.0,True,1932,
rome,rome:60:24-0-s50:p1,6,12,False,2720,154226,67496,2720,55.70073529411765,23.814705882352943,0.0,24,12,5,0,derived_from_native_gap_count,135,25476,0.0052991050400376825,0.5833333333333334,96,10956,0.008762322015334063,0.0,True,1986,
rome,rome:60:24-0-s50:p2,6,12,False,770,159138,15490,770,205.6727272727273,19.116883116883116,0.0,24,12,1,0,derived_from_native_gap_count,23,26433,0.0008701244656300836,0.9166666666666666,13,2475,0.0052525252525252525,0.0,True,2046,
rome,rome:60:24-0-s50:p3,6,12,False,1350,114550,25622,1350,83.85185185185185,17.97925925925926,0.0,24,9,2,0,derived_from_native_gap_count,65,18975,0.0034255599472990776,0.7777777777777778,28,4092,0.006842619745845552,0.0,True,2000,
rome,rome:60:24-0-s50:p4,6,12,False,2260,139692,61168,2260,60.81061946902655,26.065486725663717,0.0,24,10,4,0,derived_from_native_gap_count,97,23067,0.004205141544197338,0.6,69,9933,0.00694654183026276,0.0,True,2009,
rome,rome:60:243-0-s57:p0,6,12,False,5340,17418,5340,5340,2.261797752808989,,0.0,24,1,0,0,derived_from_native_gap_count,0,2013,0.0,1.0,,,,,True,2013,
rome,rome:60:243-0-s91:p0,6,12,False,8116,20194,8116,8116,1.488171513060621,,0.0,24,1,0,0,derived_from_native_gap_count,0,2013,0.0,1.0,,,,,True,2013,
rome,rome:60:243-0-s91:p1,6,12,False,2430,50630,26504,2430,19.83539094650206,9.906995884773663,0.0,24,4,2,0,derived_from_native_gap_count,31,8085,0.00383426097711812,0.5,28,4059,0.006898250800689825,0.0,True,1998,
rome,rome:60:243-0-s94:p0,6,12,False,8756,44918,20674,8756,4.129968021927821,1.3611238008222932,0.0,24,3,1,0,derived_from_native_gap_count,27,6072,0.004446640316205534,0.6666666666666666,16,2013,0.007948335817188276,0.0,True,1997,
rome,rome:60:249-0-s139:p0,6,12,False,29036,85574,49448,29036,1.9471690315470451,0.7029893924783028,0.0,24,5,2,0,derived_from_native_gap_count,321,10065,0.03189269746646796,0.6,312,4026,0.07749627421758569,0.0,True,1830,
rome,rome:60:254-0-s329:p0,6,12,False,7670,102748,56566,7670,12.396088657105606,6.37496740547588,0.0,24,7,4,0,derived_from_native_gap_count,214,16203,0.013207430722705672,0.42857142857142855,199,8481,0.023464214125692724,0.0,True,1904,
rome,rome:60:256-0-s375:p0,6,12,False,8940,68232,32082,8940,6.632214765100671,2.588590604026846,0.0,24,5,2,0,derived_from_native_gap_count,108,10098,0.0106951871657754,0.6,101,4059,0.024882976102488297,0.0,True,1966,
rome,rome:60:257-0-s123:p0,6,12,False,7824,79608,19338,7824,9.174846625766872,1.4716257668711656,0.0,24,6,1,0,derived_from_native_gap_count,57,12078,0.004719324391455539,0.8333333333333334,47,2013,0.02334823646299056,0.0,True,1966,
rome,rome:60:257-0-s123:p1,6,12,False,15648,136290,62568,15648,7.709739263803681,2.9984662576687118,0.0,24,9,4,0,derived_from_native_gap_count,127,20361,0.006237414665291489,0.5555555555555556,116,8052,0.014406358668653751,0.0,True,1982,
rome,rome:60:260-0-s115:p0,6,12,False,26718,132784,71830,26718,3.969833071337675,1.6884497342615465,0.0,24,9,4,0,derived_from_native_gap_count,370,18348,0.020165685633311534,0.5555555555555556,367,8184,0.0448435972629521,0.0,True,1866,
rome,rome:60:260-0-s14:p0,6,12,False,5412,63582,15354,5412,10.748337028824833,1.8370288248337028,0.0,24,5,1,0,derived_from_native_gap_count,185,10065,0.01838052657724789,0.8,178,2013,0.08842523596621957,0.0,True,1835,
rome,rome:60:268-0-s46:p0,6,12,False,9360,69924,9360,9360,6.470512820512821,,0.0,24,5,0,0,derived_from_native_gap_count,2,10098,0.00019805902158843335,1.0,,,,,True,2011,
rome,rome:60:275-0-s235:p0,6,12,False,7980,19620,19620,7980,1.4586466165413534,1.4586466165413534,0.0,24,1,1,0,derived_from_native_gap_count,53,2046,0.025904203323558164,0.0,53,2046,0.025904203323558164,0.0,True,1993,
rome,rome:60:275-0-s290:p0,6,12,False,4500,16290,16290,4500,2.62,2.62,0.0,24,1,1,0,derived_from_native_gap_count,24,2013,0.011922503725782414,0.0,24,2013,0.011922503725782414,0.0,True,1989,
rome,rome:60:275-0-s376:p0,6,12,False,23030,58724,58724,23030,1.549891445940078,1.549891445940078,0.0,24,3,3,0,derived_from_native_gap_count,78,6105,0.012776412776412777,0.0,78,6105,0.012776412776412777,0.0,True,1976,
rome,rome:60:289-0-s12:p0,6,12,False,10680,94770,82494,10680,7.873595505617978,6.724157303370786,0.0,24,7,6,0,derived_from_native_gap_count,170,14355,0.011842563566701497,0.14285714285714285,170,12309,0.01381103257778861,0.0,True,1987,
rome,rome:60:289-0-s30:p0,6,12,False,5280,112458,100500,5280,20.298863636363638,18.03409090909091,0.0,24,9,8,0,derived_from_native_gap_count,127,18117,0.007009990616547994,0.1111111111111111,117,16104,0.007265275707898659,0.0,True,1995,
rome,rome:60:289-0-s77:p0,6,12,False,14484,98358,86280,14484,5.790803645401823,4.956917978458989,0.0,24,7,6,0,derived_from_native_gap_count,122,14223,0.008577655909442452,0.14285714285714285,122,12210,0.009991809991809993,0.0,True,1985,
rome,rome:60:289-0-s94:p0,6,12,False,20172,101436,52950,20172,4.028554431885782,1.6249256395002973,0.0,24,7,3,0,derived_from_native_gap_count,290,14124,0.020532427074483148,0.5714285714285714,288,6039,0.04769001490312966,0.0,True,1817,
rome,rome:60:290-0-s103:p0,6,12,False,23776,59674,35518,23776,1.5098418573351278,0.4938593539703903,0.0,24,3,1,0,derived_from_native_gap_count,28,6039,0.004636529226693161,0.6666666666666666,28,2013,0.013909587680079483,0.0,True,1985,
rome,rome:60:290-0-s103:p1,6,12,False,2052,50052,13818,2052,23.391812865497077,5.733918128654971,0.0,24,4,1,0,derived_from_native_gap_count,26,8052,0.003229011425732737,0.75,26,2013,0.012916045702930949,0.0,True,1987,
rome,rome:60:290-0-s119:p0,6,12,False,2556,50766,14616,2556,18.86150234741784,4.71830985915493,0.0,24,4,1,0,derived_from_native_gap_count,25,8085,0.0030921459492888066,0.75,18,2046,0.008797653958944282,0.0,True,2006,
rome,rome:60:290-0-s34:p0,6,12,False,2940,74496,38466,2940,24.33877551020408,12.083673469387755,0.0,24,6,3,0,derived_from_native_gap_count,76,12078,0.006292432521940719,0.5,59,6039,0.00976982944196059,0.0,True,1985,
rome,rome:60:290-0-s36:p0,6,12,False,3036,88566,64494,3036,28.17193675889328,20.24308300395257,0.0,24,7,5,0,derived_from_native_gap_count,83,14421,0.00575549545801262,0.2857142857142857,76,10395,0.007311207311207311,0.0,True,1991,
rome,rome:60:290-0-s36:p1,6,12,False,4776,28746,16776,4776,5.018844221105527,2.512562814070352,0.0,24,2,1,0,derived_from_native_gap_count,32,4059,0.007883715200788372,0.5,23,2046,0.011241446725317693,0.0,True,2004,
rome,rome:60:290-0-s36:p2,6,12,False,5712,89118,77040,5712,14.60189075630252,12.487394957983193,0.0,24,7,6,0,derived_from_native_gap_count,128,14157,0.009041463586918132,0.14285714285714285,128,12144,0.010540184453227932,0.0,True,1979,
rome,rome:60:293-0-s42:p0,6,12,False,5340,64662,28428,5340,11.108988764044943,4.323595505617978,0.0,24,5,2,0,derived_from_native_gap_count,89,10065,0.008842523596621958,0.6,89,4026,0.022106308991554892,0.0,True,1950,
rome,rome:60:297-1-s52:p0,6,12,False,7104,167328,113586,7104,22.554054054054053,14.98902027027027,0.0,24,12,8,0,derived_from_native_gap_count,211,27126,0.0077785150777851505,0.3333333333333333,185,18117,0.010211403654026605,0.0,True,2016,
rome,rome:60:297-1-s52:p1,6,12,False,4896,139932,100932,4896,27.580882352941178,19.61519607843137,0.0,24,10,7,0,derived_from_native_gap_count,165,22836,0.0072254335260115606,0.3,148,16302,0.009078640657588026,0.0,True,2004,
rome,rome:60:306-0-s25:p0,6,12,False,31620,108696,108696,31620,2.437571157495256,2.437571157495256,0.0,24,7,7,0,derived_from_native_gap_count,639,14124,0.04524214103653356,0.0,639,14124,0.04524214103653356,0.0,True,1823,
rome,rome:60:306-0-s68:p0,6,12,False,16956,82920,82920,16956,3.8903043170559095,3.8903043170559095,0.0,24,6,6,0,derived_from_native_gap_count,575,12144,0.04734848484848485,0.0,575,12144,0.04734848484848485,0.0,True,1845,
rome,rome:60:309-0-s267:p0,6,12,False,6000,114012,65622,6000,18.002,9.937,0.0,24,9,5,0,derived_from_native_gap_count,74,18150,0.004077134986225896,0.4444444444444444,64,10065,0.006358668653750621,0.0,True,1996,
rome,rome:60:309-0-s61:p0,6,12,False,3024,15102,3024,3024,3.994047619047619,,0.0,24,1,0,0,derived_from_native_gap_count,0,2013,0.0,1.0,,,,,True,2013,
rome,rome:60:309-0-s61:p1,6,12,False,3696,51180,51180,3696,12.847402597402597,12.847402597402597,0.0,24,4,4,0,derived_from_native_gap_count,69,8052,0.00856929955290611,0.0,69,8052,0.00856929955290611,0.0,True,1990,
rome,rome:60:326-0-s63:p0,6,12,False,17772,135768,111732,17772,6.639432815665091,5.286968264686023,0.0,24,10,8,0,derived_from_native_gap_count,232,20130,0.011525086934923,0.2,222,16104,0.013785394932935917,0.0,True,1954,
rome,rome:60:326-0-s63:p1,6,12,False,10296,69594,69594,10296,5.7593240093240095,5.7593240093240095,0.0,24,5,5,0,derived_from_native_gap_count,91,10065,0.009041231992051665,0.0,91,10065,0.009041231992051665,0.0,True,1989,
rome,rome:60:326-0-s82:p0,6,12,False,588,120978,12150,588,204.74489795918367,19.663265306122447,0.0,24,10,1,0,derived_from_native_gap_count,49,20163,0.0024301939195556215,0.9,43,2013,0.02136115250869349,0.0,True,1970,
rome,rome:60:329-0-s52:p0,6,12,False,3324,140178,65922,3324,41.171480144404335,18.832129963898918,0.0,24,11,5,0,derived_from_native_gap_count,129,23067,0.005592404734035636,0.5454545454545454,113,10659,0.01060136973449667,0.0,True,1972,
rome,rome:60:329-0-s55:p0,6,12,False,16128,125574,74574,16128,6.786086309523809,3.6238839285714284,0.0,24,9,5,0,derived_from_native_gap_count,268,18777,0.014272780529371039,0.4444444444444444,261,10263,0.02543116047939199,0.0,True,1851,
rome,rome:60:329-0-s55:p1,6,12,False,2472,165642,72492,2472,66.00728155339806,28.325242718446603,0.0,24,9,2,0,derived_from_native_gap_count,81,27357,0.0029608509705011513,0.7777777777777778,72,11814,0.006094464195022855,0.0,True,2046,
rome,rome:60:336-0-s227:p0,6,12,False,8030,113712,65540,8030,13.160896637608966,7.161892901618929,0.0,24,9,5,0,derived_from_native_gap_count,302,18117,0.01666942650549208,0.4444444444444444,288,10065,0.028614008941877794,0.0,True,1825,
rome,rome:60:336-0-s227:p1,6,12,False,2880,122730,50402,2880,41.614583333333336,16.500694444444445,0.0,24,10,4,0,derived_from_native_gap_count,93,20130,0.004619970193740686,0.6,79,8052,0.009811227024341779,0.0,True,1988,
rome,rome:60:353-0-s131:p0,6,12,False,10392,135930,23118,10392,12.08025404157044,1.2245958429561201,0.0,24,10,1,0,derived_from_native_gap_count,16,20955,0.000763540921021236,0.9,12,2145,0.005594405594405594,0.0,True,2013,
rome,rome:60:353-0-s219:p0,6,12,False,9420,146838,45894,9420,14.587898089171974,3.8719745222929935,0.0,24,11,3,0,derived_from_native_gap_count,148,23199,0.006379585326953748,0.7272727272727273,145,6369,0.022766525357198933,0.0,True,1988,
rome,rome:60:360-0-s126:p0,6,12,False,14280,60228,23994,14280,3.2176470588235295,0.6802521008403362,0.0,24,4,1,0,derived_from_native_gap_count,197,8052,0.02446597118728266,0.75,197,2013,0.09786388474913064,0.0,True,1816,
rome,rome:60:366-0-s105:p0,6,12,False,3750,99164,51032,3750,25.443733333333334,12.608533333333334,0.0,24,8,4,0,derived_from_native_gap_count,121,16104,0.007513661202185792,0.5,103,8052,0.012791852955787383,0.0,True,1974,
rome,rome:60:43-1-s109:p0,6,12,False,10224,128646,61128,10224,11.58274647887324,4.97887323943662,0.0,24,9,4,0,derived_from_native_gap_count,312,20361,0.015323412406070429,0.5555555555555556,312,9108,0.034255599472990776,0.0,True,1908,
rome,rome:60:43-1-s80:p0,6,12,False,5190,80736,5190,5190,14.55606936416185,,0.0,24,6,0,0,derived_from_native_gap_count,9,12606,0.0007139457401237506,1.0,,,,,True,2013,
rome,rome:60:45-0-s4:p0,6,12,False,7212,104142,67326,7212,13.440099833610649,8.335274542429284,0.0,24,8,5,0,derived_from_native_gap_count,123,16401,0.0074995427108103165,0.375,122,10263,0.011887362369677482,0.0,True,2001,
rome,rome:60:45-0-s4:p1,6,12,False,408,111762,408,408,272.9264705882353,,0.0,24,9,0,0,derived_from_native_gap_count,10,18579,0.0005382421012971634,1.0,,,,,True,2012,
rome,rome:60:46-0-s41:p0,6,12,False,1788,110832,13638,1788,60.986577181208055,6.62751677852349,0.0,24,9,1,0,derived_from_native_gap_count,21,18216,0.001152832674571805,0.8888888888888888,19,2013,0.009438648782911079,0.0,True,1994,
rome,rome:60:46-0-s41:p1,6,12,False,1428,124254,13170,1428,86.0126050420168,8.222689075630251,0.0,24,10,1,0,derived_from_native_gap_count,44,20559,0.002140181915462814,0.9,28,2013,0.013909587680079483,0.0,True,1985,
rome,rome:60:46-0-s49:p0,6,12,False,11352,131964,23298,11352,10.624735729386892,1.052325581395349,0.0,24,10,1,0,derived_from_native_gap_count,14,20130,0.0006954793840039742,0.9,11,2013,0.00546448087431694,0.0,True,2002,
rome,rome:60:46-0-s56:p0,6,12,False,2352,87492,2352,2352,36.19897959183673,,0.0,24,7,0,0,derived_from_native_gap_count,0,14190,0.0,1.0,,,,,True,2013,
rome,rome:60:46-0-s56:p1,6,12,False,288,96768,288,288,335.0,,0.0,24,8,0,0,derived_from_native_gap_count,12,16104,0.0007451564828614009,1.0,,,,,True,2006,
rome,rome:60:46-0-s56:p2,6,12,False,1752,86430,13566,1752,48.332191780821915,6.743150684931507,0.0,24,7,1,0,derived_from_native_gap_count,22,14157,0.001554001554001554,0.8571428571428571,22,2013,0.01092896174863388,0.0,True,1991,
rome,rome:60:46-0-s56:p3,6,12,False,660,97206,12546,660,146.28181818181818,18.009090909090908,0.0,24,8,1,0,derived_from_native_gap_count,23,16137,0.0014252959038235113,0.875,16,2013,0.007948335817188276,0.0,True,1997,
rome,rome:60:46-0-s65:p0,6,12,False,14100,74142,25938,14100,4.2582978723404254,0.8395744680851064,0.0,24,5,1,0,derived_from_native_gap_count,29,10065,0.00288127173373075,0.8,20,2013,0.009935419771485345,0.0,True,1993,
rome,rome:60:46-0-s89:p0,6,12,False,2040,98214,49734,2040,47.14411764705882,23.379411764705882,0.0,24,8,4,0,derived_from_native_gap_count,87,16203,0.005369376041473801,0.5,68,8085,0.008410636982065553,0.0,True,1985,
rome,rome:60:47-0-s268:p0,6,12,False,4416,97728,56556,4416,21.130434782608695,11.807065217391305,0.0,24,7,4,0,derived_from_native_gap_count,111,15774,0.00703689615823507,0.42857142857142855,110,8910,0.012345679012345678,0.0,True,1982,
rome,rome:60:51-1-s193:p0,6,12,False,17402,52850,28100,17402,2.0370072405470636,0.6147569244914378,0.0,24,3,1,0,derived_from_native_gap_count,115,6138,0.018735744542196155,0.6666666666666666,115,2013,0.057128663686040734,0.0,True,1898,
rome,rome:60:53-0-s98:p0,6,12,False,1640,121840,25446,1640,73.29268292682927,14.515853658536585,0.0,24,10,2,0,derived_from_native_gap_count,58,20130,0.00288127173373075,0.8,35,4026,0.008693492300049677,0.0,True,1994,
rome,rome:60:58-0-s2:p0,6,12,False,8112,56484,19950,8112,5.96301775147929,1.459319526627219,0.0,24,4,1,0,derived_from_native_gap_count,28,8118,0.0034491254003449125,0.75,20,2013,0.009935419771485345,0.0,True,1993,
rome,rome:60:58-0-s8:p0,6,12,False,4788,52752,16686,4788,10.017543859649123,2.4849624060150375,0.0,24,4,1,0,derived_from_native_gap_count,29,8052,0.003601589667163438,0.75,15,2013,0.007451564828614009,0.0,True,1998,
rome,rome:60:58-1-s27:p0,6,12,False,3340,27356,3340,3340,7.190419161676647,,0.0,24,2,0,0,derived_from_native_gap_count,14,4026,0.003477396920019871,1.0,,,,,True,2005,
rome,rome:60:66-0-s9:p0,6,12,False,10176,108312,10176,10176,9.643867924528301,,0.0,24,8,0,0,derived_from_native_gap_count,6,16368,0.00036656891495601173,1.0,,,,,True,2012,
rome,rome:60:67-1-s1:p0,6,12,False,7776,126030,21630,7776,15.207561728395062,1.7816358024691359,0.0,24,9,1,0,derived_from_native_gap_count,29,19767,0.0014670916173420347,0.8888888888888888,17,2343,0.007255655142979087,0.0,True,2010,
rome,rome:60:68-0-s112:p0,6,12,False,540,36892,540,540,67.31851851851852,,0.0,24,3,0,0,derived_from_native_gap_count,8,6072,0.0013175230566534915,1.0,,,,,True,2013,
rome,rome:60:68-0-s234:p0,6,12,False,3640,75668,27406,3640,19.787912087912087,6.529120879120879,0.0,24,6,2,0,derived_from_native_gap_count,44,12078,0.0036429872495446266,0.6666666666666666,39,4026,0.009687034277198211,0.0,True,1986,
rome,rome:60:70-0-s118:p0,6,12,False,5570,78556,42332,5570,13.103411131059246,6.6,0.0,24,6,3,0,derived_from_native_gap_count,67,12276,0.005457803844900619,0.5,66,6237,0.010582010582010581,0.0,True,1991,
rome,rome:60:70-0-s141:p0,6,12,False,20102,78782,54726,20102,2.9191125261168045,1.7224156800318375,0.0,24,5,3,0,derived_from_native_gap_count,171,10065,0.01698956780923994,0.4,161,6039,0.026660043053485676,0.0,True,1898,
rome,rome:60:70-0-s152:p0,6,12,False,2370,74864,26166,2370,30.588185654008438,10.040506329113924,0.0,24,6,2,0,derived_from_native_gap_count,37,12144,0.003046772068511199,0.6666666666666666,36,4026,0.00894187779433681,0.0,True,1991,
rome,rome:60:70-0-s162:p0,6,12,False,1940,98602,1940,1940,49.82577319587629,,0.0,24,8,0,0,derived_from_native_gap_count,16,16137,0.0009915101939641817,1.0,,,,,True,2006,
rome,rome:60:70-0-s172:p0,6,12,False,3450,99632,39204,3450,27.878840579710143,10.363478260869565,0.0,24,8,3,0,derived_from_native_gap_count,64,16137,0.003966040775856727,0.625,48,6039,0.007948335817188276,0.0,True,1992,
rome,rome:60:70-0-s57:p0,6,12,False,3230,38964,26886,3230,11.063157894736841,7.3238390092879255,0.0,24,3,2,0,derived_from_native_gap_count,50,6039,0.008279516476237788,0.3333333333333333,50,4026,0.012419274714356682,0.0,True,1985,
rome,rome:60:70-0-s57:p1,6,12,False,3900,87476,63520,3900,21.42974358974359,15.287179487179488,0.0,24,7,5,0,derived_from_native_gap_count,97,14091,0.0068838265559577035,0.2857142857142857,77,10065,0.007650273224043716,0.0,True,1992,
rome,rome:60:70-0-s57:p2,6,12,False,3460,123090,62990,3460,34.57514450867052,17.205202312138727,0.0,24,10,5,0,derived_from_native_gap_count,115,20130,0.005712866368604074,0.5,86,10065,0.008544461003477397,0.0,True,1988,
rome,rome:60:70-0-s78:p0,6,12,False,3420,99148,63014,3420,27.990643274853802,17.425146198830408,0.0,24,8,5,0,derived_from_native_gap_count,149,16203,0.009195827933098808,0.375,139,10164,0.013675718221172766,0.0,True,1967,
rome,rome:60:72-0-s234:p0,6,12,False,4320,40192,40192,4320,8.303703703703704,8.303703703703704,0.0,24,3,3,0,derived_from_native_gap_count,56,6072,0.00922266139657444,0.0,56,6072,0.00922266139657444,0.0,True,1991,
rome,rome:60:78-0-s44:p0,6,12,False,168,59766,168,168,354.75,,0.0,24,4,0,0,derived_from_native_gap_count,0,9933,0.0,1.0,,,,,True,2013,
rome,rome:60:83-0-s152:p0,6,12,False,1960,73768,37584,1960,36.63673469387755,18.175510204081633,0.0,24,6,3,0,derived_from_native_gap_count,66,12078,0.00546448087431694,0.5,61,6039,0.010101010101010102,0.0,True,1986,
rome,rome:60:83-0-s41:p0,6,12,False,4872,53076,4872,4872,9.894088669950738,,0.0,24,4,0,0,derived_from_native_gap_count,9,8052,0.0011177347242921013,1.0,,,,,True,2009,
rome,rome:60:83-0-s59:p0,6,12,False,6744,88284,88284,6744,12.090747330960854,12.090747330960854,0.0,24,7,7,0,derived_from_native_gap_count,267,14124,0.018903993203058623,0.0,267,14124,0.018903993203058623,0.0,True,1871,
rome,rome:60:83-0-s95:p0,6,12,False,2940,75216,2940,2940,24.583673469387755,,0.0,24,6,0,0,derived_from_native_gap_count,16,12078,0.001324722636198046,1.0,,,,,True,2004,
rome,rome:60:83-0-s95:p1,6,12,False,756,61038,756,756,79.73809523809524,,0.0,24,5,0,0,derived_from_native_gap_count,9,10065,0.0008941877794336811,1.0,,,,,True,2008,
rome,rome:60:95-0-s137:p0,6,12,False,2844,114690,2844,2844,39.32700421940928,,0.0,24,9,0,0,derived_from_native_gap_count,2,18645,0.00010726736390453205,1.0,,,,,True,2012,
rome,rome:60:96-0-s156:p0,6,12,False,3612,111042,50682,3612,29.742524916943523,13.03156146179402,0.0,24,9,4,0,derived_from_native_gap_count,139,18183,0.007644503107298026,0.5555555555555556,120,8085,0.014842300556586271,0.0,True,1941,
geolife,010-20080916114237-0,7,5,True,21664,21664,21664,21664,,,0.0,10,0,0,0,none,,,,,,,,,True,,
geolife,010-20080917225654-0,7,5,True,17357,17357,17357,17357,,,0.0,16,0,0,0,none,,,,,,,,,True,,
geolife,010-20080921224934-0,7,5,True,18695,18695,18695,18695,,,0.0,35,0,0,0,none,,,,,,,,,True,,
geolife,010-20080922111517-0,7,5,True,21393,21393,21393,21393,,,0.0,12,0,0,0,none,,,,,,,,,True,,
geolife,010-20080922234926-0,7,5,True,18146,18146,18146,18146,,,0.0,35,0,0,0,none,,,,,,,,,True,,
geolife,010-20080923121817-0,7,5,True,21735,21735,21735,21735,,,0.0,12,0,0,0,none,,,,,,,,,True,,
geolife,010-20080923231456-1,7,5,True,19281,19281,19281,19281,,,0.0,58,0,0,0,none,,,,,,,,,True,,
geolife,010-20080924113459-1,7,5,True,21973,21973,21973,21973,,,0.0,14,0,0,0,none,,,,,,,,,True,,
geolife,010-20080924231334-1,7,5,True,17750,17750,17750,17750,,,0.0,26,0,0,0,none,,,,,,,,,True,,
geolife,010-20080925104204-0,7,5,True,21492,21492,21492,21492,,,0.0,19,0,0,0,none,,,,,,,,,True,,
geolife,010-20080925233430-0,7,5,True,18103,18103,18103,18103,,,0.0,31,0,0,0,none,,,,,,,,,True,,
geolife,010-20080926105402-0,7,5,True,21916,21916,21916,21916,,,0.0,15,0,0,0,none,,,,,,,,,True,,
geolife,010-20080927232235-1,7,5,True,16035,16035,16035,16035,,,0.0,22,0,0,0,none,,,,,,,,,True,,
geolife,010-20081005225112-1,7,5,True,17388,17388,17388,17388,,,0.0,59,0,0,0,none,,,,,,,,,True,,
rome,rome:60:103-0-s96:p0,7,12,False,18646,88232,74141,18646,3.7319532339375736,2.976241553148128,0.0,24,5,4,0,derived_from_native_gap_count,110,10098,0.010893246187363835,0.2,110,8085,0.013605442176870748,0.0,True,1955,
rome,rome:60:104-0-s145:p0,7,12,False,2090,163063,35158,2090,77.02057416267942,15.82200956937799,0.0,24,10,2,0,derived_from_native_gap_count,142,23199,0.006120953489374542,0.8,112,4884,0.02293202293202293,0.0,True,2004,
rome,rome:60:105-0-s77:p0,7,12,False,360,117345,360,360,324.9583333333333,,0.0,24,8,0,0,derived_from_native_gap_count,11,16731,0.0006574621959237344,1.0,,,,,True,2005,
rome,rome:60:109-0-s11:p0,7,12,False,10248,80487,24147,10248,6.853922716627634,1.356264637002342,0.0,24,5,1,0,derived_from_native_gap_count,18,10065,0.0017883755588673621,0.8,16,2013,0.007948335817188276,0.0,True,1997,
rome,rome:60:109-0-s11:p1,7,12,False,2208,100848,16131,2208,44.67391304347826,6.305706521739131,0.0,24,7,1,0,derived_from_native_gap_count,19,14124,0.0013452279807419994,0.8571428571428571,14,2013,0.006954793840039742,0.0,True,1999,
rome,rome:60:109-0-s188:p0,7,12,False,11874,94011,51507,11874,6.917382516422435,3.3377968671045983,0.0,24,6,3,0,derived_from_native_gap_count,264,12111,0.021798365122615803,0.5,264,6039,0.04371584699453552,0.0,True,1831,
rome,rome:60:109-0-s188:p1,7,12,False,2300,86637,30112,2300,36.668260869565216,12.092173913043478,0.0,24,6,2,0,derived_from_native_gap_count,44,12111,0.0036330608537693005,0.6666666666666666,37,4026,0.009190263288623945,0.0,True,1994,
rome,rome:60:109-0-s32:p0,7,12,False,15742,112939,70836,15742,6.1743742853512895,3.499809427010545,0.0,24,7,4,0,derived_from_native_gap_count,144,14091,0.010219288907813498,0.42857142857142855,127,8052,0.015772478887232984,0.0,True,1964,
rome,rome:60:109-0-s40:p0,7,12,False,28662,97815,69705,28662,2.4127067196985554,1.4319656688298095,0.0,24,5,3,0,derived_from_native_gap_count,129,10065,0.012816691505216096,0.4,123,6039,0.02036761053154496,0.0,True,1934,
rome,rome:60:109-0-s42:p0,7,12,False,26936,120829,106738,26936,3.4857811107811107,2.9626522126522126,0.0,24,7,6,0,derived_from_native_gap_count,490,14157,0.034611852793670975,0.14285714285714285,490,12144,0.040349143610013176,0.0,True,1860,
rome,rome:60:11-0-s11:p0,7,12,False,3040,60088,16961,3040,18.76578947368421,4.579276315789474,0.0,24,4,1,0,derived_from_native_gap_count,24,8184,0.002932551319648094,0.75,17,2013,0.008445106805762544,0.0,True,1996,
rome,rome:60:11-0-s11:p1,7,12,False,1370,116179,44418,1370,83.8021897810219,31.42189781021898,0.0,24,8,3,0,derived_from_native_gap_count,46,16467,0.0027934657193174227,0.625,38,6204,0.0061250805931656995,0.0,True,2008,
rome,rome:60:11-0-s11:p2,7,12,False,2840,87973,73420,2840,29.976408450704227,24.85211267605634,0.0,24,6,5,0,derived_from_native_gap_count,103,12309,0.008367860914777805,0.16666666666666666,103,10230,0.010068426197458456,0.0,True,1981,
rome,rome:60:11-0-s136:p0,7,12,False,5740,152340,50086,5740,25.54006968641115,7.725783972125435,0.0,24,10,3,0,derived_from_native_gap_count,124,21120,0.005871212121212121,0.7,93,6468,0.01437847866419295,0.0,True,1966,
rome,rome:60:11-0-s186:p0,7,12,False,5680,162758,132055,5680,27.654577464788733,22.24911971830986,0.0,24,10,8,0,derived_from_native_gap_count,185,22704,0.008148343904157857,0.2,183,18315,0.009991809991809993,0.0,True,2005,
rome,rome:60:11-0-s84:p0,7,12,False,3060,45515,31424,3060,13.874183006535947,9.269281045751635,0.0,24,3,2,0,derived_from_native_gap_count,28,6105,0.004586404586404586,0.3333333333333333,28,4092,0.006842619745845552,0.0,True,1997,
rome,rome:60:124-1-s99:p0,7,12,False,1540,169108,49881,1540,108.8103896103896,31.39025974025974,0.0,24,11,3,0,derived_from_native_gap_count,60,24024,0.0024975024975024975,0.7272727272727273,40,6963,0.0057446502944133275,0.0,True,2013,
rome,rome:60:127-0-s273:p0,7,12,False,15504,43650,15504,15504,1.8154024767801857,,0.0,24,2,0,0,derived_from_native_gap_count,3,4026,0.0007451564828614009,1.0,,,,,True,2010,
rome,rome:60:128-0-s16:p0,7,12,False,690,72692,690,690,104.35072463768115,,0.0,24,5,0,0,derived_from_native_gap_count,7,10296,0.0006798756798756799,1.0,,,,,True,2007,
rome,rome:60:128-0-s16:p1,7,12,False,1520,71605,29342,1520,46.108552631578945,18.303947368421053,0.0,24,5,2,0,derived_from_native_gap_count,37,10065,0.0036761053154495777,0.6,36,4026,0.00894187779433681,0.0,True,1989,
rome,rome:60:128-0-s65:p0,7,12,False,1704,71307,29202,1704,40.846830985915496,16.137323943661972,0.0,24,5,2,0,derived_from_native_gap_count,71,10065,0.007054148037754595,0.6,57,4026,0.014157973174366617,0.0,True,1981,
rome,rome:60:128-0-s82:p0,7,12,False,21024,88314,59949,21024,3.2006278538812785,1.8514554794520548,0.0,24,5,3,0,derived_from_native_gap_count,283,10098,0.02802535155476332,0.4,279,6039,0.046199701937406856,0.0,True,1876,
rome,rome:60:128-0-s82:p1,7,12,False,2592,86661,44217,2592,32.43402777777778,16.05902777777778,0.0,24,6,3,0,derived_from_native_gap_count,59,12111,0.004871604326645199,0.5,54,6039,0.00894187779433681,0.0,True,1985,
rome,rome:60:128-0-s82:p2,7,12,False,612,42885,612,612,69.07352941176471,,0.0,24,3,0,0,derived_from_native_gap_count,0,6039,0.0,1.0,,,,,True,2013,
rome,rome:60:134-0-s99:p0,7,12,False,1908,86133,15603,1908,44.143081761006286,7.177672955974843,0.0,24,6,1,0,derived_from_native_gap_count,46,12111,0.003798199983486087,0.8333333333333334,33,2013,0.01639344262295082,0.0,True,1980,
rome,rome:60:137-0-s71:p0,7,12,False,10974,135373,93180,10974,11.335793694186258,7.490978676872608,0.0,24,9,6,0,derived_from_native_gap_count,242,18117,0.013357619914996965,0.3333333333333333,234,12078,0.019374068554396422,0.0,True,1877,
rome,rome:60:137-0-s71:p1,7,12,False,1330,113879,29202,1330,84.62330827067669,20.956390977443608,0.0,24,8,2,0,derived_from_native_gap_count,41,16137,0.0025407448720332158,0.75,31,4026,0.007699950322901143,0.0,True,1993,
rome,rome:60:137-0-s71:p2,7,12,False,2580,72725,16471,2580,27.18798449612403,5.384108527131783,0.0,24,5,1,0,derived_from_native_gap_count,31,10065,0.003079980129160457,0.8,20,2013,0.009935419771485345,0.0,True,1993,
rome,rome:60:140-0-s121:p0,7,12,False,2364,161472,57351,2364,67.30456852791878,23.26015228426396,0.0,24,11,4,0,derived_from_native_gap_count,139,22968,0.006051898293277604,0.6363636363636364,134,8085,0.016573902288188003,0.0,True,1926,
rome,rome:60:140-0-s121:p1,7,12,False,768,142518,768,768,184.5703125,,0.0,24,10,0,0,derived_from_native_gap_count,7,20262,0.00034547428684236504,1.0,,,,,True,2006,
rome,rome:60:149-0-s182:p0,7,12,False,9940,96832,38459,9940,8.741649899396378,2.869114688128773,0.0,24,6,2,0,derived_from_native_gap_count,135,12606,0.010709186101856259,0.6666666666666666,128,4257,0.030068123091378907,0.0,True,1899,
rome,rome:60:149-0-s21:p0,7,12,False,1300,131353,1300,1300,100.04076923076923,,0.0,24,9,0,0,derived_from_native_gap_count,0,18579,0.0,1.0,,,,,True,2046,
rome,rome:60:149-0-s21:p1,7,12,False,110,143792,110,110,1306.2,,0.0,24,10,0,0,derived_from_native_gap_count,0,20526,0.0,1.0,,,,,True,2013,
rome,rome:60:149-0-s21:p2,7,12,False,160,114967,160,160,717.54375,,0.0,24,8,0,0,derived_from_native_gap_count,0,16401,0.0,1.0,,,,,True,2013,
rome,rome:60:149-0-s21:p3,7,12,False,750,129589,750,750,171.78533333333334,,0.0,24,9,0,0,derived_from_native_gap_count,29,18447,0.0015720713395132,1.0,,,,,True,2005,
rome,rome:60:150-0-s108:p0,7,12,False,2380,131962,16341,2380,54.44621848739496,5.865966386554621,0.0,24,9,1,0,derived_from_native_gap_count,24,18546,0.0012940795858945326,0.8888888888888888,13,2013,0.006458022851465474,0.0,True,2000,
rome,rome:60:153-0-s12:p0,7,12,False,912,71283,912,912,77.16118421052632,,0.0,24,5,0,0,derived_from_native_gap_count,7,10065,0.0006954793840039742,1.0,,,,,True,2006,
rome,rome:60:153-0-s12:p1,7,12,False,1200,100068,1200,1200,82.39,,0.0,24,7,0,0,derived_from_native_gap_count,0,14124,0.0,1.0,,,,,True,2013,
rome,rome:60:153-0-s15:p0,7,12,False,1476,72723,1476,1476,48.270325203252035,,0.0,24,5,0,0,derived_from_native_gap_count,11,10197,0.0010787486515641855,1.0,,,,,True,2005,
rome,rome:60:153-0-s15:p1,7,12,False,4128,129243,87018,4128,30.30886627906977,20.079941860465116,0.0,24,9,6,0,derived_from_native_gap_count,142,18117,0.007837942264171772,0.3333333333333333,138,12078,0.011425732737208148,0.0,True,1981,
rome,rome:60:153-0-s15:p2,7,12,False,8028,131355,103329,8028,15.362107623318385,11.871076233183857,0.0,24,9,7,0,derived_from_native_gap_count,291,18117,0.016062261963901307,0.2222222222222222,278,14091,0.019728904974806616,0.0,True,1929,
rome,rome:60:153-0-s214:p0,7,12,False,7060,49344,35022,7060,5.989235127478754,3.9606232294617563,0.0,24,3,2,0,derived_from_native_gap_count,22,6072,0.0036231884057971015,0.3333333333333333,22,4026,0.00546448087431694,0.0,True,2002,
rome,rome:60:155-0-s239:p0,7,12,False,2360,130489,59320,2360,54.29194915254237,24.135593220338983,0.0,24,9,4,0,derived_from_native_gap_count,100,18447,0.005420935653493793,0.5555555555555556,79,8250,0.009575757575757576,0.0,True,1997,
rome,rome:60:155-0-s253:p0,7,12,False,4740,119750,32642,4740,24.263713080168777,5.886497890295359,0.0,24,8,2,0,derived_from_native_gap_count,49,16500,0.00296969696969697,0.75,28,4026,0.006954793840039742,0.0,True,1998,
rome,rome:60:155-0-s266:p0,7,12,False,5140,150744,33445,5140,28.327626459143968,5.506809338521401,0.0,24,10,2,0,derived_from_native_gap_count,85,20922,0.004062709110027722,0.8,57,4125,0.013818181818181818,0.0,True,2008,
rome,rome:60:156-0-s76:p0,7,12,False,18972,103470,18972,18972,4.45382669196711,,0.0,24,6,0,0,derived_from_native_gap_count,4,12078,0.0003311806590495115,1.0,,,,,True,2011,
rome,rome:60:157-0-s98:p0,7,12,False,1896,162573,29673,1896,84.74525316455696,14.650316455696203,0.0,24,11,2,0,derived_from_native_gap_count,66,23067,0.002861230329041488,0.8181818181818182,53,4059,0.013057403301305741,0.0,True,1980,
rome,rome:60:162-0-s40:p0,7,12,False,13124,69521,54737,13124,4.297241694605304,3.170755867113685,0.0,24,4,3,0,derived_from_native_gap_count,55,8151,0.006747638326585695,0.25,55,6039,0.009107468123861567,0.0,True,1989,
rome,rome:60:162-0-s40:p1,7,12,False,3840,109551,79008,3840,27.52890625,19.575,0.0,24,7,5,0,derived_from_native_gap_count,142,15345,0.009253828608667318,0.2857142857142857,127,10956,0.011591821832785688,0.0,True,1985,
rome,rome:60:163-0-s105:p0,7,12,False,11076,67167,24879,11076,5.064192849404117,1.2462080173347778,0.0,24,4,1,0,derived_from_native_gap_count,42,8085,0.005194805194805195,0.75,24,2013,0.011922503725782414,0.0,True,1989,
rome,rome:60:167-0-s26:p0,7,12,False,7368,91170,48897,7368,11.373778501628664,5.636400651465798,0.0,24,6,3,0,derived_from_native_gap_count,62,12078,0.005133300215267428,0.5,62,6039,0.010266600430534857,0.0,True,1988,
rome,rome:60:167-0-s73:p0,7,12,False,4632,88662,32298,4632,18.14119170984456,5.97279792746114,0.0,24,6,2,0,derived_from_native_gap_count,43,12078,0.0035601920847822487,0.6666666666666666,43,4026,0.010680576254346746,0.0,True,1985,
rome,rome:60:172-0-s6:p0,7,12,False,200,90983,200,200,453.915,,0.0,24,6,0,0,derived_from_native_gap_count,0,12969,0.0,1.0,,,,,True,2013,
rome,rome:60:178-0-s37:p0,7,12,False,768,86700,768,768,111.890625,,0.0,24,6,0,0,derived_from_native_gap_count,0,12276,0.0,1.0,,,,,True,2013,
rome,rome:60:178-1-s43:p0,7,12,False,13040,83237,40805,13040,5.383205521472393,2.129217791411043,0.0,24,5,2,0,derived_from_native_gap_count,60,10131,0.005922416345869114,0.6,54,4059,0.013303769401330377,0.0,True,1990,
rome,rome:60:185-0-s124:p0,7,12,False,880,30440,16118,880,33.59090909090909,17.31590909090909,0.0,24,2,1,0,derived_from_native_gap_count,47,4290,0.010955710955710955,0.5,47,2244,0.02094474153297683,0.0,True,2046,
rome,rome:60:185-0-s150:p0,7,12,False,12626,70394,26501,12626,4.575320766671947,1.098922857595438,0.0,24,4,1,0,derived_from_native_gap_count,37,8316,0.004449254449254449,0.75,18,2013,0.00894187779433681,0.0,True,1995,
rome,rome:60:193-0-s204:p0,7,12,False,80,42353,80,80,528.4125,,0.0,24,3,0,0,derived_from_native_gap_count,0,6039,0.0,1.0,,,,,True,2013,
rome,rome:60:213-0-s41:p0,7,12,False,4608,103005,4608,4608,21.353515625,,0.0,24,7,0,0,derived_from_native_gap_count,20,14091,0.0014193456816407636,1.0,,,,,True,2004,
rome,rome:60:213-0-s41:p1,7,12,False,3024,86790,44757,3024,27.700396825396826,13.800595238095237,0.0,24,6,3,0,derived_from_native_gap_count,65,12078,0.0053816857095545624,0.5,45,6039,0.007451564828614009,0.0,True,1995,
rome,rome:60:213-0-s66:p0,7,12,False,8904,81390,8904,8904,8.140835579514825,,0.0,24,5,0,0,derived_from_native_gap_count,4,10362,0.0003860258637328701,1.0,,,,,True,2011,
rome,rome:60:214-0-s203:p0,7,12,False,10332,85296,26232,10332,7.255516840882694,1.5389082462253194,0.0,24,5,1,0,derived_from_native_gap_count,67,10824,0.006189948263118995,0.8,61,2376,0.025673400673400674,0.0,True,2007,
rome,rome:60:214-0-s203:p1,7,12,False,7512,120921,7512,7512,15.097044728434504,,0.0,24,8,0,0,derived_from_native_gap_count,1,16203,6.171696599395174e-05,1.0,,,,,True,2012,
rome,rome:60:214-0-s220:p0,7,12,False,10464,38646,10464,10464,2.6932339449541285,,0.0,24,2,0,0,derived_from_native_gap_count,0,4026,0.0,1.0,,,,,True,2013,
rome,rome:60:229-0-s172:p0,7,12,False,8304,157468,129125,8304,17.96290944123314,14.54973506743738,0.0,24,10,8,0,derived_from_native_gap_count,343,21846,0.015700814794470382,0.2,336,17787,0.018890200708382526,0.0,True,1987,
rome,rome:60:234-0-s260:p0,7,12,False,9876,107434,79332,9876,9.878290805994329,7.032806804374241,0.0,24,7,5,0,derived_from_native_gap_count,131,14124,0.009274992919852733,0.2857142857142857,123,10098,0.01218062982768865,0.0,True,1980,
rome,rome:60:24-0-s158:p0,7,12,False,1932,144078,29754,1932,73.57453416149069,14.400621118012422,0.0,24,10,2,0,derived_from_native_gap_count,51,20394,0.0025007355104442485,0.8,30,4026,0.007451564828614009,0.0,True,1994,
rome,rome:60:24-0-s158:p1,7,12,False,4044,162033,99648,4044,39.067507418397625,23.640949554896142,0.0,24,10,6,0,derived_from_native_gap_count,136,22803,0.00596412752707977,0.4,118,13860,0.008513708513708513,0.0,True,1989,
rome,rome:60:24-0-s158:p2,7,12,False,1596,159561,33297,1596,98.97556390977444,19.862781954887218,0.0,24,10,2,0,derived_from_native_gap_count,61,22671,0.0026906620793083675,0.8,34,4587,0.007412252016568564,0.0,True,2012,
rome,rome:60:24-0-s158:p3,7,12,False,4128,102747,59343,4128,23.890261627906977,13.375726744186046,0.0,24,7,4,0,derived_from_native_gap_count,117,14289,0.008188116733151375,0.42857142857142855,115,8085,0.01422387136672851,0.0,True,1977,
rome,rome:60:24-0-s50:p0,7,12,False,9448,177177,134713,9448,17.752857747671467,13.258361558001694,0.0,24,12,9,0,derived_from_native_gap_count,298,24387,0.01221962521015295,0.25,294,18315,0.016052416052416054,0.0,True,1932,
rome,rome:60:24-0-s50:p1,7,12,False,2720,179702,78452,2720,65.06691176470588,27.84264705882353,0.0,24,12,5,0,derived_from_native_gap_count,135,25476,0.0052991050400376825,0.5833333333333334,96,10956,0.008762322015334063,0.0,True,1986,
rome,rome:60:24-0-s50:p2,7,12,False,770,185571,17965,770,240.0012987012987,22.33116883116883,0.0,24,12,1,0,derived_from_native_gap_count,23,26433,0.0008701244656300836,0.9166666666666666,13,2475,0.0052525252525252525,0.0,True,2046,
rome,rome:60:24-0-s50:p3,7,12,False,1350,133525,29714,1350,97.9074074074074,21.01037037037037,0.0,24,9,2,0,derived_from_native_gap_count,65,18975,0.0034255599472990776,0.7777777777777778,28,4092,0.006842619745845552,0.0,True,2000,
rome,rome:60:24-0-s50:p4,7,12,False,2260,162759,71101,2260,71.01725663716815,30.46061946902655,0.0,24,10,4,0,derived_from_native_gap_count,97,23067,0.004205141544197338,0.6,69,9933,0.00694654183026276,0.0,True,2009,
rome,rome:60:243-0-s57:p0,7,12,False,5340,19431,5340,5340,2.6387640449438203,,0.0,24,1,0,0,derived_from_native_gap_count,0,2013,0.0,1.0,,,,,True,2013,
rome,rome:60:243-0-s91:p0,7,12,False,8116,22207,8116,8116,1.7362000985707244,,0.0,24,1,0,0,derived_from_native_gap_count,0,2013,0.0,1.0,,,,,True,2013,
rome,rome:60:243-0-s91:p1,7,12,False,2430,58715,30563,2430,23.162551440329217,11.577366255144034,0.0,24,4,2,0,derived_from_native_gap_count,31,8085,0.00383426097711812,0.5,28,4059,0.006898250800689825,0.0,True,1998,
rome,rome:60:243-0-s94:p0,7,12,False,8756,50990,22687,8756,4.823435358611238,1.5910232983097305,0.0,24,3,1,0,derived_from_native_gap_count,27,6072,0.004446640316205534,0.6666666666666666,16,2013,0.007948335817188276,0.0,True,1997,
rome,rome:60:249-0-s139:p0,7,12,False,29036,95639,53474,29036,2.29380768700923,0.8416448546631767,0.0,24,5,2,0,derived_from_native_gap_count,321,10065,0.03189269746646796,0.6,312,4026,0.07749627421758569,0.0,True,1830,
rome,rome:60:254-0-s329:p0,7,12,False,7670,118951,65047,7670,14.508604954367666,7.4807040417209905,0.0,24,7,4,0,derived_from_native_gap_count,214,16203,0.013207430722705672,0.42857142857142855,199,8481,0.023464214125692724,0.0,True,1904,
rome,rome:60:256-0-s375:p0,7,12,False,8940,78330,36141,8940,7.761744966442953,3.0426174496644296,0.0,24,5,2,0,derived_from_native_gap_count,108,10098,0.0106951871657754,0.6,101,4059,0.024882976102488297,0.0,True,1966,
rome,rome:60:257-0-s123:p0,7,12,False,7824,91686,21351,7824,10.718558282208589,1.7289110429447854,0.0,24,6,1,0,derived_from_native_gap_count,57,12078,0.004719324391455539,0.8333333333333334,47,2013,0.02334823646299056,0.0,True,1966,
rome,rome:60:257-0-s123:p1,7,12,False,15648,156651,70620,15648,9.010927914110429,3.513036809815951,0.0,24,9,4,0,derived_from_native_gap_count,127,20361,0.006237414665291489,0.5555555555555556,116,8052,0.014406358668653751,0.0,True,1982,
rome,rome:60:260-0-s115:p0,7,12,False,26718,151132,80014,26718,4.6565611198443,1.9947600868328468,0.0,24,9,4,0,derived_from_native_gap_count,370,18348,0.020165685633311534,0.5555555555555556,367,8184,0.0448435972629521,0.0,True,1866,
rome,rome:60:260-0-s14:p0,7,12,False,5412,73647,17367,5412,12.608093126385809,2.208980044345898,0.0,24,5,1,0,derived_from_native_gap_count,185,10065,0.01838052657724789,0.8,178,2013,0.08842523596621957,0.0,True,1835,
rome,rome:60:268-0-s46:p0,7,12,False,9360,80022,9360,9360,7.549358974358975,,0.0,24,5,0,0,derived_from_native_gap_count,2,10098,0.00019805902158843335,1.0,,,,,True,2011,
rome,rome:60:275-0-s235:p0,7,12,False,7980,21666,21666,7980,1.7150375939849625,1.7150375939849625,0.0,24,1,1,0,derived_from_native_gap_count,53,2046,0.025904203323558164,0.0,53,2046,0.025904203323558164,0.0,True,1993,
rome,rome:60:275-0-s290:p0,7,12,False,4500,18303,18303,4500,3.0673333333333335,3.0673333333333335,0.0,24,1,1,0,derived_from_native_gap_count,24,2013,0.011922503725782414,0.0,24,2013,0.011922503725782414,0.0,True,1989,
rome,rome:60:275-0-s376:p0,7,12,False,23030,64829,64829,23030,1.8149804602692141,1.8149804602692141,0.0,24,3,3,0,derived_from_native_gap_count,78,6105,0.012776412776412777,0.0,78,6105,0.012776412776412777,0.0,True,1976,
rome,rome:60:289-0-s12:p0,7,12,False,10680,109125,94803,10680,9.217696629213483,7.876685393258427,0.0,24,7,6,0,derived_from_native_gap_count,170,14355,0.011842563566701497,0.14285714285714285,170,12309,0.01381103257778861,0.0,True,1987,
rome,rome:60:289-0-s30:p0,7,12,False,5280,130575,116604,5280,23.730113636363637,21.08409090909091,0.0,24,9,8,0,derived_from_native_gap_count,127,18117,0.007009990616547994,0.1111111111111111,117,16104,0.007265275707898659,0.0,True,1995,
rome,rome:60:289-0-s77:p0,7,12,False,14484,112581,98490,14484,6.772783761391881,5.799917149958575,0.0,24,7,6,0,derived_from_native_gap_count,122,14223,0.008577655909442452,0.14285714285714285,122,12210,0.009991809991809993,0.0,True,1985,
rome,rome:60:289-0-s94:p0,7,12,False,20172,115560,58989,20172,4.728732897085068,1.9243010113027958,0.0,24,7,3,0,derived_from_native_gap_count,290,14124,0.020532427074483148,0.5714285714285714,288,6039,0.04769001490312966,0.0,True,1817,
rome,rome:60:290-0-s103:p0,7,12,False,23776,65713,37531,23776,1.7638374831763122,0.5785245625841184,0.0,24,3,1,0,derived_from_native_gap_count,28,6039,0.004636529226693161,0.6666666666666666,28,2013,0.013909587680079483,0.0,True,1985,
rome,rome:60:290-0-s103:p1,7,12,False,2052,58104,15831,2052,27.31578947368421,6.714912280701754,0.0,24,4,1,0,derived_from_native_gap_count,26,8052,0.003229011425732737,0.75,26,2013,0.012916045702930949,0.0,True,1987,
rome,rome:60:290-0-s119:p0,7,12,False,2556,58851,16662,2556,22.024647887323944,5.518779342723005,0.0,24,4,1,0,derived_from_native_gap_count,25,8085,0.0030921459492888066,0.75,18,2046,0.008797653958944282,0.0,True,2006,
rome,rome:60:290-0-s34:p0,7,12,False,2940,86574,44505,2940,28.446938775510205,14.137755102040817,0.0,24,6,3,0,derived_from_native_gap_count,76,12078,0.006292432521940719,0.5,59,6039,0.00976982944196059,0.0,True,1985,
rome,rome:60:290-0-s36:p0,7,12,False,3036,102987,74889,3036,32.92193675889328,23.66699604743083,0.0,24,7,5,0,derived_from_native_gap_count,83,14421,0.00575549545801262,0.2857142857142857,76,10395,0.007311207311207311,0.0,True,1991,
rome,rome:60:290-0-s36:p1,7,12,False,4776,32805,18822,4776,5.868718592964824,2.940954773869347,0.0,24,2,1,0,derived_from_native_gap_count,32,4059,0.007883715200788372,0.5,23,2046,0.011241446725317693,0.0,True,2004,
rome,rome:60:290-0-s36:p2,7,12,False,5712,103275,89184,5712,17.080357142857142,14.61344537815126,0.0,24,7,6,0,derived_from_native_gap_count,128,14157,0.009041463586918132,0.14285714285714285,128,12144,0.010540184453227932,0.0,True,1979,
rome,rome:60:293-0-s42:p0,7,12,False,5340,74727,32454,5340,12.993820224719101,5.0775280898876405,0.0,24,5,2,0,derived_from_native_gap_count,89,10065,0.008842523596621958,0.6,89,4026,0.022106308991554892,0.0,True,1950,
rome,rome:60:297-1-s52:p0,7,12,False,7104,194454,131703,7104,26.372466216216218,17.53927364864865,0.0,24,12,8,0,derived_from_native_gap_count,211,27126,0.0077785150777851505,0.3333333333333333,185,18117,0.010211403654026605,0.0,True,2016,
rome,rome:60:297-1-s52:p1,7,12,False,4896,162768,117234,4896,32.245098039215684,22.94485294117647,0.0,24,10,7,0,derived_from_native_gap_count,165,22836,0.0072254335260115606,0.3,148,16302,0.009078640657588026,0.0,True,2004,
rome,rome:60:306-0-s25:p0,7,12,False,31620,122820,122820,31620,2.8842504743833017,2.8842504743833017,0.0,24,7,7,0,derived_from_native_gap_count,639,14124,0.04524214103653356,0.0,639,14124,0.04524214103653356,0.0,True,1823,
rome,rome:60:306-0-s68:p0,7,12,False,16956,95064,95064,16956,4.606510969568294,4.606510969568294,0.0,24,6,6,0,derived_from_native_gap_count,575,12144,0.04734848484848485,0.0,575,12144,0.04734848484848485,0.0,True,1845,
rome,rome:60:309-0-s267:p0,7,12,False,6000,132162,75687,6000,21.027,11.6145,0.0,24,9,5,0,derived_from_native_gap_count,74,18150,0.004077134986225896,0.4444444444444444,64,10065,0.006358668653750621,0.0,True,1996,
rome,rome:60:309-0-s61:p0,7,12,False,3024,17115,3024,3024,4.659722222222222,,0.0,24,1,0,0,derived_from_native_gap_count,0,2013,0.0,1.0,,,,,True,2013,
rome,rome:60:309-0-s61:p1,7,12,False,3696,59232,59232,3696,15.025974025974026,15.025974025974026,0.0,24,4,4,0,derived_from_native_gap_count,69,8052,0.00856929955290611,0.0,69,8052,0.00856929955290611,0.0,True,1990,
rome,rome:60:326-0-s63:p0,7,12,False,17772,155898,127836,17772,7.772113436866982,6.193112761647535,0.0,24,10,8,0,derived_from_native_gap_count,232,20130,0.011525086934923,0.2,222,16104,0.013785394932935917,0.0,True,1954,
rome,rome:60:326-0-s63:p1,7,12,False,10296,79659,79659,10296,6.736888111888112,6.736888111888112,0.0,24,5,5,0,derived_from_native_gap_count,91,10065,0.009041231992051665,0.0,91,10065,0.009041231992051665,0.0,True,1989,
rome,rome:60:326-0-s82:p0,7,12,False,588,141141,14163,588,239.03571428571428,23.086734693877553,0.0,24,10,1,0,derived_from_native_gap_count,49,20163,0.0024301939195556215,0.9,43,2013,0.02136115250869349,0.0,True,1970,
rome,rome:60:329-0-s52:p0,7,12,False,3324,163245,76581,3324,48.11101083032491,22.03880866425993,0.0,24,11,5,0,derived_from_native_gap_count,129,23067,0.005592404734035636,0.5454545454545454,113,10659,0.01060136973449667,0.0,True,1972,
rome,rome:60:329-0-s55:p0,7,12,False,16128,144351,84837,16128,7.950334821428571,4.260230654761905,0.0,24,9,5,0,derived_from_native_gap_count,268,18777,0.014272780529371039,0.4444444444444444,261,10263,0.02543116047939199,0.0,True,1851,
rome,rome:60:329-0-s55:p1,7,12,False,2472,192999,84306,2472,77.07402912621359,33.10436893203884,0.0,24,9,2,0,derived_from_native_gap_count,81,27357,0.0029608509705011513,0.7777777777777778,72,11814,0.006094464195022855,0.0,True,2046,
rome,rome:60:336-0-s227:p0,7,12,False,8030,131829,75605,8030,15.41706102117061,8.415317559153175,0.0,24,9,5,0,derived_from_native_gap_count,302,18117,0.01666942650549208,0.4444444444444444,288,10065,0.028614008941877794,0.0,True,1825,
rome,rome:60:336-0-s227:p1,7,12,False,2880,142860,58454,2880,48.604166666666664,19.29652777777778,0.0,24,10,4,0,derived_from_native_gap_count,93,20130,0.004619970193740686,0.6,79,8052,0.009811227024341779,0.0,True,1988,
rome,rome:60:353-0-s131:p0,7,12,False,10392,156885,25263,10392,14.096709006928407,1.4310046189376444,0.0,24,10,1,0,derived_from_native_gap_count,16,20955,0.000763540921021236,0.9,12,2145,0.005594405594405594,0.0,True,2013,
rome,rome:60:353-0-s219:p0,7,12,False,9420,170037,52263,9420,17.05063694267516,4.548089171974523,0.0,24,11,3,0,derived_from_native_gap_count,148,23199,0.006379585326953748,0.7272727272727273,145,6369,0.022766525357198933,0.0,True,1988,
rome,rome:60:360-0-s126:p0,7,12,False,14280,68280,26007,14280,3.7815126050420167,0.821218487394958,0.0,24,4,1,0,derived_from_native_gap_count,197,8052,0.02446597118728266,0.75,197,2013,0.09786388474913064,0.0,True,1816,
rome,rome:60:366-0-s105:p0,7,12,False,3750,115268,59084,3750,29.738133333333334,14.755733333333334,0.0,24,8,4,0,derived_from_native_gap_count,121,16104,0.007513661202185792,0.5,103,8052,0.012791852955787383,0.0,True,1974,
rome,rome:60:43-1-s109:p0,7,12,False,10224,149007,70236,10224,13.574237089201878,5.869718309859155,0.0,24,9,4,0,derived_from_native_gap_count,312,20361,0.015323412406070429,0.5555555555555556,312,9108,0.034255599472990776,0.0,True,1908,
rome,rome:60:43-1-s80:p0,7,12,False,5190,93342,5190,5190,16.984971098265895,,0.0,24,6,0,0,derived_from_native_gap_count,9,12606,0.0007139457401237506,1.0,,,,,True,2013,
rome,rome:60:45-0-s4:p0,7,12,False,7212,120543,77589,7212,15.714226289517471,9.758319467554077,0.0,24,8,5,0,derived_from_native_gap_count,123,16401,0.0074995427108103165,0.375,122,10263,0.011887362369677482,0.0,True,2001,
rome,rome:60:45-0-s4:p1,7,12,False,408,130341,408,408,318.4632352941176,,0.0,24,9,0,0,derived_from_native_gap_count,10,18579,0.0005382421012971634,1.0,,,,,True,2012,
rome,rome:60:46-0-s41:p0,7,12,False,1788,129048,15651,1788,71.1744966442953,7.753355704697986,0.0,24,9,1,0,derived_from_native_gap_count,21,18216,0.001152832674571805,0.8888888888888888,19,2013,0.009438648782911079,0.0,True,1994,
rome,rome:60:46-0-s41:p1,7,12,False,1428,144813,15183,1428,100.40966386554622,9.632352941176471,0.0,24,10,1,0,derived_from_native_gap_count,44,20559,0.002140181915462814,0.9,28,2013,0.013909587680079483,0.0,True,1985,
rome,rome:60:46-0-s49:p0,7,12,False,11352,152094,25311,11352,12.39799154334038,1.2296511627906976,0.0,24,10,1,0,derived_from_native_gap_count,14,20130,0.0006954793840039742,0.9,11,2013,0.00546448087431694,0.0,True,2002,
rome,rome:60:46-0-s56:p0,7,12,False,2352,101682,2352,2352,42.232142857142854,,0.0,24,7,0,0,derived_from_native_gap_count,0,14190,0.0,1.0,,,,,True,2013,
rome,rome:60:46-0-s56:p1,7,12,False,288,112872,288,288,390.9166666666667,,0.0,24,8,0,0,derived_from_native_gap_count,12,16104,0.0007451564828614009,1.0,,,,,True,2006,
rome,rome:60:46-0-s56:p2,7,12,False,1752,100587,15579,1752,56.41267123287671,7.892123287671233,0.0,24,7,1,0,derived_from_native_gap_count,22,14157,0.001554001554001554,0.8571428571428571,22,2013,0.01092896174863388,0.0,True,1991,
rome,rome:60:46-0-s56:p3,7,12,False,660,113343,14559,660,170.73181818181817,21.05909090909091,0.0,24,8,1,0,derived_from_native_gap_count,23,16137,0.0014252959038235113,0.875,16,2013,0.007948335817188276,0.0,True,1997,
rome,rome:60:46-0-s65:p0,7,12,False,14100,84207,27951,14100,4.972127659574468,0.9823404255319149,0.0,24,5,1,0,derived_from_native_gap_count,29,10065,0.00288127173373075,0.8,20,2013,0.009935419771485345,0.0,True,1993,
rome,rome:60:46-0-s89:p0,7,12,False,2040,114417,57819,2040,55.08676470588235,27.34264705882353,0.0,24,8,4,0,derived_from_native_gap_count,87,16203,0.005369376041473801,0.5,68,8085,0.008410636982065553,0.0,True,1985,
rome,rome:60:47-0-s268:p0,7,12,False,4416,113502,65466,4416,24.702445652173914,13.824728260869565,0.0,24,7,4,0,derived_from_native_gap_count,111,15774,0.00703689615823507,0.42857142857142855,110,8910,0.012345679012345678,0.0,True,1982,
rome,rome:60:51-1-s193:p0,7,12,False,17402,58988,30113,17402,2.3897253189288588,0.7304332835306286,0.0,24,3,1,0,derived_from_native_gap_count,115,6138,0.018735744542196155,0.6666666666666666,115,2013,0.057128663686040734,0.0,True,1898,
rome,rome:60:53-0-s98:p0,7,12,False,1640,141970,29472,1640,85.5670731707317,16.970731707317075,0.0,24,10,2,0,derived_from_native_gap_count,58,20130,0.00288127173373075,0.8,35,4026,0.008693492300049677,0.0,True,1994,
rome,rome:60:58-0-s2:p0,7,12,False,8112,64602,21963,8112,6.963757396449704,1.7074704142011834,0.0,24,4,1,0,derived_from_native_gap_count,28,8118,0.0034491254003449125,0.75,20,2013,0.009935419771485345,0.0,True,1993,
rome,rome:60:58-0-s8:p0,7,12,False,4788,60804,18699,4788,11.699248120300751,2.905388471177945,0.0,24,4,1,0,derived_from_native_gap_count,29,8052,0.003601589667163438,0.75,15,2013,0.007451564828614009,0.0,True,1998,
rome,rome:60:58-1-s27:p0,7,12,False,3340,31382,3340,3340,8.395808383233533,,0.0,24,2,0,0,derived_from_native_gap_count,14,4026,0.003477396920019871,1.0,,,,,True,2005,
rome,rome:60:66-0-s9:p0,7,12,False,10176,124680,10176,10176,11.252358490566039,,0.0,24,8,0,0,derived_from_native_gap_count,6,16368,0.00036656891495601173,1.0,,,,,True,2012,
rome,rome:60:67-1-s1:p0,7,12,False,7776,145797,23973,7776,17.749614197530864,2.0829475308641974,0.0,24,9,1,0,derived_from_native_gap_count,29,19767,0.0014670916173420347,0.8888888888888888,17,2343,0.007255655142979087,0.0,True,2010,
rome,rome:60:68-0-s112:p0,7,12,False,540,42964,540,540,78.56296296296296,,0.0,24,3,0,0,derived_from_native_gap_count,8,6072,0.0013175230566534915,1.0,,,,,True,2013,
rome,rome:60:68-0-s234:p0,7,12,False,3640,87746,31432,3640,23.106043956043955,7.635164835164836,0.0,24,6,2,0,derived_from_native_gap_count,44,12078,0.0036429872495446266,0.6666666666666666,39,4026,0.009687034277198211,0.0,True,1986,
rome,rome:60:70-0-s118:p0,7,12,False,5570,90832,48569,5570,15.307360861759426,7.719748653500898,0.0,24,6,3,0,derived_from_native_gap_count,67,12276,0.005457803844900619,0.5,66,6237,0.010582010582010581,0.0,True,1991,
rome,rome:60:70-0-s141:p0,7,12,False,20102,88847,60765,20102,3.4198089742314197,2.022833548900607,0.0,24,5,3,0,derived_from_native_gap_count,171,10065,0.01698956780923994,0.4,161,6039,0.026660043053485676,0.0,True,1898,
rome,rome:60:70-0-s152:p0,7,12,False,2370,87008,30192,2370,35.71223628691983,11.739240506329114,0.0,24,6,2,0,derived_from_native_gap_count,37,12144,0.003046772068511199,0.6666666666666666,36,4026,0.00894187779433681,0.0,True,1991,
rome,rome:60:70-0-s162:p0,7,12,False,1940,114739,1940,1940,58.14381443298969,,0.0,24,8,0,0,derived_from_native_gap_count,16,16137,0.0009915101939641817,1.0,,,,,True,2006,
rome,rome:60:70-0-s172:p0,7,12,False,3450,115769,45243,3450,32.55623188405797,12.113913043478261,0.0,24,8,3,0,derived_from_native_gap_count,64,16137,0.003966040775856727,0.625,48,6039,0.007948335817188276,0.0,True,1992,
rome,rome:60:70-0-s57:p0,7,12,False,3230,45003,30912,3230,12.9328173374613,8.570278637770897,0.0,24,3,2,0,derived_from_native_gap_count,50,6039,0.008279516476237788,0.3333333333333333,50,4026,0.012419274714356682,0.0,True,1985,
rome,rome:60:70-0-s57:p1,7,12,False,3900,101567,73585,3900,25.042820512820512,17.867948717948718,0.0,24,7,5,0,derived_from_native_gap_count,97,14091,0.0068838265559577035,0.2857142857142857,77,10065,0.007650273224043716,0.0,True,1992,
rome,rome:60:70-0-s57:p2,7,12,False,3460,143220,73055,3460,40.39306358381503,20.11416184971098,0.0,24,10,5,0,derived_from_native_gap_count,115,20130,0.005712866368604074,0.5,86,10065,0.008544461003477397,0.0,True,1988,
rome,rome:60:70-0-s78:p0,7,12,False,3420,115351,73178,3420,32.72836257309942,20.39707602339181,0.0,24,8,5,0,derived_from_native_gap_count,149,16203,0.009195827933098808,0.375,139,10164,0.013675718221172766,0.0,True,1967,
rome,rome:60:72-0-s234:p0,7,12,False,4320,46264,46264,4320,9.709259259259259,9.709259259259259,0.0,24,3,3,0,derived_from_native_gap_count,56,6072,0.00922266139657444,0.0,56,6072,0.00922266139657444,0.0,True,1991,
rome,rome:60:78-0-s44:p0,7,12,False,168,69699,168,168,413.875,,0.0,24,4,0,0,derived_from_native_gap_count,0,9933,0.0,1.0,,,,,True,2013,
rome,rome:60:83-0-s152:p0,7,12,False,1960,85846,43623,1960,42.79897959183673,21.256632653061224,0.0,24,6,3,0,derived_from_native_gap_count,66,12078,0.00546448087431694,0.5,61,6039,0.010101010101010102,0.0,True,1986,
rome,rome:60:83-0-s41:p0,7,12,False,4872,61128,4872,4872,11.54679802955665,,0.0,24,4,0,0,derived_from_native_gap_count,9,8052,0.0011177347242921013,1.0,,,,,True,2009,
rome,rome:60:83-0-s59:p0,7,12,False,6744,102408,102408,6744,14.185053380782918,14.185053380782918,0.0,24,7,7,0,derived_from_native_gap_count,267,14124,0.018903993203058623,0.0,267,14124,0.018903993203058623,0.0,True,1871,
rome,rome:60:83-0-s95:p0,7,12,False,2940,87294,2940,2940,28.691836734693876,,0.0,24,6,0,0,derived_from_native_gap_count,16,12078,0.001324722636198046,1.0,,,,,True,2004,
rome,rome:60:83-0-s95:p1,7,12,False,756,71103,756,756,93.0515873015873,,0.0,24,5,0,0,derived_from_native_gap_count,9,10065,0.0008941877794336811,1.0,,,,,True,2008,
rome,rome:60:95-0-s137:p0,7,12,False,2844,133335,2844,2844,45.88291139240506,,0.0,24,9,0,0,derived_from_native_gap_count,2,18645,0.00010726736390453205,1.0,,,,,True,2012,
rome,rome:60:96-0-s156:p0,7,12,False,3612,129225,58767,3612,34.7765780730897,15.269933554817277,0.0,24,9,4,0,derived_from_native_gap_count,139,18183,0.007644503107298026,0.5555555555555556,120,8085,0.014842300556586271,0.0,True,1941,
geolife,010-20080916114237-0,8,5,True,21664,21664,21664,21664,,,0.0,10,0,0,0,none,,,,,,,,,True,,
geolife,010-20080917225654-0,8,5,True,17357,17357,17357,17357,,,0.0,16,0,0,0,none,,,,,,,,,True,,
geolife,010-20080921224934-0,8,5,True,18695,18695,18695,18695,,,0.0,35,0,0,0,none,,,,,,,,,True,,
geolife,010-20080922111517-0,8,5,True,21393,21393,21393,21393,,,0.0,12,0,0,0,none,,,,,,,,,True,,
geolife,010-20080922234926-0,8,5,True,18146,18146,18146,18146,,,0.0,35,0,0,0,none,,,,,,,,,True,,
geolife,010-20080923121817-0,8,5,True,21735,21735,21735,21735,,,0.0,12,0,0,0,none,,,,,,,,,True,,
geolife,010-20080923231456-1,8,5,True,19281,19281,19281,19281,,,0.0,58,0,0,0,none,,,,,,,,,True,,
geolife,010-20080924113459-1,8,5,True,21973,21973,21973,21973,,,0.0,14,0,0,0,none,,,,,,,,,True,,
geolife,010-20080924231334-1,8,5,True,17750,17750,17750,17750,,,0.0,26,0,0,0,none,,,,,,,,,True,,
geolife,010-20080925104204-0,8,5,True,21492,21492,21492,21492,,,0.0,19,0,0,0,none,,,,,,,,,True,,
geolife,010-20080925233430-0,8,5,True,18103,18103,18103,18103,,,0.0,31,0,0,0,none,,,,,,,,,True,,
geolife,010-20080926105402-0,8,5,True,21916,21916,21916,21916,,,0.0,15,0,0,0,none,,,,,,,,,True,,
geolife,010-20080927232235-1,8,5,True,16035,16035,16035,16035,,,0.0,22,0,0,0,none,,,,,,,,,True,,
geolife,010-20081005225112-1,8,5,True,17388,17388,17388,17388,,,0.0,59,0,0,0,none,,,,,,,,,True,,
rome,rome:60:103-0-s96:p0,8,12,False,18646,98330,82226,18646,4.273517108226965,3.409846615896171,0.0,24,5,4,0,derived_from_native_gap_count,110,10098,0.010893246187363835,0.2,110,8085,0.013605442176870748,0.0,True,1955,
rome,rome:60:104-0-s145:p0,8,12,False,2090,186262,40042,2090,88.12057416267943,18.15885167464115,0.0,24,10,2,0,derived_from_native_gap_count,142,23199,0.006120953489374542,0.8,112,4884,0.02293202293202293,0.0,True,2004,
rome,rome:60:105-0-s77:p0,8,12,False,360,134076,360,360,371.43333333333334,,0.0,24,8,0,0,derived_from_native_gap_count,11,16731,0.0006574621959237344,1.0,,,,,True,2005,
rome,rome:60:109-0-s11:p0,8,12,False,10248,90552,26160,10248,7.836065573770492,1.5526932084309133,0.0,24,5,1,0,derived_from_native_gap_count,18,10065,0.0017883755588673621,0.8,16,2013,0.007948335817188276,0.0,True,1997,
rome,rome:60:109-0-s11:p1,8,12,False,2208,114972,18144,2208,51.07065217391305,7.217391304347826,0.0,24,7,1,0,derived_from_native_gap_count,19,14124,0.0013452279807419994,0.8571428571428571,14,2013,0.006954793840039742,0.0,True,1999,
rome,rome:60:109-0-s188:p0,8,12,False,11874,106122,57546,11874,7.937342091965639,3.8463870641738254,0.0,24,6,3,0,derived_from_native_gap_count,264,12111,0.021798365122615803,0.5,264,6039,0.04371584699453552,0.0,True,1831,
rome,rome:60:109-0-s188:p1,8,12,False,2300,98748,34138,2300,41.93391304347826,13.842608695652174,0.0,24,6,2,0,derived_from_native_gap_count,44,12111,0.0036330608537693005,0.6666666666666666,37,4026,0.009190263288623945,0.0,True,1994,
rome,rome:60:109-0-s32:p0,8,12,False,15742,127030,78888,15742,7.069495616821243,4.011307330707661,0.0,24,7,4,0,derived_from_native_gap_count,144,14091,0.010219288907813498,0.42857142857142855,127,8052,0.015772478887232984,0.0,True,1964,
rome,rome:60:109-0-s40:p0,8,12,False,28662,107880,75744,28662,2.763868536738539,1.6426627590537994,0.0,24,5,3,0,derived_from_native_gap_count,129,10065,0.012816691505216096,0.4,123,6039,0.02036761053154496,0.0,True,1934,
rome,rome:60:109-0-s42:p0,8,12,False,26936,134986,118882,26936,4.011360261360261,3.4134986634986637,0.0,24,7,6,0,derived_from_native_gap_count,490,14157,0.034611852793670975,0.14285714285714285,490,12144,0.040349143610013176,0.0,True,1860,
rome,rome:60:11-0-s11:p0,8,12,False,3040,68272,18974,3040,21.457894736842107,5.241447368421053,0.0,24,4,1,0,derived_from_native_gap_count,24,8184,0.002932551319648094,0.75,17,2013,0.008445106805762544,0.0,True,1996,
rome,rome:60:11-0-s11:p1,8,12,False,1370,132646,50622,1370,95.82189781021899,35.95036496350365,0.0,24,8,3,0,derived_from_native_gap_count,46,16467,0.0027934657193174227,0.625,38,6204,0.0061250805931656995,0.0,True,2008,
rome,rome:60:11-0-s11:p2,8,12,False,2840,100282,83650,2840,34.31056338028169,28.454225352112676,0.0,24,6,5,0,derived_from_native_gap_count,103,12309,0.008367860914777805,0.16666666666666666,103,10230,0.010068426197458456,0.0,True,1981,
rome,rome:60:11-0-s136:p0,8,12,False,5740,173460,56554,5740,29.21951219512195,8.852613240418119,0.0,24,10,3,0,derived_from_native_gap_count,124,21120,0.005871212121212121,0.7,93,6468,0.01437847866419295,0.0,True,1966,
rome,rome:60:11-0-s186:p0,8,12,False,5680,185462,150370,5680,31.651760563380282,25.473591549295776,0.0,24,10,8,0,derived_from_native_gap_count,185,22704,0.008148343904157857,0.2,183,18315,0.009991809991809993,0.0,True,2005,
rome,rome:60:11-0-s84:p0,8,12,False,3060,51620,35516,3060,15.869281045751634,10.606535947712418,0.0,24,3,2,0,derived_from_native_gap_count,28,6105,0.004586404586404586,0.3333333333333333,28,4092,0.006842619745845552,0.0,True,1997,
rome,rome:60:124-1-s99:p0,8,12,False,1540,193132,56844,1540,124.41038961038961,35.91168831168831,0.0,24,11,3,0,derived_from_native_gap_count,60,24024,0.0024975024975024975,0.7272727272727273,40,6963,0.0057446502944133275,0.0,True,2013,
rome,rome:60:127-0-s273:p0,8,12,False,15504,47676,15504,15504,2.075077399380805,,0.0,24,2,0,0,derived_from_native_gap_count,3,4026,0.0007451564828614009,1.0,,,,,True,2010,
rome,rome:60:128-0-s16:p0,8,12,False,690,82988,690,690,119.27246376811594,,0.0,24,5,0,0,derived_from_native_gap_count,7,10296,0.0006798756798756799,1.0,,,,,True,2007,
rome,rome:60:128-0-s16:p1,8,12,False,1520,81670,33368,1520,52.73026315789474,20.95263157894737,0.0,24,5,2,0,derived_from_native_gap_count,37,10065,0.0036761053154495777,0.6,36,4026,0.00894187779433681,0.0,True,1989,
rome,rome:60:128-0-s65:p0,8,12,False,1704,81372,33228,1704,46.75352112676056,18.5,0.0,24,5,2,0,derived_from_native_gap_count,71,10065,0.007054148037754595,0.6,57,4026,0.014157973174366617,0.0,True,1981,
rome,rome:60:128-0-s82:p0,8,12,False,21024,98412,65988,21024,3.6809360730593608,2.1386986301369864,0.0,24,5,3,0,derived_from_native_gap_count,283,10098,0.02802535155476332,0.4,279,6039,0.046199701937406856,0.0,True,1876,
rome,rome:60:128-0-s82:p1,8,12,False,2592,98772,50256,2592,37.10648148148148,18.38888888888889,0.0,24,6,3,0,derived_from_native_gap_count,59,12111,0.004871604326645199,0.5,54,6039,0.00894187779433681,0.0,True,1985,
rome,rome:60:128-0-s82:p2,8,12,False,612,48924,612,612,78.94117647058823,,0.0,24,3,0,0,derived_from_native_gap_count,0,6039,0.0,1.0,,,,,True,2013,
rome,rome:60:134-0-s99:p0,8,12,False,1908,98244,17616,1908,50.490566037735846,8.232704402515724,0.0,24,6,1,0,derived_from_native_gap_count,46,12111,0.003798199983486087,0.8333333333333334,33,2013,0.01639344262295082,0.0,True,1980,
rome,rome:60:137-0-s71:p0,8,12,False,10974,153490,105258,10974,12.986695826498998,8.591580098414434,0.0,24,9,6,0,derived_from_native_gap_count,242,18117,0.013357619914996965,0.3333333333333333,234,12078,0.019374068554396422,0.0,True,1877,
rome,rome:60:137-0-s71:p1,8,12,False,1330,130016,33228,1330,96.75639097744362,23.98345864661654,0.0,24,8,2,0,derived_from_native_gap_count,41,16137,0.0025407448720332158,0.75,31,4026,0.007699950322901143,0.0,True,1993,
rome,rome:60:137-0-s71:p2,8,12,False,2580,82790,18484,2580,31.089147286821706,6.164341085271317,0.0,24,5,1,0,derived_from_native_gap_count,31,10065,0.003079980129160457,0.8,20,2013,0.009935419771485345,0.0,True,1993,
rome,rome:60:140-0-s121:p0,8,12,False,2364,184440,65436,2364,77.02030456852792,26.68020304568528,0.0,24,11,4,0,derived_from_native_gap_count,139,22968,0.006051898293277604,0.6363636363636364,134,8085,0.016573902288188003,0.0,True,1926,
rome,rome:60:140-0-s121:p1,8,12,False,768,162780,768,768,210.953125,,0.0,24,10,0,0,derived_from_native_gap_count,7,20262,0.00034547428684236504,1.0,,,,,True,2006,
rome,rome:60:149-0-s182:p0,8,12,False,9940,109438,42716,9940,10.009859154929577,3.29738430583501,0.0,24,6,2,0,derived_from_native_gap_count,135,12606,0.010709186101856259,0.6666666666666666,128,4257,0.030068123091378907,0.0,True,1899,
rome,rome:60:149-0-s21:p0,8,12,False,1300,149932,1300,1300,114.3323076923077,,0.0,24,9,0,0,derived_from_native_gap_count,0,18579,0.0,1.0,,,,,True,2046,
rome,rome:60:149-0-s21:p1,8,12,False,110,164318,110,110,1492.8,,0.0,24,10,0,0,derived_from_native_gap_count,0,20526,0.0,1.0,,,,,True,2013,
rome,rome:60:149-0-s21:p2,8,12,False,160,131368,160,160,820.05,,0.0,24,8,0,0,derived_from_native_gap_count,0,16401,0.0,1.0,,,,,True,2013,
rome,rome:60:149-0-s21:p3,8,12,False,750,148036,750,750,196.38133333333334,,0.0,24,9,0,0,derived_from_native_gap_count,29,18447,0.0015720713395132,1.0,,,,,True,2005,
rome,rome:60:150-0-s108:p0,8,12,False,2380,150508,18354,2380,62.23865546218487,6.711764705882353,0.0,24,9,1,0,derived_from_native_gap_count,24,18546,0.0012940795858945326,0.8888888888888888,13,2013,0.006458022851465474,0.0,True,2000,
rome,rome:60:153-0-s12:p0,8,12,False,912,81348,912,912,88.19736842105263,,0.0,24,5,0,0,derived_from_native_gap_count,7,10065,0.0006954793840039742,1.0,,,,,True,2006,
rome,rome:60:153-0-s12:p1,8,12,False,1200,114192,1200,1200,94.16,,0.0,24,7,0,0,derived_from_native_gap_count,0,14124,0.0,1.0,,,,,True,2013,
rome,rome:60:153-0-s15:p0,8,12,False,1476,82920,1476,1476,55.17886178861789,,0.0,24,5,0,0,derived_from_native_gap_count,11,10197,0.0010787486515641855,1.0,,,,,True,2005,
rome,rome:60:153-0-s15:p1,8,12,False,4128,147360,99096,4128,34.69767441860465,23.00581395348837,0.0,24,9,6,0,derived_from_native_gap_count,142,18117,0.007837942264171772,0.3333333333333333,138,12078,0.011425732737208148,0.0,True,1981,
rome,rome:60:153-0-s15:p2,8,12,False,8028,149472,117420,8028,17.618834080717487,13.626307922272048,0.0,24,9,7,0,derived_from_native_gap_count,291,18117,0.016062261963901307,0.2222222222222222,278,14091,0.019728904974806616,0.0,True,1929,
rome,rome:60:153-0-s214:p0,8,12,False,7060,55416,39048,7060,6.849291784702549,4.530878186968838,0.0,24,3,2,0,derived_from_native_gap_count,22,6072,0.0036231884057971015,0.3333333333333333,22,4026,0.00546448087431694,0.0,True,2002,
rome,rome:60:155-0-s239:p0,8,12,False,2360,148936,67570,2360,62.108474576271185,27.63135593220339,0.0,24,9,4,0,derived_from_native_gap_count,100,18447,0.005420935653493793,0.5555555555555556,79,8250,0.009575757575757576,0.0,True,1997,
rome,rome:60:155-0-s253:p0,8,12,False,4740,136250,36668,4740,27.744725738396625,6.735864978902954,0.0,24,8,2,0,derived_from_native_gap_count,49,16500,0.00296969696969697,0.75,28,4026,0.006954793840039742,0.0,True,1998,
rome,rome:60:155-0-s266:p0,8,12,False,5140,171666,37570,5140,32.39805447470817,6.309338521400778,0.0,24,10,2,0,derived_from_native_gap_count,85,20922,0.004062709110027722,0.8,57,4125,0.013818181818181818,0.0,True,2008,
rome,rome:60:156-0-s76:p0,8,12,False,18972,115548,18972,18972,5.09044908285895,,0.0,24,6,0,0,derived_from_native_gap_count,4,12078,0.0003311806590495115,1.0,,,,,True,2011,
rome,rome:60:157-0-s98:p0,8,12,False,1896,185640,33732,1896,96.9113924050633,16.79113924050633,0.0,24,11,2,0,derived_from_native_gap_count,66,23067,0.002861230329041488,0.8181818181818182,53,4059,0.013057403301305741,0.0,True,1980,
rome,rome:60:162-0-s40:p0,8,12,False,13124,77672,60776,13124,4.918317586101798,3.630905211825663,0.0,24,4,3,0,derived_from_native_gap_count,55,8151,0.006747638326585695,0.25,55,6039,0.009107468123861567,0.0,True,1989,
rome,rome:60:162-0-s40:p1,8,12,False,3840,124896,89964,3840,31.525,22.428125,0.0,24,7,5,0,derived_from_native_gap_count,142,15345,0.009253828608667318,0.2857142857142857,127,10956,0.011591821832785688,0.0,True,1985,
rome,rome:60:163-0-s105:p0,8,12,False,11076,75252,26892,11076,5.794149512459372,1.42795232936078,0.0,24,4,1,0,derived_from_native_gap_count,42,8085,0.005194805194805195,0.75,24,2013,0.011922503725782414,0.0,True,1989,
rome,rome:60:167-0-s26:p0,8,12,False,7368,103248,54936,7368,13.013029315960912,6.456026058631922,0.0,24,6,3,0,derived_from_native_gap_count,62,12078,0.005133300215267428,0.5,62,6039,0.010266600430534857,0.0,True,1988,
rome,rome:60:167-0-s73:p0,8,12,False,4632,100740,36324,4632,20.748704663212436,6.841968911917099,0.0,24,6,2,0,derived_from_native_gap_count,43,12078,0.0035601920847822487,0.6666666666666666,43,4026,0.010680576254346746,0.0,True,1985,
rome,rome:60:172-0-s6:p0,8,12,False,200,103952,200,200,518.76,,0.0,24,6,0,0,derived_from_native_gap_count,0,12969,0.0,1.0,,,,,True,2013,
rome,rome:60:178-0-s37:p0,8,12,False,768,98976,768,768,127.875,,0.0,24,6,0,0,derived_from_native_gap_count,0,12276,0.0,1.0,,,,,True,2013,
rome,rome:60:178-1-s43:p0,8,12,False,13040,93368,44864,13040,6.160122699386503,2.4404907975460124,0.0,24,5,2,0,derived_from_native_gap_count,60,10131,0.005922416345869114,0.6,54,4059,0.013303769401330377,0.0,True,1990,
rome,rome:60:185-0-s124:p0,8,12,False,880,34730,18362,880,38.46590909090909,19.865909090909092,0.0,24,2,1,0,derived_from_native_gap_count,47,4290,0.010955710955710955,0.5,47,2244,0.02094474153297683,0.0,True,2046,
rome,rome:60:185-0-s150:p0,8,12,False,12626,78710,28514,12626,5.233961666402661,1.258355773800095,0.0,24,4,1,0,derived_from_native_gap_count,37,8316,0.004449254449254449,0.75,18,2013,0.00894187779433681,0.0,True,1995,
rome,rome:60:193-0-s204:p0,8,12,False,80,48392,80,80,603.9,,0.0,24,3,0,0,derived_from_native_gap_count,0,6039,0.0,1.0,,,,,True,2013,
rome,rome:60:213-0-s41:p0,8,12,False,4608,117096,4608,4608,24.411458333333332,,0.0,24,7,0,0,derived_from_native_gap_count,20,14091,0.0014193456816407636,1.0,,,,,True,2004,
rome,rome:60:213-0-s41:p1,8,12,False,3024,98868,50796,3024,31.694444444444443,15.797619047619047,0.0,24,6,3,0,derived_from_native_gap_count,65,12078,0.0053816857095545624,0.5,45,6039,0.007451564828614009,0.0,True,1995,
rome,rome:60:213-0-s66:p0,8,12,False,8904,91752,8904,8904,9.304582210242588,,0.0,24,5,0,0,derived_from_native_gap_count,4,10362,0.0003860258637328701,1.0,,,,,True,2011,
rome,rome:60:214-0-s203:p0,8,12,False,10332,96120,28608,10332,8.303135888501743,1.7688734030197444,0.0,24,5,1,0,derived_from_native_gap_count,67,10824,0.006189948263118995,0.8,61,2376,0.025673400673400674,0.0,True,2007,
rome,rome:60:214-0-s203:p1,8,12,False,7512,137124,7512,7512,17.25399361022364,,0.0,24,8,0,0,derived_from_native_gap_count,1,16203,6.171696599395174e-05,1.0,,,,,True,2012,
rome,rome:60:214-0-s220:p0,8,12,False,10464,42672,10464,10464,3.0779816513761467,,0.0,24,2,0,0,derived_from_native_gap_count,0,4026,0.0,1.0,,,,,True,2013,
rome,rome:60:229-0-s172:p0,8,12,False,8304,179314,146912,8304,20.59368978805395,16.691714836223507,0.0,24,10,8,0,derived_from_native_gap_count,343,21846,0.015700814794470382,0.2,336,17787,0.018890200708382526,0.0,True,1987,
rome,rome:60:234-0-s260:p0,8,12,False,9876,121558,89430,9876,11.308424463345483,8.05528554070474,0.0,24,7,5,0,derived_from_native_gap_count,131,14124,0.009274992919852733,0.2857142857142857,123,10098,0.01218062982768865,0.0,True,1980,
rome,rome:60:24-0-s158:p0,8,12,False,1932,164472,33780,1932,84.1304347826087,16.48447204968944,0.0,24,10,2,0,derived_from_native_gap_count,51,20394,0.0025007355104442485,0.8,30,4026,0.007451564828614009,0.0,True,1994,
rome,rome:60:24-0-s158:p1,8,12,False,4044,184836,113508,4044,44.70623145400594,27.068249258160236,0.0,24,10,6,0,derived_from_native_gap_count,136,22803,0.00596412752707977,0.4,118,13860,0.008513708513708513,0.0,True,1989,
rome,rome:60:24-0-s158:p2,8,12,False,1596,182232,37884,1596,113.18045112781955,22.736842105263158,0.0,24,10,2,0,derived_from_native_gap_count,61,22671,0.0026906620793083675,0.8,34,4587,0.007412252016568564,0.0,True,2012,
rome,rome:60:24-0-s158:p3,8,12,False,4128,117036,67428,4128,27.351744186046513,15.334302325581396,0.0,24,7,4,0,derived_from_native_gap_count,117,14289,0.008188116733151375,0.42857142857142855,115,8085,0.01422387136672851,0.0,True,1977,
rome,rome:60:24-0-s50:p0,8,12,False,9448,201564,153028,9448,20.334038950042338,15.196867061812023,0.0,24,12,9,0,derived_from_native_gap_count,298,24387,0.01221962521015295,0.25,294,18315,0.016052416052416054,0.0,True,1932,
rome,rome:60:24-0-s50:p1,8,12,False,2720,205178,89408,2720,74.43308823529412,31.870588235294118,0.0,24,12,5,0,derived_from_native_gap_count,135,25476,0.0052991050400376825,0.5833333333333334,96,10956,0.008762322015334063,0.0,True,1986,
rome,rome:60:24-0-s50:p2,8,12,False,770,212004,20440,770,274.32987012987013,25.545454545454547,0.0,24,12,1,0,derived_from_native_gap_count,23,26433,0.0008701244656300836,0.9166666666666666,13,2475,0.0052525252525252525,0.0,True,2046,
rome,rome:60:24-0-s50:p3,8,12,False,1350,152500,33806,1350,111.96296296296296,24.041481481481483,0.0,24,9,2,0,derived_from_native_gap_count,65,18975,0.0034255599472990776,0.7777777777777778,28,4092,0.006842619745845552,0.0,True,2000,
rome,rome:60:24-0-s50:p4,8,12,False,2260,185826,81034,2260,81.22389380530973,34.85575221238938,0.0,24,10,4,0,derived_from_native_gap_count,97,23067,0.004205141544197338,0.6,69,9933,0.00694654183026276,0.0,True,2009,
rome,rome:60:243-0-s57:p0,8,12,False,5340,21444,5340,5340,3.0157303370786517,,0.0,24,1,0,0,derived_from_native_gap_count,0,2013,0.0,1.0,,,,,True,2013,
rome,rome:60:243-0-s91:p0,8,12,False,8116,24220,8116,8116,1.984228684080828,,0.0,24,1,0,0,derived_from_native_gap_count,0,2013,0.0,1.0,,,,,True,2013,
rome,rome:60:243-0-s91:p1,8,12,False,2430,66800,34622,2430,26.48971193415638,13.247736625514403,0.0,24,4,2,0,derived_from_native_gap_count,31,8085,0.00383426097711812,0.5,28,4059,0.006898250800689825,0.0,True,1998,
rome,rome:60:243-0-s94:p0,8,12,False,8756,57062,24700,8756,5.516902695294655,1.8209227957971676,0.0,24,3,1,0,derived_from_native_gap_count,27,6072,0.004446640316205534,0.6666666666666666,16,2013,0.007948335817188276,0.0,True,1997,
rome,rome:60:249-0-s139:p0,8,12,False,29036,105704,57500,29036,2.6404463424714146,0.9803003168480507,0.0,24,5,2,0,derived_from_native_gap_count,321,10065,0.03189269746646796,0.6,312,4026,0.07749627421758569,0.0,True,1830,
rome,rome:60:254-0-s329:p0,8,12,False,7670,135154,73528,7670,16.621121251629727,8.586440677966102,0.0,24,7,4,0,derived_from_native_gap_count,214,16203,0.013207430722705672,0.42857142857142855,199,8481,0.023464214125692724,0.0,True,1904,
rome,rome:60:256-0-s375:p0,8,12,False,8940,88428,40200,8940,8.891275167785235,3.4966442953020134,0.0,24,5,2,0,derived_from_native_gap_count,108,10098,0.0106951871657754,0.6,101,4059,0.024882976102488297,0.0,True,1966,
rome,rome:60:257-0-s123:p0,8,12,False,7824,103764,23364,7824,12.262269938650308,1.9861963190184049,0.0,24,6,1,0,derived_from_native_gap_count,57,12078,0.004719324391455539,0.8333333333333334,47,2013,0.02334823646299056,0.0,True,1966,
rome,rome:60:257-0-s123:p1,8,12,False,15648,177012,78672,15648,10.312116564417177,4.02760736196319,0.0,24,9,4,0,derived_from_native_gap_count,127,20361,0.006237414665291489,0.5555555555555556,116,8052,0.014406358668653751,0.0,True,1982,
rome,rome:60:260-0-s115:p0,8,12,False,26718,169480,88198,26718,5.343289168350925,2.301070439404147,0.0,24,9,4,0,derived_from_native_gap_count,370,18348,0.020165685633311534,0.5555555555555556,367,8184,0.0448435972629521,0.0,True,1866,
rome,rome:60:260-0-s14:p0,8,12,False,5412,83712,19380,5412,14.467849223946786,2.5809312638580932,0.0,24,5,1,0,derived_from_native_gap_count,185,10065,0.01838052657724789,0.8,178,2013,0.08842523596621957,0.0,True,1835,
rome,rome:60:268-0-s46:p0,8,12,False,9360,90120,9360,9360,8.628205128205128,,0.0,24,5,0,0,derived_from_native_gap_count,2,10098,0.00019805902158843335,1.0,,,,,True,2011,
rome,rome:60:275-0-s235:p0,8,12,False,7980,23712,23712,7980,1.9714285714285715,1.9714285714285715,0.0,24,1,1,0,derived_from_native_gap_count,53,2046,0.025904203323558164,0.0,53,2046,0.025904203323558164,0.0,True,1993,
rome,rome:60:275-0-s290:p0,8,12,False,4500,20316,20316,4500,3.514666666666667,3.514666666666667,0.0,24,1,1,0,derived_from_native_gap_count,24,2013,0.011922503725782414,0.0,24,2013,0.011922503725782414,0.0,True,1989,
rome,rome:60:275-0-s376:p0,8,12,False,23030,70934,70934,23030,2.08006947459835,2.08006947459835,0.0,24,3,3,0,derived_from_native_gap_count,78,6105,0.012776412776412777,0.0,78,6105,0.012776412776412777,0.0,True,1976,
rome,rome:60:289-0-s12:p0,8,12,False,10680,123480,107112,10680,10.561797752808989,9.029213483146068,0.0,24,7,6,0,derived_from_native_gap_count,170,14355,0.011842563566701497,0.14285714285714285,170,12309,0.01381103257778861,0.0,True,1987,
rome,rome:60:289-0-s30:p0,8,12,False,5280,148692,132708,5280,27.161363636363635,24.134090909090908,0.0,24,9,8,0,derived_from_native_gap_count,127,18117,0.007009990616547994,0.1111111111111111,117,16104,0.007265275707898659,0.0,True,1995,
rome,rome:60:289-0-s77:p0,8,12,False,14484,126804,110700,14484,7.754763877381938,6.642916321458161,0.0,24,7,6,0,derived_from_native_gap_count,122,14223,0.008577655909442452,0.14285714285714285,122,12210,0.009991809991809993,0.0,True,1985,
rome,rome:60:289-0-s94:p0,8,12,False,20172,129684,65028,20172,5.428911362284355,2.2236763831052944,0.0,24,7,3,0,derived_from_native_gap_count,290,14124,0.020532427074483148,0.5714285714285714,288,6039,0.04769001490312966,0.0,True,1817,
rome,rome:60:290-0-s103:p0,8,12,False,23776,71752,39544,23776,2.017833109017497,0.6631897711978466,0.0,24,3,1,0,derived_from_native_gap_count,28,6039,0.004636529226693161,0.6666666666666666,28,2013,0.013909587680079483,0.0,True,1985,
rome,rome:60:290-0-s103:p1,8,12,False,2052,66156,17844,2052,31.239766081871345,7.695906432748538,0.0,24,4,1,0,derived_from_native_gap_count,26,8052,0.003229011425732737,0.75,26,2013,0.012916045702930949,0.0,True,1987,
rome,rome:60:290-0-s119:p0,8,12,False,2556,66936,18708,2556,25.187793427230048,6.31924882629108,0.0,24,4,1,0,derived_from_native_gap_count,25,8085,0.0030921459492888066,0.75,18,2046,0.008797653958944282,0.0,True,2006,
rome,rome:60:290-0-s34:p0,8,12,False,2940,98652,50544,2940,32.55510204081633,16.191836734693876,0.0,24,6,3,0,derived_from_native_gap_count,76,12078,0.006292432521940719,0.5,59,6039,0.00976982944196059,0.0,True,1985,
rome,rome:60:290-0-s36:p0,8,12,False,3036,117408,85284,3036,37.67193675889328,27.09090909090909,0.0,24,7,5,0,derived_from_native_gap_count,83,14421,0.00575549545801262,0.2857142857142857,76,10395,0.007311207311207311,0.0,True,1991,
rome,rome:60:290-0-s36:p1,8,12,False,4776,36864,20868,4776,6.71859296482412,3.369346733668342,0.0,24,2,1,0,derived_from_native_gap_count,32,4059,0.007883715200788372,0.5,23,2046,0.011241446725317693,0.0,True,2004,
rome,rome:60:290-0-s36:p2,8,12,False,5712,117432,101328,5712,19.558823529411764,16.73949579831933,0.0,24,7,6,0,derived_from_native_gap_count,128,14157,0.009041463586918132,0.14285714285714285,128,12144,0.010540184453227932,0.0,True,1979,
rome,rome:60:293-0-s42:p0,8,12,False,5340,84792,36480,5340,14.878651685393258,5.831460674157303,0.0,24,5,2,0,derived_from_native_gap_count,89,10065,0.008842523596621958,0.6,89,4026,0.022106308991554892,0.0,True,1950,
rome,rome:60:297-1-s52:p0,8,12,False,7104,221580,149820,7104,30.19087837837838,20.089527027027028,0.0,24,12,8,0,derived_from_native_gap_count,211,27126,0.0077785150777851505,0.3333333333333333,185,18117,0.010211403654026605,0.0,True,2016,
rome,rome:60:297-1-s52:p1,8,12,False,4896,185604,133536,4896,36.90931372549019,26.274509803921568,0.0,24,10,7,0,derived_from_native_gap_count,165,22836,0.0072254335260115606,0.3,148,16302,0.009078640657588026,0.0,True,2004,
rome,rome:60:306-0-s25:p0,8,12,False,31620,136944,136944,31620,3.3309297912713474,3.3309297912713474,0.0,24,7,7,0,derived_from_native_gap_count,639,14124,0.04524214103653356,0.0,639,14124,0.04524214103653356,0.0,True,1823,
rome,rome:60:306-0-s68:p0,8,12,False,16956,107208,107208,16956,5.322717622080679,5.322717622080679,0.0,24,6,6,0,derived_from_native_gap_count,575,12144,0.04734848484848485,0.0,575,12144,0.04734848484848485,0.0,True,1845,
rome,rome:60:309-0-s267:p0,8,12,False,6000,150312,85752,6000,24.052,13.292,0.0,24,9,5,0,derived_from_native_gap_count,74,18150,0.004077134986225896,0.4444444444444444,64,10065,0.006358668653750621,0.0,True,1996,
rome,rome:60:309-0-s61:p0,8,12,False,3024,19128,3024,3024,5.325396825396825,,0.0,24,1,0,0,derived_from_native_gap_count,0,2013,0.0,1.0,,,,,True,2013,
rome,rome:60:309-0-s61:p1,8,12,False,3696,67284,67284,3696,17.204545454545453,17.204545454545453,0.0,24,4,4,0,derived_from_native_gap_count,69,8052,0.00856929955290611,0.0,69,8052,0.00856929955290611,0.0,True,1990,
rome,rome:60:326-0-s63:p0,8,12,False,17772,176028,143940,17772,8.904794058068873,7.099257258609048,0.0,24,10,8,0,derived_from_native_gap_count,232,20130,0.011525086934923,0.2,222,16104,0.013785394932935917,0.0,True,1954,
rome,rome:60:326-0-s63:p1,8,12,False,10296,89724,89724,10296,7.714452214452215,7.714452214452215,0.0,24,5,5,0,derived_from_native_gap_count,91,10065,0.009041231992051665,0.0,91,10065,0.009041231992051665,0.0,True,1989,
rome,rome:60:326-0-s82:p0,8,12,False,588,161304,16176,588,273.3265306122449,26.510204081632654,0.0,24,10,1,0,derived_from_native_gap_count,49,20163,0.0024301939195556215,0.9,43,2013,0.02136115250869349,0.0,True,1970,
rome,rome:60:329-0-s52:p0,8,12,False,3324,186312,87240,3324,55.05054151624549,25.24548736462094,0.0,24,11,5,0,derived_from_native_gap_count,129,23067,0.005592404734035636,0.5454545454545454,113,10659,0.01060136973449667,0.0,True,1972,
rome,rome:60:329-0-s55:p0,8,12,False,16128,163128,95100,16128,9.114583333333334,4.896577380952381,0.0,24,9,5,0,derived_from_native_gap_count,268,18777,0.014272780529371039,0.4444444444444444,261,10263,0.02543116047939199,0.0,True,1851,
rome,rome:60:329-0-s55:p1,8,12,False,2472,220356,96120,2472,88.14077669902913,37.883495145631066,0.0,24,9,2,0,derived_from_native_gap_count,81,27357,0.0029608509705011513,0.7777777777777778,72,11814,0.006094464195022855,0.0,True,2046,
rome,rome:60:336-0-s227:p0,8,12,False,8030,149946,85670,8030,17.673225404732253,9.668742216687422,0.0,24,9,5,0,derived_from_native_gap_count,302,18117,0.01666942650549208,0.4444444444444444,288,10065,0.028614008941877794,0.0,True,1825,
rome,rome:60:336-0-s227:p1,8,12,False,2880,162990,66506,2880,55.59375,22.09236111111111,0.0,24,10,4,0,derived_from_native_gap_count,93,20130,0.004619970193740686,0.6,79,8052,0.009811227024341779,0.0,True,1988,
rome,rome:60:353-0-s131:p0,8,12,False,10392,177840,27408,10392,16.113163972286372,1.6374133949191685,0.0,24,10,1,0,derived_from_native_gap_count,16,20955,0.000763540921021236,0.9,12,2145,0.005594405594405594,0.0,True,2013,
rome,rome:60:353-0-s219:p0,8,12,False,9420,193236,58632,9420,19.513375796178345,5.224203821656051,0.0,24,11,3,0,derived_from_native_gap_count,148,23199,0.006379585326953748,0.7272727272727273,145,6369,0.022766525357198933,0.0,True,1988,
rome,rome:60:360-0-s126:p0,8,12,False,14280,76332,28020,14280,4.345378151260504,0.9621848739495799,0.0,24,4,1,0,derived_from_native_gap_count,197,8052,0.02446597118728266,0.75,197,2013,0.09786388474913064,0.0,True,1816,
rome,rome:60:366-0-s105:p0,8,12,False,3750,131372,67136,3750,34.03253333333333,16.902933333333333,0.0,24,8,4,0,derived_from_native_gap_count,121,16104,0.007513661202185792,0.5,103,8052,0.012791852955787383,0.0,True,1974,
rome,rome:60:43-1-s109:p0,8,12,False,10224,169368,79344,10224,15.565727699530516,6.76056338028169,0.0,24,9,4,0,derived_from_native_gap_count,312,20361,0.015323412406070429,0.5555555555555556,312,9108,0.034255599472990776,0.0,True,1908,
rome,rome:60:43-1-s80:p0,8,12,False,5190,105948,5190,5190,19.413872832369943,,0.0,24,6,0,0,derived_from_native_gap_count,9,12606,0.0007139457401237506,1.0,,,,,True,2013,
rome,rome:60:45-0-s4:p0,8,12,False,7212,136944,87852,7212,17.988352745424294,11.18136439267887,0.0,24,8,5,0,derived_from_native_gap_count,123,16401,0.0074995427108103165,0.375,122,10263,0.011887362369677482,0.0,True,2001,
rome,rome:60:45-0-s4:p1,8,12,False,408,148920,408,408,364.0,,0.0,24,9,0,0,derived_from_native_gap_count,10,18579,0.0005382421012971634,1.0,,,,,True,2012,
rome,rome:60:46-0-s41:p0,8,12,False,1788,147264,17664,1788,81.36241610738254,8.879194630872483,0.0,24,9,1,0,derived_from_native_gap_count,21,18216,0.001152832674571805,0.8888888888888888,19,2013,0.009438648782911079,0.0,True,1994,
rome,rome:60:46-0-s41:p1,8,12,False,1428,165372,17196,1428,114.80672268907563,11.042016806722689,0.0,24,10,1,0,derived_from_native_gap_count,44,20559,0.002140181915462814,0.9,28,2013,0.013909587680079483,0.0,True,1985,
rome,rome:60:46-0-s49:p0,8,12,False,11352,172224,27324,11352,14.171247357293868,1.4069767441860466,0.0,24,10,1,0,derived_from_native_gap_count,14,20130,0.0006954793840039742,0.9,11,2013,0.00546448087431694,0.0,True,2002,
rome,rome:60:46-0-s56:p0,8,12,False,2352,115872,2352,2352,48.265306122448976,,0.0,24,7,0,0,derived_from_native_gap_count,0,14190,0.0,1.0,,,,,True,2013,
rome,rome:60:46-0-s56:p1,8,12,False,288,128976,288,288,446.8333333333333,,0.0,24,8,0,0,derived_from_native_gap_count,12,16104,0.0007451564828614009,1.0,,,,,True,2006,
rome,rome:60:46-0-s56:p2,8,12,False,1752,114744,17592,1752,64.4931506849315,9.04109589041096,0.0,24,7,1,0,derived_from_native_gap_count,22,14157,0.001554001554001554,0.8571428571428571,22,2013,0.01092896174863388,0.0,True,1991,
rome,rome:60:46-0-s56:p3,8,12,False,660,129480,16572,660,195.1818181818182,24.10909090909091,0.0,24,8,1,0,derived_from_native_gap_count,23,16137,0.0014252959038235113,0.875,16,2013,0.007948335817188276,0.0,True,1997,
rome,rome:60:46-0-s65:p0,8,12,False,14100,94272,29964,14100,5.68595744680851,1.1251063829787233,0.0,24,5,1,0,derived_from_native_gap_count,29,10065,0.00288127173373075,0.8,20,2013,0.009935419771485345,0.0,True,1993,
rome,rome:60:46-0-s89:p0,8,12,False,2040,130620,65904,2040,63.029411764705884,31.305882352941175,0.0,24,8,4,0,derived_from_native_gap_count,87,16203,0.005369376041473801,0.5,68,8085,0.008410636982065553,0.0,True,1985,
rome,rome:60:47-0-s268:p0,8,12,False,4416,129276,74376,4416,28.27445652173913,15.842391304347826,0.0,24,7,4,0,derived_from_native_gap_count,111,15774,0.00703689615823507,0.42857142857142855,110,8910,0.012345679012345678,0.0,True,1982,
rome,rome:60:51-1-s193:p0,8,12,False,17402,65126,32126,17402,2.742443397310654,0.8461096425698196,0.0,24,3,1,0,derived_from_native_gap_count,115,6138,0.018735744542196155,0.6666666666666666,115,2013,0.057128663686040734,0.0,True,1898,
rome,rome:60:53-0-s98:p0,8,12,False,1640,162100,33498,1640,97.84146341463415,19.42560975609756,0.0,24,10,2,0,derived_from_native_gap_count,58,20130,0.00288127173373075,0.8,35,4026,0.008693492300049677,0.0,True,1994,
rome,rome:60:58-0-s2:p0,8,12,False,8112,72720,23976,8112,7.964497041420119,1.955621301775148,0.0,24,4,1,0,derived_from_native_gap_count,28,8118,0.0034491254003449125,0.75,20,2013,0.009935419771485345,0.0,True,1993,
rome,rome:60:58-0-s8:p0,8,12,False,4788,68856,20712,4788,13.380952380952381,3.325814536340852,0.0,24,4,1,0,derived_from_native_gap_count,29,8052,0.003601589667163438,0.75,15,2013,0.007451564828614009,0.0,True,1998,
rome,rome:60:58-1-s27:p0,8,12,False,3340,35408,3340,3340,9.60119760479042,,0.0,24,2,0,0,derived_from_native_gap_count,14,4026,0.003477396920019871,1.0,,,,,True,2005,
rome,rome:60:66-0-s9:p0,8,12,False,10176,141048,10176,10176,12.860849056603774,,0.0,24,8,0,0,derived_from_native_gap_count,6,16368,0.00036656891495601173,1.0,,,,,True,2012,
rome,rome:60:67-1-s1:p0,8,12,False,7776,165564,26316,7776,20.291666666666668,2.384259259259259,0.0,24,9,1,0,derived_from_native_gap_count,29,19767,0.0014670916173420347,0.8888888888888888,17,2343,0.007255655142979087,0.0,True,2010,
rome,rome:60:68-0-s112:p0,8,12,False,540,49036,540,540,89.80740740740741,,0.0,24,3,0,0,derived_from_native_gap_count,8,6072,0.0013175230566534915,1.0,,,,,True,2013,
rome,rome:60:68-0-s234:p0,8,12,False,3640,99824,35458,3640,26.424175824175823,8.741208791208791,0.0,24,6,2,0,derived_from_native_gap_count,44,12078,0.0036429872495446266,0.6666666666666666,39,4026,0.009687034277198211,0.0,True,1986,
rome,rome:60:70-0-s118:p0,8,12,False,5570,103108,54806,5570,17.511310592459605,8.839497307001796,0.0,24,6,3,0,derived_from_native_gap_count,67,12276,0.005457803844900619,0.5,66,6237,0.010582010582010581,0.0,True,1991,
rome,rome:60:70-0-s141:p0,8,12,False,20102,98912,66804,20102,3.9205054223460354,2.3232514177693764,0.0,24,5,3,0,derived_from_native_gap_count,171,10065,0.01698956780923994,0.4,161,6039,0.026660043053485676,0.0,True,1898,
rome,rome:60:70-0-s152:p0,8,12,False,2370,99152,34218,2370,40.836286919831224,13.437974683544304,0.0,24,6,2,0,derived_from_native_gap_count,37,12144,0.003046772068511199,0.6666666666666666,36,4026,0.00894187779433681,0.0,True,1991,
rome,rome:60:70-0-s162:p0,8,12,False,1940,130876,1940,1940,66.46185567010309,,0.0,24,8,0,0,derived_from_native_gap_count,16,16137,0.0009915101939641817,1.0,,,,,True,2006,
rome,rome:60:70-0-s172:p0,8,12,False,3450,131906,51282,3450,37.233623188405794,13.864347826086956,0.0,24,8,3,0,derived_from_native_gap_count,64,16137,0.003966040775856727,0.625,48,6039,0.007948335817188276,0.0,True,1992,
rome,rome:60:70-0-s57:p0,8,12,False,3230,51042,34938,3230,14.802476780185758,9.81671826625387,0.0,24,3,2,0,derived_from_native_gap_count,50,6039,0.008279516476237788,0.3333333333333333,50,4026,0.012419274714356682,0.0,True,1985,
rome,rome:60:70-0-s57:p1,8,12,False,3900,115658,83650,3900,28.655897435897437,20.44871794871795,0.0,24,7,5,0,derived_from_native_gap_count,97,14091,0.0068838265559577035,0.2857142857142857,77,10065,0.007650273224043716,0.0,True,1992,
rome,rome:60:70-0-s57:p2,8,12,False,3460,163350,83120,3460,46.21098265895954,23.023121387283236,0.0,24,10,5,0,derived_from_native_gap_count,115,20130,0.005712866368604074,0.5,86,10065,0.008544461003477397,0.0,True,1988,
rome,rome:60:70-0-s78:p0,8,12,False,3420,131554,83342,3420,37.46608187134503,23.369005847953215,0.0,24,8,5,0,derived_from_native_gap_count,149,16203,0.009195827933098808,0.375,139,10164,0.013675718221172766,0.0,True,1967,
rome,rome:60:72-0-s234:p0,8,12,False,4320,52336,52336,4320,11.114814814814816,11.114814814814816,0.0,24,3,3,0,derived_from_native_gap_count,56,6072,0.00922266139657444,0.0,56,6072,0.00922266139657444,0.0,True,1991,
rome,rome:60:78-0-s44:p0,8,12,False,168,79632,168,168,473.0,,0.0,24,4,0,0,derived_from_native_gap_count,0,9933,0.0,1.0,,,,,True,2013,
rome,rome:60:83-0-s152:p0,8,12,False,1960,97924,49662,1960,48.96122448979592,24.337755102040816,0.0,24,6,3,0,derived_from_native_gap_count,66,12078,0.00546448087431694,0.5,61,6039,0.010101010101010102,0.0,True,1986,
rome,rome:60:83-0-s41:p0,8,12,False,4872,69180,4872,4872,13.199507389162562,,0.0,24,4,0,0,derived_from_native_gap_count,9,8052,0.0011177347242921013,1.0,,,,,True,2009,
rome,rome:60:83-0-s59:p0,8,12,False,6744,116532,116532,6744,16.27935943060498,16.27935943060498,0.0,24,7,7,0,derived_from_native_gap_count,267,14124,0.018903993203058623,0.0,267,14124,0.018903993203058623,0.0,True,1871,
rome,rome:60:83-0-s95:p0,8,12,False,2940,99372,2940,2940,32.8,,0.0,24,6,0,0,derived_from_native_gap_count,16,12078,0.001324722636198046,1.0,,,,,True,2004,
rome,rome:60:83-0-s95:p1,8,12,False,756,81168,756,756,106.36507936507937,,0.0,24,5,0,0,derived_from_native_gap_count,9,10065,0.0008941877794336811,1.0,,,,,True,2008,
rome,rome:60:95-0-s137:p0,8,12,False,2844,151980,2844,2844,52.438818565400844,,0.0,24,9,0,0,derived_from_native_gap_count,2,18645,0.00010726736390453205,1.0,,,,,True,2012,
rome,rome:60:96-0-s156:p0,8,12,False,3612,147408,66852,3612,39.81063122923588,17.508305647840533,0.0,24,9,4,0,derived_from_native_gap_count,139,18183,0.007644503107298026,0.5555555555555556,120,8085,0.014842300556586271,0.0,True,1941,
geolife,010-20080916114237-0,9,5,True,21664,21664,21664,21664,,,0.0,10,0,0,0,none,,,,,,,,,True,,
geolife,010-20080917225654-0,9,5,True,17357,17357,17357,17357,,,0.0,16,0,0,0,none,,,,,,,,,True,,
geolife,010-20080921224934-0,9,5,True,18695,18695,18695,18695,,,0.0,35,0,0,0,none,,,,,,,,,True,,
geolife,010-20080922111517-0,9,5,True,21393,21393,21393,21393,,,0.0,12,0,0,0,none,,,,,,,,,True,,
geolife,010-20080922234926-0,9,5,True,18146,18146,18146,18146,,,0.0,35,0,0,0,none,,,,,,,,,True,,
geolife,010-20080923121817-0,9,5,True,21735,21735,21735,21735,,,0.0,12,0,0,0,none,,,,,,,,,True,,
geolife,010-20080923231456-1,9,5,True,19281,19281,19281,19281,,,0.0,58,0,0,0,none,,,,,,,,,True,,
geolife,010-20080924113459-1,9,5,True,21973,21973,21973,21973,,,0.0,14,0,0,0,none,,,,,,,,,True,,
geolife,010-20080924231334-1,9,5,True,17750,17750,17750,17750,,,0.0,26,0,0,0,none,,,,,,,,,True,,
geolife,010-20080925104204-0,9,5,True,21492,21492,21492,21492,,,0.0,19,0,0,0,none,,,,,,,,,True,,
geolife,010-20080925233430-0,9,5,True,18103,18103,18103,18103,,,0.0,31,0,0,0,none,,,,,,,,,True,,
geolife,010-20080926105402-0,9,5,True,21916,21916,21916,21916,,,0.0,15,0,0,0,none,,,,,,,,,True,,
geolife,010-20080927232235-1,9,5,True,16035,16035,16035,16035,,,0.0,22,0,0,0,none,,,,,,,,,True,,
geolife,010-20081005225112-1,9,5,True,17388,17388,17388,17388,,,0.0,59,0,0,0,none,,,,,,,,,True,,
rome,rome:60:103-0-s96:p0,9,12,False,18646,108428,90311,18646,4.815080982516357,3.843451678644213,0.0,24,5,4,0,derived_from_native_gap_count,110,10098,0.010893246187363835,0.2,110,8085,0.013605442176870748,0.0,True,1955,
rome,rome:60:104-0-s145:p0,9,12,False,2090,209461,44926,2090,99.22057416267943,20.495693779904308,0.0,24,10,2,0,derived_from_native_gap_count,142,23199,0.006120953489374542,0.8,112,4884,0.02293202293202293,0.0,True,2004,
rome,rome:60:105-0-s77:p0,9,12,False,360,150807,360,360,417.90833333333336,,0.0,24,8,0,0,derived_from_native_gap_count,11,16731,0.0006574621959237344,1.0,,,,,True,2005,
rome,rome:60:109-0-s11:p0,9,12,False,10248,100617,28173,10248,8.81820843091335,1.7491217798594847,0.0,24,5,1,0,derived_from_native_gap_count,18,10065,0.0017883755588673621,0.8,16,2013,0.007948335817188276,0.0,True,1997,
rome,rome:60:109-0-s11:p1,9,12,False,2208,129096,20157,2208,57.46739130434783,8.129076086956522,0.0,24,7,1,0,derived_from_native_gap_count,19,14124,0.0013452279807419994,0.8571428571428571,14,2013,0.006954793840039742,0.0,True,1999,
rome,rome:60:109-0-s188:p0,9,12,False,11874,118233,63585,11874,8.957301667508842,4.354977261243052,0.0,24,6,3,0,derived_from_native_gap_count,264,12111,0.021798365122615803,0.5,264,6039,0.04371584699453552,0.0,True,1831,
rome,rome:60:109-0-s188:p1,9,12,False,2300,110859,38164,2300,47.1995652173913,15.593043478260869,0.0,24,6,2,0,derived_from_native_gap_count,44,12111,0.0036330608537693005,0.6666666666666666,37,4026,0.009190263288623945,0.0,True,1994,
rome,rome:60:109-0-s32:p0,9,12,False,15742,141121,86940,15742,7.964616948291195,4.522805234404777,0.0,24,7,4,0,derived_from_native_gap_count,144,14091,0.010219288907813498,0.42857142857142855,127,8052,0.015772478887232984,0.0,True,1964,
rome,rome:60:109-0-s40:p0,9,12,False,28662,117945,81783,28662,3.115030353778522,1.8533598492777894,0.0,24,5,3,0,derived_from_native_gap_count,129,10065,0.012816691505216096,0.4,123,6039,0.02036761053154496,0.0,True,1934,
rome,rome:60:109-0-s42:p0,9,12,False,26936,149143,131026,26936,4.536939411939412,3.8643451143451144,0.0,24,7,6,0,derived_from_native_gap_count,490,14157,0.034611852793670975,0.14285714285714285,490,12144,0.040349143610013176,0.0,True,1860,
rome,rome:60:11-0-s11:p0,9,12,False,3040,76456,20987,3040,24.15,5.903618421052632,0.0,24,4,1,0,derived_from_native_gap_count,24,8184,0.002932551319648094,0.75,17,2013,0.008445106805762544,0.0,True,1996,
rome,rome:60:11-0-s11:p1,9,12,False,1370,149113,56826,1370,107.84160583941606,40.47883211678832,0.0,24,8,3,0,derived_from_native_gap_count,46,16467,0.0027934657193174227,0.625,38,6204,0.0061250805931656995,0.0,True,2008,
rome,rome:60:11-0-s11:p2,9,12,False,2840,112591,93880,2840,38.64471830985916,32.056338028169016,0.0,24,6,5,0,derived_from_native_gap_count,103,12309,0.008367860914777805,0.16666666666666666,103,10230,0.010068426197458456,0.0,True,1981,
rome,rome:60:11-0-s136:p0,9,12,False,5740,194580,63022,5740,32.89895470383275,9.979442508710802,0.0,24,10,3,0,derived_from_native_gap_count,124,21120,0.005871212121212121,0.7,93,6468,0.01437847866419295,0.0,True,1966,
rome,rome:60:11-0-s186:p0,9,12,False,5680,208166,168685,5680,35.64894366197183,28.698063380281692,0.0,24,10,8,0,derived_from_native_gap_count,185,22704,0.008148343904157857,0.2,183,18315,0.009991809991809993,0.0,True,2005,
rome,rome:60:11-0-s84:p0,9,12,False,3060,57725,39608,3060,17.86437908496732,11.943790849673203,0.0,24,3,2,0,derived_from_native_gap_count,28,6105,0.004586404586404586,0.3333333333333333,28,4092,0.006842619745845552,0.0,True,1997,
rome,rome:60:124-1-s99:p0,9,12,False,1540,217156,63807,1540,140.0103896103896,40.43311688311688,0.0,24,11,3,0,derived_from_native_gap_count,60,24024,0.0024975024975024975,0.7272727272727273,40,6963,0.0057446502944133275,0.0,True,2013,
rome,rome:60:127-0-s273:p0,9,12,False,15504,51702,15504,15504,2.334752321981424,,0.0,24,2,0,0,derived_from_native_gap_count,3,4026,0.0007451564828614009,1.0,,,,,True,2010,
rome,rome:60:128-0-s16:p0,9,12,False,690,93284,690,690,134.1942028985507,,0.0,24,5,0,0,derived_from_native_gap_count,7,10296,0.0006798756798756799,1.0,,,,,True,2007,
rome,rome:60:128-0-s16:p1,9,12,False,1520,91735,37394,1520,59.35197368421053,23.601315789473684,0.0,24,5,2,0,derived_from_native_gap_count,37,10065,0.0036761053154495777,0.6,36,4026,0.00894187779433681,0.0,True,1989,
rome,rome:60:128-0-s65:p0,9,12,False,1704,91437,37254,1704,52.66021126760563,20.862676056338028,0.0,24,5,2,0,derived_from_native_gap_count,71,10065,0.007054148037754595,0.6,57,4026,0.014157973174366617,0.0,True,1981,
rome,rome:60:128-0-s82:p0,9,12,False,21024,108510,72027,21024,4.161244292237443,2.4259417808219177,0.0,24,5,3,0,derived_from_native_gap_count,283,10098,0.02802535155476332,0.4,279,6039,0.046199701937406856,0.0,True,1876,
rome,rome:60:128-0-s82:p1,9,12,False,2592,110883,56295,2592,41.77893518518518,20.71875,0.0,24,6,3,0,derived_from_native_gap_count,59,12111,0.004871604326645199,0.5,54,6039,0.00894187779433681,0.0,True,1985,
rome,rome:60:128-0-s82:p2,9,12,False,612,54963,612,612,88.80882352941177,,0.0,24,3,0,0,derived_from_native_gap_count,0,6039,0.0,1.0,,,,,True,2013,
rome,rome:60:134-0-s99:p0,9,12,False,1908,110355,19629,1908,56.838050314465406,9.287735849056604,0.0,24,6,1,0,derived_from_native_gap_count,46,12111,0.003798199983486087,0.8333333333333334,33,2013,0.01639344262295082,0.0,True,1980,
rome,rome:60:137-0-s71:p0,9,12,False,10974,171607,117336,10974,14.637597958811737,9.69218151995626,0.0,24,9,6,0,derived_from_native_gap_count,242,18117,0.013357619914996965,0.3333333333333333,234,12078,0.019374068554396422,0.0,True,1877,
rome,rome:60:137-0-s71:p1,9,12,False,1330,146153,37254,1330,108.88947368421053,27.010526315789473,0.0,24,8,2,0,derived_from_native_gap_count,41,16137,0.0025407448720332158,0.75,31,4026,0.007699950322901143,0.0,True,1993,
rome,rome:60:137-0-s71:p2,9,12,False,2580,92855,20497,2580,34.99031007751938,6.944573643410853,0.0,24,5,1,0,derived_from_native_gap_count,31,10065,0.003079980129160457,0.8,20,2013,0.009935419771485345,0.0,True,1993,
rome,rome:60:140-0-s121:p0,9,12,False,2364,207408,73521,2364,86.73604060913705,30.1002538071066,0.0,24,11,4,0,derived_from_native_gap_count,139,22968,0.006051898293277604,0.6363636363636364,134,8085,0.016573902288188003,0.0,True,1926,
rome,rome:60:140-0-s121:p1,9,12,False,768,183042,768,768,237.3359375,,0.0,24,10,0,0,derived_from_native_gap_count,7,20262,0.00034547428684236504,1.0,,,,,True,2006,
rome,rome:60:149-0-s182:p0,9,12,False,9940,122044,46973,9940,11.278068410462776,3.7256539235412474,0.0,24,6,2,0,derived_from_native_gap_count,135,12606,0.010709186101856259,0.6666666666666666,128,4257,0.030068123091378907,0.0,True,1899,
rome,rome:60:149-0-s21:p0,9,12,False,1300,168511,1300,1300,128.62384615384616,,0.0,24,9,0,0,derived_from_native_gap_count,0,18579,0.0,1.0,,,,,True,2046,
rome,rome:60:149-0-s21:p1,9,12,False,110,184844,110,110,1679.4,,0.0,24,10,0,0,derived_from_native_gap_count,0,20526,0.0,1.0,,,,,True,2013,
rome,rome:60:149-0-s21:p2,9,12,False,160,147769,160,160,922.55625,,0.0,24,8,0,0,derived_from_native_gap_count,0,16401,0.0,1.0,,,,,True,2013,
rome,rome:60:149-0-s21:p3,9,12,False,750,166483,750,750,220.97733333333332,,0.0,24,9,0,0,derived_from_native_gap_count,29,18447,0.0015720713395132,1.0,,,,,True,2005,
rome,rome:60:150-0-s108:p0,9,12,False,2380,169054,20367,2380,70.03109243697479,7.557563025210084,0.0,24,9,1,0,derived_from_native_gap_count,24,18546,0.0012940795858945326,0.8888888888888888,13,2013,0.006458022851465474,0.0,True,2000,
rome,rome:60:153-0-s12:p0,9,12,False,912,91413,912,912,99.23355263157895,,0.0,24,5,0,0,derived_from_native_gap_count,7,10065,0.0006954793840039742,1.0,,,,,True,2006,
rome,rome:60:153-0-s12:p1,9,12,False,1200,128316,1200,1200,105.93,,0.0,24,7,0,0,derived_from_native_gap_count,0,14124,0.0,1.0,,,,,True,2013,
rome,rome:60:153-0-s15:p0,9,12,False,1476,93117,1476,1476,62.08739837398374,,0.0,24,5,0,0,derived_from_native_gap_count,11,10197,0.0010787486515641855,1.0,,,,,True,2005,
rome,rome:60:153-0-s15:p1,9,12,False,4128,165477,111174,4128,39.08648255813954,25.93168604651163,0.0,24,9,6,0,derived_from_native_gap_count,142,18117,0.007837942264171772,0.3333333333333333,138,12078,0.011425732737208148,0.0,True,1981,
rome,rome:60:153-0-s15:p2,9,12,False,8028,167589,131511,8028,19.87556053811659,15.381539611360239,0.0,24,9,7,0,derived_from_native_gap_count,291,18117,0.016062261963901307,0.2222222222222222,278,14091,0.019728904974806616,0.0,True,1929,
rome,rome:60:153-0-s214:p0,9,12,False,7060,61488,43074,7060,7.709348441926346,5.101133144475921,0.0,24,3,2,0,derived_from_native_gap_count,22,6072,0.0036231884057971015,0.3333333333333333,22,4026,0.00546448087431694,0.0,True,2002,
rome,rome:60:155-0-s239:p0,9,12,False,2360,167383,75820,2360,69.925,31.127118644067796,0.0,24,9,4,0,derived_from_native_gap_count,100,18447,0.005420935653493793,0.5555555555555556,79,8250,0.009575757575757576,0.0,True,1997,
rome,rome:60:155-0-s253:p0,9,12,False,4740,152750,40694,4740,31.22573839662447,7.585232067510549,0.0,24,8,2,0,derived_from_native_gap_count,49,16500,0.00296969696969697,0.75,28,4026,0.006954793840039742,0.0,True,1998,
rome,rome:60:155-0-s266:p0,9,12,False,5140,192588,41695,5140,36.46848249027237,7.111867704280155,0.0,24,10,2,0,derived_from_native_gap_count,85,20922,0.004062709110027722,0.8,57,4125,0.013818181818181818,0.0,True,2008,
rome,rome:60:156-0-s76:p0,9,12,False,18972,127626,18972,18972,5.727071473750791,,0.0,24,6,0,0,derived_from_native_gap_count,4,12078,0.0003311806590495115,1.0,,,,,True,2011,
rome,rome:60:157-0-s98:p0,9,12,False,1896,208707,37791,1896,109.07753164556962,18.931962025316455,0.0,24,11,2,0,derived_from_native_gap_count,66,23067,0.002861230329041488,0.8181818181818182,53,4059,0.013057403301305741,0.0,True,1980,
rome,rome:60:162-0-s40:p0,9,12,False,13124,85823,66815,13124,5.539393477598293,4.091054556537641,0.0,24,4,3,0,derived_from_native_gap_count,55,8151,0.006747638326585695,0.25,55,6039,0.009107468123861567,0.0,True,1989,
rome,rome:60:162-0-s40:p1,9,12,False,3840,140241,100920,3840,35.52109375,25.28125,0.0,24,7,5,0,derived_from_native_gap_count,142,15345,0.009253828608667318,0.2857142857142857,127,10956,0.011591821832785688,0.0,True,1985,
rome,rome:60:163-0-s105:p0,9,12,False,11076,83337,28905,11076,6.524106175514627,1.6096966413867821,0.0,24,4,1,0,derived_from_native_gap_count,42,8085,0.005194805194805195,0.75,24,2013,0.011922503725782414,0.0,True,1989,
rome,rome:60:167-0-s26:p0,9,12,False,7368,115326,60975,7368,14.65228013029316,7.275651465798045,0.0,24,6,3,0,derived_from_native_gap_count,62,12078,0.005133300215267428,0.5,62,6039,0.010266600430534857,0.0,True,1988,
rome,rome:60:167-0-s73:p0,9,12,False,4632,112818,40350,4632,23.35621761658031,7.711139896373057,0.0,24,6,2,0,derived_from_native_gap_count,43,12078,0.0035601920847822487,0.6666666666666666,43,4026,0.010680576254346746,0.0,True,1985,
rome,rome:60:172-0-s6:p0,9,12,False,200,116921,200,200,583.605,,0.0,24,6,0,0,derived_from_native_gap_count,0,12969,0.0,1.0,,,,,True,2013,
rome,rome:60:178-0-s37:p0,9,12,False,768,111252,768,768,143.859375,,0.0,24,6,0,0,derived_from_native_gap_count,0,12276,0.0,1.0,,,,,True,2013,
rome,rome:60:178-1-s43:p0,9,12,False,13040,103499,48923,13040,6.937039877300614,2.7517638036809817,0.0,24,5,2,0,derived_from_native_gap_count,60,10131,0.005922416345869114,0.6,54,4059,0.013303769401330377,0.0,True,1990,
rome,rome:60:185-0-s124:p0,9,12,False,880,39020,20606,880,43.34090909090909,22.41590909090909,0.0,24,2,1,0,derived_from_native_gap_count,47,4290,0.010955710955710955,0.5,47,2244,0.02094474153297683,0.0,True,2046,
rome,rome:60:185-0-s150:p0,9,12,False,12626,87026,30527,12626,5.892602566133376,1.417788690004752,0.0,24,4,1,0,derived_from_native_gap_count,37,8316,0.004449254449254449,0.75,18,2013,0.00894187779433681,0.0,True,1995,
rome,rome:60:193-0-s204:p0,9,12,False,80,54431,80,80,679.3875,,0.0,24,3,0,0,derived_from_native_gap_count,0,6039,0.0,1.0,,,,,True,2013,
rome,rome:60:213-0-s41:p0,9,12,False,4608,131187,4608,4608,27.469401041666668,,0.0,24,7,0,0,derived_from_native_gap_count,20,14091,0.0014193456816407636,1.0,,,,,True,2004,
rome,rome:60:213-0-s41:p1,9,12,False,3024,110946,56835,3024,35.68849206349206,17.794642857142858,0.0,24,6,3,0,derived_from_native_gap_count,65,12078,0.0053816857095545624,0.5,45,6039,0.007451564828614009,0.0,True,1995,
rome,rome:60:213-0-s66:p0,9,12,False,8904,102114,8904,8904,10.46832884097035,,0.0,24,5,0,0,derived_from_native_gap_count,4,10362,0.0003860258637328701,1.0,,,,,True,2011,
rome,rome:60:214-0-s203:p0,9,12,False,10332,106944,30984,10332,9.35075493612079,1.9988385598141696,0.0,24,5,1,0,derived_from_native_gap_count,67,10824,0.006189948263118995,0.8,61,2376,0.025673400673400674,0.0,True,2007,
rome,rome:60:214-0-s203:p1,9,12,False,7512,153327,7512,7512,19.41094249201278,,0.0,24,8,0,0,derived_from_native_gap_count,1,16203,6.171696599395174e-05,1.0,,,,,True,2012,
rome,rome:60:214-0-s220:p0,9,12,False,10464,46698,10464,10464,3.4627293577981653,,0.0,24,2,0,0,derived_from_native_gap_count,0,4026,0.0,1.0,,,,,True,2013,
rome,rome:60:229-0-s172:p0,9,12,False,8304,201160,164699,8304,23.22447013487476,18.833694605009633,0.0,24,10,8,0,derived_from_native_gap_count,343,21846,0.015700814794470382,0.2,336,17787,0.018890200708382526,0.0,True,1987,
rome,rome:60:234-0-s260:p0,9,12,False,9876,135682,99528,9876,12.738558120696638,9.077764277035238,0.0,24,7,5,0,derived_from_native_gap_count,131,14124,0.009274992919852733,0.2857142857142857,123,10098,0.01218062982768865,0.0,True,1980,
rome,rome:60:24-0-s158:p0,9,12,False,1932,184866,37806,1932,94.6863354037267,18.56832298136646,0.0,24,10,2,0,derived_from_native_gap_count,51,20394,0.0025007355104442485,0.8,30,4026,0.007451564828614009,0.0,True,1994,
rome,rome:60:24-0-s158:p1,9,12,False,4044,207639,127368,4044,50.34495548961424,30.495548961424333,0.0,24,10,6,0,derived_from_native_gap_count,136,22803,0.00596412752707977,0.4,118,13860,0.008513708513708513,0.0,True,1989,
rome,rome:60:24-0-s158:p2,9,12,False,1596,204903,42471,1596,127.38533834586467,25.610902255639097,0.0,24,10,2,0,derived_from_native_gap_count,61,22671,0.0026906620793083675,0.8,34,4587,0.007412252016568564,0.0,True,2012,
rome,rome:60:24-0-s158:p3,9,12,False,4128,131325,75513,4128,30.813226744186046,17.292877906976745,0.0,24,7,4,0,derived_from_native_gap_count,117,14289,0.008188116733151375,0.42857142857142855,115,8085,0.01422387136672851,0.0,True,1977,
rome,rome:60:24-0-s50:p0,9,12,False,9448,225951,171343,9448,22.91522015241321,17.135372565622355,0.0,24,12,9,0,derived_from_native_gap_count,298,24387,0.01221962521015295,0.25,294,18315,0.016052416052416054,0.0,True,1932,
rome,rome:60:24-0-s50:p1,9,12,False,2720,230654,100364,2720,83.79926470588235,35.898529411764706,0.0,24,12,5,0,derived_from_native_gap_count,135,25476,0.0052991050400376825,0.5833333333333334,96,10956,0.008762322015334063,0.0,True,1986,
rome,rome:60:24-0-s50:p2,9,12,False,770,238437,22915,770,308.65844155844155,28.75974025974026,0.0,24,12,1,0,derived_from_native_gap_count,23,26433,0.0008701244656300836,0.9166666666666666,13,2475,0.0052525252525252525,0.0,True,2046,
rome,rome:60:24-0-s50:p3,9,12,False,1350,171475,37898,1350,126.01851851851852,27.072592592592592,0.0,24,9,2,0,derived_from_native_gap_count,65,18975,0.0034255599472990776,0.7777777777777778,28,4092,0.006842619745845552,0.0,True,2000,
rome,rome:60:24-0-s50:p4,9,12,False,2260,208893,90967,2260,91.43053097345133,39.25088495575221,0.0,24,10,4,0,derived_from_native_gap_count,97,23067,0.004205141544197338,0.6,69,9933,0.00694654183026276,0.0,True,2009,
rome,rome:60:243-0-s57:p0,9,12,False,5340,23457,5340,5340,3.392696629213483,,0.0,24,1,0,0,derived_from_native_gap_count,0,2013,0.0,1.0,,,,,True,2013,
rome,rome:60:243-0-s91:p0,9,12,False,8116,26233,8116,8116,2.2322572695909315,,0.0,24,1,0,0,derived_from_native_gap_count,0,2013,0.0,1.0,,,,,True,2013,
rome,rome:60:243-0-s91:p1,9,12,False,2430,74885,38681,2430,29.81687242798354,14.918106995884774,0.0,24,4,2,0,derived_from_native_gap_count,31,8085,0.00383426097711812,0.5,28,4059,0.006898250800689825,0.0,True,1998,
rome,rome:60:243-0-s94:p0,9,12,False,8756,63134,26713,8756,6.210370031978072,2.0508222932846047,0.0,24,3,1,0,derived_from_native_gap_count,27,6072,0.004446640316205534,0.6666666666666666,16,2013,0.007948335817188276,0.0,True,1997,
rome,rome:60:249-0-s139:p0,9,12,False,29036,115769,61526,29036,2.9870849979335996,1.1189557790329245,0.0,24,5,2,0,derived_from_native_gap_count,321,10065,0.03189269746646796,0.6,312,4026,0.07749627421758569,0.0,True,1830,
rome,rome:60:254-0-s329:p0,9,12,False,7670,151357,82009,7670,18.733637548891785,9.692177314211213,0.0,24,7,4,0,derived_from_native_gap_count,214,16203,0.013207430722705672,0.42857142857142855,199,8481,0.023464214125692724,0.0,True,1904,
rome,rome:60:256-0-s375:p0,9,12,False,8940,98526,44259,8940,10.020805369127517,3.950671140939597,0.0,24,5,2,0,derived_from_native_gap_count,108,10098,0.0106951871657754,0.6,101,4059,0.024882976102488297,0.0,True,1966,
rome,rome:60:257-0-s123:p0,9,12,False,7824,115842,25377,7824,13.805981595092025,2.2434815950920246,0.0,24,6,1,0,derived_from_native_gap_count,57,12078,0.004719324391455539,0.8333333333333334,47,2013,0.02334823646299056,0.0,True,1966,
rome,rome:60:257-0-s123:p1,9,12,False,15648,197373,86724,15648,11.613305214723926,4.54217791411043,0.0,24,9,4,0,derived_from_native_gap_count,127,20361,0.006237414665291489,0.5555555555555556,116,8052,0.014406358668653751,0.0,True,1982,
rome,rome:60:260-0-s115:p0,9,12,False,26718,187828,96382,26718,6.03001721685755,2.6073807919754475,0.0,24,9,4,0,derived_from_native_gap_count,370,18348,0.020165685633311534,0.5555555555555556,367,8184,0.0448435972629521,0.0,True,1866,
rome,rome:60:260-0-s14:p0,9,12,False,5412,93777,21393,5412,16.32760532150776,2.9528824833702885,0.0,24,5,1,0,derived_from_native_gap_count,185,10065,0.01838052657724789,0.8,178,2013,0.08842523596621957,0.0,True,1835,
rome,rome:60:268-0-s46:p0,9,12,False,9360,100218,9360,9360,9.707051282051282,,0.0,24,5,0,0,derived_from_native_gap_count,2,10098,0.00019805902158843335,1.0,,,,,True,2011,
rome,rome:60:275-0-s235:p0,9,12,False,7980,25758,25758,7980,2.2278195488721804,2.2278195488721804,0.0,24,1,1,0,derived_from_native_gap_count,53,2046,0.025904203323558164,0.0,53,2046,0.025904203323558164,0.0,True,1993,
rome,rome:60:275-0-s290:p0,9,12,False,4500,22329,22329,4500,3.962,3.962,0.0,24,1,1,0,derived_from_native_gap_count,24,2013,0.011922503725782414,0.0,24,2013,0.011922503725782414,0.0,True,1989,
rome,rome:60:275-0-s376:p0,9,12,False,23030,77039,77039,23030,2.3451584889274857,2.3451584889274857,0.0,24,3,3,0,derived_from_native_gap_count,78,6105,0.012776412776412777,0.0,78,6105,0.012776412776412777,0.0,True,1976,
rome,rome:60:289-0-s12:p0,9,12,False,10680,137835,119421,10680,11.905898876404494,10.181741573033708,0.0,24,7,6,0,derived_from_native_gap_count,170,14355,0.011842563566701497,0.14285714285714285,170,12309,0.01381103257778861,0.0,True,1987,
rome,rome:60:289-0-s30:p0,9,12,False,5280,166809,148812,5280,30.592613636363637,27.18409090909091,0.0,24,9,8,0,derived_from_native_gap_count,127,18117,0.007009990616547994,0.1111111111111111,117,16104,0.007265275707898659,0.0,True,1995,
rome,rome:60:289-0-s77:p0,9,12,False,14484,141027,122910,14484,8.736743993371997,7.485915492957746,0.0,24,7,6,0,derived_from_native_gap_count,122,14223,0.008577655909442452,0.14285714285714285,122,12210,0.009991809991809993,0.0,True,1985,
rome,rome:60:289-0-s94:p0,9,12,False,20172,143808,71067,20172,6.12908982748364,2.523051754907793,0.0,24,7,3,0,derived_from_native_gap_count,290,14124,0.020532427074483148,0.5714285714285714,288,6039,0.04769001490312966,0.0,True,1817,
rome,rome:60:290-0-s103:p0,9,12,False,23776,77791,41557,23776,2.271828734858681,0.7478549798115747,0.0,24,3,1,0,derived_from_native_gap_count,28,6039,0.004636529226693161,0.6666666666666666,28,2013,0.013909587680079483,0.0,True,1985,
rome,rome:60:290-0-s103:p1,9,12,False,2052,74208,19857,2052,35.16374269005848,8.676900584795321,0.0,24,4,1,0,derived_from_native_gap_count,26,8052,0.003229011425732737,0.75,26,2013,0.012916045702930949,0.0,True,1987,
rome,rome:60:290-0-s119:p0,9,12,False,2556,75021,20754,2556,28.350938967136152,7.119718309859155,0.0,24,4,1,0,derived_from_native_gap_count,25,8085,0.0030921459492888066,0.75,18,2046,0.008797653958944282,0.0,True,2006,
rome,rome:60:290-0-s34:p0,9,12,False,2940,110730,56583,2940,36.66326530612245,18.24591836734694,0.0,24,6,3,0,derived_from_native_gap_count,76,12078,0.006292432521940719,0.5,59,6039,0.00976982944196059,0.0,True,1985,
rome,rome:60:290-0-s36:p0,9,12,False,3036,131829,95679,3036,42.42193675889328,30.51482213438735,0.0,24,7,5,0,derived_from_native_gap_count,83,14421,0.00575549545801262,0.2857142857142857,76,10395,0.007311207311207311,0.0,True,1991,
rome,rome:60:290-0-s36:p1,9,12,False,4776,40923,22914,4776,7.568467336683417,3.7977386934673367,0.0,24,2,1,0,derived_from_native_gap_count,32,4059,0.007883715200788372,0.5,23,2046,0.011241446725317693,0.0,True,2004,
rome,rome:60:290-0-s36:p2,9,12,False,5712,131589,113472,5712,22.037289915966387,18.865546218487395,0.0,24,7,6,0,derived_from_native_gap_count,128,14157,0.009041463586918132,0.14285714285714285,128,12144,0.010540184453227932,0.0,True,1979,
rome,rome:60:293-0-s42:p0,9,12,False,5340,94857,40506,5340,16.763483146067415,6.585393258426966,0.0,24,5,2,0,derived_from_native_gap_count,89,10065,0.008842523596621958,0.6,89,4026,0.022106308991554892,0.0,True,1950,
rome,rome:60:297-1-s52:p0,9,12,False,7104,248706,167937,7104,34.00929054054054,22.639780405405407,0.0,24,12,8,0,derived_from_native_gap_count,211,27126,0.0077785150777851505,0.3333333333333333,185,18117,0.010211403654026605,0.0,True,2016,
rome,rome:60:297-1-s52:p1,9,12,False,4896,208440,149838,4896,41.5735294117647,29.604166666666668,0.0,24,10,7,0,derived_from_native_gap_count,165,22836,0.0072254335260115606,0.3,148,16302,0.009078640657588026,0.0,True,2004,
rome,rome:60:306-0-s25:p0,9,12,False,31620,151068,151068,31620,3.777609108159393,3.777609108159393,0.0,24,7,7,0,derived_from_native_gap_count,639,14124,0.04524214103653356,0.0,639,14124,0.04524214103653356,0.0,True,1823,
rome,rome:60:306-0-s68:p0,9,12,False,16956,119352,119352,16956,6.0389242745930645,6.0389242745930645,0.0,24,6,6,0,derived_from_native_gap_count,575,12144,0.04734848484848485,0.0,575,12144,0.04734848484848485,0.0,True,1845,
rome,rome:60:309-0-s267:p0,9,12,False,6000,168462,95817,6000,27.077,14.9695,0.0,24,9,5,0,derived_from_native_gap_count,74,18150,0.004077134986225896,0.4444444444444444,64,10065,0.006358668653750621,0.0,True,1996,
rome,rome:60:309-0-s61:p0,9,12,False,3024,21141,3024,3024,5.991071428571429,,0.0,24,1,0,0,derived_from_native_gap_count,0,2013,0.0,1.0,,,,,True,2013,
rome,rome:60:309-0-s61:p1,9,12,False,3696,75336,75336,3696,19.383116883116884,19.383116883116884,0.0,24,4,4,0,derived_from_native_gap_count,69,8052,0.00856929955290611,0.0,69,8052,0.00856929955290611,0.0,True,1990,
rome,rome:60:326-0-s63:p0,9,12,False,17772,196158,160044,17772,10.037474679270764,8.00540175557056,0.0,24,10,8,0,derived_from_native_gap_count,232,20130,0.011525086934923,0.2,222,16104,0.013785394932935917,0.0,True,1954,
rome,rome:60:326-0-s63:p1,9,12,False,10296,99789,99789,10296,8.692016317016318,8.692016317016318,0.0,24,5,5,0,derived_from_native_gap_count,91,10065,0.009041231992051665,0.0,91,10065,0.009041231992051665,0.0,True,1989,
rome,rome:60:326-0-s82:p0,9,12,False,588,181467,18189,588,307.6173469387755,29.933673469387756,0.0,24,10,1,0,derived_from_native_gap_count,49,20163,0.0024301939195556215,0.9,43,2013,0.02136115250869349,0.0,True,1970,
rome,rome:60:329-0-s52:p0,9,12,False,3324,209379,97899,3324,61.99007220216607,28.45216606498195,0.0,24,11,5,0,derived_from_native_gap_count,129,23067,0.005592404734035636,0.5454545454545454,113,10659,0.01060136973449667,0.0,True,1972,
rome,rome:60:329-0-s55:p0,9,12,False,16128,181905,105363,16128,10.278831845238095,5.532924107142857,0.0,24,9,5,0,derived_from_native_gap_count,268,18777,0.014272780529371039,0.4444444444444444,261,10263,0.02543116047939199,0.0,True,1851,
rome,rome:60:329-0-s55:p1,9,12,False,2472,247713,107934,2472,99.20752427184466,42.6626213592233,0.0,24,9,2,0,derived_from_native_gap_count,81,27357,0.0029608509705011513,0.7777777777777778,72,11814,0.006094464195022855,0.0,True,2046,
rome,rome:60:336-0-s227:p0,9,12,False,8030,168063,95735,8030,19.929389788293896,10.922166874221668,0.0,24,9,5,0,derived_from_native_gap_count,302,18117,0.01666942650549208,0.4444444444444444,288,10065,0.028614008941877794,0.0,True,1825,
rome,rome:60:336-0-s227:p1,9,12,False,2880,183120,74558,2880,62.583333333333336,24.888194444444444,0.0,24,10,4,0,derived_from_native_gap_count,93,20130,0.004619970193740686,0.6,79,8052,0.009811227024341779,0.0,True,1988,
rome,rome:60:353-0-s131:p0,9,12,False,10392,198795,29553,10392,18.12961893764434,1.8438221709006928,0.0,24,10,1,0,derived_from_native_gap_count,16,20955,0.000763540921021236,0.9,12,2145,0.005594405594405594,0.0,True,2013,
rome,rome:60:353-0-s219:p0,9,12,False,9420,216435,65001,9420,21.976114649681527,5.90031847133758,0.0,24,11,3,0,derived_from_native_gap_count,148,23199,0.006379585326953748,0.7272727272727273,145,6369,0.022766525357198933,0.0,True,1988,
rome,rome:60:360-0-s126:p0,9,12,False,14280,84384,30033,14280,4.909243697478992,1.1031512605042018,0.0,24,4,1,0,derived_from_native_gap_count,197,8052,0.02446597118728266,0.75,197,2013,0.09786388474913064,0.0,True,1816,
rome,rome:60:366-0-s105:p0,9,12,False,3750,147476,75188,3750,38.326933333333336,19.050133333333335,0.0,24,8,4,0,derived_from_native_gap_count,121,16104,0.007513661202185792,0.5,103,8052,0.012791852955787383,0.0,True,1974,
rome,rome:60:43-1-s109:p0,9,12,False,10224,189729,88452,10224,17.557218309859156,7.651408450704225,0.0,24,9,4,0,derived_from_native_gap_count,312,20361,0.015323412406070429,0.5555555555555556,312,9108,0.034255599472990776,0.0,True,1908,
rome,rome:60:43-1-s80:p0,9,12,False,5190,118554,5190,5190,21.842774566473988,,0.0,24,6,0,0,derived_from_native_gap_count,9,12606,0.0007139457401237506,1.0,,,,,True,2013,
rome,rome:60:45-0-s4:p0,9,12,False,7212,153345,98115,7212,20.262479201331114,12.604409317803661,0.0,24,8,5,0,derived_from_native_gap_count,123,16401,0.0074995427108103165,0.375,122,10263,0.011887362369677482,0.0,True,2001,
rome,rome:60:45-0-s4:p1,9,12,False,408,167499,408,408,409.5367647058824,,0.0,24,9,0,0,derived_from_native_gap_count,10,18579,0.0005382421012971634,1.0,,,,,True,2012,
rome,rome:60:46-0-s41:p0,9,12,False,1788,165480,19677,1788,91.5503355704698,10.00503355704698,0.0,24,9,1,0,derived_from_native_gap_count,21,18216,0.001152832674571805,0.8888888888888888,19,2013,0.009438648782911079,0.0,True,1994,
rome,rome:60:46-0-s41:p1,9,12,False,1428,185931,19209,1428,129.20378151260505,12.451680672268907,0.0,24,10,1,0,derived_from_native_gap_count,44,20559,0.002140181915462814,0.9,28,2013,0.013909587680079483,0.0,True,1985,
rome,rome:60:46-0-s49:p0,9,12,False,11352,192354,29337,11352,15.944503171247357,1.5843023255813953,0.0,24,10,1,0,derived_from_native_gap_count,14,20130,0.0006954793840039742,0.9,11,2013,0.00546448087431694,0.0,True,2002,
rome,rome:60:46-0-s56:p0,9,12,False,2352,130062,2352,2352,54.298469387755105,,0.0,24,7,0,0,derived_from_native_gap_count,0,14190,0.0,1.0,,,,,True,2013,
rome,rome:60:46-0-s56:p1,9,12,False,288,145080,288,288,502.75,,0.0,24,8,0,0,derived_from_native_gap_count,12,16104,0.0007451564828614009,1.0,,,,,True,2006,
rome,rome:60:46-0-s56:p2,9,12,False,1752,128901,19605,1752,72.5736301369863,10.190068493150685,0.0,24,7,1,0,derived_from_native_gap_count,22,14157,0.001554001554001554,0.8571428571428571,22,2013,0.01092896174863388,0.0,True,1991,
rome,rome:60:46-0-s56:p3,9,12,False,660,145617,18585,660,219.63181818181818,27.15909090909091,0.0,24,8,1,0,derived_from_native_gap_count,23,16137,0.0014252959038235113,0.875,16,2013,0.007948335817188276,0.0,True,1997,
rome,rome:60:46-0-s65:p0,9,12,False,14100,104337,31977,14100,6.399787234042553,1.2678723404255319,0.0,24,5,1,0,derived_from_native_gap_count,29,10065,0.00288127173373075,0.8,20,2013,0.009935419771485345,0.0,True,1993,
rome,rome:60:46-0-s89:p0,9,12,False,2040,146823,73989,2040,70.97205882352941,35.26911764705882,0.0,24,8,4,0,derived_from_native_gap_count,87,16203,0.005369376041473801,0.5,68,8085,0.008410636982065553,0.0,True,1985,
rome,rome:60:47-0-s268:p0,9,12,False,4416,145050,83286,4416,31.846467391304348,17.860054347826086,0.0,24,7,4,0,derived_from_native_gap_count,111,15774,0.00703689615823507,0.42857142857142855,110,8910,0.012345679012345678,0.0,True,1982,
rome,rome:60:51-1-s193:p0,9,12,False,17402,71264,34139,17402,3.095161475692449,0.9617860016090105,0.0,24,3,1,0,derived_from_native_gap_count,115,6138,0.018735744542196155,0.6666666666666666,115,2013,0.057128663686040734,0.0,True,1898,
rome,rome:60:53-0-s98:p0,9,12,False,1640,182230,37524,1640,110.11585365853658,21.880487804878047,0.0,24,10,2,0,derived_from_native_gap_count,58,20130,0.00288127173373075,0.8,35,4026,0.008693492300049677,0.0,True,1994,
rome,rome:60:58-0-s2:p0,9,12,False,8112,80838,25989,8112,8.965236686390533,2.2037721893491122,0.0,24,4,1,0,derived_from_native_gap_count,28,8118,0.0034491254003449125,0.75,20,2013,0.009935419771485345,0.0,True,1993,
rome,rome:60:58-0-s8:p0,9,12,False,4788,76908,22725,4788,15.06265664160401,3.7462406015037595,0.0,24,4,1,0,derived_from_native_gap_count,29,8052,0.003601589667163438,0.75,15,2013,0.007451564828614009,0.0,True,1998,
rome,rome:60:58-1-s27:p0,9,12,False,3340,39434,3340,3340,10.806586826347305,,0.0,24,2,0,0,derived_from_native_gap_count,14,4026,0.003477396920019871,1.0,,,,,True,2005,
rome,rome:60:66-0-s9:p0,9,12,False,10176,157416,10176,10176,14.46933962264151,,0.0,24,8,0,0,derived_from_native_gap_count,6,16368,0.00036656891495601173,1.0,,,,,True,2012,
rome,rome:60:67-1-s1:p0,9,12,False,7776,185331,28659,7776,22.83371913580247,2.685570987654321,0.0,24,9,1,0,derived_from_native_gap_count,29,19767,0.0014670916173420347,0.8888888888888888,17,2343,0.007255655142979087,0.0,True,2010,
rome,rome:60:68-0-s112:p0,9,12,False,540,55108,540,540,101.05185185185185,,0.0,24,3,0,0,derived_from_native_gap_count,8,6072,0.0013175230566534915,1.0,,,,,True,2013,
rome,rome:60:68-0-s234:p0,9,12,False,3640,111902,39484,3640,29.74230769230769,9.847252747252748,0.0,24,6,2,0,derived_from_native_gap_count,44,12078,0.0036429872495446266,0.6666666666666666,39,4026,0.009687034277198211,0.0,True,1986,
rome,rome:60:70-0-s118:p0,9,12,False,5570,115384,61043,5570,19.715260323159786,9.959245960502694,0.0,24,6,3,0,derived_from_native_gap_count,67,12276,0.005457803844900619,0.5,66,6237,0.010582010582010581,0.0,True,1991,
rome,rome:60:70-0-s141:p0,9,12,False,20102,108977,72843,20102,4.421201870460651,2.6236692866381452,0.0,24,5,3,0,derived_from_native_gap_count,171,10065,0.01698956780923994,0.4,161,6039,0.026660043053485676,0.0,True,1898,
rome,rome:60:70-0-s152:p0,9,12,False,2370,111296,38244,2370,45.960337552742615,15.136708860759494,0.0,24,6,2,0,derived_from_native_gap_count,37,12144,0.003046772068511199,0.6666666666666666,36,4026,0.00894187779433681,0.0,True,1991,
rome,rome:60:70-0-s162:p0,9,12,False,1940,147013,1940,1940,74.7798969072165,,0.0,24,8,0,0,derived_from_native_gap_count,16,16137,0.0009915101939641817,1.0,,,,,True,2006,
rome,rome:60:70-0-s172:p0,9,12,False,3450,148043,57321,3450,41.91101449275362,15.614782608695652,0.0,24,8,3,0,derived_from_native_gap_count,64,16137,0.003966040775856727,0.625,48,6039,0.007948335817188276,0.0,True,1992,
rome,rome:60:70-0-s57:p0,9,12,False,3230,57081,38964,3230,16.67213622291022,11.063157894736841,0.0,24,3,2,0,derived_from_native_gap_count,50,6039,0.008279516476237788,0.3333333333333333,50,4026,0.012419274714356682,0.0,True,1985,
rome,rome:60:70-0-s57:p1,9,12,False,3900,129749,93715,3900,32.26897435897436,23.02948717948718,0.0,24,7,5,0,derived_from_native_gap_count,97,14091,0.0068838265559577035,0.2857142857142857,77,10065,0.007650273224043716,0.0,True,1992,
rome,rome:60:70-0-s57:p2,9,12,False,3460,183480,93185,3460,52.028901734104046,25.93208092485549,0.0,24,10,5,0,derived_from_native_gap_count,115,20130,0.005712866368604074,0.5,86,10065,0.008544461003477397,0.0,True,1988,
rome,rome:60:70-0-s78:p0,9,12,False,3420,147757,93506,3420,42.20380116959064,26.340935672514618,0.0,24,8,5,0,derived_from_native_gap_count,149,16203,0.009195827933098808,0.375,139,10164,0.013675718221172766,0.0,True,1967,
rome,rome:60:72-0-s234:p0,9,12,False,4320,58408,58408,4320,12.52037037037037,12.52037037037037,0.0,24,3,3,0,derived_from_native_gap_count,56,6072,0.00922266139657444,0.0,56,6072,0.00922266139657444,0.0,True,1991,
rome,rome:60:78-0-s44:p0,9,12,False,168,89565,168,168,532.125,,0.0,24,4,0,0,derived_from_native_gap_count,0,9933,0.0,1.0,,,,,True,2013,
rome,rome:60:83-0-s152:p0,9,12,False,1960,110002,55701,1960,55.1234693877551,27.418877551020408,0.0,24,6,3,0,derived_from_native_gap_count,66,12078,0.00546448087431694,0.5,61,6039,0.010101010101010102,0.0,True,1986,
rome,rome:60:83-0-s41:p0,9,12,False,4872,77232,4872,4872,14.852216748768473,,0.0,24,4,0,0,derived_from_native_gap_count,9,8052,0.0011177347242921013,1.0,,,,,True,2009,
rome,rome:60:83-0-s59:p0,9,12,False,6744,130656,130656,6744,18.373665480427047,18.373665480427047,0.0,24,7,7,0,derived_from_native_gap_count,267,14124,0.018903993203058623,0.0,267,14124,0.018903993203058623,0.0,True,1871,
rome,rome:60:83-0-s95:p0,9,12,False,2940,111450,2940,2940,36.90816326530612,,0.0,24,6,0,0,derived_from_native_gap_count,16,12078,0.001324722636198046,1.0,,,,,True,2004,
rome,rome:60:83-0-s95:p1,9,12,False,756,91233,756,756,119.67857142857143,,0.0,24,5,0,0,derived_from_native_gap_count,9,10065,0.0008941877794336811,1.0,,,,,True,2008,
rome,rome:60:95-0-s137:p0,9,12,False,2844,170625,2844,2844,58.994725738396625,,0.0,24,9,0,0,derived_from_native_gap_count,2,18645,0.00010726736390453205,1.0,,,,,True,2012,
rome,rome:60:96-0-s156:p0,9,12,False,3612,165591,74937,3612,44.84468438538206,19.746677740863788,0.0,24,9,4,0,derived_from_native_gap_count,139,18183,0.007644503107298026,0.5555555555555556,120,8085,0.014842300556586271,0.0,True,1941,
geolife,010-20080916114237-0,10,5,True,21664,21664,21664,21664,,,0.0,10,0,0,0,none,,,,,,,,,True,,
geolife,010-20080917225654-0,10,5,True,17357,17357,17357,17357,,,0.0,16,0,0,0,none,,,,,,,,,True,,
geolife,010-20080921224934-0,10,5,True,18695,18695,18695,18695,,,0.0,35,0,0,0,none,,,,,,,,,True,,
geolife,010-20080922111517-0,10,5,True,21393,21393,21393,21393,,,0.0,12,0,0,0,none,,,,,,,,,True,,
geolife,010-20080922234926-0,10,5,True,18146,18146,18146,18146,,,0.0,35,0,0,0,none,,,,,,,,,True,,
geolife,010-20080923121817-0,10,5,True,21735,21735,21735,21735,,,0.0,12,0,0,0,none,,,,,,,,,True,,
geolife,010-20080923231456-1,10,5,True,19281,19281,19281,19281,,,0.0,58,0,0,0,none,,,,,,,,,True,,
geolife,010-20080924113459-1,10,5,True,21973,21973,21973,21973,,,0.0,14,0,0,0,none,,,,,,,,,True,,
geolife,010-20080924231334-1,10,5,True,17750,17750,17750,17750,,,0.0,26,0,0,0,none,,,,,,,,,True,,
geolife,010-20080925104204-0,10,5,True,21492,21492,21492,21492,,,0.0,19,0,0,0,none,,,,,,,,,True,,
geolife,010-20080925233430-0,10,5,True,18103,18103,18103,18103,,,0.0,31,0,0,0,none,,,,,,,,,True,,
geolife,010-20080926105402-0,10,5,True,21916,21916,21916,21916,,,0.0,15,0,0,0,none,,,,,,,,,True,,
geolife,010-20080927232235-1,10,5,True,16035,16035,16035,16035,,,0.0,22,0,0,0,none,,,,,,,,,True,,
geolife,010-20081005225112-1,10,5,True,17388,17388,17388,17388,,,0.0,59,0,0,0,none,,,,,,,,,True,,
rome,rome:60:103-0-s96:p0,10,12,False,18646,118526,98396,18646,5.356644856805749,4.277056741392256,0.0,24,5,4,0,derived_from_native_gap_count,110,10098,0.010893246187363835,0.2,110,8085,0.013605442176870748,0.0,True,1955,
rome,rome:60:104-0-s145:p0,10,12,False,2090,232660,49810,2090,110.32057416267942,22.832535885167463,0.0,24,10,2,0,derived_from_native_gap_count,142,23199,0.006120953489374542,0.8,112,4884,0.02293202293202293,0.0,True,2004,
rome,rome:60:105-0-s77:p0,10,12,False,360,167538,360,360,464.3833333333333,,0.0,24,8,0,0,derived_from_native_gap_count,11,16731,0.0006574621959237344,1.0,,,,,True,2005,
rome,rome:60:109-0-s11:p0,10,12,False,10248,110682,30186,10248,9.800351288056206,1.9455503512880563,0.0,24,5,1,0,derived_from_native_gap_count,18,10065,0.0017883755588673621,0.8,16,2013,0.007948335817188276,0.0,True,1997,
rome,rome:60:109-0-s11:p1,10,12,False,2208,143220,22170,2208,63.86413043478261,9.040760869565217,0.0,24,7,1,0,derived_from_native_gap_count,19,14124,0.0013452279807419994,0.8571428571428571,14,2013,0.006954793840039742,0.0,True,1999,
rome,rome:60:109-0-s188:p0,10,12,False,11874,130344,69624,11874,9.977261243052046,4.8635674583122785,0.0,24,6,3,0,derived_from_native_gap_count,264,12111,0.021798365122615803,0.5,264,6039,0.04371584699453552,0.0,True,1831,
rome,rome:60:109-0-s188:p1,10,12,False,2300,122970,42190,2300,52.46521739130435,17.343478260869563,0.0,24,6,2,0,derived_from_native_gap_count,44,12111,0.0036330608537693005,0.6666666666666666,37,4026,0.009190263288623945,0.0,True,1994,
rome,rome:60:109-0-s32:p0,10,12,False,15742,155212,94992,15742,8.859738279761148,5.034303138101893,0.0,24,7,4,0,derived_from_native_gap_count,144,14091,0.010219288907813498,0.42857142857142855,127,8052,0.015772478887232984,0.0,True,1964,
rome,rome:60:109-0-s40:p0,10,12,False,28662,128010,87822,28662,3.4661921708185055,2.0640569395017794,0.0,24,5,3,0,derived_from_native_gap_count,129,10065,0.012816691505216096,0.4,123,6039,0.02036761053154496,0.0,True,1934,
rome,rome:60:109-0-s42:p0,10,12,False,26936,163300,143170,26936,5.062518562518562,4.315191565191565,0.0,24,7,6,0,derived_from_native_gap_count,490,14157,0.034611852793670975,0.14285714285714285,490,12144,0.040349143610013176,0.0,True,1860,
rome,rome:60:11-0-s11:p0,10,12,False,3040,84640,23000,3040,26.842105263157894,6.565789473684211,0.0,24,4,1,0,derived_from_native_gap_count,24,8184,0.002932551319648094,0.75,17,2013,0.008445106805762544,0.0,True,1996,
rome,rome:60:11-0-s11:p1,10,12,False,1370,165580,63030,1370,119.86131386861314,45.00729927007299,0.0,24,8,3,0,derived_from_native_gap_count,46,16467,0.0027934657193174227,0.625,38,6204,0.0061250805931656995,0.0,True,2008,
rome,rome:60:11-0-s11:p2,10,12,False,2840,124900,104110,2840,42.978873239436616,35.65845070422535,0.0,24,6,5,0,derived_from_native_gap_count,103,12309,0.008367860914777805,0.16666666666666666,103,10230,0.010068426197458456,0.0,True,1981,
rome,rome:60:11-0-s136:p0,10,12,False,5740,215700,69490,5740,36.57839721254356,11.106271777003485,0.0,24,10,3,0,derived_from_native_gap_count,124,21120,0.005871212121212121,0.7,93,6468,0.01437847866419295,0.0,True,1966,
rome,rome:60:11-0-s186:p0,10,12,False,5680,230870,187000,5680,39.646126760563384,31.922535211267604,0.0,24,10,8,0,derived_from_native_gap_count,185,22704,0.008148343904157857,0.2,183,18315,0.009991809991809993,0.0,True,2005,
rome,rome:60:11-0-s84:p0,10,12,False,3060,63830,43700,3060,19.859477124183005,13.281045751633988,0.0,24,3,2,0,derived_from_native_gap_count,28,6105,0.004586404586404586,0.3333333333333333,28,4092,0.006842619745845552,0.0,True,1997,
rome,rome:60:124-1-s99:p0,10,12,False,1540,241180,70770,1540,155.6103896103896,44.95454545454545,0.0,24,11,3,0,derived_from_native_gap_count,60,24024,0.0024975024975024975,0.7272727272727273,40,6963,0.0057446502944133275,0.0,True,2013,
rome,rome:60:127-0-s273:p0,10,12,False,15504,55728,15504,15504,2.5944272445820435,,0.0,24,2,0,0,derived_from_native_gap_count,3,4026,0.0007451564828614009,1.0,,,,,True,2010,
rome,rome:60:128-0-s16:p0,10,12,False,690,103580,690,690,149.1159420289855,,0.0,24,5,0,0,derived_from_native_gap_count,7,10296,0.0006798756798756799,1.0,,,,,True,2007,
rome,rome:60:128-0-s16:p1,10,12,False,1520,101800,41420,1520,65.97368421052632,26.25,0.0,24,5,2,0,derived_from_native_gap_count,37,10065,0.0036761053154495777,0.6,36,4026,0.00894187779433681,0.0,True,1989,
rome,rome:60:128-0-s65:p0,10,12,False,1704,101502,41280,1704,58.566901408450704,23.225352112676056,0.0,24,5,2,0,derived_from_native_gap_count,71,10065,0.007054148037754595,0.6,57,4026,0.014157973174366617,0.0,True,1981,
rome,rome:60:128-0-s82:p0,10,12,False,21024,118608,78066,21024,4.641552511415525,2.7131849315068495,0.0,24,5,3,0,derived_from_native_gap_count,283,10098,0.02802535155476332,0.4,279,6039,0.046199701937406856,0.0,True,1876,
rome,rome:60:128-0-s82:p1,10,12,False,2592,122994,62334,2592,46.451388888888886,23.04861111111111,0.0,24,6,3,0,derived_from_native_gap_count,59,12111,0.004871604326645199,0.5,54,6039,0.00894187779433681,0.0,True,1985,
rome,rome:60:128-0-s82:p2,10,12,False,612,61002,612,612,98.67647058823529,,0.0,24,3,0,0,derived_from_native_gap_count,0,6039,0.0,1.0,,,,,True,2013,
rome,rome:60:134-0-s99:p0,10,12,False,1908,122466,21642,1908,63.185534591194966,10.342767295597485,0.0,24,6,1,0,derived_from_native_gap_count,46,12111,0.003798199983486087,0.8333333333333334,33,2013,0.01639344262295082,0.0,True,1980,
rome,rome:60:137-0-s71:p0,10,12,False,10974,189724,129414,10974,16.288500091124476,10.792782941498086,0.0,24,9,6,0,derived_from_native_gap_count,242,18117,0.013357619914996965,0.3333333333333333,234,12078,0.019374068554396422,0.0,True,1877,
rome,rome:60:137-0-s71:p1,10,12,False,1330,162290,41280,1330,121.02255639097744,30.037593984962406,0.0,24,8,2,0,derived_from_native_gap_count,41,16137,0.0025407448720332158,0.75,31,4026,0.007699950322901143,0.0,True,1993,
rome,rome:60:137-0-s71:p2,10,12,False,2580,102920,22510,2580,38.89147286821706,7.724806201550388,0.0,24,5,1,0,derived_from_native_gap_count,31,10065,0.003079980129160457,0.8,20,2013,0.009935419771485345,0.0,True,1993,
rome,rome:60:140-0-s121:p0,10,12,False,2364,230376,81606,2364,96.4517766497462,33.52030456852792,0.0,24,11,4,0,derived_from_native_gap_count,139,22968,0.006051898293277604,0.6363636363636364,134,8085,0.016573902288188003,0.0,True,1926,
rome,rome:60:140-0-s121:p1,10,12,False,768,203304,768,768,263.71875,,0.0,24,10,0,0,derived_from_native_gap_count,7,20262,0.00034547428684236504,1.0,,,,,True,2006,
rome,rome:60:149-0-s182:p0,10,12,False,9940,134650,51230,9940,12.546277665995976,4.153923541247485,0.0,24,6,2,0,derived_from_native_gap_count,135,12606,0.010709186101856259,0.6666666666666666,128,4257,0.030068123091378907,0.0,True,1899,
rome,rome:60:149-0-s21:p0,10,12,False,1300,187090,1300,1300,142.91538461538462,,0.0,24,9,0,0,derived_from_native_gap_count,0,18579,0.0,1.0,,,,,True,2046,
rome,rome:60:149-0-s21:p1,10,12,False,110,205370,110,110,1866.0,,0.0,24,10,0,0,derived_from_native_gap_count,0,20526,0.0,1.0,,,,,True,2013,
rome,rome:60:149-0-s21:p2,10,12,False,160,164170,160,160,1025.0625,,0.0,24,8,0,0,derived_from_native_gap_count,0,16401,0.0,1.0,,,,,True,2013,
rome,rome:60:149-0-s21:p3,10,12,False,750,184930,750,750,245.57333333333332,,0.0,24,9,0,0,derived_from_native_gap_count,29,18447,0.0015720713395132,1.0,,,,,True,2005,
rome,rome:60:150-0-s108:p0,10,12,False,2380,187600,22380,2380,77.82352941176471,8.403361344537815,0.0,24,9,1,0,derived_from_native_gap_count,24,18546,0.0012940795858945326,0.8888888888888888,13,2013,0.006458022851465474,0.0,True,2000,
rome,rome:60:153-0-s12:p0,10,12,False,912,101478,912,912,110.26973684210526,,0.0,24,5,0,0,derived_from_native_gap_count,7,10065,0.0006954793840039742,1.0,,,,,True,2006,
rome,rome:60:153-0-s12:p1,10,12,False,1200,142440,1200,1200,117.7,,0.0,24,7,0,0,derived_from_native_gap_count,0,14124,0.0,1.0,,,,,True,2013,
rome,rome:60:153-0-s15:p0,10,12,False,1476,103314,1476,1476,68.9959349593496,,0.0,24,5,0,0,derived_from_native_gap_count,11,10197,0.0010787486515641855,1.0,,,,,True,2005,
rome,rome:60:153-0-s15:p1,10,12,False,4128,183594,123252,4128,43.47529069767442,28.857558139534884,0.0,24,9,6,0,derived_from_native_gap_count,142,18117,0.007837942264171772,0.3333333333333333,138,12078,0.011425732737208148,0.0,True,1981,
rome,rome:60:153-0-s15:p2,10,12,False,8028,185706,145602,8028,22.132286995515695,17.13677130044843,0.0,24,9,7,0,derived_from_native_gap_count,291,18117,0.016062261963901307,0.2222222222222222,278,14091,0.019728904974806616,0.0,True,1929,
rome,rome:60:153-0-s214:p0,10,12,False,7060,67560,47100,7060,8.569405099150142,5.671388101983003,0.0,24,3,2,0,derived_from_native_gap_count,22,6072,0.0036231884057971015,0.3333333333333333,22,4026,0.00546448087431694,0.0,True,2002,
rome,rome:60:155-0-s239:p0,10,12,False,2360,185830,84070,2360,77.74152542372882,34.6228813559322,0.0,24,9,4,0,derived_from_native_gap_count,100,18447,0.005420935653493793,0.5555555555555556,79,8250,0.009575757575757576,0.0,True,1997,
rome,rome:60:155-0-s253:p0,10,12,False,4740,169250,44720,4740,34.70675105485232,8.434599156118143,0.0,24,8,2,0,derived_from_native_gap_count,49,16500,0.00296969696969697,0.75,28,4026,0.006954793840039742,0.0,True,1998,
rome,rome:60:155-0-s266:p0,10,12,False,5140,213510,45820,5140,40.538910505836576,7.914396887159533,0.0,24,10,2,0,derived_from_native_gap_count,85,20922,0.004062709110027722,0.8,57,4125,0.013818181818181818,0.0,True,2008,
rome,rome:60:156-0-s76:p0,10,12,False,18972,139704,18972,18972,6.363693864642631,,0.0,24,6,0,0,derived_from_native_gap_count,4,12078,0.0003311806590495115,1.0,,,,,True,2011,
rome,rome:60:157-0-s98:p0,10,12,False,1896,231774,41850,1896,121.24367088607595,21.07278481012658,0.0,24,11,2,0,derived_from_native_gap_count,66,23067,0.002861230329041488,0.8181818181818182,53,4059,0.013057403301305741,0.0,True,1980,
rome,rome:60:162-0-s40:p0,10,12,False,13124,93974,72854,13124,6.1604693690947885,4.551203901249619,0.0,24,4,3,0,derived_from_native_gap_count,55,8151,0.006747638326585695,0.25,55,6039,0.009107468123861567,0.0,True,1989,
rome,rome:60:162-0-s40:p1,10,12,False,3840,155586,111876,3840,39.5171875,28.134375,0.0,24,7,5,0,derived_from_native_gap_count,142,15345,0.009253828608667318,0.2857142857142857,127,10956,0.011591821832785688,0.0,True,1985,
rome,rome:60:163-0-s105:p0,10,12,False,11076,91422,30918,11076,7.25406283856988,1.7914409534127844,0.0,24,4,1,0,derived_from_native_gap_count,42,8085,0.005194805194805195,0.75,24,2013,0.011922503725782414,0.0,True,1989,
rome,rome:60:167-0-s26:p0,10,12,False,7368,127404,67014,7368,16.291530944625407,8.095276872964169,0.0,24,6,3,0,derived_from_native_gap_count,62,12078,0.005133300215267428,0.5,62,6039,0.010266600430534857,0.0,True,1988,
rome,rome:60:167-0-s73:p0,10,12,False,4632,124896,44376,4632,25.963730569948186,8.580310880829016,0.0,24,6,2,0,derived_from_native_gap_count,43,12078,0.0035601920847822487,0.6666666666666666,43,4026,0.010680576254346746,0.0,True,1985,
rome,rome:60:172-0-s6:p0,10,12,False,200,129890,200,200,648.45,,0.0,24,6,0,0,derived_from_native_gap_count,0,12969,0.0,1.0,,,,,True,2013,
rome,rome:60:178-0-s37:p0,10,12,False,768,123528,768,768,159.84375,,0.0,24,6,0,0,derived_from_native_gap_count,0,12276,0.0,1.0,,,,,True,2013,
rome,rome:60:178-1-s43:p0,10,12,False,13040,113630,52982,13040,7.713957055214724,3.063036809815951,0.0,24,5,2,0,derived_from_native_gap_count,60,10131,0.005922416345869114,0.6,54,4059,0.013303769401330377,0.0,True,1990,
rome,rome:60:185-0-s124:p0,10,12,False,880,43310,22850,880,48.21590909090909,24.96590909090909,0.0,24,2,1,0,derived_from_native_gap_count,47,4290,0.010955710955710955,0.5,47,2244,0.02094474153297683,0.0,True,2046,
rome,rome:60:185-0-s150:p0,10,12,False,12626,95342,32540,12626,6.55124346586409,1.577221606209409,0.0,24,4,1,0,derived_from_native_gap_count,37,8316,0.004449254449254449,0.75,18,2013,0.00894187779433681,0.0,True,1995,
rome,rome:60:193-0-s204:p0,10,12,False,80,60470,80,80,754.875,,0.0,24,3,0,0,derived_from_native_gap_count,0,6039,0.0,1.0,,,,,True,2013,
rome,rome:60:213-0-s41:p0,10,12,False,4608,145278,4608,4608,30.52734375,,0.0,24,7,0,0,derived_from_native_gap_count,20,14091,0.0014193456816407636,1.0,,,,,True,2004,
rome,rome:60:213-0-s41:p1,10,12,False,3024,123024,62874,3024,39.682539682539684,19.791666666666668,0.0,24,6,3,0,derived_from_native_gap_count,65,12078,0.0053816857095545624,0.5,45,6039,0.007451564828614009,0.0,True,1995,
rome,rome:60:213-0-s66:p0,10,12,False,8904,112476,8904,8904,11.632075471698114,,0.0,24,5,0,0,derived_from_native_gap_count,4,10362,0.0003860258637328701,1.0,,,,,True,2011,
rome,rome:60:214-0-s203:p0,10,12,False,10332,117768,33360,10332,10.398373983739837,2.2288037166085948,0.0,24,5,1,0,derived_from_native_gap_count,67,10824,0.006189948263118995,0.8,61,2376,0.025673400673400674,0.0,True,2007,
rome,rome:60:214-0-s203:p1,10,12,False,7512,169530,7512,7512,21.567891373801917,,0.0,24,8,0,0,derived_from_native_gap_count,1,16203,6.171696599395174e-05,1.0,,,,,True,2012,
rome,rome:60:214-0-s220:p0,10,12,False,10464,50724,10464,10464,3.8474770642201834,,0.0,24,2,0,0,derived_from_native_gap_count,0,4026,0.0,1.0,,,,,True,2013,
rome,rome:60:229-0-s172:p0,10,12,False,8304,223006,182486,8304,25.855250481695567,20.975674373795762,0.0,24,10,8,0,derived_from_native_gap_count,343,21846,0.015700814794470382,0.2,336,17787,0.018890200708382526,0.0,True,1987,
rome,rome:60:234-0-s260:p0,10,12,False,9876,149806,109626,9876,14.168691778047792,10.100243013365736,0.0,24,7,5,0,derived_from_native_gap_count,131,14124,0.009274992919852733,0.2857142857142857,123,10098,0.01218062982768865,0.0,True,1980,
rome,rome:60:24-0-s158:p0,10,12,False,1932,205260,41832,1932,105.24223602484471,20.652173913043477,0.0,24,10,2,0,derived_from_native_gap_count,51,20394,0.0025007355104442485,0.8,30,4026,0.007451564828614009,0.0,True,1994,
rome,rome:60:24-0-s158:p1,10,12,False,4044,230442,141228,4044,55.98367952522255,33.92284866468843,0.0,24,10,6,0,derived_from_native_gap_count,136,22803,0.00596412752707977,0.4,118,13860,0.008513708513708513,0.0,True,1989,
rome,rome:60:24-0-s158:p2,10,12,False,1596,227574,47058,1596,141.59022556390977,28.484962406015036,0.0,24,10,2,0,derived_from_native_gap_count,61,22671,0.0026906620793083675,0.8,34,4587,0.007412252016568564,0.0,True,2012,
rome,rome:60:24-0-s158:p3,10,12,False,4128,145614,83598,4128,34.27470930232558,19.251453488372093,0.0,24,7,4,0,derived_from_native_gap_count,117,14289,0.008188116733151375,0.42857142857142855,115,8085,0.01422387136672851,0.0,True,1977,
rome,rome:60:24-0-s50:p0,10,12,False,9448,250338,189658,9448,25.49640135478408,19.073878069432684,0.0,24,12,9,0,derived_from_native_gap_count,298,24387,0.01221962521015295,0.25,294,18315,0.016052416052416054,0.0,True,1932,
rome,rome:60:24-0-s50:p1,10,12,False,2720,256130,111320,2720,93.1654411764706,39.9264705882353,0.0,24,12,5,0,derived_from_native_gap_count,135,25476,0.0052991050400376825,0.5833333333333334,96,10956,0.008762322015334063,0.0,True,1986,
rome,rome:60:24-0-s50:p2,10,12,False,770,264870,25390,770,342.987012987013,31.974025974025974,0.0,24,12,1,0,derived_from_native_gap_count,23,26433,0.0008701244656300836,0.9166666666666666,13,2475,0.0052525252525252525,0.0,True,2046,
rome,rome:60:24-0-s50:p3,10,12,False,1350,190450,41990,1350,140.07407407407408,30.103703703703705,0.0,24,9,2,0,derived_from_native_gap_count,65,18975,0.0034255599472990776,0.7777777777777778,28,4092,0.006842619745845552,0.0,True,2000,
rome,rome:60:24-0-s50:p4,10,12,False,2260,231960,100900,2260,101.63716814159292,43.64601769911504,0.0,24,10,4,0,derived_from_native_gap_count,97,23067,0.004205141544197338,0.6,69,9933,0.00694654183026276,0.0,True,2009,
rome,rome:60:243-0-s57:p0,10,12,False,5340,25470,5340,5340,3.769662921348315,,0.0,24,1,0,0,derived_from_native_gap_count,0,2013,0.0,1.0,,,,,True,2013,
rome,rome:60:243-0-s91:p0,10,12,False,8116,28246,8116,8116,2.480285855101035,,0.0,24,1,0,0,derived_from_native_gap_count,0,2013,0.0,1.0,,,,,True,2013,
rome,rome:60:243-0-s91:p1,10,12,False,2430,82970,42740,2430,33.1440329218107,16.588477366255145,0.0,24,4,2,0,derived_from_native_gap_count,31,8085,0.00383426097711812,0.5,28,4059,0.006898250800689825,0.0,True,1998,
rome,rome:60:243-0-s94:p0,10,12,False,8756,69206,28726,8756,6.903837368661489,2.280721790772042,0.0,24,3,1,0,derived_from_native_gap_count,27,6072,0.004446640316205534,0.6666666666666666,16,2013,0.007948335817188276,0.0,True,1997,
rome,rome:60:249-0-s139:p0,10,12,False,29036,125834,65552,29036,3.3337236533957846,1.2576112412177987,0.0,24,5,2,0,derived_from_native_gap_count,321,10065,0.03189269746646796,0.6,312,4026,0.07749627421758569,0.0,True,1830,
rome,rome:60:254-0-s329:p0,10,12,False,7670,167560,90490,7670,20.846153846153847,10.797913950456323,0.0,24,7,4,0,derived_from_native_gap_count,214,16203,0.013207430722705672,0.42857142857142855,199,8481,0.023464214125692724,0.0,True,1904,
rome,rome:60:256-0-s375:p0,10,12,False,8940,108624,48318,8940,11.1503355704698,4.404697986577181,0.0,24,5,2,0,derived_from_native_gap_count,108,10098,0.0106951871657754,0.6,101,4059,0.024882976102488297,0.0,True,1966,
rome,rome:60:257-0-s123:p0,10,12,False,7824,127920,27390,7824,15.349693251533742,2.500766871165644,0.0,24,6,1,0,derived_from_native_gap_count,57,12078,0.004719324391455539,0.8333333333333334,47,2013,0.02334823646299056,0.0,True,1966,
rome,rome:60:257-0-s123:p1,10,12,False,15648,217734,94776,15648,12.914493865030675,5.056748466257669,0.0,24,9,4,0,derived_from_native_gap_count,127,20361,0.006237414665291489,0.5555555555555556,116,8052,0.014406358668653751,0.0,True,1982,
rome,rome:60:260-0-s115:p0,10,12,False,26718,206176,104566,26718,6.716745265364174,2.9136911445467475,0.0,24,9,4,0,derived_from_native_gap_count,370,18348,0.020165685633311534,0.5555555555555556,367,8184,0.0448435972629521,0.0,True,1866,
rome,rome:60:260-0-s14:p0,10,12,False,5412,103842,23406,5412,18.187361419068736,3.3248337028824833,0.0,24,5,1,0,derived_from_native_gap_count,185,10065,0.01838052657724789,0.8,178,2013,0.08842523596621957,0.0,True,1835,
rome,rome:60:268-0-s46:p0,10,12,False,9360,110316,9360,9360,10.785897435897436,,0.0,24,5,0,0,derived_from_native_gap_count,2,10098,0.00019805902158843335,1.0,,,,,True,2011,
rome,rome:60:275-0-s235:p0,10,12,False,7980,27804,27804,7980,2.4842105263157896,2.4842105263157896,0.0,24,1,1,0,derived_from_native_gap_count,53,2046,0.025904203323558164,0.0,53,2046,0.025904203323558164,0.0,True,1993,
rome,rome:60:275-0-s290:p0,10,12,False,4500,24342,24342,4500,4.4093333333333335,4.4093333333333335,0.0,24,1,1,0,derived_from_native_gap_count,24,2013,0.011922503725782414,0.0,24,2013,0.011922503725782414,0.0,True,1989,
rome,rome:60:275-0-s376:p0,10,12,False,23030,83144,83144,23030,2.610247503256622,2.610247503256622,0.0,24,3,3,0,derived_from_native_gap_count,78,6105,0.012776412776412777,0.0,78,6105,0.012776412776412777,0.0,True,1976,
rome,rome:60:289-0-s12:p0,10,12,False,10680,152190,131730,10680,13.25,11.334269662921349,0.0,24,7,6,0,derived_from_native_gap_count,170,14355,0.011842563566701497,0.14285714285714285,170,12309,0.01381103257778861,0.0,True,1987,
rome,rome:60:289-0-s30:p0,10,12,False,5280,184926,164916,5280,34.023863636363636,30.23409090909091,0.0,24,9,8,0,derived_from_native_gap_count,127,18117,0.007009990616547994,0.1111111111111111,117,16104,0.007265275707898659,0.0,True,1995,
rome,rome:60:289-0-s77:p0,10,12,False,14484,155250,135120,14484,9.718724109362055,8.328914664457333,0.0,24,7,6,0,derived_from_native_gap_count,122,14223,0.008577655909442452,0.14285714285714285,122,12210,0.009991809991809993,0.0,True,1985,
rome,rome:60:289-0-s94:p0,10,12,False,20172,157932,77106,20172,6.829268292682927,2.8224271267102914,0.0,24,7,3,0,derived_from_native_gap_count,290,14124,0.020532427074483148,0.5714285714285714,288,6039,0.04769001490312966,0.0,True,1817,
rome,rome:60:290-0-s103:p0,10,12,False,23776,83830,43570,23776,2.5258243606998656,0.8325201884253028,0.0,24,3,1,0,derived_from_native_gap_count,28,6039,0.004636529226693161,0.6666666666666666,28,2013,0.013909587680079483,0.0,True,1985,
rome,rome:60:290-0-s103:p1,10,12,False,2052,82260,21870,2052,39.08771929824562,9.657894736842104,0.0,24,4,1,0,derived_from_native_gap_count,26,8052,0.003229011425732737,0.75,26,2013,0.012916045702930949,0.0,True,1987,
rome,rome:60:290-0-s119:p0,10,12,False,2556,83106,22800,2556,31.514084507042252,7.92018779342723,0.0,24,4,1,0,derived_from_native_gap_count,25,8085,0.0030921459492888066,0.75,18,2046,0.008797653958944282,0.0,True,2006,
rome,rome:60:290-0-s34:p0,10,12,False,2940,122808,62622,2940,40.77142857142857,20.3,0.0,24,6,3,0,derived_from_native_gap_count,76,12078,0.006292432521940719,0.5,59,6039,0.00976982944196059,0.0,True,1985,
rome,rome:60:290-0-s36:p0,10,12,False,3036,146250,106074,3036,47.17193675889328,33.93873517786561,0.0,24,7,5,0,derived_from_native_gap_count,83,14421,0.00575549545801262,0.2857142857142857,76,10395,0.007311207311207311,0.0,True,1991,
rome,rome:60:290-0-s36:p1,10,12,False,4776,44982,24960,4776,8.418341708542714,4.226130653266332,0.0,24,2,1,0,derived_from_native_gap_count,32,4059,0.007883715200788372,0.5,23,2046,0.011241446725317693,0.0,True,2004,
rome,rome:60:290-0-s36:p2,10,12,False,5712,145746,125616,5712,24.51575630252101,20.991596638655462,0.0,24,7,6,0,derived_from_native_gap_count,128,14157,0.009041463586918132,0.14285714285714285,128,12144,0.010540184453227932,0.0,True,1979,
rome,rome:60:293-0-s42:p0,10,12,False,5340,104922,44532,5340,18.64831460674157,7.3393258426966295,0.0,24,5,2,0,derived_from_native_gap_count,89,10065,0.008842523596621958,0.6,89,4026,0.022106308991554892,0.0,True,1950,
rome,rome:60:297-1-s52:p0,10,12,False,7104,275832,186054,7104,37.8277027027027,25.190033783783782,0.0,24,12,8,0,derived_from_native_gap_count,211,27126,0.0077785150777851505,0.3333333333333333,185,18117,0.010211403654026605,0.0,True,2016,
rome,rome:60:297-1-s52:p1,10,12,False,4896,231276,166140,4896,46.23774509803921,32.93382352941177,0.0,24,10,7,0,derived_from_native_gap_count,165,22836,0.0072254335260115606,0.3,148,16302,0.009078640657588026,0.0,True,2004,
rome,rome:60:306-0-s25:p0,10,12,False,31620,165192,165192,31620,4.224288425047439,4.224288425047439,0.0,24,7,7,0,derived_from_native_gap_count,639,14124,0.04524214103653356,0.0,639,14124,0.04524214103653356,0.0,True,1823,
rome,rome:60:306-0-s68:p0,10,12,False,16956,131496,131496,16956,6.75513092710545,6.75513092710545,0.0,24,6,6,0,derived_from_native_gap_count,575,12144,0.04734848484848485,0.0,575,12144,0.04734848484848485,0.0,True,1845,
rome,rome:60:309-0-s267:p0,10,12,False,6000,186612,105882,6000,30.102,16.647,0.0,24,9,5,0,derived_from_native_gap_count,74,18150,0.004077134986225896,0.4444444444444444,64,10065,0.006358668653750621,0.0,True,1996,
rome,rome:60:309-0-s61:p0,10,12,False,3024,23154,3024,3024,6.656746031746032,,0.0,24,1,0,0,derived_from_native_gap_count,0,2013,0.0,1.0,,,,,True,2013,
rome,rome:60:309-0-s61:p1,10,12,False,3696,83388,83388,3696,21.56168831168831,21.56168831168831,0.0,24,4,4,0,derived_from_native_gap_count,69,8052,0.00856929955290611,0.0,69,8052,0.00856929955290611,0.0,True,1990,
rome,rome:60:326-0-s63:p0,10,12,False,17772,216288,176148,17772,11.170155300472654,8.911546252532073,0.0,24,10,8,0,derived_from_native_gap_count,232,20130,0.011525086934923,0.2,222,16104,0.013785394932935917,0.0,True,1954,
rome,rome:60:326-0-s63:p1,10,12,False,10296,109854,109854,10296,9.66958041958042,9.66958041958042,0.0,24,5,5,0,derived_from_native_gap_count,91,10065,0.009041231992051665,0.0,91,10065,0.009041231992051665,0.0,True,1989,
rome,rome:60:326-0-s82:p0,10,12,False,588,201630,20202,588,341.90816326530614,33.357142857142854,0.0,24,10,1,0,derived_from_native_gap_count,49,20163,0.0024301939195556215,0.9,43,2013,0.02136115250869349,0.0,True,1970,
rome,rome:60:329-0-s52:p0,10,12,False,3324,232446,108558,3324,68.92960288808665,31.65884476534296,0.0,24,11,5,0,derived_from_native_gap_count,129,23067,0.005592404734035636,0.5454545454545454,113,10659,0.01060136973449667,0.0,True,1972,
rome,rome:60:329-0-s55:p0,10,12,False,16128,200682,115626,16128,11.443080357142858,6.169270833333333,0.0,24,9,5,0,derived_from_native_gap_count,268,18777,0.014272780529371039,0.4444444444444444,261,10263,0.02543116047939199,0.0,True,1851,
rome,rome:60:329-0-s55:p1,10,12,False,2472,275070,119748,2472,110.27427184466019,47.44174757281554,0.0,24,9,2,0,derived_from_native_gap_count,81,27357,0.0029608509705011513,0.7777777777777778,72,11814,0.006094464195022855,0.0,True,2046,
rome,rome:60:336-0-s227:p0,10,12,False,8030,186180,105800,8030,22.185554171855543,12.175591531755915,0.0,24,9,5,0,derived_from_native_gap_count,302,18117,0.01666942650549208,0.4444444444444444,288,10065,0.028614008941877794,0.0,True,1825,
rome,rome:60:336-0-s227:p1,10,12,False,2880,203250,82610,2880,69.57291666666667,27.68402777777778,0.0,24,10,4,0,derived_from_native_gap_count,93,20130,0.004619970193740686,0.6,79,8052,0.009811227024341779,0.0,True,1988,
rome,rome:60:353-0-s131:p0,10,12,False,10392,219750,31698,10392,20.14607390300231,2.050230946882217,0.0,24,10,1,0,derived_from_native_gap_count,16,20955,0.000763540921021236,0.9,12,2145,0.005594405594405594,0.0,True,2013,
rome,rome:60:353-0-s219:p0,10,12,False,9420,239634,71370,9420,24.438853503184713,6.576433121019108,0.0,24,11,3,0,derived_from_native_gap_count,148,23199,0.006379585326953748,0.7272727272727273,145,6369,0.022766525357198933,0.0,True,1988,
rome,rome:60:360-0-s126:p0,10,12,False,14280,92436,32046,14280,5.473109243697479,1.2441176470588236,0.0,24,4,1,0,derived_from_native_gap_count,197,8052,0.02446597118728266,0.75,197,2013,0.09786388474913064,0.0,True,1816,
rome,rome:60:366-0-s105:p0,10,12,False,3750,163580,83240,3750,42.62133333333333,21.197333333333333,0.0,24,8,4,0,derived_from_native_gap_count,121,16104,0.007513661202185792,0.5,103,8052,0.012791852955787383,0.0,True,1974,
rome,rome:60:43-1-s109:p0,10,12,False,10224,210090,97560,10224,19.548708920187792,8.54225352112676,0.0,24,9,4,0,derived_from_native_gap_count,312,20361,0.015323412406070429,0.5555555555555556,312,9108,0.034255599472990776,0.0,True,1908,
rome,rome:60:43-1-s80:p0,10,12,False,5190,131160,5190,5190,24.271676300578033,,0.0,24,6,0,0,derived_from_native_gap_count,9,12606,0.0007139457401237506,1.0,,,,,True,2013,
rome,rome:60:45-0-s4:p0,10,12,False,7212,169746,108378,7212,22.53660565723794,14.027454242928453,0.0,24,8,5,0,derived_from_native_gap_count,123,16401,0.0074995427108103165,0.375,122,10263,0.011887362369677482,0.0,True,2001,
rome,rome:60:45-0-s4:p1,10,12,False,408,186078,408,408,455.0735294117647,,0.0,24,9,0,0,derived_from_native_gap_count,10,18579,0.0005382421012971634,1.0,,,,,True,2012,
rome,rome:60:46-0-s41:p0,10,12,False,1788,183696,21690,1788,101.73825503355705,11.130872483221477,0.0,24,9,1,0,derived_from_native_gap_count,21,18216,0.001152832674571805,0.8888888888888888,19,2013,0.009438648782911079,0.0,True,1994,
rome,rome:60:46-0-s41:p1,10,12,False,1428,206490,21222,1428,143.60084033613447,13.861344537815127,0.0,24,10,1,0,derived_from_native_gap_count,44,20559,0.002140181915462814,0.9,28,2013,0.013909587680079483,0.0,True,1985,
rome,rome:60:46-0-s49:p0,10,12,False,11352,212484,31350,11352,17.717758985200845,1.7616279069767442,0.0,24,10,1,0,derived_from_native_gap_count,14,20130,0.0006954793840039742,0.9,11,2013,0.00546448087431694,0.0,True,2002,
rome,rome:60:46-0-s56:p0,10,12,False,2352,144252,2352,2352,60.33163265306123,,0.0,24,7,0,0,derived_from_native_gap_count,0,14190,0.0,1.0,,,,,True,2013,
rome,rome:60:46-0-s56:p1,10,12,False,288,161184,288,288,558.6666666666666,,0.0,24,8,0,0,derived_from_native_gap_count,12,16104,0.0007451564828614009,1.0,,,,,True,2006,
rome,rome:60:46-0-s56:p2,10,12,False,1752,143058,21618,1752,80.6541095890411,11.33904109589041,0.0,24,7,1,0,derived_from_native_gap_count,22,14157,0.001554001554001554,0.8571428571428571,22,2013,0.01092896174863388,0.0,True,1991,
rome,rome:60:46-0-s56:p3,10,12,False,660,161754,20598,660,244.0818181818182,30.20909090909091,0.0,24,8,1,0,derived_from_native_gap_count,23,16137,0.0014252959038235113,0.875,16,2013,0.007948335817188276,0.0,True,1997,
rome,rome:60:46-0-s65:p0,10,12,False,14100,114402,33990,14100,7.113617021276596,1.4106382978723404,0.0,24,5,1,0,derived_from_native_gap_count,29,10065,0.00288127173373075,0.8,20,2013,0.009935419771485345,0.0,True,1993,
rome,rome:60:46-0-s89:p0,10,12,False,2040,163026,82074,2040,78.91470588235295,39.23235294117647,0.0,24,8,4,0,derived_from_native_gap_count,87,16203,0.005369376041473801,0.5,68,8085,0.008410636982065553,0.0,True,1985,
rome,rome:60:47-0-s268:p0,10,12,False,4416,160824,92196,4416,35.41847826086956,19.877717391304348,0.0,24,7,4,0,derived_from_native_gap_count,111,15774,0.00703689615823507,0.42857142857142855,110,8910,0.012345679012345678,0.0,True,1982,
rome,rome:60:51-1-s193:p0,10,12,False,17402,77402,36152,17402,3.447879554074244,1.0774623606482014,0.0,24,3,1,0,derived_from_native_gap_count,115,6138,0.018735744542196155,0.6666666666666666,115,2013,0.057128663686040734,0.0,True,1898,
rome,rome:60:53-0-s98:p0,10,12,False,1640,202360,41550,1640,122.39024390243902,24.335365853658537,0.0,24,10,2,0,derived_from_native_gap_count,58,20130,0.00288127173373075,0.8,35,4026,0.008693492300049677,0.0,True,1994,
rome,rome:60:58-0-s2:p0,10,12,False,8112,88956,28002,8112,9.965976331360947,2.451923076923077,0.0,24,4,1,0,derived_from_native_gap_count,28,8118,0.0034491254003449125,0.75,20,2013,0.009935419771485345,0.0,True,1993,
rome,rome:60:58-0-s8:p0,10,12,False,4788,84960,24738,4788,16.74436090225564,4.166666666666667,0.0,24,4,1,0,derived_from_native_gap_count,29,8052,0.003601589667163438,0.75,15,2013,0.007451564828614009,0.0,True,1998,
rome,rome:60:58-1-s27:p0,10,12,False,3340,43460,3340,3340,12.011976047904191,,0.0,24,2,0,0,derived_from_native_gap_count,14,4026,0.003477396920019871,1.0,,,,,True,2005,
rome,rome:60:66-0-s9:p0,10,12,False,10176,173784,10176,10176,16.077830188679247,,0.0,24,8,0,0,derived_from_native_gap_count,6,16368,0.00036656891495601173,1.0,,,,,True,2012,
rome,rome:60:67-1-s1:p0,10,12,False,7776,205098,31002,7776,25.375771604938272,2.986882716049383,0.0,24,9,1,0,derived_from_native_gap_count,29,19767,0.0014670916173420347,0.8888888888888888,17,2343,0.007255655142979087,0.0,True,2010,
rome,rome:60:68-0-s112:p0,10,12,False,540,61180,540,540,112.29629629629629,,0.0,24,3,0,0,derived_from_native_gap_count,8,6072,0.0013175230566534915,1.0,,,,,True,2013,
rome,rome:60:68-0-s234:p0,10,12,False,3640,123980,43510,3640,33.06043956043956,10.953296703296703,0.0,24,6,2,0,derived_from_native_gap_count,44,12078,0.0036429872495446266,0.6666666666666666,39,4026,0.009687034277198211,0.0,True,1986,
rome,rome:60:70-0-s118:p0,10,12,False,5570,127660,67280,5570,21.919210053859963,11.07899461400359,0.0,24,6,3,0,derived_from_native_gap_count,67,12276,0.005457803844900619,0.5,66,6237,0.010582010582010581,0.0,True,1991,
rome,rome:60:70-0-s141:p0,10,12,False,20102,119042,78882,20102,4.921898318575266,2.9240871555069146,0.0,24,5,3,0,derived_from_native_gap_count,171,10065,0.01698956780923994,0.4,161,6039,0.026660043053485676,0.0,True,1898,
rome,rome:60:70-0-s152:p0,10,12,False,2370,123440,42270,2370,51.08438818565401,16.835443037974684,0.0,24,6,2,0,derived_from_native_gap_count,37,12144,0.003046772068511199,0.6666666666666666,36,4026,0.00894187779433681,0.0,True,1991,
rome,rome:60:70-0-s162:p0,10,12,False,1940,163150,1940,1940,83.0979381443299,,0.0,24,8,0,0,derived_from_native_gap_count,16,16137,0.0009915101939641817,1.0,,,,,True,2006,
rome,rome:60:70-0-s172:p0,10,12,False,3450,164180,63360,3450,46.58840579710145,17.36521739130435,0.0,24,8,3,0,derived_from_native_gap_count,64,16137,0.003966040775856727,0.625,48,6039,0.007948335817188276,0.0,True,1992,
rome,rome:60:70-0-s57:p0,10,12,False,3230,63120,42990,3230,18.541795665634673,12.309597523219814,0.0,24,3,2,0,derived_from_native_gap_count,50,6039,0.008279516476237788,0.3333333333333333,50,4026,0.012419274714356682,0.0,True,1985,
rome,rome:60:70-0-s57:p1,10,12,False,3900,143840,103780,3900,35.88205128205128,25.61025641025641,0.0,24,7,5,0,derived_from_native_gap_count,97,14091,0.0068838265559577035,0.2857142857142857,77,10065,0.007650273224043716,0.0,True,1992,
rome,rome:60:70-0-s57:p2,10,12,False,3460,203610,103250,3460,57.846820809248555,28.841040462427745,0.0,24,10,5,0,derived_from_native_gap_count,115,20130,0.005712866368604074,0.5,86,10065,0.008544461003477397,0.0,True,1988,
rome,rome:60:70-0-s78:p0,10,12,False,3420,163960,103670,3420,46.941520467836256,29.31286549707602,0.0,24,8,5,0,derived_from_native_gap_count,149,16203,0.009195827933098808,0.375,139,10164,0.013675718221172766,0.0,True,1967,
rome,rome:60:72-0-s234:p0,10,12,False,4320,64480,64480,4320,13.925925925925926,13.925925925925926,0.0,24,3,3,0,derived_from_native_gap_count,56,6072,0.00922266139657444,0.0,56,6072,0.00922266139657444,0.0,True,1991,
rome,rome:60:78-0-s44:p0,10,12,False,168,99498,168,168,591.25,,0.0,24,4,0,0,derived_from_native_gap_count,0,9933,0.0,1.0,,,,,True,2013,
rome,rome:60:83-0-s152:p0,10,12,False,1960,122080,61740,1960,61.285714285714285,30.5,0.0,24,6,3,0,derived_from_native_gap_count,66,12078,0.00546448087431694,0.5,61,6039,0.010101010101010102,0.0,True,1986,
rome,rome:60:83-0-s41:p0,10,12,False,4872,85284,4872,4872,16.504926108374384,,0.0,24,4,0,0,derived_from_native_gap_count,9,8052,0.0011177347242921013,1.0,,,,,True,2009,
rome,rome:60:83-0-s59:p0,10,12,False,6744,144780,144780,6744,20.46797153024911,20.46797153024911,0.0,24,7,7,0,derived_from_native_gap_count,267,14124,0.018903993203058623,0.0,267,14124,0.018903993203058623,0.0,True,1871,
rome,rome:60:83-0-s95:p0,10,12,False,2940,123528,2940,2940,41.01632653061225,,0.0,24,6,0,0,derived_from_native_gap_count,16,12078,0.001324722636198046,1.0,,,,,True,2004,
rome,rome:60:83-0-s95:p1,10,12,False,756,101298,756,756,132.9920634920635,,0.0,24,5,0,0,derived_from_native_gap_count,9,10065,0.0008941877794336811,1.0,,,,,True,2008,
rome,rome:60:95-0-s137:p0,10,12,False,2844,189270,2844,2844,65.5506329113924,,0.0,24,9,0,0,derived_from_native_gap_count,2,18645,0.00010726736390453205,1.0,,,,,True,2012,
rome,rome:60:96-0-s156:p0,10,12,False,3612,183774,83022,3612,49.87873754152824,21.985049833887043,0.0,24,9,4,0,derived_from_native_gap_count,139,18183,0.007644503107298026,0.5555555555555556,120,8085,0.014842300556586271,0.0,True,1941,
geolife,010-20080916114237-0,11,5,True,21664,21664,21664,21664,,,0.0,10,0,0,0,none,,,,,,,,,True,,
geolife,010-20080917225654-0,11,5,True,17357,17357,17357,17357,,,0.0,16,0,0,0,none,,,,,,,,,True,,
geolife,010-20080921224934-0,11,5,True,18695,18695,18695,18695,,,0.0,35,0,0,0,none,,,,,,,,,True,,
geolife,010-20080922111517-0,11,5,True,21393,21393,21393,21393,,,0.0,12,0,0,0,none,,,,,,,,,True,,
geolife,010-20080922234926-0,11,5,True,18146,18146,18146,18146,,,0.0,35,0,0,0,none,,,,,,,,,True,,
geolife,010-20080923121817-0,11,5,True,21735,21735,21735,21735,,,0.0,12,0,0,0,none,,,,,,,,,True,,
geolife,010-20080923231456-1,11,5,True,19281,19281,19281,19281,,,0.0,58,0,0,0,none,,,,,,,,,True,,
geolife,010-20080924113459-1,11,5,True,21973,21973,21973,21973,,,0.0,14,0,0,0,none,,,,,,,,,True,,
geolife,010-20080924231334-1,11,5,True,17750,17750,17750,17750,,,0.0,26,0,0,0,none,,,,,,,,,True,,
geolife,010-20080925104204-0,11,5,True,21492,21492,21492,21492,,,0.0,19,0,0,0,none,,,,,,,,,True,,
geolife,010-20080925233430-0,11,5,True,18103,18103,18103,18103,,,0.0,31,0,0,0,none,,,,,,,,,True,,
geolife,010-20080926105402-0,11,5,True,21916,21916,21916,21916,,,0.0,15,0,0,0,none,,,,,,,,,True,,
geolife,010-20080927232235-1,11,5,True,16035,16035,16035,16035,,,0.0,22,0,0,0,none,,,,,,,,,True,,
geolife,010-20081005225112-1,11,5,True,17388,17388,17388,17388,,,0.0,59,0,0,0,none,,,,,,,,,True,,
rome,rome:60:103-0-s96:p0,11,12,False,18646,128624,106481,18646,5.898208731095141,4.710661804140298,0.0,24,5,4,0,derived_from_native_gap_count,110,10098,0.010893246187363835,0.2,110,8085,0.013605442176870748,0.0,True,1955,
rome,rome:60:104-0-s145:p0,11,12,False,2090,255859,54694,2090,121.42057416267943,25.169377990430622,0.0,24,10,2,0,derived_from_native_gap_count,142,23199,0.006120953489374542,0.8,112,4884,0.02293202293202293,0.0,True,2004,
rome,rome:60:105-0-s77:p0,11,12,False,360,184269,360,360,510.85833333333335,,0.0,24,8,0,0,derived_from_native_gap_count,11,16731,0.0006574621959237344,1.0,,,,,True,2005,
rome,rome:60:109-0-s11:p0,11,12,False,10248,120747,32199,10248,10.782494145199063,2.1419789227166275,0.0,24,5,1,0,derived_from_native_gap_count,18,10065,0.0017883755588673621,0.8,16,2013,0.007948335817188276,0.0,True,1997,
rome,rome:60:109-0-s11:p1,11,12,False,2208,157344,24183,2208,70.26086956521739,9.952445652173912,0.0,24,7,1,0,derived_from_native_gap_count,19,14124,0.0013452279807419994,0.8571428571428571,14,2013,0.006954793840039742,0.0,True,1999,
rome,rome:60:109-0-s188:p0,11,12,False,11874,142455,75663,11874,10.99722081859525,5.372157655381506,0.0,24,6,3,0,derived_from_native_gap_count,264,12111,0.021798365122615803,0.5,264,6039,0.04371584699453552,0.0,True,1831,
rome,rome:60:109-0-s188:p1,11,12,False,2300,135081,46216,2300,57.73086956521739,19.09391304347826,0.0,24,6,2,0,derived_from_native_gap_count,44,12111,0.0036330608537693005,0.6666666666666666,37,4026,0.009190263288623945,0.0,True,1994,
rome,rome:60:109-0-s32:p0,11,12,False,15742,169303,103044,15742,9.754859611231101,5.545801041799009,0.0,24,7,4,0,derived_from_native_gap_count,144,14091,0.010219288907813498,0.42857142857142855,127,8052,0.015772478887232984,0.0,True,1964,
rome,rome:60:109-0-s40:p0,11,12,False,28662,138075,93861,28662,3.8173539878584886,2.274754029725769,0.0,24,5,3,0,derived_from_native_gap_count,129,10065,0.012816691505216096,0.4,123,6039,0.02036761053154496,0.0,True,1934,
rome,rome:60:109-0-s42:p0,11,12,False,26936,177457,155314,26936,5.588097713097713,4.766038016038016,0.0,24,7,6,0,derived_from_native_gap_count,490,14157,0.034611852793670975,0.14285714285714285,490,12144,0.040349143610013176,0.0,True,1860,
rome,rome:60:11-0-s11:p0,11,12,False,3040,92824,25013,3040,29.53421052631579,7.22796052631579,0.0,24,4,1,0,derived_from_native_gap_count,24,8184,0.002932551319648094,0.75,17,2013,0.008445106805762544,0.0,True,1996,
rome,rome:60:11-0-s11:p1,11,12,False,1370,182047,69234,1370,131.88102189781023,49.535766423357664,0.0,24,8,3,0,derived_from_native_gap_count,46,16467,0.0027934657193174227,0.625,38,6204,0.0061250805931656995,0.0,True,2008,
rome,rome:60:11-0-s11:p2,11,12,False,2840,137209,114340,2840,47.31302816901408,39.26056338028169,0.0,24,6,5,0,derived_from_native_gap_count,103,12309,0.008367860914777805,0.16666666666666666,103,10230,0.010068426197458456,0.0,True,1981,
rome,rome:60:11-0-s136:p0,11,12,False,5740,236820,75958,5740,40.257839721254356,12.233101045296166,0.0,24,10,3,0,derived_from_native_gap_count,124,21120,0.005871212121212121,0.7,93,6468,0.01437847866419295,0.0,True,1966,
rome,rome:60:11-0-s186:p0,11,12,False,5680,253574,205315,5680,43.64330985915493,35.14700704225352,0.0,24,10,8,0,derived_from_native_gap_count,185,22704,0.008148343904157857,0.2,183,18315,0.009991809991809993,0.0,True,2005,
rome,rome:60:11-0-s84:p0,11,12,False,3060,69935,47792,3060,21.854575163398692,14.61830065359477,0.0,24,3,2,0,derived_from_native_gap_count,28,6105,0.004586404586404586,0.3333333333333333,28,4092,0.006842619745845552,0.0,True,1997,
rome,rome:60:124-1-s99:p0,11,12,False,1540,265204,77733,1540,171.2103896103896,49.475974025974025,0.0,24,11,3,0,derived_from_native_gap_count,60,24024,0.0024975024975024975,0.7272727272727273,40,6963,0.0057446502944133275,0.0,True,2013,
rome,rome:60:127-0-s273:p0,11,12,False,15504,59754,15504,15504,2.8541021671826625,,0.0,24,2,0,0,derived_from_native_gap_count,3,4026,0.0007451564828614009,1.0,,,,,True,2010,
rome,rome:60:128-0-s16:p0,11,12,False,690,113876,690,690,164.0376811594203,,0.0,24,5,0,0,derived_from_native_gap_count,7,10296,0.0006798756798756799,1.0,,,,,True,2007,
rome,rome:60:128-0-s16:p1,11,12,False,1520,111865,45446,1520,72.59539473684211,28.898684210526316,0.0,24,5,2,0,derived_from_native_gap_count,37,10065,0.0036761053154495777,0.6,36,4026,0.00894187779433681,0.0,True,1989,
rome,rome:60:128-0-s65:p0,11,12,False,1704,111567,45306,1704,64.47359154929578,25.588028169014084,0.0,24,5,2,0,derived_from_native_gap_count,71,10065,0.007054148037754595,0.6,57,4026,0.014157973174366617,0.0,True,1981,
rome,rome:60:128-0-s82:p0,11,12,False,21024,128706,84105,21024,5.121860730593608,3.000428082191781,0.0,24,5,3,0,derived_from_native_gap_count,283,10098,0.02802535155476332,0.4,279,6039,0.046199701937406856,0.0,True,1876,
rome,rome:60:128-0-s82:p1,11,12,False,2592,135105,68373,2592,51.123842592592595,25.37847222222222,0.0,24,6,3,0,derived_from_native_gap_count,59,12111,0.004871604326645199,0.5,54,6039,0.00894187779433681,0.0,True,1985,
rome,rome:60:128-0-s82:p2,11,12,False,612,67041,612,612,108.54411764705883,,0.0,24,3,0,0,derived_from_native_gap_count,0,6039,0.0,1.0,,,,,True,2013,
rome,rome:60:134-0-s99:p0,11,12,False,1908,134577,23655,1908,69.53301886792453,11.397798742138365,0.0,24,6,1,0,derived_from_native_gap_count,46,12111,0.003798199983486087,0.8333333333333334,33,2013,0.01639344262295082,0.0,True,1980,
rome,rome:60:137-0-s71:p0,11,12,False,10974,207841,141492,10974,17.939402223437217,11.893384363039912,0.0,24,9,6,0,derived_from_native_gap_count,242,18117,0.013357619914996965,0.3333333333333333,234,12078,0.019374068554396422,0.0,True,1877,
rome,rome:60:137-0-s71:p1,11,12,False,1330,178427,45306,1330,133.15563909774437,33.064661654135335,0.0,24,8,2,0,derived_from_native_gap_count,41,16137,0.0025407448720332158,0.75,31,4026,0.007699950322901143,0.0,True,1993,
rome,rome:60:137-0-s71:p2,11,12,False,2580,112985,24523,2580,42.792635658914726,8.505038759689922,0.0,24,5,1,0,derived_from_native_gap_count,31,10065,0.003079980129160457,0.8,20,2013,0.009935419771485345,0.0,True,1993,
rome,rome:60:140-0-s121:p0,11,12,False,2364,253344,89691,2364,106.16751269035532,36.94035532994924,0.0,24,11,4,0,derived_from_native_gap_count,139,22968,0.006051898293277604,0.6363636363636364,134,8085,0.016573902288188003,0.0,True,1926,
rome,rome:60:140-0-s121:p1,11,12,False,768,223566,768,768,290.1015625,,0.0,24,10,0,0,derived_from_native_gap_count,7,20262,0.00034547428684236504,1.0,,,,,True,2006,
rome,rome:60:149-0-s182:p0,11,12,False,9940,147256,55487,9940,13.814486921529175,4.582193158953722,0.0,24,6,2,0,derived_from_native_gap_count,135,12606,0.010709186101856259,0.6666666666666666,128,4257,0.030068123091378907,0.0,True,1899,
rome,rome:60:149-0-s21:p0,11,12,False,1300,205669,1300,1300,157.2069230769231,,0.0,24,9,0,0,derived_from_native_gap_count,0,18579,0.0,1.0,,,,,True,2046,
rome,rome:60:149-0-s21:p1,11,12,False,110,225896,110,110,2052.6,,0.0,24,10,0,0,derived_from_native_gap_count,0,20526,0.0,1.0,,,,,True,2013,
rome,rome:60:149-0-s21:p2,11,12,False,160,180571,160,160,1127.56875,,0.0,24,8,0,0,derived_from_native_gap_count,0,16401,0.0,1.0,,,,,True,2013,
rome,rome:60:149-0-s21:p3,11,12,False,750,203377,750,750,270.1693333333333,,0.0,24,9,0,0,derived_from_native_gap_count,29,18447,0.0015720713395132,1.0,,,,,True,2005,
rome,rome:60:150-0-s108:p0,11,12,False,2380,206146,24393,2380,85.61596638655462,9.249159663865546,0.0,24,9,1,0,derived_from_native_gap_count,24,18546,0.0012940795858945326,0.8888888888888888,13,2013,0.006458022851465474,0.0,True,2000,
rome,rome:60:153-0-s12:p0,11,12,False,912,111543,912,912,121.30592105263158,,0.0,24,5,0,0,derived_from_native_gap_count,7,10065,0.0006954793840039742,1.0,,,,,True,2006,
rome,rome:60:153-0-s12:p1,11,12,False,1200,156564,1200,1200,129.47,,0.0,24,7,0,0,derived_from_native_gap_count,0,14124,0.0,1.0,,,,,True,2013,
rome,rome:60:153-0-s15:p0,11,12,False,1476,113511,1476,1476,75.90447154471545,,0.0,24,5,0,0,derived_from_native_gap_count,11,10197,0.0010787486515641855,1.0,,,,,True,2005,
rome,rome:60:153-0-s15:p1,11,12,False,4128,201711,135330,4128,47.864098837209305,31.78343023255814,0.0,24,9,6,0,derived_from_native_gap_count,142,18117,0.007837942264171772,0.3333333333333333,138,12078,0.011425732737208148,0.0,True,1981,
rome,rome:60:153-0-s15:p2,11,12,False,8028,203823,159693,8028,24.3890134529148,18.89200298953662,0.0,24,9,7,0,derived_from_native_gap_count,291,18117,0.016062261963901307,0.2222222222222222,278,14091,0.019728904974806616,0.0,True,1929,
rome,rome:60:153-0-s214:p0,11,12,False,7060,73632,51126,7060,9.429461756373938,6.241643059490085,0.0,24,3,2,0,derived_from_native_gap_count,22,6072,0.0036231884057971015,0.3333333333333333,22,4026,0.00546448087431694,0.0,True,2002,
rome,rome:60:155-0-s239:p0,11,12,False,2360,204277,92320,2360,85.55805084745762,38.11864406779661,0.0,24,9,4,0,derived_from_native_gap_count,100,18447,0.005420935653493793,0.5555555555555556,79,8250,0.009575757575757576,0.0,True,1997,
rome,rome:60:155-0-s253:p0,11,12,False,4740,185750,48746,4740,38.187763713080166,9.283966244725738,0.0,24,8,2,0,derived_from_native_gap_count,49,16500,0.00296969696969697,0.75,28,4026,0.006954793840039742,0.0,True,1998,
rome,rome:60:155-0-s266:p0,11,12,False,5140,234432,49945,5140,44.60933852140078,8.71692607003891,0.0,24,10,2,0,derived_from_native_gap_count,85,20922,0.004062709110027722,0.8,57,4125,0.013818181818181818,0.0,True,2008,
rome,rome:60:156-0-s76:p0,11,12,False,18972,151782,18972,18972,7.000316255534472,,0.0,24,6,0,0,derived_from_native_gap_count,4,12078,0.0003311806590495115,1.0,,,,,True,2011,
rome,rome:60:157-0-s98:p0,11,12,False,1896,254841,45909,1896,133.40981012658227,23.213607594936708,0.0,24,11,2,0,derived_from_native_gap_count,66,23067,0.002861230329041488,0.8181818181818182,53,4059,0.013057403301305741,0.0,True,1980,
rome,rome:60:162-0-s40:p0,11,12,False,13124,102125,78893,13124,6.781545260591283,5.0113532459615975,0.0,24,4,3,0,derived_from_native_gap_count,55,8151,0.006747638326585695,0.25,55,6039,0.009107468123861567,0.0,True,1989,
rome,rome:60:162-0-s40:p1,11,12,False,3840,170931,122832,3840,43.51328125,30.9875,0.0,24,7,5,0,derived_from_native_gap_count,142,15345,0.009253828608667318,0.2857142857142857,127,10956,0.011591821832785688,0.0,True,1985,
rome,rome:60:163-0-s105:p0,11,12,False,11076,99507,32931,11076,7.984019501625135,1.9731852654387865,0.0,24,4,1,0,derived_from_native_gap_count,42,8085,0.005194805194805195,0.75,24,2013,0.011922503725782414,0.0,True,1989,
rome,rome:60:167-0-s26:p0,11,12,False,7368,139482,73053,7368,17.930781758957654,8.914902280130294,0.0,24,6,3,0,derived_from_native_gap_count,62,12078,0.005133300215267428,0.5,62,6039,0.010266600430534857,0.0,True,1988,
rome,rome:60:167-0-s73:p0,11,12,False,4632,136974,48402,4632,28.571243523316063,9.449481865284975,0.0,24,6,2,0,derived_from_native_gap_count,43,12078,0.0035601920847822487,0.6666666666666666,43,4026,0.010680576254346746,0.0,True,1985,
rome,rome:60:172-0-s6:p0,11,12,False,200,142859,200,200,713.295,,0.0,24,6,0,0,derived_from_native_gap_count,0,12969,0.0,1.0,,,,,True,2013,
rome,rome:60:178-0-s37:p0,11,12,False,768,135804,768,768,175.828125,,0.0,24,6,0,0,derived_from_native_gap_count,0,12276,0.0,1.0,,,,,True,2013,
rome,rome:60:178-1-s43:p0,11,12,False,13040,123761,57041,13040,8.490874233128835,3.3743098159509204,0.0,24,5,2,0,derived_from_native_gap_count,60,10131,0.005922416345869114,0.6,54,4059,0.013303769401330377,0.0,True,1990,
rome,rome:60:185-0-s124:p0,11,12,False,880,47600,25094,880,53.09090909090909,27.51590909090909,0.0,24,2,1,0,derived_from_native_gap_count,47,4290,0.010955710955710955,0.5,47,2244,0.02094474153297683,0.0,True,2046,
rome,rome:60:185-0-s150:p0,11,12,False,12626,103658,34553,12626,7.209884365594804,1.7366545224140661,0.0,24,4,1,0,derived_from_native_gap_count,37,8316,0.004449254449254449,0.75,18,2013,0.00894187779433681,0.0,True,1995,
rome,rome:60:193-0-s204:p0,11,12,False,80,66509,80,80,830.3625,,0.0,24,3,0,0,derived_from_native_gap_count,0,6039,0.0,1.0,,,,,True,2013,
rome,rome:60:213-0-s41:p0,11,12,False,4608,159369,4608,4608,33.585286458333336,,0.0,24,7,0,0,derived_from_native_gap_count,20,14091,0.0014193456816407636,1.0,,,,,True,2004,
rome,rome:60:213-0-s41:p1,11,12,False,3024,135102,68913,3024,43.676587301587304,21.788690476190474,0.0,24,6,3,0,derived_from_native_gap_count,65,12078,0.0053816857095545624,0.5,45,6039,0.007451564828614009,0.0,True,1995,
rome,rome:60:213-0-s66:p0,11,12,False,8904,122838,8904,8904,12.795822102425875,,0.0,24,5,0,0,derived_from_native_gap_count,4,10362,0.0003860258637328701,1.0,,,,,True,2011,
rome,rome:60:214-0-s203:p0,11,12,False,10332,128592,35736,10332,11.445993031358885,2.4587688734030198,0.0,24,5,1,0,derived_from_native_gap_count,67,10824,0.006189948263118995,0.8,61,2376,0.025673400673400674,0.0,True,2007,
rome,rome:60:214-0-s203:p1,11,12,False,7512,185733,7512,7512,23.724840255591054,,0.0,24,8,0,0,derived_from_native_gap_count,1,16203,6.171696599395174e-05,1.0,,,,,True,2012,
rome,rome:60:214-0-s220:p0,11,12,False,10464,54750,10464,10464,4.232224770642202,,0.0,24,2,0,0,derived_from_native_gap_count,0,4026,0.0,1.0,,,,,True,2013,
rome,rome:60:229-0-s172:p0,11,12,False,8304,244852,200273,8304,28.486030828516377,23.117654142581888,0.0,24,10,8,0,derived_from_native_gap_count,343,21846,0.015700814794470382,0.2,336,17787,0.018890200708382526,0.0,True,1987,
rome,rome:60:234-0-s260:p0,11,12,False,9876,163930,119724,9876,15.598825435398947,11.122721749696233,0.0,24,7,5,0,derived_from_native_gap_count,131,14124,0.009274992919852733,0.2857142857142857,123,10098,0.01218062982768865,0.0,True,1980,
rome,rome:60:24-0-s158:p0,11,12,False,1932,225654,45858,1932,115.79813664596273,22.736024844720497,0.0,24,10,2,0,derived_from_native_gap_count,51,20394,0.0025007355104442485,0.8,30,4026,0.007451564828614009,0.0,True,1994,
rome,rome:60:24-0-s158:p1,11,12,False,4044,253245,155088,4044,61.62240356083086,37.35014836795252,0.0,24,10,6,0,derived_from_native_gap_count,136,22803,0.00596412752707977,0.4,118,13860,0.008513708513708513,0.0,True,1989,
rome,rome:60:24-0-s158:p2,11,12,False,1596,250245,51645,1596,155.79511278195488,31.35902255639098,0.0,24,10,2,0,derived_from_native_gap_count,61,22671,0.0026906620793083675,0.8,34,4587,0.007412252016568564,0.0,True,2012,
rome,rome:60:24-0-s158:p3,11,12,False,4128,159903,91683,4128,37.73619186046512,21.21002906976744,0.0,24,7,4,0,derived_from_native_gap_count,117,14289,0.008188116733151375,0.42857142857142855,115,8085,0.01422387136672851,0.0,True,1977,
rome,rome:60:24-0-s50:p0,11,12,False,9448,274725,207973,9448,28.077582557154955,21.012383573243014,0.0,24,12,9,0,derived_from_native_gap_count,298,24387,0.01221962521015295,0.25,294,18315,0.016052416052416054,0.0,True,1932,
rome,rome:60:24-0-s50:p1,11,12,False,2720,281606,122276,2720,102.53161764705882,43.95441176470588,0.0,24,12,5,0,derived_from_native_gap_count,135,25476,0.0052991050400376825,0.5833333333333334,96,10956,0.008762322015334063,0.0,True,1986,
rome,rome:60:24-0-s50:p2,11,12,False,770,291303,27865,770,377.3155844155844,35.188311688311686,0.0,24,12,1,0,derived_from_native_gap_count,23,26433,0.0008701244656300836,0.9166666666666666,13,2475,0.0052525252525252525,0.0,True,2046,
rome,rome:60:24-0-s50:p3,11,12,False,1350,209425,46082,1350,154.12962962962962,33.13481481481482,0.0,24,9,2,0,derived_from_native_gap_count,65,18975,0.0034255599472990776,0.7777777777777778,28,4092,0.006842619745845552,0.0,True,2000,
rome,rome:60:24-0-s50:p4,11,12,False,2260,255027,110833,2260,111.8438053097345,48.04115044247788,0.0,24,10,4,0,derived_from_native_gap_count,97,23067,0.004205141544197338,0.6,69,9933,0.00694654183026276,0.0,True,2009,
rome,rome:60:243-0-s57:p0,11,12,False,5340,27483,5340,5340,4.146629213483146,,0.0,24,1,0,0,derived_from_native_gap_count,0,2013,0.0,1.0,,,,,True,2013,
rome,rome:60:243-0-s91:p0,11,12,False,8116,30259,8116,8116,2.7283144406111384,,0.0,24,1,0,0,derived_from_native_gap_count,0,2013,0.0,1.0,,,,,True,2013,
rome,rome:60:243-0-s91:p1,11,12,False,2430,91055,46799,2430,36.47119341563786,18.258847736625516,0.0,24,4,2,0,derived_from_native_gap_count,31,8085,0.00383426097711812,0.5,28,4059,0.006898250800689825,0.0,True,1998,
rome,rome:60:243-0-s94:p0,11,12,False,8756,75278,30739,8756,7.597304705344906,2.5106212882594794,0.0,24,3,1,0,derived_from_native_gap_count,27,6072,0.004446640316205534,0.6666666666666666,16,2013,0.007948335817188276,0.0,True,1997,
rome,rome:60:249-0-s139:p0,11,12,False,29036,135899,69578,29036,3.6803623088579696,1.3962667034026726,0.0,24,5,2,0,derived_from_native_gap_count,321,10065,0.03189269746646796,0.6,312,4026,0.07749627421758569,0.0,True,1830,
rome,rome:60:254-0-s329:p0,11,12,False,7670,183763,98971,7670,22.958670143415905,11.903650586701435,0.0,24,7,4,0,derived_from_native_gap_count,214,16203,0.013207430722705672,0.42857142857142855,199,8481,0.023464214125692724,0.0,True,1904,
rome,rome:60:256-0-s375:p0,11,12,False,8940,118722,52377,8940,12.27986577181208,4.858724832214765,0.0,24,5,2,0,derived_from_native_gap_count,108,10098,0.0106951871657754,0.6,101,4059,0.024882976102488297,0.0,True,1966,
rome,rome:60:257-0-s123:p0,11,12,False,7824,139998,29403,7824,16.89340490797546,2.7580521472392636,0.0,24,6,1,0,derived_from_native_gap_count,57,12078,0.004719324391455539,0.8333333333333334,47,2013,0.02334823646299056,0.0,True,1966,
rome,rome:60:257-0-s123:p1,11,12,False,15648,238095,102828,15648,14.215682515337424,5.571319018404908,0.0,24,9,4,0,derived_from_native_gap_count,127,20361,0.006237414665291489,0.5555555555555556,116,8052,0.014406358668653751,0.0,True,1982,
rome,rome:60:260-0-s115:p0,11,12,False,26718,224524,112750,26718,7.403473313870799,3.220001497118048,0.0,24,9,4,0,derived_from_native_gap_count,370,18348,0.020165685633311534,0.5555555555555556,367,8184,0.0448435972629521,0.0,True,1866,
rome,rome:60:260-0-s14:p0,11,12,False,5412,113907,25419,5412,20.04711751662971,3.6967849223946785,0.0,24,5,1,0,derived_from_native_gap_count,185,10065,0.01838052657724789,0.8,178,2013,0.08842523596621957,0.0,True,1835,
rome,rome:60:268-0-s46:p0,11,12,False,9360,120414,9360,9360,11.86474358974359,,0.0,24,5,0,0,derived_from_native_gap_count,2,10098,0.00019805902158843335,1.0,,,,,True,2011,
rome,rome:60:275-0-s235:p0,11,12,False,7980,29850,29850,7980,2.7406015037593985,2.7406015037593985,0.0,24,1,1,0,derived_from_native_gap_count,53,2046,0.025904203323558164,0.0,53,2046,0.025904203323558164,0.0,True,1993,
rome,rome:60:275-0-s290:p0,11,12,False,4500,26355,26355,4500,4.8566666666666665,4.8566666666666665,0.0,24,1,1,0,derived_from_native_gap_count,24,2013,0.011922503725782414,0.0,24,2013,0.011922503725782414,0.0,True,1989,
rome,rome:60:275-0-s376:p0,11,12,False,23030,89249,89249,23030,2.8753365175857577,2.8753365175857577,0.0,24,3,3,0,derived_from_native_gap_count,78,6105,0.012776412776412777,0.0,78,6105,0.012776412776412777,0.0,True,1976,
rome,rome:60:289-0-s12:p0,11,12,False,10680,166545,144039,10680,14.594101123595506,12.48679775280899,0.0,24,7,6,0,derived_from_native_gap_count,170,14355,0.011842563566701497,0.14285714285714285,170,12309,0.01381103257778861,0.0,True,1987,
rome,rome:60:289-0-s30:p0,11,12,False,5280,203043,181020,5280,37.455113636363635,33.28409090909091,0.0,24,9,8,0,derived_from_native_gap_count,127,18117,0.007009990616547994,0.1111111111111111,117,16104,0.007265275707898659,0.0,True,1995,
rome,rome:60:289-0-s77:p0,11,12,False,14484,169473,147330,14484,10.700704225352112,9.171913835956918,0.0,24,7,6,0,derived_from_native_gap_count,122,14223,0.008577655909442452,0.14285714285714285,122,12210,0.009991809991809993,0.0,True,1985,
rome,rome:60:289-0-s94:p0,11,12,False,20172,172056,83145,20172,7.529446757882213,3.12180249851279,0.0,24,7,3,0,derived_from_native_gap_count,290,14124,0.020532427074483148,0.5714285714285714,288,6039,0.04769001490312966,0.0,True,1817,
rome,rome:60:290-0-s103:p0,11,12,False,23776,89869,45583,23776,2.77981998654105,0.9171853970390309,0.0,24,3,1,0,derived_from_native_gap_count,28,6039,0.004636529226693161,0.6666666666666666,28,2013,0.013909587680079483,0.0,True,1985,
rome,rome:60:290-0-s103:p1,11,12,False,2052,90312,23883,2052,43.01169590643275,10.63888888888889,0.0,24,4,1,0,derived_from_native_gap_count,26,8052,0.003229011425732737,0.75,26,2013,0.012916045702930949,0.0,True,1987,
rome,rome:60:290-0-s119:p0,11,12,False,2556,91191,24846,2556,34.67723004694836,8.720657276995306,0.0,24,4,1,0,derived_from_native_gap_count,25,8085,0.0030921459492888066,0.75,18,2046,0.008797653958944282,0.0,True,2006,
rome,rome:60:290-0-s34:p0,11,12,False,2940,134886,68661,2940,44.8795918367347,22.35408163265306,0.0,24,6,3,0,derived_from_native_gap_count,76,12078,0.006292432521940719,0.5,59,6039,0.00976982944196059,0.0,True,1985,
rome,rome:60:290-0-s36:p0,11,12,False,3036,160671,116469,3036,51.92193675889328,37.362648221343875,0.0,24,7,5,0,derived_from_native_gap_count,83,14421,0.00575549545801262,0.2857142857142857,76,10395,0.007311207311207311,0.0,True,1991,
rome,rome:60:290-0-s36:p1,11,12,False,4776,49041,27006,4776,9.26821608040201,4.6545226130653266,0.0,24,2,1,0,derived_from_native_gap_count,32,4059,0.007883715200788372,0.5,23,2046,0.011241446725317693,0.0,True,2004,
rome,rome:60:290-0-s36:p2,11,12,False,5712,159903,137760,5712,26.99422268907563,23.11764705882353,0.0,24,7,6,0,derived_from_native_gap_count,128,14157,0.009041463586918132,0.14285714285714285,128,12144,0.010540184453227932,0.0,True,1979,
rome,rome:60:293-0-s42:p0,11,12,False,5340,114987,48558,5340,20.533146067415732,8.093258426966292,0.0,24,5,2,0,derived_from_native_gap_count,89,10065,0.008842523596621958,0.6,89,4026,0.022106308991554892,0.0,True,1950,
rome,rome:60:297-1-s52:p0,11,12,False,7104,302958,204171,7104,41.64611486486486,27.74028716216216,0.0,24,12,8,0,derived_from_native_gap_count,211,27126,0.0077785150777851505,0.3333333333333333,185,18117,0.010211403654026605,0.0,True,2016,
rome,rome:60:297-1-s52:p1,11,12,False,4896,254112,182442,4896,50.90196078431372,36.263480392156865,0.0,24,10,7,0,derived_from_native_gap_count,165,22836,0.0072254335260115606,0.3,148,16302,0.009078640657588026,0.0,True,2004,
rome,rome:60:306-0-s25:p0,11,12,False,31620,179316,179316,31620,4.670967741935484,4.670967741935484,0.0,24,7,7,0,derived_from_native_gap_count,639,14124,0.04524214103653356,0.0,639,14124,0.04524214103653356,0.0,True,1823,
rome,rome:60:306-0-s68:p0,11,12,False,16956,143640,143640,16956,7.471337579617835,7.471337579617835,0.0,24,6,6,0,derived_from_native_gap_count,575,12144,0.04734848484848485,0.0,575,12144,0.04734848484848485,0.0,True,1845,
rome,rome:60:309-0-s267:p0,11,12,False,6000,204762,115947,6000,33.127,18.3245,0.0,24,9,5,0,derived_from_native_gap_count,74,18150,0.004077134986225896,0.4444444444444444,64,10065,0.006358668653750621,0.0,True,1996,
rome,rome:60:309-0-s61:p0,11,12,False,3024,25167,3024,3024,7.322420634920635,,0.0,24,1,0,0,derived_from_native_gap_count,0,2013,0.0,1.0,,,,,True,2013,
rome,rome:60:309-0-s61:p1,11,12,False,3696,91440,91440,3696,23.74025974025974,23.74025974025974,0.0,24,4,4,0,derived_from_native_gap_count,69,8052,0.00856929955290611,0.0,69,8052,0.00856929955290611,0.0,True,1990,
rome,rome:60:326-0-s63:p0,11,12,False,17772,236418,192252,17772,12.302835921674545,9.817690749493586,0.0,24,10,8,0,derived_from_native_gap_count,232,20130,0.011525086934923,0.2,222,16104,0.013785394932935917,0.0,True,1954,
rome,rome:60:326-0-s63:p1,11,12,False,10296,119919,119919,10296,10.647144522144522,10.647144522144522,0.0,24,5,5,0,derived_from_native_gap_count,91,10065,0.009041231992051665,0.0,91,10065,0.009041231992051665,0.0,True,1989,
rome,rome:60:326-0-s82:p0,11,12,False,588,221793,22215,588,376.19897959183675,36.78061224489796,0.0,24,10,1,0,derived_from_native_gap_count,49,20163,0.0024301939195556215,0.9,43,2013,0.02136115250869349,0.0,True,1970,
rome,rome:60:329-0-s52:p0,11,12,False,3324,255513,119217,3324,75.86913357400722,34.86552346570397,0.0,24,11,5,0,derived_from_native_gap_count,129,23067,0.005592404734035636,0.5454545454545454,113,10659,0.01060136973449667,0.0,True,1972,
rome,rome:60:329-0-s55:p0,11,12,False,16128,219459,125889,16128,12.607328869047619,6.805617559523809,0.0,24,9,5,0,derived_from_native_gap_count,268,18777,0.014272780529371039,0.4444444444444444,261,10263,0.02543116047939199,0.0,True,1851,
rome,rome:60:329-0-s55:p1,11,12,False,2472,302427,131562,2472,121.34101941747574,52.220873786407765,0.0,24,9,2,0,derived_from_native_gap_count,81,27357,0.0029608509705011513,0.7777777777777778,72,11814,0.006094464195022855,0.0,True,2046,
rome,rome:60:336-0-s227:p0,11,12,False,8030,204297,115865,8030,24.441718555417186,13.429016189290161,0.0,24,9,5,0,derived_from_native_gap_count,302,18117,0.01666942650549208,0.4444444444444444,288,10065,0.028614008941877794,0.0,True,1825,
rome,rome:60:336-0-s227:p1,11,12,False,2880,223380,90662,2880,76.5625,30.479861111111113,0.0,24,10,4,0,derived_from_native_gap_count,93,20130,0.004619970193740686,0.6,79,8052,0.009811227024341779,0.0,True,1988,
rome,rome:60:353-0-s131:p0,11,12,False,10392,240705,33843,10392,22.162528868360276,2.256639722863741,0.0,24,10,1,0,derived_from_native_gap_count,16,20955,0.000763540921021236,0.9,12,2145,0.005594405594405594,0.0,True,2013,
rome,rome:60:353-0-s219:p0,11,12,False,9420,262833,77739,9420,26.9015923566879,7.252547770700637,0.0,24,11,3,0,derived_from_native_gap_count,148,23199,0.006379585326953748,0.7272727272727273,145,6369,0.022766525357198933,0.0,True,1988,
rome,rome:60:360-0-s126:p0,11,12,False,14280,100488,34059,14280,6.036974789915966,1.3850840336134453,0.0,24,4,1,0,derived_from_native_gap_count,197,8052,0.02446597118728266,0.75,197,2013,0.09786388474913064,0.0,True,1816,
rome,rome:60:366-0-s105:p0,11,12,False,3750,179684,91292,3750,46.915733333333336,23.344533333333334,0.0,24,8,4,0,derived_from_native_gap_count,121,16104,0.007513661202185792,0.5,103,8052,0.012791852955787383,0.0,True,1974,
rome,rome:60:43-1-s109:p0,11,12,False,10224,230451,106668,10224,21.540199530516432,9.433098591549296,0.0,24,9,4,0,derived_from_native_gap_count,312,20361,0.015323412406070429,0.5555555555555556,312,9108,0.034255599472990776,0.0,True,1908,
rome,rome:60:43-1-s80:p0,11,12,False,5190,143766,5190,5190,26.70057803468208,,0.0,24,6,0,0,derived_from_native_gap_count,9,12606,0.0007139457401237506,1.0,,,,,True,2013,
rome,rome:60:45-0-s4:p0,11,12,False,7212,186147,118641,7212,24.81073211314476,15.450499168053245,0.0,24,8,5,0,derived_from_native_gap_count,123,16401,0.0074995427108103165,0.375,122,10263,0.011887362369677482,0.0,True,2001,
rome,rome:60:45-0-s4:p1,11,12,False,408,204657,408,408,500.6102941176471,,0.0,24,9,0,0,derived_from_native_gap_count,10,18579,0.0005382421012971634,1.0,,,,,True,2012,
rome,rome:60:46-0-s41:p0,11,12,False,1788,201912,23703,1788,111.9261744966443,12.256711409395972,0.0,24,9,1,0,derived_from_native_gap_count,21,18216,0.001152832674571805,0.8888888888888888,19,2013,0.009438648782911079,0.0,True,1994,
rome,rome:60:46-0-s41:p1,11,12,False,1428,227049,23235,1428,157.99789915966386,15.271008403361344,0.0,24,10,1,0,derived_from_native_gap_count,44,20559,0.002140181915462814,0.9,28,2013,0.013909587680079483,0.0,True,1985,
rome,rome:60:46-0-s49:p0,11,12,False,11352,232614,33363,11352,19.491014799154335,1.938953488372093,0.0,24,10,1,0,derived_from_native_gap_count,14,20130,0.0006954793840039742,0.9,11,2013,0.00546448087431694,0.0,True,2002,
rome,rome:60:46-0-s56:p0,11,12,False,2352,158442,2352,2352,66.36479591836735,,0.0,24,7,0,0,derived_from_native_gap_count,0,14190,0.0,1.0,,,,,True,2013,
rome,rome:60:46-0-s56:p1,11,12,False,288,177288,288,288,614.5833333333334,,0.0,24,8,0,0,derived_from_native_gap_count,12,16104,0.0007451564828614009,1.0,,,,,True,2006,
rome,rome:60:46-0-s56:p2,11,12,False,1752,157215,23631,1752,88.73458904109589,12.488013698630137,0.0,24,7,1,0,derived_from_native_gap_count,22,14157,0.001554001554001554,0.8571428571428571,22,2013,0.01092896174863388,0.0,True,1991,
rome,rome:60:46-0-s56:p3,11,12,False,660,177891,22611,660,268.5318181818182,33.25909090909091,0.0,24,8,1,0,derived_from_native_gap_count,23,16137,0.0014252959038235113,0.875,16,2013,0.007948335817188276,0.0,True,1997,
rome,rome:60:46-0-s65:p0,11,12,False,14100,124467,36003,14100,7.827446808510638,1.553404255319149,0.0,24,5,1,0,derived_from_native_gap_count,29,10065,0.00288127173373075,0.8,20,2013,0.009935419771485345,0.0,True,1993,
rome,rome:60:46-0-s89:p0,11,12,False,2040,179229,90159,2040,86.85735294117647,43.19558823529412,0.0,24,8,4,0,derived_from_native_gap_count,87,16203,0.005369376041473801,0.5,68,8085,0.008410636982065553,0.0,True,1985,
rome,rome:60:47-0-s268:p0,11,12,False,4416,176598,101106,4416,38.99048913043478,21.89538043478261,0.0,24,7,4,0,derived_from_native_gap_count,111,15774,0.00703689615823507,0.42857142857142855,110,8910,0.012345679012345678,0.0,True,1982,
rome,rome:60:51-1-s193:p0,11,12,False,17402,83540,38165,17402,3.8005976324560393,1.1931387196873922,0.0,24,3,1,0,derived_from_native_gap_count,115,6138,0.018735744542196155,0.6666666666666666,115,2013,0.057128663686040734,0.0,True,1898,
rome,rome:60:53-0-s98:p0,11,12,False,1640,222490,45576,1640,134.66463414634146,26.790243902439023,0.0,24,10,2,0,derived_from_native_gap_count,58,20130,0.00288127173373075,0.8,35,4026,0.008693492300049677,0.0,True,1994,
rome,rome:60:58-0-s2:p0,11,12,False,8112,97074,30015,8112,10.966715976331361,2.7000739644970415,0.0,24,4,1,0,derived_from_native_gap_count,28,8118,0.0034491254003449125,0.75,20,2013,0.009935419771485345,0.0,True,1993,
rome,rome:60:58-0-s8:p0,11,12,False,4788,93012,26751,4788,18.426065162907268,4.587092731829574,0.0,24,4,1,0,derived_from_native_gap_count,29,8052,0.003601589667163438,0.75,15,2013,0.007451564828614009,0.0,True,1998,
rome,rome:60:58-1-s27:p0,11,12,False,3340,47486,3340,3340,13.217365269461078,,0.0,24,2,0,0,derived_from_native_gap_count,14,4026,0.003477396920019871,1.0,,,,,True,2005,
rome,rome:60:66-0-s9:p0,11,12,False,10176,190152,10176,10176,17.68632075471698,,0.0,24,8,0,0,derived_from_native_gap_count,6,16368,0.00036656891495601173,1.0,,,,,True,2012,
rome,rome:60:67-1-s1:p0,11,12,False,7776,224865,33345,7776,27.917824074074073,3.2881944444444446,0.0,24,9,1,0,derived_from_native_gap_count,29,19767,0.0014670916173420347,0.8888888888888888,17,2343,0.007255655142979087,0.0,True,2010,
rome,rome:60:68-0-s112:p0,11,12,False,540,67252,540,540,123.54074074074074,,0.0,24,3,0,0,derived_from_native_gap_count,8,6072,0.0013175230566534915,1.0,,,,,True,2013,
rome,rome:60:68-0-s234:p0,11,12,False,3640,136058,47536,3640,36.378571428571426,12.05934065934066,0.0,24,6,2,0,derived_from_native_gap_count,44,12078,0.0036429872495446266,0.6666666666666666,39,4026,0.009687034277198211,0.0,True,1986,
rome,rome:60:70-0-s118:p0,11,12,False,5570,139936,73517,5570,24.123159784560144,12.198743267504488,0.0,24,6,3,0,derived_from_native_gap_count,67,12276,0.005457803844900619,0.5,66,6237,0.010582010582010581,0.0,True,1991,
rome,rome:60:70-0-s141:p0,11,12,False,20102,129107,84921,20102,5.4225947666898815,3.224505024375684,0.0,24,5,3,0,derived_from_native_gap_count,171,10065,0.01698956780923994,0.4,161,6039,0.026660043053485676,0.0,True,1898,
rome,rome:60:70-0-s152:p0,11,12,False,2370,135584,46296,2370,56.2084388185654,18.534177215189874,0.0,24,6,2,0,derived_from_native_gap_count,37,12144,0.003046772068511199,0.6666666666666666,36,4026,0.00894187779433681,0.0,True,1991,
rome,rome:60:70-0-s162:p0,11,12,False,1940,179287,1940,1940,91.4159793814433,,0.0,24,8,0,0,derived_from_native_gap_count,16,16137,0.0009915101939641817,1.0,,,,,True,2006,
rome,rome:60:70-0-s172:p0,11,12,False,3450,180317,69399,3450,51.26579710144927,19.115652173913045,0.0,24,8,3,0,derived_from_native_gap_count,64,16137,0.003966040775856727,0.625,48,6039,0.007948335817188276,0.0,True,1992,
rome,rome:60:70-0-s57:p0,11,12,False,3230,69159,47016,3230,20.41145510835913,13.556037151702787,0.0,24,3,2,0,derived_from_native_gap_count,50,6039,0.008279516476237788,0.3333333333333333,50,4026,0.012419274714356682,0.0,True,1985,
rome,rome:60:70-0-s57:p1,11,12,False,3900,157931,113845,3900,39.4951282051282,28.19102564102564,0.0,24,7,5,0,derived_from_native_gap_count,97,14091,0.0068838265559577035,0.2857142857142857,77,10065,0.007650273224043716,0.0,True,1992,
rome,rome:60:70-0-s57:p2,11,12,False,3460,223740,113315,3460,63.664739884393065,31.75,0.0,24,10,5,0,derived_from_native_gap_count,115,20130,0.005712866368604074,0.5,86,10065,0.008544461003477397,0.0,True,1988,
rome,rome:60:70-0-s78:p0,11,12,False,3420,180163,113834,3420,51.67923976608187,32.284795321637425,0.0,24,8,5,0,derived_from_native_gap_count,149,16203,0.009195827933098808,0.375,139,10164,0.013675718221172766,0.0,True,1967,
rome,rome:60:72-0-s234:p0,11,12,False,4320,70552,70552,4320,15.33148148148148,15.33148148148148,0.0,24,3,3,0,derived_from_native_gap_count,56,6072,0.00922266139657444,0.0,56,6072,0.00922266139657444,0.0,True,1991,
rome,rome:60:78-0-s44:p0,11,12,False,168,109431,168,168,650.375,,0.0,24,4,0,0,derived_from_native_gap_count,0,9933,0.0,1.0,,,,,True,2013,
rome,rome:60:83-0-s152:p0,11,12,False,1960,134158,67779,1960,67.44795918367348,33.58112244897959,0.0,24,6,3,0,derived_from_native_gap_count,66,12078,0.00546448087431694,0.5,61,6039,0.010101010101010102,0.0,True,1986,
rome,rome:60:83-0-s41:p0,11,12,False,4872,93336,4872,4872,18.157635467980295,,0.0,24,4,0,0,derived_from_native_gap_count,9,8052,0.0011177347242921013,1.0,,,,,True,2009,
rome,rome:60:83-0-s59:p0,11,12,False,6744,158904,158904,6744,22.562277580071175,22.562277580071175,0.0,24,7,7,0,derived_from_native_gap_count,267,14124,0.018903993203058623,0.0,267,14124,0.018903993203058623,0.0,True,1871,
rome,rome:60:83-0-s95:p0,11,12,False,2940,135606,2940,2940,45.124489795918365,,0.0,24,6,0,0,derived_from_native_gap_count,16,12078,0.001324722636198046,1.0,,,,,True,2004,
rome,rome:60:83-0-s95:p1,11,12,False,756,111363,756,756,146.30555555555554,,0.0,24,5,0,0,derived_from_native_gap_count,9,10065,0.0008941877794336811,1.0,,,,,True,2008,
rome,rome:60:95-0-s137:p0,11,12,False,2844,207915,2844,2844,72.10654008438819,,0.0,24,9,0,0,derived_from_native_gap_count,2,18645,0.00010726736390453205,1.0,,,,,True,2012,
rome,rome:60:96-0-s156:p0,11,12,False,3612,201957,91107,3612,54.91279069767442,24.223421926910298,0.0,24,9,4,0,derived_from_native_gap_count,139,18183,0.007644503107298026,0.5555555555555556,120,8085,0.014842300556586271,0.0,True,1941,
geolife,010-20080916114237-0,12,5,True,21664,21664,21664,21664,,,0.0,10,0,0,0,none,,,,,,,,,True,,
geolife,010-20080917225654-0,12,5,True,17357,17357,17357,17357,,,0.0,16,0,0,0,none,,,,,,,,,True,,
geolife,010-20080921224934-0,12,5,True,18695,18695,18695,18695,,,0.0,35,0,0,0,none,,,,,,,,,True,,
geolife,010-20080922111517-0,12,5,True,21393,21393,21393,21393,,,0.0,12,0,0,0,none,,,,,,,,,True,,
geolife,010-20080922234926-0,12,5,True,18146,18146,18146,18146,,,0.0,35,0,0,0,none,,,,,,,,,True,,
geolife,010-20080923121817-0,12,5,True,21735,21735,21735,21735,,,0.0,12,0,0,0,none,,,,,,,,,True,,
geolife,010-20080923231456-1,12,5,True,19281,19281,19281,19281,,,0.0,58,0,0,0,none,,,,,,,,,True,,
geolife,010-20080924113459-1,12,5,True,21973,21973,21973,21973,,,0.0,14,0,0,0,none,,,,,,,,,True,,
geolife,010-20080924231334-1,12,5,True,17750,17750,17750,17750,,,0.0,26,0,0,0,none,,,,,,,,,True,,
geolife,010-20080925104204-0,12,5,True,21492,21492,21492,21492,,,0.0,19,0,0,0,none,,,,,,,,,True,,
geolife,010-20080925233430-0,12,5,True,18103,18103,18103,18103,,,0.0,31,0,0,0,none,,,,,,,,,True,,
geolife,010-20080926105402-0,12,5,True,21916,21916,21916,21916,,,0.0,15,0,0,0,none,,,,,,,,,True,,
geolife,010-20080927232235-1,12,5,True,16035,16035,16035,16035,,,0.0,22,0,0,0,none,,,,,,,,,True,,
geolife,010-20081005225112-1,12,5,True,17388,17388,17388,17388,,,0.0,59,0,0,0,none,,,,,,,,,True,,
rome,rome:60:103-0-s96:p0,12,12,True,18646,138722,114566,18646,6.439772605384533,5.144266866888341,0.0,24,5,4,0,derived_from_native_gap_count,110,10098,0.010893246187363835,0.2,110,8085,0.013605442176870748,0.0,True,1955,
rome,rome:60:104-0-s145:p0,12,12,True,2090,279058,59578,2090,132.52057416267942,27.50622009569378,0.0,24,10,2,0,derived_from_native_gap_count,142,23199,0.006120953489374542,0.8,112,4884,0.02293202293202293,0.0,True,2004,
rome,rome:60:105-0-s77:p0,12,12,True,360,201000,360,360,557.3333333333334,,0.0,24,8,0,0,derived_from_native_gap_count,11,16731,0.0006574621959237344,1.0,,,,,True,2005,
rome,rome:60:109-0-s11:p0,12,12,True,10248,130812,34212,10248,11.764637002341921,2.338407494145199,0.0,24,5,1,0,derived_from_native_gap_count,18,10065,0.0017883755588673621,0.8,16,2013,0.007948335817188276,0.0,True,1997,
rome,rome:60:109-0-s11:p1,12,12,True,2208,171468,26196,2208,76.65760869565217,10.86413043478261,0.0,24,7,1,0,derived_from_native_gap_count,19,14124,0.0013452279807419994,0.8571428571428571,14,2013,0.006954793840039742,0.0,True,1999,
rome,rome:60:109-0-s188:p0,12,12,True,11874,154566,81702,11874,12.017180394138453,5.880747852450733,0.0,24,6,3,0,derived_from_native_gap_count,264,12111,0.021798365122615803,0.5,264,6039,0.04371584699453552,0.0,True,1831,
rome,rome:60:109-0-s188:p1,12,12,True,2300,147192,50242,2300,62.996521739130436,20.844347826086956,0.0,24,6,2,0,derived_from_native_gap_count,44,12111,0.0036330608537693005,0.6666666666666666,37,4026,0.009190263288623945,0.0,True,1994,
rome,rome:60:109-0-s32:p0,12,12,True,15742,183394,111096,15742,10.649980942701054,6.057298945496125,0.0,24,7,4,0,derived_from_native_gap_count,144,14091,0.010219288907813498,0.42857142857142855,127,8052,0.015772478887232984,0.0,True,1964,
rome,rome:60:109-0-s40:p0,12,12,True,28662,148140,99900,28662,4.168515804898472,2.4854511199497593,0.0,24,5,3,0,derived_from_native_gap_count,129,10065,0.012816691505216096,0.4,123,6039,0.02036761053154496,0.0,True,1934,
rome,rome:60:109-0-s42:p0,12,12,True,26936,191614,167458,26936,6.113676863676863,5.2168844668844665,0.0,24,7,6,0,derived_from_native_gap_count,490,14157,0.034611852793670975,0.14285714285714285,490,12144,0.040349143610013176,0.0,True,1860,
rome,rome:60:11-0-s11:p0,12,12,True,3040,101008,27026,3040,32.22631578947368,7.8901315789473685,0.0,24,4,1,0,derived_from_native_gap_count,24,8184,0.002932551319648094,0.75,17,2013,0.008445106805762544,0.0,True,1996,
rome,rome:60:11-0-s11:p1,12,12,True,1370,198514,75438,1370,143.9007299270073,54.06423357664234,0.0,24,8,3,0,derived_from_native_gap_count,46,16467,0.0027934657193174227,0.625,38,6204,0.0061250805931656995,0.0,True,2008,
rome,rome:60:11-0-s11:p2,12,12,True,2840,149518,124570,2840,51.64718309859155,42.86267605633803,0.0,24,6,5,0,derived_from_native_gap_count,103,12309,0.008367860914777805,0.16666666666666666,103,10230,0.010068426197458456,0.0,True,1981,
rome,rome:60:11-0-s136:p0,12,12,True,5740,257940,82426,5740,43.937282229965156,13.35993031358885,0.0,24,10,3,0,derived_from_native_gap_count,124,21120,0.005871212121212121,0.7,93,6468,0.01437847866419295,0.0,True,1966,
rome,rome:60:11-0-s186:p0,12,12,True,5680,276278,223630,5680,47.64049295774648,38.37147887323944,0.0,24,10,8,0,derived_from_native_gap_count,185,22704,0.008148343904157857,0.2,183,18315,0.009991809991809993,0.0,True,2005,
rome,rome:60:11-0-s84:p0,12,12,True,3060,76040,51884,3060,23.84967320261438,15.955555555555556,0.0,24,3,2,0,derived_from_native_gap_count,28,6105,0.004586404586404586,0.3333333333333333,28,4092,0.006842619745845552,0.0,True,1997,
rome,rome:60:124-1-s99:p0,12,12,True,1540,289228,84696,1540,186.81038961038962,53.9974025974026,0.0,24,11,3,0,derived_from_native_gap_count,60,24024,0.0024975024975024975,0.7272727272727273,40,6963,0.0057446502944133275,0.0,True,2013,
rome,rome:60:127-0-s273:p0,12,12,True,15504,63780,15504,15504,3.113777089783282,,0.0,24,2,0,0,derived_from_native_gap_count,3,4026,0.0007451564828614009,1.0,,,,,True,2010,
rome,rome:60:128-0-s16:p0,12,12,True,690,124172,690,690,178.95942028985507,,0.0,24,5,0,0,derived_from_native_gap_count,7,10296,0.0006798756798756799,1.0,,,,,True,2007,
rome,rome:60:128-0-s16:p1,12,12,True,1520,121930,49472,1520,79.21710526315789,31.54736842105263,0.0,24,5,2,0,derived_from_native_gap_count,37,10065,0.0036761053154495777,0.6,36,4026,0.00894187779433681,0.0,True,1989,
rome,rome:60:128-0-s65:p0,12,12,True,1704,121632,49332,1704,70.38028169014085,27.950704225352112,0.0,24,5,2,0,derived_from_native_gap_count,71,10065,0.007054148037754595,0.6,57,4026,0.014157973174366617,0.0,True,1981,
rome,rome:60:128-0-s82:p0,12,12,True,21024,138804,90144,21024,5.6021689497716896,3.287671232876712,0.0,24,5,3,0,derived_from_native_gap_count,283,10098,0.02802535155476332,0.4,279,6039,0.046199701937406856,0.0,True,1876,
rome,rome:60:128-0-s82:p1,12,12,True,2592,147216,74412,2592,55.7962962962963,27.708333333333332,0.0,24,6,3,0,derived_from_native_gap_count,59,12111,0.004871604326645199,0.5,54,6039,0.00894187779433681,0.0,True,1985,
rome,rome:60:128-0-s82:p2,12,12,True,612,73080,612,612,118.41176470588235,,0.0,24,3,0,0,derived_from_native_gap_count,0,6039,0.0,1.0,,,,,True,2013,
rome,rome:60:134-0-s99:p0,12,12,True,1908,146688,25668,1908,75.88050314465409,12.452830188679245,0.0,24,6,1,0,derived_from_native_gap_count,46,12111,0.003798199983486087,0.8333333333333334,33,2013,0.01639344262295082,0.0,True,1980,
rome,rome:60:137-0-s71:p0,12,12,True,10974,225958,153570,10974,19.590304355749954,12.993985784581739,0.0,24,9,6,0,derived_from_native_gap_count,242,18117,0.013357619914996965,0.3333333333333333,234,12078,0.019374068554396422,0.0,True,1877,
rome,rome:60:137-0-s71:p1,12,12,True,1330,194564,49332,1330,145.28872180451128,36.09172932330827,0.0,24,8,2,0,derived_from_native_gap_count,41,16137,0.0025407448720332158,0.75,31,4026,0.007699950322901143,0.0,True,1993,
rome,rome:60:137-0-s71:p2,12,12,True,2580,123050,26536,2580,46.6937984496124,9.285271317829457,0.0,24,5,1,0,derived_from_native_gap_count,31,10065,0.003079980129160457,0.8,20,2013,0.009935419771485345,0.0,True,1993,
rome,rome:60:140-0-s121:p0,12,12,True,2364,276312,97776,2364,115.88324873096447,40.36040609137056,0.0,24,11,4,0,derived_from_native_gap_count,139,22968,0.006051898293277604,0.6363636363636364,134,8085,0.016573902288188003,0.0,True,1926,
rome,rome:60:140-0-s121:p1,12,12,True,768,243828,768,768,316.484375,,0.0,24,10,0,0,derived_from_native_gap_count,7,20262,0.00034547428684236504,1.0,,,,,True,2006,
rome,rome:60:149-0-s182:p0,12,12,True,9940,159862,59744,9940,15.082696177062374,5.01046277665996,0.0,24,6,2,0,derived_from_native_gap_count,135,12606,0.010709186101856259,0.6666666666666666,128,4257,0.030068123091378907,0.0,True,1899,
rome,rome:60:149-0-s21:p0,12,12,True,1300,224248,1300,1300,171.49846153846153,,0.0,24,9,0,0,derived_from_native_gap_count,0,18579,0.0,1.0,,,,,True,2046,
rome,rome:60:149-0-s21:p1,12,12,True,110,246422,110,110,2239.2,,0.0,24,10,0,0,derived_from_native_gap_count,0,20526,0.0,1.0,,,,,True,2013,
rome,rome:60:149-0-s21:p2,12,12,True,160,196972,160,160,1230.075,,0.0,24,8,0,0,derived_from_native_gap_count,0,16401,0.0,1.0,,,,,True,2013,
rome,rome:60:149-0-s21:p3,12,12,True,750,221824,750,750,294.76533333333333,,0.0,24,9,0,0,derived_from_native_gap_count,29,18447,0.0015720713395132,1.0,,,,,True,2005,
rome,rome:60:150-0-s108:p0,12,12,True,2380,224692,26406,2380,93.40840336134454,10.094957983193277,0.0,24,9,1,0,derived_from_native_gap_count,24,18546,0.0012940795858945326,0.8888888888888888,13,2013,0.006458022851465474,0.0,True,2000,
rome,rome:60:153-0-s12:p0,12,12,True,912,121608,912,912,132.3421052631579,,0.0,24,5,0,0,derived_from_native_gap_count,7,10065,0.0006954793840039742,1.0,,,,,True,2006,
rome,rome:60:153-0-s12:p1,12,12,True,1200,170688,1200,1200,141.24,,0.0,24,7,0,0,derived_from_native_gap_count,0,14124,0.0,1.0,,,,,True,2013,
rome,rome:60:153-0-s15:p0,12,12,True,1476,123708,1476,1476,82.8130081300813,,0.0,24,5,0,0,derived_from_native_gap_count,11,10197,0.0010787486515641855,1.0,,,,,True,2005,
rome,rome:60:153-0-s15:p1,12,12,True,4128,219828,147408,4128,52.252906976744185,34.7093023255814,0.0,24,9,6,0,derived_from_native_gap_count,142,18117,0.007837942264171772,0.3333333333333333,138,12078,0.011425732737208148,0.0,True,1981,
rome,rome:60:153-0-s15:p2,12,12,True,8028,221940,173784,8028,26.6457399103139,20.647234678624812,0.0,24,9,7,0,derived_from_native_gap_count,291,18117,0.016062261963901307,0.2222222222222222,278,14091,0.019728904974806616,0.0,True,1929,
rome,rome:60:153-0-s214:p0,12,12,True,7060,79704,55152,7060,10.289518413597733,6.8118980169971675,0.0,24,3,2,0,derived_from_native_gap_count,22,6072,0.0036231884057971015,0.3333333333333333,22,4026,0.00546448087431694,0.0,True,2002,
rome,rome:60:155-0-s239:p0,12,12,True,2360,222724,100570,2360,93.37457627118644,41.61440677966102,0.0,24,9,4,0,derived_from_native_gap_count,100,18447,0.005420935653493793,0.5555555555555556,79,8250,0.009575757575757576,0.0,True,1997,
rome,rome:60:155-0-s253:p0,12,12,True,4740,202250,52772,4740,41.66877637130802,10.133333333333333,0.0,24,8,2,0,derived_from_native_gap_count,49,16500,0.00296969696969697,0.75,28,4026,0.006954793840039742,0.0,True,1998,
rome,rome:60:155-0-s266:p0,12,12,True,5140,255354,54070,5140,48.67976653696498,9.519455252918288,0.0,24,10,2,0,derived_from_native_gap_count,85,20922,0.004062709110027722,0.8,57,4125,0.013818181818181818,0.0,True,2008,
rome,rome:60:156-0-s76:p0,12,12,True,18972,163860,18972,18972,7.636938646426312,,0.0,24,6,0,0,derived_from_native_gap_count,4,12078,0.0003311806590495115,1.0,,,,,True,2011,
rome,rome:60:157-0-s98:p0,12,12,True,1896,277908,49968,1896,145.5759493670886,25.354430379746834,0.0,24,11,2,0,derived_from_native_gap_count,66,23067,0.002861230329041488,0.8181818181818182,53,4059,0.013057403301305741,0.0,True,1980,
rome,rome:60:162-0-s40:p0,12,12,True,13124,110276,84932,13124,7.402621152087778,5.471502590673575,0.0,24,4,3,0,derived_from_native_gap_count,55,8151,0.006747638326585695,0.25,55,6039,0.009107468123861567,0.0,True,1989,
rome,rome:60:162-0-s40:p1,12,12,True,3840,186276,133788,3840,47.509375,33.840625,0.0,24,7,5,0,derived_from_native_gap_count,142,15345,0.009253828608667318,0.2857142857142857,127,10956,0.011591821832785688,0.0,True,1985,
rome,rome:60:163-0-s105:p0,12,12,True,11076,107592,34944,11076,8.71397616468039,2.1549295774647885,0.0,24,4,1,0,derived_from_native_gap_count,42,8085,0.005194805194805195,0.75,24,2013,0.011922503725782414,0.0,True,1989,
rome,rome:60:167-0-s26:p0,12,12,True,7368,151560,79092,7368,19.570032573289904,9.734527687296417,0.0,24,6,3,0,derived_from_native_gap_count,62,12078,0.005133300215267428,0.5,62,6039,0.010266600430534857,0.0,True,1988,
rome,rome:60:167-0-s73:p0,12,12,True,4632,149052,52428,4632,31.178756476683937,10.318652849740932,0.0,24,6,2,0,derived_from_native_gap_count,43,12078,0.0035601920847822487,0.6666666666666666,43,4026,0.010680576254346746,0.0,True,1985,
rome,rome:60:172-0-s6:p0,12,12,True,200,155828,200,200,778.14,,0.0,24,6,0,0,derived_from_native_gap_count,0,12969,0.0,1.0,,,,,True,2013,
rome,rome:60:178-0-s37:p0,12,12,True,768,148080,768,768,191.8125,,0.0,24,6,0,0,derived_from_native_gap_count,0,12276,0.0,1.0,,,,,True,2013,
rome,rome:60:178-1-s43:p0,12,12,True,13040,133892,61100,13040,9.267791411042944,3.6855828220858897,0.0,24,5,2,0,derived_from_native_gap_count,60,10131,0.005922416345869114,0.6,54,4059,0.013303769401330377,0.0,True,1990,
rome,rome:60:185-0-s124:p0,12,12,True,880,51890,27338,880,57.96590909090909,30.06590909090909,0.0,24,2,1,0,derived_from_native_gap_count,47,4290,0.010955710955710955,0.5,47,2244,0.02094474153297683,0.0,True,2046,
rome,rome:60:185-0-s150:p0,12,12,True,12626,111974,36566,12626,7.868525265325519,1.8960874386187232,0.0,24,4,1,0,derived_from_native_gap_count,37,8316,0.004449254449254449,0.75,18,2013,0.00894187779433681,0.0,True,1995,
rome,rome:60:193-0-s204:p0,12,12,True,80,72548,80,80,905.85,,0.0,24,3,0,0,derived_from_native_gap_count,0,6039,0.0,1.0,,,,,True,2013,
rome,rome:60:213-0-s41:p0,12,12,True,4608,173460,4608,4608,36.643229166666664,,0.0,24,7,0,0,derived_from_native_gap_count,20,14091,0.0014193456816407636,1.0,,,,,True,2004,
rome,rome:60:213-0-s41:p1,12,12,True,3024,147180,74952,3024,47.67063492063492,23.785714285714285,0.0,24,6,3,0,derived_from_native_gap_count,65,12078,0.0053816857095545624,0.5,45,6039,0.007451564828614009,0.0,True,1995,
rome,rome:60:213-0-s66:p0,12,12,True,8904,133200,8904,8904,13.959568733153638,,0.0,24,5,0,0,derived_from_native_gap_count,4,10362,0.0003860258637328701,1.0,,,,,True,2011,
rome,rome:60:214-0-s203:p0,12,12,True,10332,139416,38112,10332,12.493612078977932,2.6887340301974447,0.0,24,5,1,0,derived_from_native_gap_count,67,10824,0.006189948263118995,0.8,61,2376,0.025673400673400674,0.0,True,2007,
rome,rome:60:214-0-s203:p1,12,12,True,7512,201936,7512,7512,25.881789137380192,,0.0,24,8,0,0,derived_from_native_gap_count,1,16203,6.171696599395174e-05,1.0,,,,,True,2012,
rome,rome:60:214-0-s220:p0,12,12,True,10464,58776,10464,10464,4.61697247706422,,0.0,24,2,0,0,derived_from_native_gap_count,0,4026,0.0,1.0,,,,,True,2013,
rome,rome:60:229-0-s172:p0,12,12,True,8304,266698,218060,8304,31.116811175337187,25.259633911368017,0.0,24,10,8,0,derived_from_native_gap_count,343,21846,0.015700814794470382,0.2,336,17787,0.018890200708382526,0.0,True,1987,
rome,rome:60:234-0-s260:p0,12,12,True,9876,178054,129822,9876,17.0289590927501,12.14520048602673,0.0,24,7,5,0,derived_from_native_gap_count,131,14124,0.009274992919852733,0.2857142857142857,123,10098,0.01218062982768865,0.0,True,1980,
rome,rome:60:24-0-s158:p0,12,12,True,1932,246048,49884,1932,126.35403726708074,24.819875776397517,0.0,24,10,2,0,derived_from_native_gap_count,51,20394,0.0025007355104442485,0.8,30,4026,0.007451564828614009,0.0,True,1994,
rome,rome:60:24-0-s158:p1,12,12,True,4044,276048,168948,4044,67.26112759643917,40.77744807121662,0.0,24,10,6,0,derived_from_native_gap_count,136,22803,0.00596412752707977,0.4,118,13860,0.008513708513708513,0.0,True,1989,
rome,rome:60:24-0-s158:p2,12,12,True,1596,272916,56232,1596,170.0,34.233082706766915,0.0,24,10,2,0,derived_from_native_gap_count,61,22671,0.0026906620793083675,0.8,34,4587,0.007412252016568564,0.0,True,2012,
rome,rome:60:24-0-s158:p3,12,12,True,4128,174192,99768,4128,41.19767441860465,23.16860465116279,0.0,24,7,4,0,derived_from_native_gap_count,117,14289,0.008188116733151375,0.42857142857142855,115,8085,0.01422387136672851,0.0,True,1977,
rome,rome:60:24-0-s50:p0,12,12,True,9448,299112,226288,9448,30.658763759525826,22.950889077053343,0.0,24,12,9,0,derived_from_native_gap_count,298,24387,0.01221962521015295,0.25,294,18315,0.016052416052416054,0.0,True,1932,
rome,rome:60:24-0-s50:p1,12,12,True,2720,307082,133232,2720,111.89779411764705,47.98235294117647,0.0,24,12,5,0,derived_from_native_gap_count,135,25476,0.0052991050400376825,0.5833333333333334,96,10956,0.008762322015334063,0.0,True,1986,
rome,rome:60:24-0-s50:p2,12,12,True,770,317736,30340,770,411.6441558441558,38.4025974025974,0.0,24,12,1,0,derived_from_native_gap_count,23,26433,0.0008701244656300836,0.9166666666666666,13,2475,0.0052525252525252525,0.0,True,2046,
rome,rome:60:24-0-s50:p3,12,12,True,1350,228400,50174,1350,168.1851851851852,36.165925925925926,0.0,24,9,2,0,derived_from_native_gap_count,65,18975,0.0034255599472990776,0.7777777777777778,28,4092,0.006842619745845552,0.0,True,2000,
rome,rome:60:24-0-s50:p4,12,12,True,2260,278094,120766,2260,122.0504424778761,52.43628318584071,0.0,24,10,4,0,derived_from_native_gap_count,97,23067,0.004205141544197338,0.6,69,9933,0.00694654183026276,0.0,True,2009,
rome,rome:60:243-0-s57:p0,12,12,True,5340,29496,5340,5340,4.523595505617978,,0.0,24,1,0,0,derived_from_native_gap_count,0,2013,0.0,1.0,,,,,True,2013,
rome,rome:60:243-0-s91:p0,12,12,True,8116,32272,8116,8116,2.976343026121242,,0.0,24,1,0,0,derived_from_native_gap_count,0,2013,0.0,1.0,,,,,True,2013,
rome,rome:60:243-0-s91:p1,12,12,True,2430,99140,50858,2430,39.79835390946502,19.929218106995886,0.0,24,4,2,0,derived_from_native_gap_count,31,8085,0.00383426097711812,0.5,28,4059,0.006898250800689825,0.0,True,1998,
rome,rome:60:243-0-s94:p0,12,12,True,8756,81350,32752,8756,8.290772042028323,2.7405207857469165,0.0,24,3,1,0,derived_from_native_gap_count,27,6072,0.004446640316205534,0.6666666666666666,16,2013,0.007948335817188276,0.0,True,1997,
rome,rome:60:249-0-s139:p0,12,12,True,29036,145964,73604,29036,4.0270009643201545,1.5349221655875465,0.0,24,5,2,0,derived_from_native_gap_count,321,10065,0.03189269746646796,0.6,312,4026,0.07749627421758569,0.0,True,1830,
rome,rome:60:254-0-s329:p0,12,12,True,7670,199966,107452,7670,25.071186440677966,13.009387222946545,0.0,24,7,4,0,derived_from_native_gap_count,214,16203,0.013207430722705672,0.42857142857142855,199,8481,0.023464214125692724,0.0,True,1904,
rome,rome:60:256-0-s375:p0,12,12,True,8940,128820,56436,8940,13.409395973154362,5.312751677852349,0.0,24,5,2,0,derived_from_native_gap_count,108,10098,0.0106951871657754,0.6,101,4059,0.024882976102488297,0.0,True,1966,
rome,rome:60:257-0-s123:p0,12,12,True,7824,152076,31416,7824,18.437116564417177,3.0153374233128836,0.0,24,6,1,0,derived_from_native_gap_count,57,12078,0.004719324391455539,0.8333333333333334,47,2013,0.02334823646299056,0.0,True,1966,
rome,rome:60:257-0-s123:p1,12,12,True,15648,258456,110880,15648,15.516871165644172,6.085889570552148,0.0,24,9,4,0,derived_from_native_gap_count,127,20361,0.006237414665291489,0.5555555555555556,116,8052,0.014406358668653751,0.0,True,1982,
rome,rome:60:260-0-s115:p0,12,12,True,26718,242872,120934,26718,8.090201362377423,3.526311849689348,0.0,24,9,4,0,derived_from_native_gap_count,370,18348,0.020165685633311534,0.5555555555555556,367,8184,0.0448435972629521,0.0,True,1866,
rome,rome:60:260-0-s14:p0,12,12,True,5412,123972,27432,5412,21.906873614190687,4.068736141906873,0.0,24,5,1,0,derived_from_native_gap_count,185,10065,0.01838052657724789,0.8,178,2013,0.08842523596621957,0.0,True,1835,
rome,rome:60:268-0-s46:p0,12,12,True,9360,130512,9360,9360,12.943589743589744,,0.0,24,5,0,0,derived_from_native_gap_count,2,10098,0.00019805902158843335,1.0,,,,,True,2011,
rome,rome:60:275-0-s235:p0,12,12,True,7980,31896,31896,7980,2.9969924812030073,2.9969924812030073,0.0,24,1,1,0,derived_from_native_gap_count,53,2046,0.025904203323558164,0.0,53,2046,0.025904203323558164,0.0,True,1993,
rome,rome:60:275-0-s290:p0,12,12,True,4500,28368,28368,4500,5.304,5.304,0.0,24,1,1,0,derived_from_native_gap_count,24,2013,0.011922503725782414,0.0,24,2013,0.011922503725782414,0.0,True,1989,
rome,rome:60:275-0-s376:p0,12,12,True,23030,95354,95354,23030,3.1404255319148935,3.1404255319148935,0.0,24,3,3,0,derived_from_native_gap_count,78,6105,0.012776412776412777,0.0,78,6105,0.012776412776412777,0.0,True,1976,
rome,rome:60:289-0-s12:p0,12,12,True,10680,180900,156348,10680,15.938202247191011,13.639325842696628,0.0,24,7,6,0,derived_from_native_gap_count,170,14355,0.011842563566701497,0.14285714285714285,170,12309,0.01381103257778861,0.0,True,1987,
rome,rome:60:289-0-s30:p0,12,12,True,5280,221160,197124,5280,40.88636363636363,36.33409090909091,0.0,24,9,8,0,derived_from_native_gap_count,127,18117,0.007009990616547994,0.1111111111111111,117,16104,0.007265275707898659,0.0,True,1995,
rome,rome:60:289-0-s77:p0,12,12,True,14484,183696,159540,14484,11.68268434134217,10.014913007456503,0.0,24,7,6,0,derived_from_native_gap_count,122,14223,0.008577655909442452,0.14285714285714285,122,12210,0.009991809991809993,0.0,True,1985,
rome,rome:60:289-0-s94:p0,12,12,True,20172,186180,89184,20172,8.229625223081499,3.4211778703152884,0.0,24,7,3,0,derived_from_native_gap_count,290,14124,0.020532427074483148,0.5714285714285714,288,6039,0.04769001490312966,0.0,True,1817,
rome,rome:60:290-0-s103:p0,12,12,True,23776,95908,47596,23776,3.0338156123822344,1.0018506056527592,0.0,24,3,1,0,derived_from_native_gap_count,28,6039,0.004636529226693161,0.6666666666666666,28,2013,0.013909587680079483,0.0,True,1985,
rome,rome:60:290-0-s103:p1,12,12,True,2052,98364,25896,2052,46.93567251461988,11.619883040935672,0.0,24,4,1,0,derived_from_native_gap_count,26,8052,0.003229011425732737,0.75,26,2013,0.012916045702930949,0.0,True,1987,
rome,rome:60:290-0-s119:p0,12,12,True,2556,99276,26892,2556,37.840375586854464,9.52112676056338,0.0,24,4,1,0,derived_from_native_gap_count,25,8085,0.0030921459492888066,0.75,18,2046,0.008797653958944282,0.0,True,2006,
rome,rome:60:290-0-s34:p0,12,12,True,2940,146964,74700,2940,48.987755102040815,24.408163265306122,0.0,24,6,3,0,derived_from_native_gap_count,76,12078,0.006292432521940719,0.5,59,6039,0.00976982944196059,0.0,True,1985,
rome,rome:60:290-0-s36:p0,12,12,True,3036,175092,126864,3036,56.67193675889328,40.78656126482213,0.0,24,7,5,0,derived_from_native_gap_count,83,14421,0.00575549545801262,0.2857142857142857,76,10395,0.007311207311207311,0.0,True,1991,
rome,rome:60:290-0-s36:p1,12,12,True,4776,53100,29052,4776,10.118090452261306,5.082914572864322,0.0,24,2,1,0,derived_from_native_gap_count,32,4059,0.007883715200788372,0.5,23,2046,0.011241446725317693,0.0,True,2004,
rome,rome:60:290-0-s36:p2,12,12,True,5712,174060,149904,5712,29.472689075630253,25.243697478991596,0.0,24,7,6,0,derived_from_native_gap_count,128,14157,0.009041463586918132,0.14285714285714285,128,12144,0.010540184453227932,0.0,True,1979,
rome,rome:60:293-0-s42:p0,12,12,True,5340,125052,52584,5340,22.41797752808989,8.847191011235955,0.0,24,5,2,0,derived_from_native_gap_count,89,10065,0.008842523596621958,0.6,89,4026,0.022106308991554892,0.0,True,1950,
rome,rome:60:297-1-s52:p0,12,12,True,7104,330084,222288,7104,45.464527027027025,30.29054054054054,0.0,24,12,8,0,derived_from_native_gap_count,211,27126,0.0077785150777851505,0.3333333333333333,185,18117,0.010211403654026605,0.0,True,2016,
rome,rome:60:297-1-s52:p1,12,12,True,4896,276948,198744,4896,55.56617647058823,39.59313725490196,0.0,24,10,7,0,derived_from_native_gap_count,165,22836,0.0072254335260115606,0.3,148,16302,0.009078640657588026,0.0,True,2004,
rome,rome:60:306-0-s25:p0,12,12,True,31620,193440,193440,31620,5.117647058823529,5.117647058823529,0.0,24,7,7,0,derived_from_native_gap_count,639,14124,0.04524214103653356,0.0,639,14124,0.04524214103653356,0.0,True,1823,
rome,rome:60:306-0-s68:p0,12,12,True,16956,155784,155784,16956,8.18754423213022,8.18754423213022,0.0,24,6,6,0,derived_from_native_gap_count,575,12144,0.04734848484848485,0.0,575,12144,0.04734848484848485,0.0,True,1845,
rome,rome:60:309-0-s267:p0,12,12,True,6000,222912,126012,6000,36.152,20.002,0.0,24,9,5,0,derived_from_native_gap_count,74,18150,0.004077134986225896,0.4444444444444444,64,10065,0.006358668653750621,0.0,True,1996,
rome,rome:60:309-0-s61:p0,12,12,True,3024,27180,3024,3024,7.988095238095238,,0.0,24,1,0,0,derived_from_native_gap_count,0,2013,0.0,1.0,,,,,True,2013,
rome,rome:60:309-0-s61:p1,12,12,True,3696,99492,99492,3696,25.91883116883117,25.91883116883117,0.0,24,4,4,0,derived_from_native_gap_count,69,8052,0.00856929955290611,0.0,69,8052,0.00856929955290611,0.0,True,1990,
rome,rome:60:326-0-s63:p0,12,12,True,17772,256548,208356,17772,13.435516542876435,10.723835246455097,0.0,24,10,8,0,derived_from_native_gap_count,232,20130,0.011525086934923,0.2,222,16104,0.013785394932935917,0.0,True,1954,
rome,rome:60:326-0-s63:p1,12,12,True,10296,129984,129984,10296,11.624708624708624,11.624708624708624,0.0,24,5,5,0,derived_from_native_gap_count,91,10065,0.009041231992051665,0.0,91,10065,0.009041231992051665,0.0,True,1989,
rome,rome:60:326-0-s82:p0,12,12,True,588,241956,24228,588,410.48979591836735,40.204081632653065,0.0,24,10,1,0,derived_from_native_gap_count,49,20163,0.0024301939195556215,0.9,43,2013,0.02136115250869349,0.0,True,1970,
rome,rome:60:329-0-s52:p0,12,12,True,3324,278580,129876,3324,82.8086642599278,38.07220216606498,0.0,24,11,5,0,derived_from_native_gap_count,129,23067,0.005592404734035636,0.5454545454545454,113,10659,0.01060136973449667,0.0,True,1972,
rome,rome:60:329-0-s55:p0,12,12,True,16128,238236,136152,16128,13.771577380952381,7.441964285714286,0.0,24,9,5,0,derived_from_native_gap_count,268,18777,0.014272780529371039,0.4444444444444444,261,10263,0.02543116047939199,0.0,True,1851,
rome,rome:60:329-0-s55:p1,12,12,True,2472,329784,143376,2472,132.40776699029126,57.0,0.0,24,9,2,0,derived_from_native_gap_count,81,27357,0.0029608509705011513,0.7777777777777778,72,11814,0.006094464195022855,0.0,True,2046,
rome,rome:60:336-0-s227:p0,12,12,True,8030,222414,125930,8030,26.69788293897883,14.682440846824408,0.0,24,9,5,0,derived_from_native_gap_count,302,18117,0.01666942650549208,0.4444444444444444,288,10065,0.028614008941877794,0.0,True,1825,
rome,rome:60:336-0-s227:p1,12,12,True,2880,243510,98714,2880,83.55208333333333,33.27569444444445,0.0,24,10,4,0,derived_from_native_gap_count,93,20130,0.004619970193740686,0.6,79,8052,0.009811227024341779,0.0,True,1988,
rome,rome:60:353-0-s131:p0,12,12,True,10392,261660,35988,10392,24.178983833718245,2.4630484988452657,0.0,24,10,1,0,derived_from_native_gap_count,16,20955,0.000763540921021236,0.9,12,2145,0.005594405594405594,0.0,True,2013,
rome,rome:60:353-0-s219:p0,12,12,True,9420,286032,84108,9420,29.364331210191082,7.928662420382166,0.0,24,11,3,0,derived_from_native_gap_count,148,23199,0.006379585326953748,0.7272727272727273,145,6369,0.022766525357198933,0.0,True,1988,
rome,rome:60:360-0-s126:p0,12,12,True,14280,108540,36072,14280,6.600840336134453,1.5260504201680671,0.0,24,4,1,0,derived_from_native_gap_count,197,8052,0.02446597118728266,0.75,197,2013,0.09786388474913064,0.0,True,1816,
rome,rome:60:366-0-s105:p0,12,12,True,3750,195788,99344,3750,51.21013333333333,25.491733333333332,0.0,24,8,4,0,derived_from_native_gap_count,121,16104,0.007513661202185792,0.5,103,8052,0.012791852955787383,0.0,True,1974,
rome,rome:60:43-1-s109:p0,12,12,True,10224,250812,115776,10224,23.531690140845072,10.32394366197183,0.0,24,9,4,0,derived_from_native_gap_count,312,20361,0.015323412406070429,0.5555555555555556,312,9108,0.034255599472990776,0.0,True,1908,
rome,rome:60:43-1-s80:p0,12,12,True,5190,156372,5190,5190,29.129479768786126,,0.0,24,6,0,0,derived_from_native_gap_count,9,12606,0.0007139457401237506,1.0,,,,,True,2013,
rome,rome:60:45-0-s4:p0,12,12,True,7212,202548,128904,7212,27.08485856905158,16.873544093178037,0.0,24,8,5,0,derived_from_native_gap_count,123,16401,0.0074995427108103165,0.375,122,10263,0.011887362369677482,0.0,True,2001,
rome,rome:60:45-0-s4:p1,12,12,True,408,223236,408,408,546.1470588235294,,0.0,24,9,0,0,derived_from_native_gap_count,10,18579,0.0005382421012971634,1.0,,,,,True,2012,
rome,rome:60:46-0-s41:p0,12,12,True,1788,220128,25716,1788,122.11409395973155,13.38255033557047,0.0,24,9,1,0,derived_from_native_gap_count,21,18216,0.001152832674571805,0.8888888888888888,19,2013,0.009438648782911079,0.0,True,1994,
rome,rome:60:46-0-s41:p1,12,12,True,1428,247608,25248,1428,172.39495798319328,16.680672268907564,0.0,24,10,1,0,derived_from_native_gap_count,44,20559,0.002140181915462814,0.9,28,2013,0.013909587680079483,0.0,True,1985,
rome,rome:60:46-0-s49:p0,12,12,True,11352,252744,35376,11352,21.264270613107822,2.116279069767442,0.0,24,10,1,0,derived_from_native_gap_count,14,20130,0.0006954793840039742,0.9,11,2013,0.00546448087431694,0.0,True,2002,
rome,rome:60:46-0-s56:p0,12,12,True,2352,172632,2352,2352,72.39795918367346,,0.0,24,7,0,0,derived_from_native_gap_count,0,14190,0.0,1.0,,,,,True,2013,
rome,rome:60:46-0-s56:p1,12,12,True,288,193392,288,288,670.5,,0.0,24,8,0,0,derived_from_native_gap_count,12,16104,0.0007451564828614009,1.0,,,,,True,2006,
rome,rome:60:46-0-s56:p2,12,12,True,1752,171372,25644,1752,96.81506849315069,13.636986301369863,0.0,24,7,1,0,derived_from_native_gap_count,22,14157,0.001554001554001554,0.8571428571428571,22,2013,0.01092896174863388,0.0,True,1991,
rome,rome:60:46-0-s56:p3,12,12,True,660,194028,24624,660,292.9818181818182,36.30909090909091,0.0,24,8,1,0,derived_from_native_gap_count,23,16137,0.0014252959038235113,0.875,16,2013,0.007948335817188276,0.0,True,1997,
rome,rome:60:46-0-s65:p0,12,12,True,14100,134532,38016,14100,8.54127659574468,1.6961702127659575,0.0,24,5,1,0,derived_from_native_gap_count,29,10065,0.00288127173373075,0.8,20,2013,0.009935419771485345,0.0,True,1993,
rome,rome:60:46-0-s89:p0,12,12,True,2040,195432,98244,2040,94.8,47.15882352941176,0.0,24,8,4,0,derived_from_native_gap_count,87,16203,0.005369376041473801,0.5,68,8085,0.008410636982065553,0.0,True,1985,
rome,rome:60:47-0-s268:p0,12,12,True,4416,192372,110016,4416,42.5625,23.91304347826087,0.0,24,7,4,0,derived_from_native_gap_count,111,15774,0.00703689615823507,0.42857142857142855,110,8910,0.012345679012345678,0.0,True,1982,
rome,rome:60:51-1-s193:p0,12,12,True,17402,89678,40178,17402,4.153315710837835,1.308815078726583,0.0,24,3,1,0,derived_from_native_gap_count,115,6138,0.018735744542196155,0.6666666666666666,115,2013,0.057128663686040734,0.0,True,1898,
rome,rome:60:53-0-s98:p0,12,12,True,1640,242620,49602,1640,146.9390243902439,29.245121951219513,0.0,24,10,2,0,derived_from_native_gap_count,58,20130,0.00288127173373075,0.8,35,4026,0.008693492300049677,0.0,True,1994,
rome,rome:60:58-0-s2:p0,12,12,True,8112,105192,32028,8112,11.967455621301776,2.948224852071006,0.0,24,4,1,0,derived_from_native_gap_count,28,8118,0.0034491254003449125,0.75,20,2013,0.009935419771485345,0.0,True,1993,
rome,rome:60:58-0-s8:p0,12,12,True,4788,101064,28764,4788,20.107769423558896,5.007518796992481,0.0,24,4,1,0,derived_from_native_gap_count,29,8052,0.003601589667163438,0.75,15,2013,0.007451564828614009,0.0,True,1998,
rome,rome:60:58-1-s27:p0,12,12,True,3340,51512,3340,3340,14.422754491017963,,0.0,24,2,0,0,derived_from_native_gap_count,14,4026,0.003477396920019871,1.0,,,,,True,2005,
rome,rome:60:66-0-s9:p0,12,12,True,10176,206520,10176,10176,19.294811320754718,,0.0,24,8,0,0,derived_from_native_gap_count,6,16368,0.00036656891495601173,1.0,,,,,True,2012,
rome,rome:60:67-1-s1:p0,12,12,True,7776,244632,35688,7776,30.459876543209877,3.5895061728395063,0.0,24,9,1,0,derived_from_native_gap_count,29,19767,0.0014670916173420347,0.8888888888888888,17,2343,0.007255655142979087,0.0,True,2010,
rome,rome:60:68-0-s112:p0,12,12,True,540,73324,540,540,134.78518518518518,,0.0,24,3,0,0,derived_from_native_gap_count,8,6072,0.0013175230566534915,1.0,,,,,True,2013,
rome,rome:60:68-0-s234:p0,12,12,True,3640,148136,51562,3640,39.6967032967033,13.165384615384616,0.0,24,6,2,0,derived_from_native_gap_count,44,12078,0.0036429872495446266,0.6666666666666666,39,4026,0.009687034277198211,0.0,True,1986,
rome,rome:60:70-0-s118:p0,12,12,True,5570,152212,79754,5570,26.32710951526032,13.318491921005386,0.0,24,6,3,0,derived_from_native_gap_count,67,12276,0.005457803844900619,0.5,66,6237,0.010582010582010581,0.0,True,1991,
rome,rome:60:70-0-s141:p0,12,12,True,20102,139172,90960,20102,5.923291214804497,3.524922893244453,0.0,24,5,3,0,derived_from_native_gap_count,171,10065,0.01698956780923994,0.4,161,6039,0.026660043053485676,0.0,True,1898,
rome,rome:60:70-0-s152:p0,12,12,True,2370,147728,50322,2370,61.332489451476796,20.232911392405065,0.0,24,6,2,0,derived_from_native_gap_count,37,12144,0.003046772068511199,0.6666666666666666,36,4026,0.00894187779433681,0.0,True,1991,
rome,rome:60:70-0-s162:p0,12,12,True,1940,195424,1940,1940,99.7340206185567,,0.0,24,8,0,0,derived_from_native_gap_count,16,16137,0.0009915101939641817,1.0,,,,,True,2006,
rome,rome:60:70-0-s172:p0,12,12,True,3450,196454,75438,3450,55.9431884057971,20.866086956521738,0.0,24,8,3,0,derived_from_native_gap_count,64,16137,0.003966040775856727,0.625,48,6039,0.007948335817188276,0.0,True,1992,
rome,rome:60:70-0-s57:p0,12,12,True,3230,75198,51042,3230,22.28111455108359,14.802476780185758,0.0,24,3,2,0,derived_from_native_gap_count,50,6039,0.008279516476237788,0.3333333333333333,50,4026,0.012419274714356682,0.0,True,1985,
rome,rome:60:70-0-s57:p1,12,12,True,3900,172022,123910,3900,43.10820512820513,30.77179487179487,0.0,24,7,5,0,derived_from_native_gap_count,97,14091,0.0068838265559577035,0.2857142857142857,77,10065,0.007650273224043716,0.0,True,1992,
rome,rome:60:70-0-s57:p2,12,12,True,3460,243870,123380,3460,69.48265895953757,34.65895953757225,0.0,24,10,5,0,derived_from_native_gap_count,115,20130,0.005712866368604074,0.5,86,10065,0.008544461003477397,0.0,True,1988,
rome,rome:60:70-0-s78:p0,12,12,True,3420,196366,123998,3420,56.416959064327486,35.25672514619883,0.0,24,8,5,0,derived_from_native_gap_count,149,16203,0.009195827933098808,0.375,139,10164,0.013675718221172766,0.0,True,1967,
rome,rome:60:72-0-s234:p0,12,12,True,4320,76624,76624,4320,16.737037037037037,16.737037037037037,0.0,24,3,3,0,derived_from_native_gap_count,56,6072,0.00922266139657444,0.0,56,6072,0.00922266139657444,0.0,True,1991,
rome,rome:60:78-0-s44:p0,12,12,True,168,119364,168,168,709.5,,0.0,24,4,0,0,derived_from_native_gap_count,0,9933,0.0,1.0,,,,,True,2013,
rome,rome:60:83-0-s152:p0,12,12,True,1960,146236,73818,1960,73.61020408163266,36.662244897959184,0.0,24,6,3,0,derived_from_native_gap_count,66,12078,0.00546448087431694,0.5,61,6039,0.010101010101010102,0.0,True,1986,
rome,rome:60:83-0-s41:p0,12,12,True,4872,101388,4872,4872,19.810344827586206,,0.0,24,4,0,0,derived_from_native_gap_count,9,8052,0.0011177347242921013,1.0,,,,,True,2009,
rome,rome:60:83-0-s59:p0,12,12,True,6744,173028,173028,6744,24.656583629893237,24.656583629893237,0.0,24,7,7,0,derived_from_native_gap_count,267,14124,0.018903993203058623,0.0,267,14124,0.018903993203058623,0.0,True,1871,
rome,rome:60:83-0-s95:p0,12,12,True,2940,147684,2940,2940,49.23265306122449,,0.0,24,6,0,0,derived_from_native_gap_count,16,12078,0.001324722636198046,1.0,,,,,True,2004,
rome,rome:60:83-0-s95:p1,12,12,True,756,121428,756,756,159.61904761904762,,0.0,24,5,0,0,derived_from_native_gap_count,9,10065,0.0008941877794336811,1.0,,,,,True,2008,
rome,rome:60:95-0-s137:p0,12,12,True,2844,226560,2844,2844,78.66244725738396,,0.0,24,9,0,0,derived_from_native_gap_count,2,18645,0.00010726736390453205,1.0,,,,,True,2012,
rome,rome:60:96-0-s156:p0,12,12,True,3612,220140,99192,3612,59.946843853820596,26.461794019933556,0.0,24,9,4,0,derived_from_native_gap_count,139,18183,0.007644503107298026,0.5555555555555556,120,8085,0.014842300556586271,0.0,True,1941,
geolife,010-20080916114237-0,13,5,True,21664,21664,21664,21664,,,0.0,10,0,0,0,none,,,,,,,,,True,,
geolife,010-20080917225654-0,13,5,True,17357,17357,17357,17357,,,0.0,16,0,0,0,none,,,,,,,,,True,,
geolife,010-20080921224934-0,13,5,True,18695,18695,18695,18695,,,0.0,35,0,0,0,none,,,,,,,,,True,,
geolife,010-20080922111517-0,13,5,True,21393,21393,21393,21393,,,0.0,12,0,0,0,none,,,,,,,,,True,,
geolife,010-20080922234926-0,13,5,True,18146,18146,18146,18146,,,0.0,35,0,0,0,none,,,,,,,,,True,,
geolife,010-20080923121817-0,13,5,True,21735,21735,21735,21735,,,0.0,12,0,0,0,none,,,,,,,,,True,,
geolife,010-20080923231456-1,13,5,True,19281,19281,19281,19281,,,0.0,58,0,0,0,none,,,,,,,,,True,,
geolife,010-20080924113459-1,13,5,True,21973,21973,21973,21973,,,0.0,14,0,0,0,none,,,,,,,,,True,,
geolife,010-20080924231334-1,13,5,True,17750,17750,17750,17750,,,0.0,26,0,0,0,none,,,,,,,,,True,,
geolife,010-20080925104204-0,13,5,True,21492,21492,21492,21492,,,0.0,19,0,0,0,none,,,,,,,,,True,,
geolife,010-20080925233430-0,13,5,True,18103,18103,18103,18103,,,0.0,31,0,0,0,none,,,,,,,,,True,,
geolife,010-20080926105402-0,13,5,True,21916,21916,21916,21916,,,0.0,15,0,0,0,none,,,,,,,,,True,,
geolife,010-20080927232235-1,13,5,True,16035,16035,16035,16035,,,0.0,22,0,0,0,none,,,,,,,,,True,,
geolife,010-20081005225112-1,13,5,True,17388,17388,17388,17388,,,0.0,59,0,0,0,none,,,,,,,,,True,,
rome,rome:60:103-0-s96:p0,13,12,True,18646,148820,122651,18646,6.981336479673924,5.577871929636383,0.0,24,5,4,0,derived_from_native_gap_count,110,10098,0.010893246187363835,0.2,110,8085,0.013605442176870748,0.0,True,1955,
rome,rome:60:104-0-s145:p0,13,12,True,2090,302257,64462,2090,143.62057416267942,29.843062200956936,0.0,24,10,2,0,derived_from_native_gap_count,142,23199,0.006120953489374542,0.8,112,4884,0.02293202293202293,0.0,True,2004,
rome,rome:60:105-0-s77:p0,13,12,True,360,217731,360,360,603.8083333333333,,0.0,24,8,0,0,derived_from_native_gap_count,11,16731,0.0006574621959237344,1.0,,,,,True,2005,
rome,rome:60:109-0-s11:p0,13,12,True,10248,140877,36225,10248,12.746779859484777,2.5348360655737703,0.0,24,5,1,0,derived_from_native_gap_count,18,10065,0.0017883755588673621,0.8,16,2013,0.007948335817188276,0.0,True,1997,
rome,rome:60:109-0-s11:p1,13,12,True,2208,185592,28209,2208,83.05434782608695,11.775815217391305,0.0,24,7,1,0,derived_from_native_gap_count,19,14124,0.0013452279807419994,0.8571428571428571,14,2013,0.006954793840039742,0.0,True,1999,
rome,rome:60:109-0-s188:p0,13,12,True,11874,166677,87741,11874,13.037139969681657,6.389338049519959,0.0,24,6,3,0,derived_from_native_gap_count,264,12111,0.021798365122615803,0.5,264,6039,0.04371584699453552,0.0,True,1831,
rome,rome:60:109-0-s188:p1,13,12,True,2300,159303,54268,2300,68.26217391304348,22.594782608695652,0.0,24,6,2,0,derived_from_native_gap_count,44,12111,0.0036330608537693005,0.6666666666666666,37,4026,0.009190263288623945,0.0,True,1994,
rome,rome:60:109-0-s32:p0,13,12,True,15742,197485,119148,15742,11.545102274171008,6.568796849193241,0.0,24,7,4,0,derived_from_native_gap_count,144,14091,0.010219288907813498,0.42857142857142855,127,8052,0.015772478887232984,0.0,True,1964,
rome,rome:60:109-0-s40:p0,13,12,True,28662,158205,105939,28662,4.519677621938455,2.696148210173749,0.0,24,5,3,0,derived_from_native_gap_count,129,10065,0.012816691505216096,0.4,123,6039,0.02036761053154496,0.0,True,1934,
rome,rome:60:109-0-s42:p0,13,12,True,26936,205771,179602,26936,6.639256014256015,5.667730917730918,0.0,24,7,6,0,derived_from_native_gap_count,490,14157,0.034611852793670975,0.14285714285714285,490,12144,0.040349143610013176,0.0,True,1860,
rome,rome:60:11-0-s11:p0,13,12,True,3040,109192,29039,3040,34.91842105263158,8.552302631578947,0.0,24,4,1,0,derived_from_native_gap_count,24,8184,0.002932551319648094,0.75,17,2013,0.008445106805762544,0.0,True,1996,
rome,rome:60:11-0-s11:p1,13,12,True,1370,214981,81642,1370,155.92043795620438,58.59270072992701,0.0,24,8,3,0,derived_from_native_gap_count,46,16467,0.0027934657193174227,0.625,38,6204,0.0061250805931656995,0.0,True,2008,
rome,rome:60:11-0-s11:p2,13,12,True,2840,161827,134800,2840,55.98133802816901,46.46478873239437,0.0,24,6,5,0,derived_from_native_gap_count,103,12309,0.008367860914777805,0.16666666666666666,103,10230,0.010068426197458456,0.0,True,1981,
rome,rome:60:11-0-s136:p0,13,12,True,5740,279060,88894,5740,47.616724738675956,14.486759581881532,0.0,24,10,3,0,derived_from_native_gap_count,124,21120,0.005871212121212121,0.7,93,6468,0.01437847866419295,0.0,True,1966,
rome,rome:60:11-0-s186:p0,13,12,True,5680,298982,241945,5680,51.63767605633803,41.59595070422535,0.0,24,10,8,0,derived_from_native_gap_count,185,22704,0.008148343904157857,0.2,183,18315,0.009991809991809993,0.0,True,2005,
rome,rome:60:11-0-s84:p0,13,12,True,3060,82145,55976,3060,25.844771241830067,17.29281045751634,0.0,24,3,2,0,derived_from_native_gap_count,28,6105,0.004586404586404586,0.3333333333333333,28,4092,0.006842619745845552,0.0,True,1997,
rome,rome:60:124-1-s99:p0,13,12,True,1540,313252,91659,1540,202.41038961038961,58.51883116883117,0.0,24,11,3,0,derived_from_native_gap_count,60,24024,0.0024975024975024975,0.7272727272727273,40,6963,0.0057446502944133275,0.0,True,2013,
rome,rome:60:127-0-s273:p0,13,12,True,15504,67806,15504,15504,3.373452012383901,,0.0,24,2,0,0,derived_from_native_gap_count,3,4026,0.0007451564828614009,1.0,,,,,True,2010,
rome,rome:60:128-0-s16:p0,13,12,True,690,134468,690,690,193.88115942028986,,0.0,24,5,0,0,derived_from_native_gap_count,7,10296,0.0006798756798756799,1.0,,,,,True,2007,
rome,rome:60:128-0-s16:p1,13,12,True,1520,131995,53498,1520,85.83881578947368,34.19605263157895,0.0,24,5,2,0,derived_from_native_gap_count,37,10065,0.0036761053154495777,0.6,36,4026,0.00894187779433681,0.0,True,1989,
rome,rome:60:128-0-s65:p0,13,12,True,1704,131697,53358,1704,76.28697183098592,30.31338028169014,0.0,24,5,2,0,derived_from_native_gap_count,71,10065,0.007054148037754595,0.6,57,4026,0.014157973174366617,0.0,True,1981,
rome,rome:60:128-0-s82:p0,13,12,True,21024,148902,96183,21024,6.082477168949771,3.574914383561644,0.0,24,5,3,0,derived_from_native_gap_count,283,10098,0.02802535155476332,0.4,279,6039,0.046199701937406856,0.0,True,1876,
rome,rome:60:128-0-s82:p1,13,12,True,2592,159327,80451,2592,60.46875,30.038194444444443,0.0,24,6,3,0,derived_from_native_gap_count,59,12111,0.004871604326645199,0.5,54,6039,0.00894187779433681,0.0,True,1985,
rome,rome:60:128-0-s82:p2,13,12,True,612,79119,612,612,128.27941176470588,,0.0,24,3,0,0,derived_from_native_gap_count,0,6039,0.0,1.0,,,,,True,2013,
rome,rome:60:134-0-s99:p0,13,12,True,1908,158799,27681,1908,82.22798742138365,13.507861635220126,0.0,24,6,1,0,derived_from_native_gap_count,46,12111,0.003798199983486087,0.8333333333333334,33,2013,0.01639344262295082,0.0,True,1980,
rome,rome:60:137-0-s71:p0,13,12,True,10974,244075,165648,10974,21.241206488062694,14.094587206123565,0.0,24,9,6,0,derived_from_native_gap_count,242,18117,0.013357619914996965,0.3333333333333333,234,12078,0.019374068554396422,0.0,True,1877,
rome,rome:60:137-0-s71:p1,13,12,True,1330,210701,53358,1330,157.4218045112782,39.1187969924812,0.0,24,8,2,0,derived_from_native_gap_count,41,16137,0.0025407448720332158,0.75,31,4026,0.007699950322901143,0.0,True,1993,
rome,rome:60:137-0-s71:p2,13,12,True,2580,133115,28549,2580,50.59496124031008,10.065503875968993,0.0,24,5,1,0,derived_from_native_gap_count,31,10065,0.003079980129160457,0.8,20,2013,0.009935419771485345,0.0,True,1993,
rome,rome:60:140-0-s121:p0,13,12,True,2364,299280,105861,2364,125.5989847715736,43.78045685279188,0.0,24,11,4,0,derived_from_native_gap_count,139,22968,0.006051898293277604,0.6363636363636364,134,8085,0.016573902288188003,0.0,True,1926,
rome,rome:60:140-0-s121:p1,13,12,True,768,264090,768,768,342.8671875,,0.0,24,10,0,0,derived_from_native_gap_count,7,20262,0.00034547428684236504,1.0,,,,,True,2006,
rome,rome:60:149-0-s182:p0,13,12,True,9940,172468,64001,9940,16.350905432595574,5.438732394366197,0.0,24,6,2,0,derived_from_native_gap_count,135,12606,0.010709186101856259,0.6666666666666666,128,4257,0.030068123091378907,0.0,True,1899,
rome,rome:60:149-0-s21:p0,13,12,True,1300,242827,1300,1300,185.79,,0.0,24,9,0,0,derived_from_native_gap_count,0,18579,0.0,1.0,,,,,True,2046,
rome,rome:60:149-0-s21:p1,13,12,True,110,266948,110,110,2425.8,,0.0,24,10,0,0,derived_from_native_gap_count,0,20526,0.0,1.0,,,,,True,2013,
rome,rome:60:149-0-s21:p2,13,12,True,160,213373,160,160,1332.58125,,0.0,24,8,0,0,derived_from_native_gap_count,0,16401,0.0,1.0,,,,,True,2013,
rome,rome:60:149-0-s21:p3,13,12,True,750,240271,750,750,319.36133333333333,,0.0,24,9,0,0,derived_from_native_gap_count,29,18447,0.0015720713395132,1.0,,,,,True,2005,
rome,rome:60:150-0-s108:p0,13,12,True,2380,243238,28419,2380,101.20084033613445,10.940756302521008,0.0,24,9,1,0,derived_from_native_gap_count,24,18546,0.0012940795858945326,0.8888888888888888,13,2013,0.006458022851465474,0.0,True,2000,
rome,rome:60:153-0-s12:p0,13,12,True,912,131673,912,912,143.37828947368422,,0.0,24,5,0,0,derived_from_native_gap_count,7,10065,0.0006954793840039742,1.0,,,,,True,2006,
rome,rome:60:153-0-s12:p1,13,12,True,1200,184812,1200,1200,153.01,,0.0,24,7,0,0,derived_from_native_gap_count,0,14124,0.0,1.0,,,,,True,2013,
rome,rome:60:153-0-s15:p0,13,12,True,1476,133905,1476,1476,89.72154471544715,,0.0,24,5,0,0,derived_from_native_gap_count,11,10197,0.0010787486515641855,1.0,,,,,True,2005,
rome,rome:60:153-0-s15:p1,13,12,True,4128,237945,159486,4128,56.64171511627907,37.63517441860465,0.0,24,9,6,0,derived_from_native_gap_count,142,18117,0.007837942264171772,0.3333333333333333,138,12078,0.011425732737208148,0.0,True,1981,
rome,rome:60:153-0-s15:p2,13,12,True,8028,240057,187875,8028,28.902466367713004,22.402466367713004,0.0,24,9,7,0,derived_from_native_gap_count,291,18117,0.016062261963901307,0.2222222222222222,278,14091,0.019728904974806616,0.0,True,1929,
rome,rome:60:153-0-s214:p0,13,12,True,7060,85776,59178,7060,11.14957507082153,7.382152974504249,0.0,24,3,2,0,derived_from_native_gap_count,22,6072,0.0036231884057971015,0.3333333333333333,22,4026,0.00546448087431694,0.0,True,2002,
rome,rome:60:155-0-s239:p0,13,12,True,2360,241171,108820,2360,101.19110169491526,45.110169491525426,0.0,24,9,4,0,derived_from_native_gap_count,100,18447,0.005420935653493793,0.5555555555555556,79,8250,0.009575757575757576,0.0,True,1997,
rome,rome:60:155-0-s253:p0,13,12,True,4740,218750,56798,4740,45.14978902953587,10.982700421940928,0.0,24,8,2,0,derived_from_native_gap_count,49,16500,0.00296969696969697,0.75,28,4026,0.006954793840039742,0.0,True,1998,
rome,rome:60:155-0-s266:p0,13,12,True,5140,276276,58195,5140,52.75019455252918,10.321984435797665,0.0,24,10,2,0,derived_from_native_gap_count,85,20922,0.004062709110027722,0.8,57,4125,0.013818181818181818,0.0,True,2008,
rome,rome:60:156-0-s76:p0,13,12,True,18972,175938,18972,18972,8.273561037318153,,0.0,24,6,0,0,derived_from_native_gap_count,4,12078,0.0003311806590495115,1.0,,,,,True,2011,
rome,rome:60:157-0-s98:p0,13,12,True,1896,300975,54027,1896,157.74208860759492,27.495253164556964,0.0,24,11,2,0,derived_from_native_gap_count,66,23067,0.002861230329041488,0.8181818181818182,53,4059,0.013057403301305741,0.0,True,1980,
rome,rome:60:162-0-s40:p0,13,12,True,13124,118427,90971,13124,8.023697043584272,5.9316519353855535,0.0,24,4,3,0,derived_from_native_gap_count,55,8151,0.006747638326585695,0.25,55,6039,0.009107468123861567,0.0,True,1989,
rome,rome:60:162-0-s40:p1,13,12,True,3840,201621,144744,3840,51.50546875,36.69375,0.0,24,7,5,0,derived_from_native_gap_count,142,15345,0.009253828608667318,0.2857142857142857,127,10956,0.011591821832785688,0.0,True,1985,
rome,rome:60:163-0-s105:p0,13,12,True,11076,115677,36957,11076,9.443932827735644,2.336673889490791,0.0,24,4,1,0,derived_from_native_gap_count,42,8085,0.005194805194805195,0.75,24,2013,0.011922503725782414,0.0,True,1989,
rome,rome:60:167-0-s26:p0,13,12,True,7368,163638,85131,7368,21.20928338762215,10.55415309446254,0.0,24,6,3,0,derived_from_native_gap_count,62,12078,0.005133300215267428,0.5,62,6039,0.010266600430534857,0.0,True,1988,
rome,rome:60:167-0-s73:p0,13,12,True,4632,161130,56454,4632,33.78626943005181,11.187823834196891,0.0,24,6,2,0,derived_from_native_gap_count,43,12078,0.0035601920847822487,0.6666666666666666,43,4026,0.010680576254346746,0.0,True,1985,
rome,rome:60:172-0-s6:p0,13,12,True,200,168797,200,200,842.985,,0.0,24,6,0,0,derived_from_native_gap_count,0,12969,0.0,1.0,,,,,True,2013,
rome,rome:60:178-0-s37:p0,13,12,True,768,160356,768,768,207.796875,,0.0,24,6,0,0,derived_from_native_gap_count,0,12276,0.0,1.0,,,,,True,2013,
rome,rome:60:178-1-s43:p0,13,12,True,13040,144023,65159,13040,10.044708588957056,3.996855828220859,0.0,24,5,2,0,derived_from_native_gap_count,60,10131,0.005922416345869114,0.6,54,4059,0.013303769401330377,0.0,True,1990,
rome,rome:60:185-0-s124:p0,13,12,True,880,56180,29582,880,62.84090909090909,32.61590909090909,0.0,24,2,1,0,derived_from_native_gap_count,47,4290,0.010955710955710955,0.5,47,2244,0.02094474153297683,0.0,True,2046,
rome,rome:60:185-0-s150:p0,13,12,True,12626,120290,38579,12626,8.527166165056233,2.0555203548233805,0.0,24,4,1,0,derived_from_native_gap_count,37,8316,0.004449254449254449,0.75,18,2013,0.00894187779433681,0.0,True,1995,
rome,rome:60:193-0-s204:p0,13,12,True,80,78587,80,80,981.3375,,0.0,24,3,0,0,derived_from_native_gap_count,0,6039,0.0,1.0,,,,,True,2013,
rome,rome:60:213-0-s41:p0,13,12,True,4608,187551,4608,4608,39.701171875,,0.0,24,7,0,0,derived_from_native_gap_count,20,14091,0.0014193456816407636,1.0,,,,,True,2004,
rome,rome:60:213-0-s41:p1,13,12,True,3024,159258,80991,3024,51.66468253968254,25.782738095238095,0.0,24,6,3,0,derived_from_native_gap_count,65,12078,0.0053816857095545624,0.5,45,6039,0.007451564828614009,0.0,True,1995,
rome,rome:60:213-0-s66:p0,13,12,True,8904,143562,8904,8904,15.123315363881401,,0.0,24,5,0,0,derived_from_native_gap_count,4,10362,0.0003860258637328701,1.0,,,,,True,2011,
rome,rome:60:214-0-s203:p0,13,12,True,10332,150240,40488,10332,13.54123112659698,2.9186991869918697,0.0,24,5,1,0,derived_from_native_gap_count,67,10824,0.006189948263118995,0.8,61,2376,0.025673400673400674,0.0,True,2007,
rome,rome:60:214-0-s203:p1,13,12,True,7512,218139,7512,7512,28.03873801916933,,0.0,24,8,0,0,derived_from_native_gap_count,1,16203,6.171696599395174e-05,1.0,,,,,True,2012,
rome,rome:60:214-0-s220:p0,13,12,True,10464,62802,10464,10464,5.001720183486238,,0.0,24,2,0,0,derived_from_native_gap_count,0,4026,0.0,1.0,,,,,True,2013,
rome,rome:60:229-0-s172:p0,13,12,True,8304,288544,235847,8304,33.747591522158,27.401613680154142,0.0,24,10,8,0,derived_from_native_gap_count,343,21846,0.015700814794470382,0.2,336,17787,0.018890200708382526,0.0,True,1987,
rome,rome:60:234-0-s260:p0,13,12,True,9876,192178,139920,9876,18.459092750101256,13.16767922235723,0.0,24,7,5,0,derived_from_native_gap_count,131,14124,0.009274992919852733,0.2857142857142857,123,10098,0.01218062982768865,0.0,True,1980,
rome,rome:60:24-0-s158:p0,13,12,True,1932,266442,53910,1932,136.90993788819875,26.903726708074533,0.0,24,10,2,0,derived_from_native_gap_count,51,20394,0.0025007355104442485,0.8,30,4026,0.007451564828614009,0.0,True,1994,
rome,rome:60:24-0-s158:p1,13,12,True,4044,298851,182808,4044,72.89985163204747,44.204747774480715,0.0,24,10,6,0,derived_from_native_gap_count,136,22803,0.00596412752707977,0.4,118,13860,0.008513708513708513,0.0,True,1989,
rome,rome:60:24-0-s158:p2,13,12,True,1596,295587,60819,1596,184.20488721804512,37.107142857142854,0.0,24,10,2,0,derived_from_native_gap_count,61,22671,0.0026906620793083675,0.8,34,4587,0.007412252016568564,0.0,True,2012,
rome,rome:60:24-0-s158:p3,13,12,True,4128,188481,107853,4128,44.659156976744185,25.12718023255814,0.0,24,7,4,0,derived_from_native_gap_count,117,14289,0.008188116733151375,0.42857142857142855,115,8085,0.01422387136672851,0.0,True,1977,
rome,rome:60:24-0-s50:p0,13,12,True,9448,323499,244603,9448,33.2399449618967,24.889394580863677,0.0,24,12,9,0,derived_from_native_gap_count,298,24387,0.01221962521015295,0.25,294,18315,0.016052416052416054,0.0,True,1932,
rome,rome:60:24-0-s50:p1,13,12,True,2720,332558,144188,2720,121.2639705882353,52.01029411764706,0.0,24,12,5,0,derived_from_native_gap_count,135,25476,0.0052991050400376825,0.5833333333333334,96,10956,0.008762322015334063,0.0,True,1986,
rome,rome:60:24-0-s50:p2,13,12,True,770,344169,32815,770,445.9727272727273,41.616883116883116,0.0,24,12,1,0,derived_from_native_gap_count,23,26433,0.0008701244656300836,0.9166666666666666,13,2475,0.0052525252525252525,0.0,True,2046,
rome,rome:60:24-0-s50:p3,13,12,True,1350,247375,54266,1350,182.24074074074073,39.197037037037035,0.0,24,9,2,0,derived_from_native_gap_count,65,18975,0.0034255599472990776,0.7777777777777778,28,4092,0.006842619745845552,0.0,True,2000,
rome,rome:60:24-0-s50:p4,13,12,True,2260,301161,130699,2260,132.2570796460177,56.83141592920354,0.0,24,10,4,0,derived_from_native_gap_count,97,23067,0.004205141544197338,0.6,69,9933,0.00694654183026276,0.0,True,2009,
rome,rome:60:243-0-s57:p0,13,12,True,5340,31509,5340,5340,4.900561797752809,,0.0,24,1,0,0,derived_from_native_gap_count,0,2013,0.0,1.0,,,,,True,2013,
rome,rome:60:243-0-s91:p0,13,12,True,8116,34285,8116,8116,3.2243716116313457,,0.0,24,1,0,0,derived_from_native_gap_count,0,2013,0.0,1.0,,,,,True,2013,
rome,rome:60:243-0-s91:p1,13,12,True,2430,107225,54917,2430,43.12551440329218,21.599588477366254,0.0,24,4,2,0,derived_from_native_gap_count,31,8085,0.00383426097711812,0.5,28,4059,0.006898250800689825,0.0,True,1998,
rome,rome:60:243-0-s94:p0,13,12,True,8756,87422,34765,8756,8.98423937871174,2.9704202832343536,0.0,24,3,1,0,derived_from_native_gap_count,27,6072,0.004446640316205534,0.6666666666666666,16,2013,0.007948335817188276,0.0,True,1997,
rome,rome:60:249-0-s139:p0,13,12,True,29036,156029,77630,29036,4.373639619782339,1.6735776277724204,0.0,24,5,2,0,derived_from_native_gap_count,321,10065,0.03189269746646796,0.6,312,4026,0.07749627421758569,0.0,True,1830,
rome,rome:60:254-0-s329:p0,13,12,True,7670,216169,115933,7670,27.183702737940028,14.115123859191655,0.0,24,7,4,0,derived_from_native_gap_count,214,16203,0.013207430722705672,0.42857142857142855,199,8481,0.023464214125692724,0.0,True,1904,
rome,rome:60:256-0-s375:p0,13,12,True,8940,138918,60495,8940,14.538926174496645,5.766778523489933,0.0,24,5,2,0,derived_from_native_gap_count,108,10098,0.0106951871657754,0.6,101,4059,0.024882976102488297,0.0,True,1966,
rome,rome:60:257-0-s123:p0,13,12,True,7824,164154,33429,7824,19.980828220858896,3.272622699386503,0.0,24,6,1,0,derived_from_native_gap_count,57,12078,0.004719324391455539,0.8333333333333334,47,2013,0.02334823646299056,0.0,True,1966,
rome,rome:60:257-0-s123:p1,13,12,True,15648,278817,118932,15648,16.81805981595092,6.600460122699387,0.0,24,9,4,0,derived_from_native_gap_count,127,20361,0.006237414665291489,0.5555555555555556,116,8052,0.014406358668653751,0.0,True,1982,
rome,rome:60:260-0-s115:p0,13,12,True,26718,261220,129118,26718,8.776929410884048,3.8326222022606484,0.0,24,9,4,0,derived_from_native_gap_count,370,18348,0.020165685633311534,0.5555555555555556,367,8184,0.0448435972629521,0.0,True,1866,
rome,rome:60:260-0-s14:p0,13,12,True,5412,134037,29445,5412,23.766629711751662,4.4406873614190685,0.0,24,5,1,0,derived_from_native_gap_count,185,10065,0.01838052657724789,0.8,178,2013,0.08842523596621957,0.0,True,1835,
rome,rome:60:268-0-s46:p0,13,12,True,9360,140610,9360,9360,14.022435897435898,,0.0,24,5,0,0,derived_from_native_gap_count,2,10098,0.00019805902158843335,1.0,,,,,True,2011,
rome,rome:60:275-0-s235:p0,13,12,True,7980,33942,33942,7980,3.2533834586466166,3.2533834586466166,0.0,24,1,1,0,derived_from_native_gap_count,53,2046,0.025904203323558164,0.0,53,2046,0.025904203323558164,0.0,True,1993,
rome,rome:60:275-0-s290:p0,13,12,True,4500,30381,30381,4500,5.751333333333333,5.751333333333333,0.0,24,1,1,0,derived_from_native_gap_count,24,2013,0.011922503725782414,0.0,24,2013,0.011922503725782414,0.0,True,1989,
rome,rome:60:275-0-s376:p0,13,12,True,23030,101459,101459,23030,3.4055145462440297,3.4055145462440297,0.0,24,3,3,0,derived_from_native_gap_count,78,6105,0.012776412776412777,0.0,78,6105,0.012776412776412777,0.0,True,1976,
rome,rome:60:289-0-s12:p0,13,12,True,10680,195255,168657,10680,17.28230337078652,14.791853932584269,0.0,24,7,6,0,derived_from_native_gap_count,170,14355,0.011842563566701497,0.14285714285714285,170,12309,0.01381103257778861,0.0,True,1987,
rome,rome:60:289-0-s30:p0,13,12,True,5280,239277,213228,5280,44.31761363636364,39.38409090909091,0.0,24,9,8,0,derived_from_native_gap_count,127,18117,0.007009990616547994,0.1111111111111111,117,16104,0.007265275707898659,0.0,True,1995,
rome,rome:60:289-0-s77:p0,13,12,True,14484,197919,171750,14484,12.66466445733223,10.85791217895609,0.0,24,7,6,0,derived_from_native_gap_count,122,14223,0.008577655909442452,0.14285714285714285,122,12210,0.009991809991809993,0.0,True,1985,
rome,rome:60:289-0-s94:p0,13,12,True,20172,200304,95223,20172,8.929803688280785,3.720553242117787,0.0,24,7,3,0,derived_from_native_gap_count,290,14124,0.020532427074483148,0.5714285714285714,288,6039,0.04769001490312966,0.0,True,1817,
rome,rome:60:290-0-s103:p0,13,12,True,23776,101947,49609,23776,3.2878112382234184,1.0865158142664872,0.0,24,3,1,0,derived_from_native_gap_count,28,6039,0.004636529226693161,0.6666666666666666,28,2013,0.013909587680079483,0.0,True,1985,
rome,rome:60:290-0-s103:p1,13,12,True,2052,106416,27909,2052,50.85964912280702,12.600877192982455,0.0,24,4,1,0,derived_from_native_gap_count,26,8052,0.003229011425732737,0.75,26,2013,0.012916045702930949,0.0,True,1987,
rome,rome:60:290-0-s119:p0,13,12,True,2556,107361,28938,2556,41.00352112676056,10.321596244131456,0.0,24,4,1,0,derived_from_native_gap_count,25,8085,0.0030921459492888066,0.75,18,2046,0.008797653958944282,0.0,True,2006,
rome,rome:60:290-0-s34:p0,13,12,True,2940,159042,80739,2940,53.09591836734694,26.462244897959184,0.0,24,6,3,0,derived_from_native_gap_count,76,12078,0.006292432521940719,0.5,59,6039,0.00976982944196059,0.0,True,1985,
rome,rome:60:290-0-s36:p0,13,12,True,3036,189513,137259,3036,61.42193675889328,44.2104743083004,0.0,24,7,5,0,derived_from_native_gap_count,83,14421,0.00575549545801262,0.2857142857142857,76,10395,0.007311207311207311,0.0,True,1991,
rome,rome:60:290-0-s36:p1,13,12,True,4776,57159,31098,4776,10.967964824120603,5.511306532663316,0.0,24,2,1,0,derived_from_native_gap_count,32,4059,0.007883715200788372,0.5,23,2046,0.011241446725317693,0.0,True,2004,
rome,rome:60:290-0-s36:p2,13,12,True,5712,188217,162048,5712,31.951155462184875,27.369747899159663,0.0,24,7,6,0,derived_from_native_gap_count,128,14157,0.009041463586918132,0.14285714285714285,128,12144,0.010540184453227932,0.0,True,1979,
rome,rome:60:293-0-s42:p0,13,12,True,5340,135117,56610,5340,24.302808988764045,9.601123595505618,0.0,24,5,2,0,derived_from_native_gap_count,89,10065,0.008842523596621958,0.6,89,4026,0.022106308991554892,0.0,True,1950,
rome,rome:60:297-1-s52:p0,13,12,True,7104,357210,240405,7104,49.282939189189186,32.84079391891892,0.0,24,12,8,0,derived_from_native_gap_count,211,27126,0.0077785150777851505,0.3333333333333333,185,18117,0.010211403654026605,0.0,True,2016,
rome,rome:60:297-1-s52:p1,13,12,True,4896,299784,215046,4896,60.23039215686274,42.92279411764706,0.0,24,10,7,0,derived_from_native_gap_count,165,22836,0.0072254335260115606,0.3,148,16302,0.009078640657588026,0.0,True,2004,
rome,rome:60:306-0-s25:p0,13,12,True,31620,207564,207564,31620,5.564326375711575,5.564326375711575,0.0,24,7,7,0,derived_from_native_gap_count,639,14124,0.04524214103653356,0.0,639,14124,0.04524214103653356,0.0,True,1823,
rome,rome:60:306-0-s68:p0,13,12,True,16956,167928,167928,16956,8.903750884642605,8.903750884642605,0.0,24,6,6,0,derived_from_native_gap_count,575,12144,0.04734848484848485,0.0,575,12144,0.04734848484848485,0.0,True,1845,
rome,rome:60:309-0-s267:p0,13,12,True,6000,241062,136077,6000,39.177,21.6795,0.0,24,9,5,0,derived_from_native_gap_count,74,18150,0.004077134986225896,0.4444444444444444,64,10065,0.006358668653750621,0.0,True,1996,
rome,rome:60:309-0-s61:p0,13,12,True,3024,29193,3024,3024,8.653769841269842,,0.0,24,1,0,0,derived_from_native_gap_count,0,2013,0.0,1.0,,,,,True,2013,
rome,rome:60:309-0-s61:p1,13,12,True,3696,107544,107544,3696,28.0974025974026,28.0974025974026,0.0,24,4,4,0,derived_from_native_gap_count,69,8052,0.00856929955290611,0.0,69,8052,0.00856929955290611,0.0,True,1990,
rome,rome:60:326-0-s63:p0,13,12,True,17772,276678,224460,17772,14.568197164078326,11.62997974341661,0.0,24,10,8,0,derived_from_native_gap_count,232,20130,0.011525086934923,0.2,222,16104,0.013785394932935917,0.0,True,1954,
rome,rome:60:326-0-s63:p1,13,12,True,10296,140049,140049,10296,12.602272727272727,12.602272727272727,0.0,24,5,5,0,derived_from_native_gap_count,91,10065,0.009041231992051665,0.0,91,10065,0.009041231992051665,0.0,True,1989,
rome,rome:60:326-0-s82:p0,13,12,True,588,262119,26241,588,444.78061224489795,43.62755102040816,0.0,24,10,1,0,derived_from_native_gap_count,49,20163,0.0024301939195556215,0.9,43,2013,0.02136115250869349,0.0,True,1970,
rome,rome:60:329-0-s52:p0,13,12,True,3324,301647,140535,3324,89.74819494584838,41.27888086642599,0.0,24,11,5,0,derived_from_native_gap_count,129,23067,0.005592404734035636,0.5454545454545454,113,10659,0.01060136973449667,0.0,True,1972,
rome,rome:60:329-0-s55:p0,13,12,True,16128,257013,146415,16128,14.935825892857142,8.078311011904763,0.0,24,9,5,0,derived_from_native_gap_count,268,18777,0.014272780529371039,0.4444444444444444,261,10263,0.02543116047939199,0.0,True,1851,
rome,rome:60:329-0-s55:p1,13,12,True,2472,357141,155190,2472,143.4745145631068,61.779126213592235,0.0,24,9,2,0,derived_from_native_gap_count,81,27357,0.0029608509705011513,0.7777777777777778,72,11814,0.006094464195022855,0.0,True,2046,
rome,rome:60:336-0-s227:p0,13,12,True,8030,240531,135995,8030,28.95404732254047,15.935865504358656,0.0,24,9,5,0,derived_from_native_gap_count,302,18117,0.01666942650549208,0.4444444444444444,288,10065,0.028614008941877794,0.0,True,1825,
rome,rome:60:336-0-s227:p1,13,12,True,2880,263640,106766,2880,90.54166666666667,36.071527777777774,0.0,24,10,4,0,derived_from_native_gap_count,93,20130,0.004619970193740686,0.6,79,8052,0.009811227024341779,0.0,True,1988,
rome,rome:60:353-0-s131:p0,13,12,True,10392,282615,38133,10392,26.19543879907621,2.6694572748267897,0.0,24,10,1,0,derived_from_native_gap_count,16,20955,0.000763540921021236,0.9,12,2145,0.005594405594405594,0.0,True,2013,
rome,rome:60:353-0-s219:p0,13,12,True,9420,309231,90477,9420,31.82707006369427,8.604777070063694,0.0,24,11,3,0,derived_from_native_gap_count,148,23199,0.006379585326953748,0.7272727272727273,145,6369,0.022766525357198933,0.0,True,1988,
rome,rome:60:360-0-s126:p0,13,12,True,14280,116592,38085,14280,7.1647058823529415,1.6670168067226891,0.0,24,4,1,0,derived_from_native_gap_count,197,8052,0.02446597118728266,0.75,197,2013,0.09786388474913064,0.0,True,1816,
rome,rome:60:366-0-s105:p0,13,12,True,3750,211892,107396,3750,55.504533333333335,27.638933333333334,0.0,24,8,4,0,derived_from_native_gap_count,121,16104,0.007513661202185792,0.5,103,8052,0.012791852955787383,0.0,True,1974,
rome,rome:60:43-1-s109:p0,13,12,True,10224,271173,124884,10224,25.523180751173708,11.214788732394366,0.0,24,9,4,0,derived_from_native_gap_count,312,20361,0.015323412406070429,0.5555555555555556,312,9108,0.034255599472990776,0.0,True,1908,
rome,rome:60:43-1-s80:p0,13,12,True,5190,168978,5190,5190,31.558381502890175,,0.0,24,6,0,0,derived_from_native_gap_count,9,12606,0.0007139457401237506,1.0,,,,,True,2013,
rome,rome:60:45-0-s4:p0,13,12,True,7212,218949,139167,7212,29.358985024958404,18.29658901830283,0.0,24,8,5,0,derived_from_native_gap_count,123,16401,0.0074995427108103165,0.375,122,10263,0.011887362369677482,0.0,True,2001,
rome,rome:60:45-0-s4:p1,13,12,True,408,241815,408,408,591.6838235294117,,0.0,24,9,0,0,derived_from_native_gap_count,10,18579,0.0005382421012971634,1.0,,,,,True,2012,
rome,rome:60:46-0-s41:p0,13,12,True,1788,238344,27729,1788,132.3020134228188,14.508389261744966,0.0,24,9,1,0,derived_from_native_gap_count,21,18216,0.001152832674571805,0.8888888888888888,19,2013,0.009438648782911079,0.0,True,1994,
rome,rome:60:46-0-s41:p1,13,12,True,1428,268167,27261,1428,186.7920168067227,18.090336134453782,0.0,24,10,1,0,derived_from_native_gap_count,44,20559,0.002140181915462814,0.9,28,2013,0.013909587680079483,0.0,True,1985,
rome,rome:60:46-0-s49:p0,13,12,True,11352,272874,37389,11352,23.037526427061312,2.2936046511627906,0.0,24,10,1,0,derived_from_native_gap_count,14,20130,0.0006954793840039742,0.9,11,2013,0.00546448087431694,0.0,True,2002,
rome,rome:60:46-0-s56:p0,13,12,True,2352,186822,2352,2352,78.4311224489796,,0.0,24,7,0,0,derived_from_native_gap_count,0,14190,0.0,1.0,,,,,True,2013,
rome,rome:60:46-0-s56:p1,13,12,True,288,209496,288,288,726.4166666666666,,0.0,24,8,0,0,derived_from_native_gap_count,12,16104,0.0007451564828614009,1.0,,,,,True,2006,
rome,rome:60:46-0-s56:p2,13,12,True,1752,185529,27657,1752,104.89554794520548,14.78595890410959,0.0,24,7,1,0,derived_from_native_gap_count,22,14157,0.001554001554001554,0.8571428571428571,22,2013,0.01092896174863388,0.0,True,1991,
rome,rome:60:46-0-s56:p3,13,12,True,660,210165,26637,660,317.4318181818182,39.35909090909091,0.0,24,8,1,0,derived_from_native_gap_count,23,16137,0.0014252959038235113,0.875,16,2013,0.007948335817188276,0.0,True,1997,
rome,rome:60:46-0-s65:p0,13,12,True,14100,144597,40029,14100,9.255106382978724,1.838936170212766,0.0,24,5,1,0,derived_from_native_gap_count,29,10065,0.00288127173373075,0.8,20,2013,0.009935419771485345,0.0,True,1993,
rome,rome:60:46-0-s89:p0,13,12,True,2040,211635,106329,2040,102.74264705882354,51.122058823529414,0.0,24,8,4,0,derived_from_native_gap_count,87,16203,0.005369376041473801,0.5,68,8085,0.008410636982065553,0.0,True,1985,
rome,rome:60:47-0-s268:p0,13,12,True,4416,208146,118926,4416,46.13451086956522,25.93070652173913,0.0,24,7,4,0,derived_from_native_gap_count,111,15774,0.00703689615823507,0.42857142857142855,110,8910,0.012345679012345678,0.0,True,1982,
rome,rome:60:51-1-s193:p0,13,12,True,17402,95816,42191,17402,4.50603378921963,1.424491437765774,0.0,24,3,1,0,derived_from_native_gap_count,115,6138,0.018735744542196155,0.6666666666666666,115,2013,0.057128663686040734,0.0,True,1898,
rome,rome:60:53-0-s98:p0,13,12,True,1640,262750,53628,1640,159.21341463414635,31.7,0.0,24,10,2,0,derived_from_native_gap_count,58,20130,0.00288127173373075,0.8,35,4026,0.008693492300049677,0.0,True,1994,
rome,rome:60:58-0-s2:p0,13,12,True,8112,113310,34041,8112,12.96819526627219,3.1963757396449703,0.0,24,4,1,0,derived_from_native_gap_count,28,8118,0.0034491254003449125,0.75,20,2013,0.009935419771485345,0.0,True,1993,
rome,rome:60:58-0-s8:p0,13,12,True,4788,109116,30777,4788,21.789473684210527,5.427944862155388,0.0,24,4,1,0,derived_from_native_gap_count,29,8052,0.003601589667163438,0.75,15,2013,0.007451564828614009,0.0,True,1998,
rome,rome:60:58-1-s27:p0,13,12,True,3340,55538,3340,3340,15.62814371257485,,0.0,24,2,0,0,derived_from_native_gap_count,14,4026,0.003477396920019871,1.0,,,,,True,2005,
rome,rome:60:66-0-s9:p0,13,12,True,10176,222888,10176,10176,20.903301886792452,,0.0,24,8,0,0,derived_from_native_gap_count,6,16368,0.00036656891495601173,1.0,,,,,True,2012,
rome,rome:60:67-1-s1:p0,13,12,True,7776,264399,38031,7776,33.00192901234568,3.890817901234568,0.0,24,9,1,0,derived_from_native_gap_count,29,19767,0.0014670916173420347,0.8888888888888888,17,2343,0.007255655142979087,0.0,True,2010,
rome,rome:60:68-0-s112:p0,13,12,True,540,79396,540,540,146.02962962962962,,0.0,24,3,0,0,derived_from_native_gap_count,8,6072,0.0013175230566534915,1.0,,,,,True,2013,
rome,rome:60:68-0-s234:p0,13,12,True,3640,160214,55588,3640,43.01483516483516,14.271428571428572,0.0,24,6,2,0,derived_from_native_gap_count,44,12078,0.0036429872495446266,0.6666666666666666,39,4026,0.009687034277198211,0.0,True,1986,
rome,rome:60:70-0-s118:p0,13,12,True,5570,164488,85991,5570,28.531059245960503,14.438240574506283,0.0,24,6,3,0,derived_from_native_gap_count,67,12276,0.005457803844900619,0.5,66,6237,0.010582010582010581,0.0,True,1991,
rome,rome:60:70-0-s141:p0,13,12,True,20102,149237,96999,20102,6.423987662919113,3.8253407621132225,0.0,24,5,3,0,derived_from_native_gap_count,171,10065,0.01698956780923994,0.4,161,6039,0.026660043053485676,0.0,True,1898,
rome,rome:60:70-0-s152:p0,13,12,True,2370,159872,54348,2370,66.45654008438818,21.931645569620255,0.0,24,6,2,0,derived_from_native_gap_count,37,12144,0.003046772068511199,0.6666666666666666,36,4026,0.00894187779433681,0.0,True,1991,
rome,rome:60:70-0-s162:p0,13,12,True,1940,211561,1940,1940,108.0520618556701,,0.0,24,8,0,0,derived_from_native_gap_count,16,16137,0.0009915101939641817,1.0,,,,,True,2006,
rome,rome:60:70-0-s172:p0,13,12,True,3450,212591,81477,3450,60.62057971014493,22.616521739130434,0.0,24,8,3,0,derived_from_native_gap_count,64,16137,0.003966040775856727,0.625,48,6039,0.007948335817188276,0.0,True,1992,
rome,rome:60:70-0-s57:p0,13,12,True,3230,81237,55068,3230,24.15077399380805,16.04891640866873,0.0,24,3,2,0,derived_from_native_gap_count,50,6039,0.008279516476237788,0.3333333333333333,50,4026,0.012419274714356682,0.0,True,1985,
rome,rome:60:70-0-s57:p1,13,12,True,3900,186113,133975,3900,46.72128205128205,33.3525641025641,0.0,24,7,5,0,derived_from_native_gap_count,97,14091,0.0068838265559577035,0.2857142857142857,77,10065,0.007650273224043716,0.0,True,1992,
rome,rome:60:70-0-s57:p2,13,12,True,3460,264000,133445,3460,75.30057803468208,37.56791907514451,0.0,24,10,5,0,derived_from_native_gap_count,115,20130,0.005712866368604074,0.5,86,10065,0.008544461003477397,0.0,True,1988,
rome,rome:60:70-0-s78:p0,13,12,True,3420,212569,134162,3420,61.1546783625731,38.22865497076023,0.0,24,8,5,0,derived_from_native_gap_count,149,16203,0.009195827933098808,0.375,139,10164,0.013675718221172766,0.0,True,1967,
rome,rome:60:72-0-s234:p0,13,12,True,4320,82696,82696,4320,18.142592592592592,18.142592592592592,0.0,24,3,3,0,derived_from_native_gap_count,56,6072,0.00922266139657444,0.0,56,6072,0.00922266139657444,0.0,True,1991,
rome,rome:60:78-0-s44:p0,13,12,True,168,129297,168,168,768.625,,0.0,24,4,0,0,derived_from_native_gap_count,0,9933,0.0,1.0,,,,,True,2013,
rome,rome:60:83-0-s152:p0,13,12,True,1960,158314,79857,1960,79.77244897959184,39.743367346938776,0.0,24,6,3,0,derived_from_native_gap_count,66,12078,0.00546448087431694,0.5,61,6039,0.010101010101010102,0.0,True,1986,
rome,rome:60:83-0-s41:p0,13,12,True,4872,109440,4872,4872,21.463054187192117,,0.0,24,4,0,0,derived_from_native_gap_count,9,8052,0.0011177347242921013,1.0,,,,,True,2009,
rome,rome:60:83-0-s59:p0,13,12,True,6744,187152,187152,6744,26.750889679715304,26.750889679715304,0.0,24,7,7,0,derived_from_native_gap_count,267,14124,0.018903993203058623,0.0,267,14124,0.018903993203058623,0.0,True,1871,
rome,rome:60:83-0-s95:p0,13,12,True,2940,159762,2940,2940,53.340816326530614,,0.0,24,6,0,0,derived_from_native_gap_count,16,12078,0.001324722636198046,1.0,,,,,True,2004,
rome,rome:60:83-0-s95:p1,13,12,True,756,131493,756,756,172.93253968253967,,0.0,24,5,0,0,derived_from_native_gap_count,9,10065,0.0008941877794336811,1.0,,,,,True,2008,
rome,rome:60:95-0-s137:p0,13,12,True,2844,245205,2844,2844,85.21835443037975,,0.0,24,9,0,0,derived_from_native_gap_count,2,18645,0.00010726736390453205,1.0,,,,,True,2012,
rome,rome:60:96-0-s156:p0,13,12,True,3612,238323,107277,3612,64.98089700996678,28.70016611295681,0.0,24,9,4,0,derived_from_native_gap_count,139,18183,0.007644503107298026,0.5555555555555556,120,8085,0.014842300556586271,0.0,True,1941,
geolife,010-20080916114237-0,14,5,True,21664,21664,21664,21664,,,0.0,10,0,0,0,none,,,,,,,,,True,,
geolife,010-20080917225654-0,14,5,True,17357,17357,17357,17357,,,0.0,16,0,0,0,none,,,,,,,,,True,,
geolife,010-20080921224934-0,14,5,True,18695,18695,18695,18695,,,0.0,35,0,0,0,none,,,,,,,,,True,,
geolife,010-20080922111517-0,14,5,True,21393,21393,21393,21393,,,0.0,12,0,0,0,none,,,,,,,,,True,,
geolife,010-20080922234926-0,14,5,True,18146,18146,18146,18146,,,0.0,35,0,0,0,none,,,,,,,,,True,,
geolife,010-20080923121817-0,14,5,True,21735,21735,21735,21735,,,0.0,12,0,0,0,none,,,,,,,,,True,,
geolife,010-20080923231456-1,14,5,True,19281,19281,19281,19281,,,0.0,58,0,0,0,none,,,,,,,,,True,,
geolife,010-20080924113459-1,14,5,True,21973,21973,21973,21973,,,0.0,14,0,0,0,none,,,,,,,,,True,,
geolife,010-20080924231334-1,14,5,True,17750,17750,17750,17750,,,0.0,26,0,0,0,none,,,,,,,,,True,,
geolife,010-20080925104204-0,14,5,True,21492,21492,21492,21492,,,0.0,19,0,0,0,none,,,,,,,,,True,,
geolife,010-20080925233430-0,14,5,True,18103,18103,18103,18103,,,0.0,31,0,0,0,none,,,,,,,,,True,,
geolife,010-20080926105402-0,14,5,True,21916,21916,21916,21916,,,0.0,15,0,0,0,none,,,,,,,,,True,,
geolife,010-20080927232235-1,14,5,True,16035,16035,16035,16035,,,0.0,22,0,0,0,none,,,,,,,,,True,,
geolife,010-20081005225112-1,14,5,True,17388,17388,17388,17388,,,0.0,59,0,0,0,none,,,,,,,,,True,,
rome,rome:60:103-0-s96:p0,14,12,True,18646,158918,130736,18646,7.522900353963316,6.011476992384425,0.0,24,5,4,0,derived_from_native_gap_count,110,10098,0.010893246187363835,0.2,110,8085,0.013605442176870748,0.0,True,1955,
rome,rome:60:104-0-s145:p0,14,12,True,2090,325456,69346,2090,154.7205741626794,32.179904306220095,0.0,24,10,2,0,derived_from_native_gap_count,142,23199,0.006120953489374542,0.8,112,4884,0.02293202293202293,0.0,True,2004,
rome,rome:60:105-0-s77:p0,14,12,True,360,234462,360,360,650.2833333333333,,0.0,24,8,0,0,derived_from_native_gap_count,11,16731,0.0006574621959237344,1.0,,,,,True,2005,
rome,rome:60:109-0-s11:p0,14,12,True,10248,150942,38238,10248,13.728922716627634,2.731264637002342,0.0,24,5,1,0,derived_from_native_gap_count,18,10065,0.0017883755588673621,0.8,16,2013,0.007948335817188276,0.0,True,1997,
rome,rome:60:109-0-s11:p1,14,12,True,2208,199716,30222,2208,89.45108695652173,12.6875,0.0,24,7,1,0,derived_from_native_gap_count,19,14124,0.0013452279807419994,0.8571428571428571,14,2013,0.006954793840039742,0.0,True,1999,
rome,rome:60:109-0-s188:p0,14,12,True,11874,178788,93780,11874,14.057099545224862,6.897928246589187,0.0,24,6,3,0,derived_from_native_gap_count,264,12111,0.021798365122615803,0.5,264,6039,0.04371584699453552,0.0,True,1831,
rome,rome:60:109-0-s188:p1,14,12,True,2300,171414,58294,2300,73.52782608695652,24.34521739130435,0.0,24,6,2,0,derived_from_native_gap_count,44,12111,0.0036330608537693005,0.6666666666666666,37,4026,0.009190263288623945,0.0,True,1994,
rome,rome:60:109-0-s32:p0,14,12,True,15742,211576,127200,15742,12.440223605640961,7.080294752890357,0.0,24,7,4,0,derived_from_native_gap_count,144,14091,0.010219288907813498,0.42857142857142855,127,8052,0.015772478887232984,0.0,True,1964,
rome,rome:60:109-0-s40:p0,14,12,True,28662,168270,111978,28662,4.870839438978439,2.9068453003977393,0.0,24,5,3,0,derived_from_native_gap_count,129,10065,0.012816691505216096,0.4,123,6039,0.02036761053154496,0.0,True,1934,
rome,rome:60:109-0-s42:p0,14,12,True,26936,219928,191746,26936,7.164835164835165,6.118577368577369,0.0,24,7,6,0,derived_from_native_gap_count,490,14157,0.034611852793670975,0.14285714285714285,490,12144,0.040349143610013176,0.0,True,1860,
rome,rome:60:11-0-s11:p0,14,12,True,3040,117376,31052,3040,37.61052631578947,9.214473684210526,0.0,24,4,1,0,derived_from_native_gap_count,24,8184,0.002932551319648094,0.75,17,2013,0.008445106805762544,0.0,True,1996,
rome,rome:60:11-0-s11:p1,14,12,True,1370,231448,87846,1370,167.94014598540147,63.121167883211676,0.0,24,8,3,0,derived_from_native_gap_count,46,16467,0.0027934657193174227,0.625,38,6204,0.0061250805931656995,0.0,True,2008,
rome,rome:60:11-0-s11:p2,14,12,True,2840,174136,145030,2840,60.31549295774648,50.066901408450704,0.0,24,6,5,0,derived_from_native_gap_count,103,12309,0.008367860914777805,0.16666666666666666,103,10230,0.010068426197458456,0.0,True,1981,
rome,rome:60:11-0-s136:p0,14,12,True,5740,300180,95362,5740,51.29616724738676,15.613588850174215,0.0,24,10,3,0,derived_from_native_gap_count,124,21120,0.005871212121212121,0.7,93,6468,0.01437847866419295,0.0,True,1966,
rome,rome:60:11-0-s186:p0,14,12,True,5680,321686,260260,5680,55.63485915492958,44.820422535211264,0.0,24,10,8,0,derived_from_native_gap_count,185,22704,0.008148343904157857,0.2,183,18315,0.009991809991809993,0.0,True,2005,
rome,rome:60:11-0-s84:p0,14,12,True,3060,88250,60068,3060,27.83986928104575,18.630065359477125,0.0,24,3,2,0,derived_from_native_gap_count,28,6105,0.004586404586404586,0.3333333333333333,28,4092,0.006842619745845552,0.0,True,1997,
rome,rome:60:124-1-s99:p0,14,12,True,1540,337276,98622,1540,218.0103896103896,63.04025974025974,0.0,24,11,3,0,derived_from_native_gap_count,60,24024,0.0024975024975024975,0.7272727272727273,40,6963,0.0057446502944133275,0.0,True,2013,
rome,rome:60:127-0-s273:p0,14,12,True,15504,71832,15504,15504,3.6331269349845203,,0.0,24,2,0,0,derived_from_native_gap_count,3,4026,0.0007451564828614009,1.0,,,,,True,2010,
rome,rome:60:128-0-s16:p0,14,12,True,690,144764,690,690,208.80289855072465,,0.0,24,5,0,0,derived_from_native_gap_count,7,10296,0.0006798756798756799,1.0,,,,,True,2007,
rome,rome:60:128-0-s16:p1,14,12,True,1520,142060,57524,1520,92.46052631578948,36.84473684210526,0.0,24,5,2,0,derived_from_native_gap_count,37,10065,0.0036761053154495777,0.6,36,4026,0.00894187779433681,0.0,True,1989,
rome,rome:60:128-0-s65:p0,14,12,True,1704,141762,57384,1704,82.19366197183099,32.67605633802817,0.0,24,5,2,0,derived_from_native_gap_count,71,10065,0.007054148037754595,0.6,57,4026,0.014157973174366617,0.0,True,1981,
rome,rome:60:128-0-s82:p0,14,12,True,21024,159000,102222,21024,6.562785388127854,3.8621575342465753,0.0,24,5,3,0,derived_from_native_gap_count,283,10098,0.02802535155476332,0.4,279,6039,0.046199701937406856,0.0,True,1876,
rome,rome:60:128-0-s82:p1,14,12,True,2592,171438,86490,2592,65.14120370370371,32.36805555555556,0.0,24,6,3,0,derived_from_native_gap_count,59,12111,0.004871604326645199,0.5,54,6039,0.00894187779433681,0.0,True,1985,
rome,rome:60:128-0-s82:p2,14,12,True,612,85158,612,612,138.14705882352942,,0.0,24,3,0,0,derived_from_native_gap_count,0,6039,0.0,1.0,,,,,True,2013,
rome,rome:60:134-0-s99:p0,14,12,True,1908,170910,29694,1908,88.5754716981132,14.562893081761006,0.0,24,6,1,0,derived_from_native_gap_count,46,12111,0.003798199983486087,0.8333333333333334,33,2013,0.01639344262295082,0.0,True,1980,
rome,rome:60:137-0-s71:p0,14,12,True,10974,262192,177726,10974,22.89210862037543,15.195188627665392,0.0,24,9,6,0,derived_from_native_gap_count,242,18117,0.013357619914996965,0.3333333333333333,234,12078,0.019374068554396422,0.0,True,1877,
rome,rome:60:137-0-s71:p1,14,12,True,1330,226838,57384,1330,169.5548872180451,42.14586466165414,0.0,24,8,2,0,derived_from_native_gap_count,41,16137,0.0025407448720332158,0.75,31,4026,0.007699950322901143,0.0,True,1993,
rome,rome:60:137-0-s71:p2,14,12,True,2580,143180,30562,2580,54.49612403100775,10.845736434108527,0.0,24,5,1,0,derived_from_native_gap_count,31,10065,0.003079980129160457,0.8,20,2013,0.009935419771485345,0.0,True,1993,
rome,rome:60:140-0-s121:p0,14,12,True,2364,322248,113946,2364,135.31472081218274,47.2005076142132,0.0,24,11,4,0,derived_from_native_gap_count,139,22968,0.006051898293277604,0.6363636363636364,134,8085,0.016573902288188003,0.0,True,1926,
rome,rome:60:140-0-s121:p1,14,12,True,768,284352,768,768,369.25,,0.0,24,10,0,0,derived_from_native_gap_count,7,20262,0.00034547428684236504,1.0,,,,,True,2006,
rome,rome:60:149-0-s182:p0,14,12,True,9940,185074,68258,9940,17.61911468812877,5.867002012072435,0.0,24,6,2,0,derived_from_native_gap_count,135,12606,0.010709186101856259,0.6666666666666666,128,4257,0.030068123091378907,0.0,True,1899,
rome,rome:60:149-0-s21:p0,14,12,True,1300,261406,1300,1300,200.08153846153846,,0.0,24,9,0,0,derived_from_native_gap_count,0,18579,0.0,1.0,,,,,True,2046,
rome,rome:60:149-0-s21:p1,14,12,True,110,287474,110,110,2612.4,,0.0,24,10,0,0,derived_from_native_gap_count,0,20526,0.0,1.0,,,,,True,2013,
rome,rome:60:149-0-s21:p2,14,12,True,160,229774,160,160,1435.0875,,0.0,24,8,0,0,derived_from_native_gap_count,0,16401,0.0,1.0,,,,,True,2013,
rome,rome:60:149-0-s21:p3,14,12,True,750,258718,750,750,343.95733333333334,,0.0,24,9,0,0,derived_from_native_gap_count,29,18447,0.0015720713395132,1.0,,,,,True,2005,
rome,rome:60:150-0-s108:p0,14,12,True,2380,261784,30432,2380,108.99327731092437,11.78655462184874,0.0,24,9,1,0,derived_from_native_gap_count,24,18546,0.0012940795858945326,0.8888888888888888,13,2013,0.006458022851465474,0.0,True,2000,
rome,rome:60:153-0-s12:p0,14,12,True,912,141738,912,912,154.41447368421052,,0.0,24,5,0,0,derived_from_native_gap_count,7,10065,0.0006954793840039742,1.0,,,,,True,2006,
rome,rome:60:153-0-s12:p1,14,12,True,1200,198936,1200,1200,164.78,,0.0,24,7,0,0,derived_from_native_gap_count,0,14124,0.0,1.0,,,,,True,2013,
rome,rome:60:153-0-s15:p0,14,12,True,1476,144102,1476,1476,96.630081300813,,0.0,24,5,0,0,derived_from_native_gap_count,11,10197,0.0010787486515641855,1.0,,,,,True,2005,
rome,rome:60:153-0-s15:p1,14,12,True,4128,256062,171564,4128,61.030523255813954,40.56104651162791,0.0,24,9,6,0,derived_from_native_gap_count,142,18117,0.007837942264171772,0.3333333333333333,138,12078,0.011425732737208148,0.0,True,1981,
rome,rome:60:153-0-s15:p2,14,12,True,8028,258174,201966,8028,31.159192825112108,24.157698056801195,0.0,24,9,7,0,derived_from_native_gap_count,291,18117,0.016062261963901307,0.2222222222222222,278,14091,0.019728904974806616,0.0,True,1929,
rome,rome:60:153-0-s214:p0,14,12,True,7060,91848,63204,7060,12.009631728045326,7.952407932011331,0.0,24,3,2,0,derived_from_native_gap_count,22,6072,0.0036231884057971015,0.3333333333333333,22,4026,0.00546448087431694,0.0,True,2002,
rome,rome:60:155-0-s239:p0,14,12,True,2360,259618,117070,2360,109.00762711864407,48.605932203389834,0.0,24,9,4,0,derived_from_native_gap_count,100,18447,0.005420935653493793,0.5555555555555556,79,8250,0.009575757575757576,0.0,True,1997,
rome,rome:60:155-0-s253:p0,14,12,True,4740,235250,60824,4740,48.630801687763714,11.832067510548523,0.0,24,8,2,0,derived_from_native_gap_count,49,16500,0.00296969696969697,0.75,28,4026,0.006954793840039742,0.0,True,1998,
rome,rome:60:155-0-s266:p0,14,12,True,5140,297198,62320,5140,56.820622568093384,11.124513618677042,0.0,24,10,2,0,derived_from_native_gap_count,85,20922,0.004062709110027722,0.8,57,4125,0.013818181818181818,0.0,True,2008,
rome,rome:60:156-0-s76:p0,14,12,True,18972,188016,18972,18972,8.910183428209994,,0.0,24,6,0,0,derived_from_native_gap_count,4,12078,0.0003311806590495115,1.0,,,,,True,2011,
rome,rome:60:157-0-s98:p0,14,12,True,1896,324042,58086,1896,169.90822784810126,29.63607594936709,0.0,24,11,2,0,derived_from_native_gap_count,66,23067,0.002861230329041488,0.8181818181818182,53,4059,0.013057403301305741,0.0,True,1980,
rome,rome:60:162-0-s40:p0,14,12,True,13124,126578,97010,13124,8.644772935080768,6.391801280097531,0.0,24,4,3,0,derived_from_native_gap_count,55,8151,0.006747638326585695,0.25,55,6039,0.009107468123861567,0.0,True,1989,
rome,rome:60:162-0-s40:p1,14,12,True,3840,216966,155700,3840,55.5015625,39.546875,0.0,24,7,5,0,derived_from_native_gap_count,142,15345,0.009253828608667318,0.2857142857142857,127,10956,0.011591821832785688,0.0,True,1985,
rome,rome:60:163-0-s105:p0,14,12,True,11076,123762,38970,11076,10.173889490790899,2.518418201516793,0.0,24,4,1,0,derived_from_native_gap_count,42,8085,0.005194805194805195,0.75,24,2013,0.011922503725782414,0.0,True,1989,
rome,rome:60:167-0-s26:p0,14,12,True,7368,175716,91170,7368,22.848534201954397,11.373778501628664,0.0,24,6,3,0,derived_from_native_gap_count,62,12078,0.005133300215267428,0.5,62,6039,0.010266600430534857,0.0,True,1988,
rome,rome:60:167-0-s73:p0,14,12,True,4632,173208,60480,4632,36.39378238341969,12.05699481865285,0.0,24,6,2,0,derived_from_native_gap_count,43,12078,0.0035601920847822487,0.6666666666666666,43,4026,0.010680576254346746,0.0,True,1985,
rome,rome:60:172-0-s6:p0,14,12,True,200,181766,200,200,907.83,,0.0,24,6,0,0,derived_from_native_gap_count,0,12969,0.0,1.0,,,,,True,2013,
rome,rome:60:178-0-s37:p0,14,12,True,768,172632,768,768,223.78125,,0.0,24,6,0,0,derived_from_native_gap_count,0,12276,0.0,1.0,,,,,True,2013,
rome,rome:60:178-1-s43:p0,14,12,True,13040,154154,69218,13040,10.821625766871165,4.308128834355828,0.0,24,5,2,0,derived_from_native_gap_count,60,10131,0.005922416345869114,0.6,54,4059,0.013303769401330377,0.0,True,1990,
rome,rome:60:185-0-s124:p0,14,12,True,880,60470,31826,880,67.7159090909091,35.16590909090909,0.0,24,2,1,0,derived_from_native_gap_count,47,4290,0.010955710955710955,0.5,47,2244,0.02094474153297683,0.0,True,2046,
rome,rome:60:185-0-s150:p0,14,12,True,12626,128606,40592,12626,9.185807064786948,2.2149532710280373,0.0,24,4,1,0,derived_from_native_gap_count,37,8316,0.004449254449254449,0.75,18,2013,0.00894187779433681,0.0,True,1995,
rome,rome:60:193-0-s204:p0,14,12,True,80,84626,80,80,1056.825,,0.0,24,3,0,0,derived_from_native_gap_count,0,6039,0.0,1.0,,,,,True,2013,
rome,rome:60:213-0-s41:p0,14,12,True,4608,201642,4608,4608,42.759114583333336,,0.0,24,7,0,0,derived_from_native_gap_count,20,14091,0.0014193456816407636,1.0,,,,,True,2004,
rome,rome:60:213-0-s41:p1,14,12,True,3024,171336,87030,3024,55.65873015873016,27.779761904761905,0.0,24,6,3,0,derived_from_native_gap_count,65,12078,0.0053816857095545624,0.5,45,6039,0.007451564828614009,0.0,True,1995,
rome,rome:60:213-0-s66:p0,14,12,True,8904,153924,8904,8904,16.287061994609164,,0.0,24,5,0,0,derived_from_native_gap_count,4,10362,0.0003860258637328701,1.0,,,,,True,2011,
rome,rome:60:214-0-s203:p0,14,12,True,10332,161064,42864,10332,14.588850174216027,3.148664343786295,0.0,24,5,1,0,derived_from_native_gap_count,67,10824,0.006189948263118995,0.8,61,2376,0.025673400673400674,0.0,True,2007,
rome,rome:60:214-0-s203:p1,14,12,True,7512,234342,7512,7512,30.195686900958467,,0.0,24,8,0,0,derived_from_native_gap_count,1,16203,6.171696599395174e-05,1.0,,,,,True,2012,
rome,rome:60:214-0-s220:p0,14,12,True,10464,66828,10464,10464,5.386467889908257,,0.0,24,2,0,0,derived_from_native_gap_count,0,4026,0.0,1.0,,,,,True,2013,
rome,rome:60:229-0-s172:p0,14,12,True,8304,310390,253634,8304,36.3783718689788,29.54359344894027,0.0,24,10,8,0,derived_from_native_gap_count,343,21846,0.015700814794470382,0.2,336,17787,0.018890200708382526,0.0,True,1987,
rome,rome:60:234-0-s260:p0,14,12,True,9876,206302,150018,9876,19.88922640745241,14.190157958687728,0.0,24,7,5,0,derived_from_native_gap_count,131,14124,0.009274992919852733,0.2857142857142857,123,10098,0.01218062982768865,0.0,True,1980,
rome,rome:60:24-0-s158:p0,14,12,True,1932,286836,57936,1932,147.46583850931677,28.987577639751553,0.0,24,10,2,0,derived_from_native_gap_count,51,20394,0.0025007355104442485,0.8,30,4026,0.007451564828614009,0.0,True,1994,
rome,rome:60:24-0-s158:p1,14,12,True,4044,321654,196668,4044,78.53857566765579,47.632047477744806,0.0,24,10,6,0,derived_from_native_gap_count,136,22803,0.00596412752707977,0.4,118,13860,0.008513708513708513,0.0,True,1989,
rome,rome:60:24-0-s158:p2,14,12,True,1596,318258,65406,1596,198.40977443609023,39.9812030075188,0.0,24,10,2,0,derived_from_native_gap_count,61,22671,0.0026906620793083675,0.8,34,4587,0.007412252016568564,0.0,True,2012,
rome,rome:60:24-0-s158:p3,14,12,True,4128,202770,115938,4128,48.12063953488372,27.085755813953487,0.0,24,7,4,0,derived_from_native_gap_count,117,14289,0.008188116733151375,0.42857142857142855,115,8085,0.01422387136672851,0.0,True,1977,
rome,rome:60:24-0-s50:p0,14,12,True,9448,347886,262918,9448,35.82112616426757,26.827900084674006,0.0,24,12,9,0,derived_from_native_gap_count,298,24387,0.01221962521015295,0.25,294,18315,0.016052416052416054,0.0,True,1932,
rome,rome:60:24-0-s50:p1,14,12,True,2720,358034,155144,2720,130.63014705882352,56.03823529411765,0.0,24,12,5,0,derived_from_native_gap_count,135,25476,0.0052991050400376825,0.5833333333333334,96,10956,0.008762322015334063,0.0,True,1986,
rome,rome:60:24-0-s50:p2,14,12,True,770,370602,35290,770,480.3012987012987,44.83116883116883,0.0,24,12,1,0,derived_from_native_gap_count,23,26433,0.0008701244656300836,0.9166666666666666,13,2475,0.0052525252525252525,0.0,True,2046,
rome,rome:60:24-0-s50:p3,14,12,True,1350,266350,58358,1350,196.2962962962963,42.22814814814815,0.0,24,9,2,0,derived_from_native_gap_count,65,18975,0.0034255599472990776,0.7777777777777778,28,4092,0.006842619745845552,0.0,True,2000,
rome,rome:60:24-0-s50:p4,14,12,True,2260,324228,140632,2260,142.46371681415928,61.22654867256637,0.0,24,10,4,0,derived_from_native_gap_count,97,23067,0.004205141544197338,0.6,69,9933,0.00694654183026276,0.0,True,2009,
rome,rome:60:243-0-s57:p0,14,12,True,5340,33522,5340,5340,5.277528089887641,,0.0,24,1,0,0,derived_from_native_gap_count,0,2013,0.0,1.0,,,,,True,2013,
rome,rome:60:243-0-s91:p0,14,12,True,8116,36298,8116,8116,3.472400197141449,,0.0,24,1,0,0,derived_from_native_gap_count,0,2013,0.0,1.0,,,,,True,2013,
rome,rome:60:243-0-s91:p1,14,12,True,2430,115310,58976,2430,46.452674897119344,23.269958847736625,0.0,24,4,2,0,derived_from_native_gap_count,31,8085,0.00383426097711812,0.5,28,4059,0.006898250800689825,0.0,True,1998,
rome,rome:60:243-0-s94:p0,14,12,True,8756,93494,36778,8756,9.677706715395157,3.2003197807217907,0.0,24,3,1,0,derived_from_native_gap_count,27,6072,0.004446640316205534,0.6666666666666666,16,2013,0.007948335817188276,0.0,True,1997,
rome,rome:60:249-0-s139:p0,14,12,True,29036,166094,81656,29036,4.7202782752445245,1.8122330899572945,0.0,24,5,2,0,derived_from_native_gap_count,321,10065,0.03189269746646796,0.6,312,4026,0.07749627421758569,0.0,True,1830,
rome,rome:60:254-0-s329:p0,14,12,True,7670,232372,124414,7670,29.296219035202085,15.220860495436767,0.0,24,7,4,0,derived_from_native_gap_count,214,16203,0.013207430722705672,0.42857142857142855,199,8481,0.023464214125692724,0.0,True,1904,
rome,rome:60:256-0-s375:p0,14,12,True,8940,149016,64554,8940,15.668456375838927,6.2208053691275165,0.0,24,5,2,0,derived_from_native_gap_count,108,10098,0.0106951871657754,0.6,101,4059,0.024882976102488297,0.0,True,1966,
rome,rome:60:257-0-s123:p0,14,12,True,7824,176232,35442,7824,21.524539877300615,3.5299079754601226,0.0,24,6,1,0,derived_from_native_gap_count,57,12078,0.004719324391455539,0.8333333333333334,47,2013,0.02334823646299056,0.0,True,1966,
rome,rome:60:257-0-s123:p1,14,12,True,15648,299178,126984,15648,18.11924846625767,7.115030674846626,0.0,24,9,4,0,derived_from_native_gap_count,127,20361,0.006237414665291489,0.5555555555555556,116,8052,0.014406358668653751,0.0,True,1982,
rome,rome:60:260-0-s115:p0,14,12,True,26718,279568,137302,26718,9.463657459390673,4.138932554831949,0.0,24,9,4,0,derived_from_native_gap_count,370,18348,0.020165685633311534,0.5555555555555556,367,8184,0.0448435972629521,0.0,True,1866,
rome,rome:60:260-0-s14:p0,14,12,True,5412,144102,31458,5412,25.626385809312637,4.812638580931264,0.0,24,5,1,0,derived_from_native_gap_count,185,10065,0.01838052657724789,0.8,178,2013,0.08842523596621957,0.0,True,1835,
rome,rome:60:268-0-s46:p0,14,12,True,9360,150708,9360,9360,15.101282051282052,,0.0,24,5,0,0,derived_from_native_gap_count,2,10098,0.00019805902158843335,1.0,,,,,True,2011,
rome,rome:60:275-0-s235:p0,14,12,True,7980,35988,35988,7980,3.5097744360902254,3.5097744360902254,0.0,24,1,1,0,derived_from_native_gap_count,53,2046,0.025904203323558164,0.0,53,2046,0.025904203323558164,0.0,True,1993,
rome,rome:60:275-0-s290:p0,14,12,True,4500,32394,32394,4500,6.198666666666667,6.198666666666667,0.0,24,1,1,0,derived_from_native_gap_count,24,2013,0.011922503725782414,0.0,24,2013,0.011922503725782414,0.0,True,1989,
rome,rome:60:275-0-s376:p0,14,12,True,23030,107564,107564,23030,3.6706035605731655,3.6706035605731655,0.0,24,3,3,0,derived_from_native_gap_count,78,6105,0.012776412776412777,0.0,78,6105,0.012776412776412777,0.0,True,1976,
rome,rome:60:289-0-s12:p0,14,12,True,10680,209610,180966,10680,18.626404494382022,15.94438202247191,0.0,24,7,6,0,derived_from_native_gap_count,170,14355,0.011842563566701497,0.14285714285714285,170,12309,0.01381103257778861,0.0,True,1987,
rome,rome:60:289-0-s30:p0,14,12,True,5280,257394,229332,5280,47.74886363636364,42.43409090909091,0.0,24,9,8,0,derived_from_native_gap_count,127,18117,0.007009990616547994,0.1111111111111111,117,16104,0.007265275707898659,0.0,True,1995,
rome,rome:60:289-0-s77:p0,14,12,True,14484,212142,183960,14484,13.646644573322286,11.700911350455675,0.0,24,7,6,0,derived_from_native_gap_count,122,14223,0.008577655909442452,0.14285714285714285,122,12210,0.009991809991809993,0.0,True,1985,
rome,rome:60:289-0-s94:p0,14,12,True,20172,214428,101262,20172,9.629982153480071,4.019928613920285,0.0,24,7,3,0,derived_from_native_gap_count,290,14124,0.020532427074483148,0.5714285714285714,288,6039,0.04769001490312966,0.0,True,1817,
rome,rome:60:290-0-s103:p0,14,12,True,23776,107986,51622,23776,3.5418068640646028,1.1711810228802153,0.0,24,3,1,0,derived_from_native_gap_count,28,6039,0.004636529226693161,0.6666666666666666,28,2013,0.013909587680079483,0.0,True,1985,
rome,rome:60:290-0-s103:p1,14,12,True,2052,114468,29922,2052,54.78362573099415,13.58187134502924,0.0,24,4,1,0,derived_from_native_gap_count,26,8052,0.003229011425732737,0.75,26,2013,0.012916045702930949,0.0,True,1987,
rome,rome:60:290-0-s119:p0,14,12,True,2556,115446,30984,2556,44.166666666666664,11.12206572769953,0.0,24,4,1,0,derived_from_native_gap_count,25,8085,0.0030921459492888066,0.75,18,2046,0.008797653958944282,0.0,True,2006,
rome,rome:60:290-0-s34:p0,14,12,True,2940,171120,86778,2940,57.204081632653065,28.516326530612243,0.0,24,6,3,0,derived_from_native_gap_count,76,12078,0.006292432521940719,0.5,59,6039,0.00976982944196059,0.0,True,1985,
rome,rome:60:290-0-s36:p0,14,12,True,3036,203934,147654,3036,66.17193675889328,47.634387351778656,0.0,24,7,5,0,derived_from_native_gap_count,83,14421,0.00575549545801262,0.2857142857142857,76,10395,0.007311207311207311,0.0,True,1991,
rome,rome:60:290-0-s36:p1,14,12,True,4776,61218,33144,4776,11.8178391959799,5.939698492462312,0.0,24,2,1,0,derived_from_native_gap_count,32,4059,0.007883715200788372,0.5,23,2046,0.011241446725317693,0.0,True,2004,
rome,rome:60:290-0-s36:p2,14,12,True,5712,202374,174192,5712,34.429621848739494,29.49579831932773,0.0,24,7,6,0,derived_from_native_gap_count,128,14157,0.009041463586918132,0.14285714285714285,128,12144,0.010540184453227932,0.0,True,1979,
rome,rome:60:293-0-s42:p0,14,12,True,5340,145182,60636,5340,26.187640449438202,10.35505617977528,0.0,24,5,2,0,derived_from_native_gap_count,89,10065,0.008842523596621958,0.6,89,4026,0.022106308991554892,0.0,True,1950,
rome,rome:60:297-1-s52:p0,14,12,True,7104,384336,258522,7104,53.101351351351354,35.3910472972973,0.0,24,12,8,0,derived_from_native_gap_count,211,27126,0.0077785150777851505,0.3333333333333333,185,18117,0.010211403654026605,0.0,True,2016,
rome,rome:60:297-1-s52:p1,14,12,True,4896,322620,231348,4896,64.89460784313725,46.252450980392155,0.0,24,10,7,0,derived_from_native_gap_count,165,22836,0.0072254335260115606,0.3,148,16302,0.009078640657588026,0.0,True,2004,
rome,rome:60:306-0-s25:p0,14,12,True,31620,221688,221688,31620,6.01100569259962,6.01100569259962,0.0,24,7,7,0,derived_from_native_gap_count,639,14124,0.04524214103653356,0.0,639,14124,0.04524214103653356,0.0,True,1823,
rome,rome:60:306-0-s68:p0,14,12,True,16956,180072,180072,16956,9.61995753715499,9.61995753715499,0.0,24,6,6,0,derived_from_native_gap_count,575,12144,0.04734848484848485,0.0,575,12144,0.04734848484848485,0.0,True,1845,
rome,rome:60:309-0-s267:p0,14,12,True,6000,259212,146142,6000,42.202,23.357,0.0,24,9,5,0,derived_from_native_gap_count,74,18150,0.004077134986225896,0.4444444444444444,64,10065,0.006358668653750621,0.0,True,1996,
rome,rome:60:309-0-s61:p0,14,12,True,3024,31206,3024,3024,9.319444444444445,,0.0,24,1,0,0,derived_from_native_gap_count,0,2013,0.0,1.0,,,,,True,2013,
rome,rome:60:309-0-s61:p1,14,12,True,3696,115596,115596,3696,30.275974025974026,30.275974025974026,0.0,24,4,4,0,derived_from_native_gap_count,69,8052,0.00856929955290611,0.0,69,8052,0.00856929955290611,0.0,True,1990,
rome,rome:60:326-0-s63:p0,14,12,True,17772,296808,240564,17772,15.700877785280216,12.536124240378124,0.0,24,10,8,0,derived_from_native_gap_count,232,20130,0.011525086934923,0.2,222,16104,0.013785394932935917,0.0,True,1954,
rome,rome:60:326-0-s63:p1,14,12,True,10296,150114,150114,10296,13.57983682983683,13.57983682983683,0.0,24,5,5,0,derived_from_native_gap_count,91,10065,0.009041231992051665,0.0,91,10065,0.009041231992051665,0.0,True,1989,
rome,rome:60:326-0-s82:p0,14,12,True,588,282282,28254,588,479.07142857142856,47.05102040816327,0.0,24,10,1,0,derived_from_native_gap_count,49,20163,0.0024301939195556215,0.9,43,2013,0.02136115250869349,0.0,True,1970,
rome,rome:60:329-0-s52:p0,14,12,True,3324,324714,151194,3324,96.68772563176896,44.485559566787,0.0,24,11,5,0,derived_from_native_gap_count,129,23067,0.005592404734035636,0.5454545454545454,113,10659,0.01060136973449667,0.0,True,1972,
rome,rome:60:329-0-s55:p0,14,12,True,16128,275790,156678,16128,16.100074404761905,8.714657738095237,0.0,24,9,5,0,derived_from_native_gap_count,268,18777,0.014272780529371039,0.4444444444444444,261,10263,0.02543116047939199,0.0,True,1851,
rome,rome:60:329-0-s55:p1,14,12,True,2472,384498,167004,2472,154.54126213592232,66.55825242718447,0.0,24,9,2,0,derived_from_native_gap_count,81,27357,0.0029608509705011513,0.7777777777777778,72,11814,0.006094464195022855,0.0,True,2046,
rome,rome:60:336-0-s227:p0,14,12,True,8030,258648,146060,8030,31.21021170610212,17.189290161892902,0.0,24,9,5,0,derived_from_native_gap_count,302,18117,0.01666942650549208,0.4444444444444444,288,10065,0.028614008941877794,0.0,True,1825,
rome,rome:60:336-0-s227:p1,14,12,True,2880,283770,114818,2880,97.53125,38.86736111111111,0.0,24,10,4,0,derived_from_native_gap_count,93,20130,0.004619970193740686,0.6,79,8052,0.009811227024341779,0.0,True,1988,
rome,rome:60:353-0-s131:p0,14,12,True,10392,303570,40278,10392,28.21189376443418,2.8758660508083143,0.0,24,10,1,0,derived_from_native_gap_count,16,20955,0.000763540921021236,0.9,12,2145,0.005594405594405594,0.0,True,2013,
rome,rome:60:353-0-s219:p0,14,12,True,9420,332430,96846,9420,34.289808917197455,9.280891719745222,0.0,24,11,3,0,derived_from_native_gap_count,148,23199,0.006379585326953748,0.7272727272727273,145,6369,0.022766525357198933,0.0,True,1988,
rome,rome:60:360-0-s126:p0,14,12,True,14280,124644,40098,14280,7.728571428571429,1.807983193277311,0.0,24,4,1,0,derived_from_native_gap_count,197,8052,0.02446597118728266,0.75,197,2013,0.09786388474913064,0.0,True,1816,
rome,rome:60:366-0-s105:p0,14,12,True,3750,227996,115448,3750,59.79893333333333,29.786133333333332,0.0,24,8,4,0,derived_from_native_gap_count,121,16104,0.007513661202185792,0.5,103,8052,0.012791852955787383,0.0,True,1974,
rome,rome:60:43-1-s109:p0,14,12,True,10224,291534,133992,10224,27.514671361502348,12.105633802816902,0.0,24,9,4,0,derived_from_native_gap_count,312,20361,0.015323412406070429,0.5555555555555556,312,9108,0.034255599472990776,0.0,True,1908,
rome,rome:60:43-1-s80:p0,14,12,True,5190,181584,5190,5190,33.98728323699422,,0.0,24,6,0,0,derived_from_native_gap_count,9,12606,0.0007139457401237506,1.0,,,,,True,2013,
rome,rome:60:45-0-s4:p0,14,12,True,7212,235350,149430,7212,31.633111480865225,19.71963394342762,0.0,24,8,5,0,derived_from_native_gap_count,123,16401,0.0074995427108103165,0.375,122,10263,0.011887362369677482,0.0,True,2001,
rome,rome:60:45-0-s4:p1,14,12,True,408,260394,408,408,637.2205882352941,,0.0,24,9,0,0,derived_from_native_gap_count,10,18579,0.0005382421012971634,1.0,,,,,True,2012,
rome,rome:60:46-0-s41:p0,14,12,True,1788,256560,29742,1788,142.48993288590603,15.634228187919463,0.0,24,9,1,0,derived_from_native_gap_count,21,18216,0.001152832674571805,0.8888888888888888,19,2013,0.009438648782911079,0.0,True,1994,
rome,rome:60:46-0-s41:p1,14,12,True,1428,288726,29274,1428,201.1890756302521,19.5,0.0,24,10,1,0,derived_from_native_gap_count,44,20559,0.002140181915462814,0.9,28,2013,0.013909587680079483,0.0,True,1985,
rome,rome:60:46-0-s49:p0,14,12,True,11352,293004,39402,11352,24.8107822410148,2.4709302325581395,0.0,24,10,1,0,derived_from_native_gap_count,14,20130,0.0006954793840039742,0.9,11,2013,0.00546448087431694,0.0,True,2002,
rome,rome:60:46-0-s56:p0,14,12,True,2352,201012,2352,2352,84.46428571428571,,0.0,24,7,0,0,derived_from_native_gap_count,0,14190,0.0,1.0,,,,,True,2013,
rome,rome:60:46-0-s56:p1,14,12,True,288,225600,288,288,782.3333333333334,,0.0,24,8,0,0,derived_from_native_gap_count,12,16104,0.0007451564828614009,1.0,,,,,True,2006,
rome,rome:60:46-0-s56:p2,14,12,True,1752,199686,29670,1752,112.97602739726027,15.934931506849315,0.0,24,7,1,0,derived_from_native_gap_count,22,14157,0.001554001554001554,0.8571428571428571,22,2013,0.01092896174863388,0.0,True,1991,
rome,rome:60:46-0-s56:p3,14,12,True,660,226302,28650,660,341.8818181818182,42.40909090909091,0.0,24,8,1,0,derived_from_native_gap_count,23,16137,0.0014252959038235113,0.875,16,2013,0.007948335817188276,0.0,True,1997,
rome,rome:60:46-0-s65:p0,14,12,True,14100,154662,42042,14100,9.968936170212766,1.9817021276595745,0.0,24,5,1,0,derived_from_native_gap_count,29,10065,0.00288127173373075,0.8,20,2013,0.009935419771485345,0.0,True,1993,
rome,rome:60:46-0-s89:p0,14,12,True,2040,227838,114414,2040,110.68529411764706,55.08529411764706,0.0,24,8,4,0,derived_from_native_gap_count,87,16203,0.005369376041473801,0.5,68,8085,0.008410636982065553,0.0,True,1985,
rome,rome:60:47-0-s268:p0,14,12,True,4416,223920,127836,4416,49.70652173913044,27.94836956521739,0.0,24,7,4,0,derived_from_native_gap_count,111,15774,0.00703689615823507,0.42857142857142855,110,8910,0.012345679012345678,0.0,True,1982,
rome,rome:60:51-1-s193:p0,14,12,True,17402,101954,44204,17402,4.858751867601425,1.540167796804965,0.0,24,3,1,0,derived_from_native_gap_count,115,6138,0.018735744542196155,0.6666666666666666,115,2013,0.057128663686040734,0.0,True,1898,
rome,rome:60:53-0-s98:p0,14,12,True,1640,282880,57654,1640,171.4878048780488,34.15487804878049,0.0,24,10,2,0,derived_from_native_gap_count,58,20130,0.00288127173373075,0.8,35,4026,0.008693492300049677,0.0,True,1994,
rome,rome:60:58-0-s2:p0,14,12,True,8112,121428,36054,8112,13.968934911242604,3.4445266272189348,0.0,24,4,1,0,derived_from_native_gap_count,28,8118,0.0034491254003449125,0.75,20,2013,0.009935419771485345,0.0,True,1993,
rome,rome:60:58-0-s8:p0,14,12,True,4788,117168,32790,4788,23.471177944862156,5.848370927318296,0.0,24,4,1,0,derived_from_native_gap_count,29,8052,0.003601589667163438,0.75,15,2013,0.007451564828614009,0.0,True,1998,
rome,rome:60:58-1-s27:p0,14,12,True,3340,59564,3340,3340,16.833532934131735,,0.0,24,2,0,0,derived_from_native_gap_count,14,4026,0.003477396920019871,1.0,,,,,True,2005,
rome,rome:60:66-0-s9:p0,14,12,True,10176,239256,10176,10176,22.51179245283019,,0.0,24,8,0,0,derived_from_native_gap_count,6,16368,0.00036656891495601173,1.0,,,,,True,2012,
rome,rome:60:67-1-s1:p0,14,12,True,7776,284166,40374,7776,35.54398148148148,4.19212962962963,0.0,24,9,1,0,derived_from_native_gap_count,29,19767,0.0014670916173420347,0.8888888888888888,17,2343,0.007255655142979087,0.0,True,2010,
rome,rome:60:68-0-s112:p0,14,12,True,540,85468,540,540,157.27407407407406,,0.0,24,3,0,0,derived_from_native_gap_count,8,6072,0.0013175230566534915,1.0,,,,,True,2013,
rome,rome:60:68-0-s234:p0,14,12,True,3640,172292,59614,3640,46.332967032967034,15.377472527472527,0.0,24,6,2,0,derived_from_native_gap_count,44,12078,0.0036429872495446266,0.6666666666666666,39,4026,0.009687034277198211,0.0,True,1986,
rome,rome:60:70-0-s118:p0,14,12,True,5570,176764,92228,5570,30.735008976660684,15.557989228007182,0.0,24,6,3,0,derived_from_native_gap_count,67,12276,0.005457803844900619,0.5,66,6237,0.010582010582010581,0.0,True,1991,
rome,rome:60:70-0-s141:p0,14,12,True,20102,159302,103038,20102,6.924684111033728,4.125758630981992,0.0,24,5,3,0,derived_from_native_gap_count,171,10065,0.01698956780923994,0.4,161,6039,0.026660043053485676,0.0,True,1898,
rome,rome:60:70-0-s152:p0,14,12,True,2370,172016,58374,2370,71.58059071729957,23.630379746835445,0.0,24,6,2,0,derived_from_native_gap_count,37,12144,0.003046772068511199,0.6666666666666666,36,4026,0.00894187779433681,0.0,True,1991,
rome,rome:60:70-0-s162:p0,14,12,True,1940,227698,1940,1940,116.37010309278351,,0.0,24,8,0,0,derived_from_native_gap_count,16,16137,0.0009915101939641817,1.0,,,,,True,2006,
rome,rome:60:70-0-s172:p0,14,12,True,3450,228728,87516,3450,65.29797101449276,24.36695652173913,0.0,24,8,3,0,derived_from_native_gap_count,64,16137,0.003966040775856727,0.625,48,6039,0.007948335817188276,0.0,True,1992,
rome,rome:60:70-0-s57:p0,14,12,True,3230,87276,59094,3230,26.020433436532507,17.295356037151702,0.0,24,3,2,0,derived_from_native_gap_count,50,6039,0.008279516476237788,0.3333333333333333,50,4026,0.012419274714356682,0.0,True,1985,
rome,rome:60:70-0-s57:p1,14,12,True,3900,200204,144040,3900,50.33435897435898,35.93333333333333,0.0,24,7,5,0,derived_from_native_gap_count,97,14091,0.0068838265559577035,0.2857142857142857,77,10065,0.007650273224043716,0.0,True,1992,
rome,rome:60:70-0-s57:p2,14,12,True,3460,284130,143510,3460,81.11849710982659,40.47687861271676,0.0,24,10,5,0,derived_from_native_gap_count,115,20130,0.005712866368604074,0.5,86,10065,0.008544461003477397,0.0,True,1988,
rome,rome:60:70-0-s78:p0,14,12,True,3420,228772,144326,3420,65.89239766081872,41.20058479532164,0.0,24,8,5,0,derived_from_native_gap_count,149,16203,0.009195827933098808,0.375,139,10164,0.013675718221172766,0.0,True,1967,
rome,rome:60:72-0-s234:p0,14,12,True,4320,88768,88768,4320,19.548148148148147,19.548148148148147,0.0,24,3,3,0,derived_from_native_gap_count,56,6072,0.00922266139657444,0.0,56,6072,0.00922266139657444,0.0,True,1991,
rome,rome:60:78-0-s44:p0,14,12,True,168,139230,168,168,827.75,,0.0,24,4,0,0,derived_from_native_gap_count,0,9933,0.0,1.0,,,,,True,2013,
rome,rome:60:83-0-s152:p0,14,12,True,1960,170392,85896,1960,85.93469387755103,42.82448979591837,0.0,24,6,3,0,derived_from_native_gap_count,66,12078,0.00546448087431694,0.5,61,6039,0.010101010101010102,0.0,True,1986,
rome,rome:60:83-0-s41:p0,14,12,True,4872,117492,4872,4872,23.11576354679803,,0.0,24,4,0,0,derived_from_native_gap_count,9,8052,0.0011177347242921013,1.0,,,,,True,2009,
rome,rome:60:83-0-s59:p0,14,12,True,6744,201276,201276,6744,28.845195729537366,28.845195729537366,0.0,24,7,7,0,derived_from_native_gap_count,267,14124,0.018903993203058623,0.0,267,14124,0.018903993203058623,0.0,True,1871,
rome,rome:60:83-0-s95:p0,14,12,True,2940,171840,2940,2940,57.44897959183673,,0.0,24,6,0,0,derived_from_native_gap_count,16,12078,0.001324722636198046,1.0,,,,,True,2004,
rome,rome:60:83-0-s95:p1,14,12,True,756,141558,756,756,186.24603174603175,,0.0,24,5,0,0,derived_from_native_gap_count,9,10065,0.0008941877794336811,1.0,,,,,True,2008,
rome,rome:60:95-0-s137:p0,14,12,True,2844,263850,2844,2844,91.77426160337552,,0.0,24,9,0,0,derived_from_native_gap_count,2,18645,0.00010726736390453205,1.0,,,,,True,2012,
rome,rome:60:96-0-s156:p0,14,12,True,3612,256506,115362,3612,70.01495016611295,30.938538205980066,0.0,24,9,4,0,derived_from_native_gap_count,139,18183,0.007644503107298026,0.5555555555555556,120,8085,0.014842300556586271,0.0,True,1941,
