dataset,period_id,alpha,fallback_rate_cents_per_m,max_zone_rate_cents_per_m,exact_fee_cents,strategic_min_fee_cents,withholding_gain,declared_outage_intervals,honest_penalty_all_outage,honest_penalty_moving_outage,n_intervals,n_all_outage_edges,n_moving_outage_edges,honest_outage_source,all_outage_movement_ratio,all_outage_dwell_edge_share,moving_outage_movement_ratio,moving_outage_dwell_edge_share,speed_bound_ok
geolife,010-20080916114237-0,0.1,0.5,5.0,21664.0,8676.0,0.5995199409158051,9,,,10,0,0,none,,,,,True
geolife,010-20080916114237-0,0.2,1.0,5.0,21664.0,14544.0,0.32865583456425407,4,,,10,0,0,none,,,,,True
geolife,010-20080916114237-0,0.3,1.5,5.0,21664.0,17309.0,0.20102474150664698,2,,,10,0,0,none,,,,,True
geolife,010-20080916114237-0,0.4,2.0,5.0,21664.0,19289.0,0.10962887740029542,2,,,10,0,0,none,,,,,True
geolife,010-20080916114237-0,0.5,2.5,5.0,21664.0,21269.0,0.01823301329394387,2,,,10,0,0,none,,,,,True
geolife,010-20080916114237-0,0.6,3.0,5.0,21664.0,21664.0,0.0,0,,,10,0,0,none,,,,,True
geolife,010-20080916114237-0,0.7,3.5,5.0,21664.0,21664.0,0.0,0,,,10,0,0,none,,,,,True
geolife,010-20080916114237-0,0.8,4.0,5.0,21664.0,21664.0,0.0,0,,,10,0,0,none,,,,,True
geolife,010-20080916114237-0,0.9,4.5,5.0,21664.0,21664.0,0.0,0,,,10,0,0,none,,,,,True
geolife,010-20080916114237-0,1.0,5.0,5.0,21664.0,21664.0,0.0,0,,,10,0,0,none,,,,,True
geolife,010-20080916114237-0,1.1,5.5,5.0,21664.0,21664.0,0.0,0,,,10,0,0,none,,,,,True
geolife,010-20080916114237-0,1.2,6.0,5.0,21664.0,21664.0,0.0,0,,,10,0,0,none,,,,,True
geolife,010-20080917225654-0,0.1,0.5,5.0,17357.0,9709.0,0.4406291409805842,6,,,16,0,0,none,,,,,True
geolife,010-20080917225654-0,0.2,1.0,5.0,17357.0,14909.0,0.14103819784524976,4,,,16,0,0,none,,,,,True
geolife,010-20080917225654-0,0.3,1.5,5.0,17357.0,17262.0,0.005473296076510918,1,,,16,0,0,none,,,,,True
geolife,010-20080917225654-0,0.4,2.0,5.0,17357.0,17357.0,0.0,0,,,16,0,0,none,,,,,True
geolife,010-20080917225654-0,0.5,2.5,5.0,17357.0,17357.0,0.0,0,,,16,0,0,none,,,,,True
geolife,010-20080917225654-0,0.6,3.0,5.0,17357.0,17357.0,0.0,0,,,16,0,0,none,,,,,True
geolife,010-20080917225654-0,0.7,3.5,5.0,17357.0,17357.0,0.0,0,,,16,0,0,none,,,,,True
geolife,010-20080917225654-0,0.8,4.0,5.0,17357.0,17357.0,0.0,0,,,16,0,0,none,,,,,True
geolife,010-20080917225654-0,0.9,4.5,5.0,17357.0,17357.0,0.0,0,,,16,0,0,none,,,,,True
geolife,010-20080917225654-0,1.0,5.0,5.0,17357.0,17357.0,0.0,0,,,16,0,0,none,,,,,True
geolife,010-20080917225654-0,1.1,5.5,5.0,17357.0,17357.0,0.0,0,,,16,0,0,none,,,,,True
geolife,010-20080917225654-0,1.2,6.0,5.0,17357.0,17357.0,0.0,0,,,16,0,0,none,,,,,True
geolife,010-20080921224934-0,0.1,0.5,5.0,18695.0,14002.5,0.25100294196309175,7,,,35,0,0,none,,,,,True
geolife,010-20080921224934-0,0.2,1.0,5.0,18695.0,18370.0,0.017384327360256753,1,,,35,0,0,none,,,,,True
geolife,010-20080921224934-0,0.3,1.5,5.0,18695.0,18695.0,0.0,0,,,35,0,0,none,,,,,True
geolife,010-20080921224934-0,0.4,2.0,5.0,18695.0,18695.0,0.0,0,,,35,0,0,none,,,,,True
geolife,010-20080921224934-0,0.5,2.5,5.0,18695.0,18695.0,0.0,0,,,35,0,0,none,,,,,True
geolife,010-20080921224934-0,0.6,3.0,5.0,18695.0,18695.0,0.0,0,,,35,0,0,none,,,,,True
geolife,010-20080921224934-0,0.7,3.5,5.0,18695.0,18695.0,0.0,0,,,35,0,0,none,,,,,True
geolife,010-20080921224934-0,0.8,4.0,5.0,18695.0,18695.0,0.0,0,,,35,0,0,none,,,,,True
geolife,010-20080921224934-0,0.9,4.5,5.0,18695.0,18695.0,0.0,0,,,35,0,0,none,,,,,True
geolife,010-20080921224934-0,1.0,5.0,5.0,18695.0,18695.0,0.0,0,,,35,0,0,none,,,,,True
geolife,010-20080921224934-0,1.1,5.5,5.0,18695.0,18695.0,0.0,0,,,35,0,0,none,,,,,True
geolife,010-20080921224934-0,1.2,6.0,5.0,18695.0,18695.0,0.0,0,,,35,0,0,none,,,,,True
geolife,010-20080922111517-0,0.1,0.5,5.0,21393.0,9534.5,0.5543168326087973,9,,,12,0,0,none,,,,,True
geolife,010-20080922111517-0,0.2,1.0,5.0,21393.0,16385.0,0.23409526480624504,6,,,12,0,0,none,,,,,True
geolife,010-20080922111517-0,0.3,1.5,5.0,21393.0,20163.0,0.05749544243444117,2,,,12,0,0,none,,,,,True
geolife,010-20080922111517-0,0.4,2.0,5.0,21393.0,21368.0,0.0011686065535455523,1,,,12,0,0,none,,,,,True
geolife,010-20080922111517-0,0.5,2.5,5.0,21393.0,21393.0,0.0,0,,,12,0,0,none,,,,,True
geolife,010-20080922111517-0,0.6,3.0,5.0,21393.0,21393.0,0.0,0,,,12,0,0,none,,,,,True
geolife,010-20080922111517-0,0.7,3.5,5.0,21393.0,21393.0,0.0,0,,,12,0,0,none,,,,,True
geolife,010-20080922111517-0,0.8,4.0,5.0,21393.0,21393.0,0.0,0,,,12,0,0,none,,,,,True
geolife,010-20080922111517-0,0.9,4.5,5.0,21393.0,21393.0,0.0,0,,,12,0,0,none,,,,,True
geolife,010-20080922111517-0,1.0,5.0,5.0,21393.0,21393.0,0.0,0,,,12,0,0,none,,,,,True
geolife,010-20080922111517-0,1.1,5.5,5.0,21393.0,21393.0,0.0,0,,,12,0,0,none,,,,,True
geolife,010-20080922111517-0,1.2,6.0,5.0,21393.0,21393.0,0.0,0,,,12,0,0,none,,,,,True
geolife,010-20080922234926-0,0.1,0.5,5.0,18146.0,12214.0,0.32690400088173704,5,,,35,0,0,none,,,,,True
geolife,010-20080922234926-0,0.2,1.0,5.0,18146.0,15851.0,0.1264741540835446,3,,,35,0,0,none,,,,,True
geolife,010-20080922234926-0,0.3,1.5,5.0,18146.0,17806.0,0.01873691171608068,1,,,35,0,0,none,,,,,True
geolife,010-20080922234926-0,0.4,2.0,5.0,18146.0,18146.0,0.0,0,,,35,0,0,none,,,,,True
geolife,010-20080922234926-0,0.5,2.5,5.0,18146.0,18146.0,0.0,0,,,35,0,0,none,,,,,True
geolife,010-20080922234926-0,0.6,3.0,5.0,18146.0,18146.0,0.0,0,,,35,0,0,none,,,,,True
geolife,010-20080922234926-0,0.7,3.5,5.0,18146.0,18146.0,0.0,0,,,35,0,0,none,,,,,True
geolife,010-20080922234926-0,0.8,4.0,5.0,18146.0,18146.0,0.0,0,,,35,0,0,none,,,,,True
geolife,010-20080922234926-0,0.9,4.5,5.0,18146.0,18146.0,0.0,0,,,35,0,0,none,,,,,True
geolife,010-20080922234926-0,1.0,5.0,5.0,18146.0,18146.0,0.0,0,,,35,0,0,none,,,,,True
geolife,010-20080922234926-0,1.1,5.5,5.0,18146.0,18146.0,0.0,0,,,35,0,0,none,,,,,True
geolife,010-20080922234926-0,1.2,6.0,5.0,18146.0,18146.0,0.0,0,,,35,0,0,none,,,,,True
geolife,010-20080923121817-0,0.1,0.5,5.0,21735.0,10025.0,0.5387623648493214,9,,,12,0,0,none,,,,,True
geolife,010-20080923121817-0,0.2,1.0,5.0,21735.0,16445.0,0.24338624338624337,5,,,12,0,0,none,,,,,True
geolife,010-20080923121817-0,0.3,1.5,5.0,21735.0,20335.0,0.0644122383252818,2,,,12,0,0,none,,,,,True
geolife,010-20080923121817-0,0.4,2.0,5.0,21735.0,21435.0,0.013802622498274672,1,,,12,0,0,none,,,,,True
geolife,010-20080923121817-0,0.5,2.5,5.0,21735.0,21735.0,0.0,0,,,12,0,0,none,,,,,True
geolife,010-20080923121817-0,0.6,3.0,5.0,21735.0,21735.0,0.0,0,,,12,0,0,none,,,,,True
geolife,010-20080923121817-0,0.7,3.5,5.0,21735.0,21735.0,0.0,0,,,12,0,0,none,,,,,True
geolife,010-20080923121817-0,0.8,4.0,5.0,21735.0,21735.0,0.0,0,,,12,0,0,none,,,,,True
geolife,010-20080923121817-0,0.9,4.5,5.0,21735.0,21735.0,0.0,0,,,12,0,0,none,,,,,True
geolife,010-20080923121817-0,1.0,5.0,5.0,21735.0,21735.0,0.0,0,,,12,0,0,none,,,,,True
geolife,010-20080923121817-0,1.1,5.5,5.0,21735.0,21735.0,0.0,0,,,12,0,0,none,,,,,True
geolife,010-20080923121817-0,1.2,6.0,5.0,21735.0,21735.0,0.0,0,,,12,0,0,none,,,,,True
geolife,010-20080923231456-1,0.1,0.5,5.0,19281.0,16329.0,0.15310409211140502,4,,,58,0,0,none,,,,,True
geolife,010-20080923231456-1,0.2,1.0,5.0,19281.0,18691.0,0.030600072610341787,2,,,58,0,0,none,,,,,True
geolife,010-20080923231456-1,0.3,1.5,5.0,19281.0,19281.0,0.0,0,,,58,0,0,none,,,,,True
geolife,010-20080923231456-1,0.4,2.0,5.0,19281.0,19281.0,0.0,0,,,58,0,0,none,,,,,True
geolife,010-20080923231456-1,0.5,2.5,5.0,19281.0,19281.0,0.0,0,,,58,0,0,none,,,,,True
geolife,010-20080923231456-1,0.6,3.0,5.0,19281.0,19281.0,0.0,0,,,58,0,0,none,,,,,True
geolife,010-20080923231456-1,0.7,3.5,5.0,19281.0,19281.0,0.0,0,,,58,0,0,none,,,,,True
geolife,010-20080923231456-1,0.8,4.0,5.0,19281.0,19281.0,0.0,0,,,58,0,0,none,,,,,True
geolife,010-20080923231456-1,0.9,4.5,5.0,19281.0,19281.0,0.0,0,,,58,0,0,none,,,,,True
geolife,010-20080923231456-1,1.0,5.0,5.0,19281.0,19281.0,0.0,0,,,58,0,0,none,,,,,True
geolife,010-20080923231456-1,1.1,5.5,5.0,19281.0,19281.0,0.0,0,,,58,0,0,none,,,,,True
geolife,010-20080923231456-1,1.2,6.0,5.0,19281.0,19281.0,0.0,0,,,58,0,0,none,,,,,True
geolife,010-20080924113459-1,0.1,0.5,5.0,21973.0,10518.0,0.5213216219906248,10,,,14,0,0,none,,,,,True
geolife,010-20080924113459-1,0.2,1.0,5.0,21973.0,17548.0,0.2013835161334365,5,,,14,0,0,none,,,,,True
geolife,010-20080924113459-1,0.3,1.5,5.0,21973.0,21388.0,0.026623583488827197,3,,,14,0,0,none,,,,,True
geolife,010-20080924113459-1,0.4,2.0,5.0,21973.0,21973.0,0.0,0,,,14,0,0,none,,,,,True
geolife,010-20080924113459-1,0.5,2.5,5.0,21973.0,21973.0,0.0,0,,,14,0,0,none,,,,,True
geolife,010-20080924113459-1,0.6,3.0,5.0,21973.0,21973.0,0.0,0,,,14,0,0,none,,,,,True
geolife,010-20080924113459-1,0.7,3.5,5.0,21973.0,21973.0,0.0,0,,,14,0,0,none,,,,,True
geolife,010-20080924113459-1,0.8,4.0,5.0,21973.0,21973.0,0.0,0,,,14,0,0,none,,,,,True
geolife,010-20080924113459-1,0.9,4.5,5.0,21973.0,21973.0,0.0,0,,,14,0,0,none,,,,,True
geolife,010-20080924113459-1,1.0,5.0,5.0,21973.0,21973.0,0.0,0,,,14,0,0,none,,,,,True
geolife,010-20080924113459-1,1.1,5.5,5.0,21973.0,21973.0,0.0,0,,,14,0,0,none,,,,,True
geolife,010-20080924113459-1,1.2,6.0,5.0,21973.0,21973.0,0.0,0,,,14,0,0,none,,,,,True
geolife,010-20080924231334-1,0.1,0.5,5.0,17750.0,12931.5,0.2714647887323944,8,,,26,0,0,none,,,,,True
geolife,010-20080924231334-1,0.2,1.0,5.0,17750.0,16670.0,0.06084507042253521,1,,,26,0,0,none,,,,,True
geolife,010-20080924231334-1,0.3,1.5,5.0,17750.0,17660.0,0.0050704225352112674,1,,,26,0,0,none,,,,,True
geolife,010-20080924231334-1,0.4,2.0,5.0,17750.0,17750.0,0.0,0,,,26,0,0,none,,,,,True
geolife,010-20080924231334-1,0.5,2.5,5.0,17750.0,17750.0,0.0,0,,,26,0,0,none,,,,,True
geolife,010-20080924231334-1,0.6,3.0,5.0,17750.0,17750.0,0.0,0,,,26,0,0,none,,,,,True
geolife,010-20080924231334-1,0.7,3.5,5.0,17750.0,17750.0,0.0,0,,,26,0,0,none,,,,,True
geolife,010-20080924231334-1,0.8,4.0,5.0,17750.0,17750.0,0.0,0,,,26,0,0,none,,,,,True
geolife,010-20080924231334-1,0.9,4.5,5.0,17750.0,17750.0,0.0,0,,,26,0,0,none,,,,,True
geolife,010-20080924231334-1,1.0,5.0,5.0,17750.0,17750.0,0.0,0,,,26,0,0,none,,,,,True
geolife,010-20080924231334-1,1.1,5.5,5.0,17750.0,17750.0,0.0,0,,,26,0,0,none,,,,,True
geolife,010-20080924231334-1,1.2,6.0,5.0,17750.0,17750.0,0.0,0,,,26,0,0,none,,,,,True
geolife,010-20080925104204-0,0.1,0.5,5.0,21492.0,12660.0,0.4109436069235064,8,,,19,0,0,none,,,,,True
geolife,010-20080925104204-0,0.2,1.0,5.0,21492.0,18647.0,0.1323748371487065,4,,,19,0,0,none,,,,,True
geolife,010-20080925104204-0,0.3,1.5,5.0,21492.0,21062.0,0.020007444630560207,1,,,19,0,0,none,,,,,True
geolife,010-20080925104204-0,0.4,2.0,5.0,21492.0,21492.0,0.0,0,,,19,0,0,none,,,,,True
geolife,010-20080925104204-0,0.5,2.5,5.0,21492.0,21492.0,0.0,0,,,19,0,0,none,,,,,True
geolife,010-20080925104204-0,0.6,3.0,5.0,21492.0,21492.0,0.0,0,,,19,0,0,none,,,,,True
geolife,010-20080925104204-0,0.7,3.5,5.0,21492.0,21492.0,0.0,0,,,19,0,0,none,,,,,True
geolife,010-20080925104204-0,0.8,4.0,5.0,21492.0,21492.0,0.0,0,,,19,0,0,none,,,,,True
geolife,010-20080925104204-0,0.9,4.5,5.0,21492.0,21492.0,0.0,0,,,19,0,0,none,,,,,True
geolife,010-20080925104204-0,1.0,5.0,5.0,21492.0,21492.0,0.0,0,,,19,0,0,none,,,,,True
geolife,010-20080925104204-0,1.1,5.5,5.0,21492.0,21492.0,0.0,0,,,19,0,0,none,,,,,True
geolife,010-20080925104204-0,1.2,6.0,5.0,21492.0,21492.0,0.0,0,,,19,0,0,none,,,,,True
geolife,010-20080925233430-0,0.1,0.5,5.0,18103.0,13343.0,0.2629398442247141,7,,,31,0,0,none,,,,,True
geolife,010-20080925233430-0,0.2,1.0,5.0,18103.0,16943.0,0.06407777716400596,2,,,31,0,0,none,,,,,True
geolife,010-20080925233430-0,0.3,1.5,5.0,18103.0,18103.0,0.0,0,,,31,0,0,none,,,,,True
geolife,010-20080925233430-0,0.4,2.0,5.0,18103.0,18103.0,0.0,0,,,31,0,0,none,,,,,True
geolife,010-20080925233430-0,0.5,2.5,5.0,18103.0,18103.0,0.0,0,,,31,0,0,none,,,,,True
geolife,010-20080925233430-0,0.6,3.0,5.0,18103.0,18103.0,0.0,0,,,31,0,0,none,,,,,True
geolife,010-20080925233430-0,0.7,3.5,5.0,18103.0,18103.0,0.0,0,,,31,0,0,none,,,,,True
geolife,010-20080925233430-0,0.8,4.0,5.0,18103.0,18103.0,0.0,0,,,31,0,0,none,,,,,True
geolife,010-20080925233430-0,0.9,4.5,5.0,18103.0,18103.0,0.0,0,,,31,0,0,none,,,,,True
geolife,010-20080925233430-0,1.0,5.0,5.0,18103.0,18103.0,0.0,0,,,31,0,0,none,,,,,True
geolife,010-20080925233430-0,1.1,5.5,5.0,18103.0,18103.0,0.0,0,,,31,0,0,none,,,,,True
geolife,010-20080925233430-0,1.2,6.0,5.0,18103.0,18103.0,0.0,0,,,31,0,0,none,,,,,True
geolife,010-20080926105402-0,0.1,0.5,5.0,21916.0,10598.5,0.5164035407921154,9,,,15,0,0,none,,,,,True
geolife,010-20080926105402-0,0.2,1.0,5.0,21916.0,17466.0,0.20304800146012045,5,,,15,0,0,none,,,,,True
geolife,010-20080926105402-0,0.3,1.5,5.0,21916.0,20926.0,0.04517247672933017,2,,,15,0,0,none,,,,,True
geolife,010-20080926105402-0,0.4,2.0,5.0,21916.0,21916.0,0.0,0,,,15,0,0,none,,,,,True
geolife,010-20080926105402-0,0.5,2.5,5.0,21916.0,21916.0,0.0,0,,,15,0,0,none,,,,,True
geolife,010-20080926105402-0,0.6,3.0,5.0,21916.0,21916.0,0.0,0,,,15,0,0,none,,,,,True
geolife,010-20080926105402-0,0.7,3.5,5.0,21916.0,21916.0,0.0,0,,,15,0,0,none,,,,,True
geolife,010-20080926105402-0,0.8,4.0,5.0,21916.0,21916.0,0.0,0,,,15,0,0,none,,,,,True
geolife,010-20080926105402-0,0.9,4.5,5.0,21916.0,21916.0,0.0,0,,,15,0,0,none,,,,,True
geolife,010-20080926105402-0,1.0,5.0,5.0,21916.0,21916.0,0.0,0,,,15,0,0,none,,,,,True
geolife,010-20080926105402-0,1.1,5.5,5.0,21916.0,21916.0,0.0,0,,,15,0,0,none,,,,,True
geolife,010-20080926105402-0,1.2,6.0,5.0,21916.0,21916.0,0.0,0,,,15,0,0,none,,,,,True
geolife,010-20080927232235-1,0.1,0.5,5.0,16035.0,9472.5,0.4092609915809167,7,,,22,0,0,none,,,,,True
geolife,010-20080927232235-1,0.2,1.0,5.0,16035.0,13995.0,0.12722170252572498,2,,,22,0,0,none,,,,,True
geolife,010-20080927232235-1,0.3,1.5,5.0,16035.0,15562.5,0.029466791393826006,2,,,22,0,0,none,,,,,True
geolife,010-20080927232235-1,0.4,2.0,5.0,16035.0,16035.0,0.0,0,,,22,0,0,none,,,,,True
geolife,010-20080927232235-1,0.5,2.5,5.0,16035.0,16035.0,0.0,0,,,22,0,0,none,,,,,True
geolife,010-20080927232235-1,0.6,3.0,5.0,16035.0,16035.0,0.0,0,,,22,0,0,none,,,,,True
geolife,010-20080927232235-1,0.7,3.5,5.0,16035.0,16035.0,0.0,0,,,22,0,0,none,,,,,True
geolife,010-20080927232235-1,0.8,4.0,5.0,16035.0,16035.0,0.0,0,,,22,0,0,none,,,,,True
geolife,010-20080927232235-1,0.9,4.5,5.0,16035.0,16035.0,0.0,0,,,22,0,0,none,,,,,True
geolife,010-20080927232235-1,1.0,5.0,5.0,16035.0,16035.0,0.0,0,,,22,0,0,none,,,,,True
geolife,010-20080927232235-1,1.1,5.5,5.0,16035.0,16035.0,0.0,0,,,22,0,0,none,,,,,True
geolife,010-20080927232235-1,1.2,6.0,5.0,16035.0,16035.0,0.0,0,,,22,0,0,none,,,,,True
geolife,010-20081005225112-1,0.1,0.5,5.0,17388.0,16542.0,0.048654244306418216,1,,,59,0,0,none,,,,,True
geolife,010-20081005225112-1,0.2,1.0,5.0,17388.0,17388.0,0.0,0,,,59,0,0,none,,,,,True
geolife,010-20081005225112-1,0.3,1.5,5.0,17388.0,17388.0,0.0,0,,,59,0,0,none,,,,,True
geolife,010-20081005225112-1,0.4,2.0,5.0,17388.0,17388.0,0.0,0,,,59,0,0,none,,,,,True
geolife,010-20081005225112-1,0.5,2.5,5.0,17388.0,17388.0,0.0,0,,,59,0,0,none,,,,,True
geolife,010-20081005225112-1,0.6,3.0,5.0,17388.0,17388.0,0.0,0,,,59,0,0,none,,,,,True
geolife,010-20081005225112-1,0.7,3.5,5.0,17388.0,17388.0,0.0,0,,,59,0,0,none,,,,,True
geolife,010-20081005225112-1,0.8,4.0,5.0,17388.0,17388.0,0.0,0,,,59,0,0,none,,,,,True
geolife,010-20081005225112-1,0.9,4.5,5.0,17388.0,17388.0,0.0,0,,,59,0,0,none,,,,,True
geolife,010-20081005225112-1,1.0,5.0,5.0,17388.0,17388.0,0.0,0,,,59,0,0,none,,,,,True
geolife,010-20081005225112-1,1.1,5.5,5.0,17388.0,17388.0,0.0,0,,,59,0,0,none,,,,,True
geolife,010-20081005225112-1,1.2,6.0,5.0,17388.0,17388.0,0.0,0,,,59,0,0,none,,,,,True
rome,rome:60:103-0-s96:p0,0.1,1.2000000000000002,12.0,18646.0,11338.800000000003,0.39189102220315336,3,0.5908827630591013,0.46133218920948205,24,5,4,derived_from_native_gap_count,0.010893246187363835,0.2,0.013605442176870748,0.0,True
rome,rome:60:103-0-s96:p0,0.2,2.4000000000000004,12.0,18646.0,16874.800000000003,0.09499088276305895,2,1.2407594122063716,0.9816582645071331,24,5,4,derived_from_native_gap_count,0.010893246187363835,0.2,0.013605442176870748,0.0,True
rome,rome:60:103-0-s96:p0,0.3,3.5999999999999996,12.0,18646.0,18646.0,0.0,0,1.8906360613536413,1.5019843398047836,24,5,4,derived_from_native_gap_count,0.010893246187363835,0.2,0.013605442176870748,0.0,True
rome,rome:60:103-0-s96:p0,0.4,4.800000000000001,12.0,18646.0,18646.0,0.0,0,2.540512710500912,2.022310415102435,24,5,4,derived_from_native_gap_count,0.010893246187363835,0.2,0.013605442176870748,0.0,True
rome,rome:60:103-0-s96:p0,0.5,6.0,12.0,18646.0,18646.0,0.0,0,3.190389359648182,2.5426364904000858,24,5,4,derived_from_native_gap_count,0.010893246187363835,0.2,0.013605442176870748,0.0,True
rome,rome:60:103-0-s96:p0,0.6,7.199999999999999,12.0,18646.0,18646.0,0.0,0,3.8402660087954517,3.0629625656977364,24,5,4,derived_from_native_gap_count,0.010893246187363835,0.2,0.013605442176870748,0.0,True
rome,rome:60:103-0-s96:p0,0.7,8.399999999999999,12.0,18646.0,18646.0,0.0,0,4.490142657942721,3.583288640995387,24,5,4,derived_from_native_gap_count,0.010893246187363835,0.2,0.013605442176870748,0.0,True
rome,rome:60:103-0-s96:p0,0.8,9.600000000000001,12.0,18646.0,18646.0,0.0,0,5.140019307089993,4.103614716293039,24,5,4,derived_from_native_gap_count,0.010893246187363835,0.2,0.013605442176870748,0.0,True
rome,rome:60:103-0-s96:p0,0.9,10.8,12.0,18646.0,18646.0,0.0,0,5.789895956237262,4.62394079159069,24,5,4,derived_from_native_gap_count,0.010893246187363835,0.2,0.013605442176870748,0.0,True
rome,rome:60:103-0-s96:p0,1.0,12.0,12.0,18646.0,18646.0,0.0,0,6.439772605384533,5.144266866888341,24,5,4,derived_from_native_gap_count,0.010893246187363835,0.2,0.013605442176870748,0.0,True
rome,rome:60:103-0-s96:p0,1.1,13.200000000000001,12.0,18646.0,18646.0,0.0,0,7.089649254531803,5.664592942185992,24,5,4,derived_from_native_gap_count,0.010893246187363835,0.2,0.013605442176870748,0.0,True
rome,rome:60:103-0-s96:p0,1.2,14.399999999999999,12.0,18646.0,18646.0,0.0,0,7.7395259036790724,6.184919017483642,24,5,4,derived_from_native_gap_count,0.010893246187363835,0.2,0.013605442176870748,0.0,True
rome,rome:60:104-0-s145:p0,0.1,1.2000000000000002,12.0,2090.0,2090.0,0.0,0,12.640574162679426,2.268325358851675,24,10,2,derived_from_native_gap_count,0.006120953489374542,0.8,0.02293202293202293,0.0,True
rome,rome:60:104-0-s145:p0,0.2,2.4000000000000004,12.0,2090.0,2090.0,0.0,0,25.960574162679432,5.072535885167465,24,10,2,derived_from_native_gap_count,0.006120953489374542,0.8,0.02293202293202293,0.0,True
rome,rome:60:104-0-s145:p0,0.3,3.5999999999999996,12.0,2090.0,2090.0,0.0,0,39.28057416267942,7.876746411483254,24,10,2,derived_from_native_gap_count,0.006120953489374542,0.8,0.02293202293202293,0.0,True
rome,rome:60:104-0-s145:p0,0.4,4.800000000000001,12.0,2090.0,2090.0,0.0,0,52.600574162679436,10.680956937799046,24,10,2,derived_from_native_gap_count,0.006120953489374542,0.8,0.02293202293202293,0.0,True
rome,rome:60:104-0-s145:p0,0.5,6.0,12.0,2090.0,2090.0,0.0,0,65.92057416267943,13.485167464114832,24,10,2,derived_from_native_gap_count,0.006120953489374542,0.8,0.02293202293202293,0.0,True
rome,rome:60:104-0-s145:p0,0.6,7.199999999999999,12.0,2090.0,2090.0,0.0,0,79.24057416267944,16.289377990430623,24,10,2,derived_from_native_gap_count,0.006120953489374542,0.8,0.02293202293202293,0.0,True
rome,rome:60:104-0-s145:p0,0.7,8.399999999999999,12.0,2090.0,2090.0,0.0,0,92.56057416267942,19.093588516746408,24,10,2,derived_from_native_gap_count,0.006120953489374542,0.8,0.02293202293202293,0.0,True
rome,rome:60:104-0-s145:p0,0.8,9.600000000000001,12.0,2090.0,2090.0,0.0,0,105.88057416267945,21.897799043062204,24,10,2,derived_from_native_gap_count,0.006120953489374542,0.8,0.02293202293202293,0.0,True
rome,rome:60:104-0-s145:p0,0.9,10.8,12.0,2090.0,2090.0,0.0,0,119.20057416267943,24.70200956937799,24,10,2,derived_from_native_gap_count,0.006120953489374542,0.8,0.02293202293202293,0.0,True
rome,rome:60:104-0-s145:p0,1.0,12.0,12.0,2090.0,2090.0,0.0,0,132.52057416267942,27.50622009569378,24,10,2,derived_from_native_gap_count,0.006120953489374542,0.8,0.02293202293202293,0.0,True
rome,rome:60:104-0-s145:p0,1.1,13.200000000000001,12.0,2090.0,2090.0,0.0,0,145.84057416267945,30.31043062200957,24,10,2,derived_from_native_gap_count,0.006120953489374542,0.8,0.02293202293202293,0.0,True
rome,rome:60:104-0-s145:p0,1.2,14.399999999999999,12.0,2090.0,2090.0,0.0,0,159.16057416267944,33.11464114832536,24,10,2,derived_from_native_gap_count,0.006120953489374542,0.8,0.02293202293202293,0.0,True
rome,rome:60:105-0-s77:p0,0.1,1.2000000000000002,12.0,360.0,360.0,0.0,0,55.403333333333336,,24,8,0,derived_from_native_gap_count,0.0006574621959237344,1.0,,,True
rome,rome:60:105-0-s77:p0,0.2,2.4000000000000004,12.0,360.0,360.0,0.0,0,111.17333333333333,,24,8,0,derived_from_native_gap_count,0.0006574621959237344,1.0,,,True
rome,rome:60:105-0-s77:p0,0.3,3.5999999999999996,12.0,360.0,360.0,0.0,0,166.9433333333333,,24,8,0,derived_from_native_gap_count,0.0006574621959237344,1.0,,,True
rome,rome:60:105-0-s77:p0,0.4,4.800000000000001,12.0,360.0,360.0,0.0,0,222.71333333333334,,24,8,0,derived_from_native_gap_count,0.0006574621959237344,1.0,,,True
rome,rome:60:105-0-s77:p0,0.5,6.0,12.0,360.0,360.0,0.0,0,278.48333333333335,,24,8,0,derived_from_native_gap_count,0.0006574621959237344,1.0,,,True
rome,rome:60:105-0-s77:p0,0.6,7.199999999999999,12.0,360.0,360.0,0.0,0,334.2533333333332,,24,8,0,derived_from_native_gap_count,0.0006574621959237344,1.0,,,True
rome,rome:60:105-0-s77:p0,0.7,8.399999999999999,12.0,360.0,360.0,0.0,0,390.0233333333333,,24,8,0,derived_from_native_gap_count,0.0006574621959237344,1.0,,,True
rome,rome:60:105-0-s77:p0,0.8,9.600000000000001,12.0,360.0,360.0,0.0,0,445.79333333333335,,24,8,0,derived_from_native_gap_count,0.0006574621959237344,1.0,,,True
rome,rome:60:105-0-s77:p0,0.9,10.8,12.0,360.0,360.0,0.0,0,501.56333333333345,,24,8,0,derived_from_native_gap_count,0.0006574621959237344,1.0,,,True
rome,rome:60:105-0-s77:p0,1.0,12.0,12.0,360.0,360.0,0.0,0,557.3333333333334,,24,8,0,derived_from_native_gap_count,0.0006574621959237344,1.0,,,True
rome,rome:60:105-0-s77:p0,1.1,13.200000000000001,12.0,360.0,360.0,0.0,0,613.1033333333335,,24,8,0,derived_from_native_gap_count,0.0006574621959237344,1.0,,,True
rome,rome:60:105-0-s77:p0,1.2,14.399999999999999,12.0,360.0,360.0,0.0,0,668.8733333333331,,24,8,0,derived_from_native_gap_count,0.0006574621959237344,1.0,,,True
rome,rome:60:109-0-s11:p0,0.1,1.2000000000000002,12.0,10248.0,5796.000000000001,0.43442622950819665,2,1.1574941451990635,0.21697892271662766,24,5,1,derived_from_native_gap_count,0.0017883755588673621,0.8,0.007948335817188276,0.0,True
rome,rome:60:109-0-s11:p0,0.2,2.4000000000000004,12.0,10248.0,8460.0,0.17447306791569087,1,2.336065573770492,0.45269320843091343,24,5,1,derived_from_native_gap_count,0.0017883755588673621,0.8,0.007948335817188276,0.0,True
rome,rome:60:109-0-s11:p0,0.3,3.5999999999999996,12.0,10248.0,10248.0,0.0,0,3.5146370023419204,0.688407494145199,24,5,1,derived_from_native_gap_count,0.0017883755588673621,0.8,0.007948335817188276,0.0,True
rome,rome:60:109-0-s11:p0,0.4,4.800000000000001,12.0,10248.0,10248.0,0.0,0,4.69320843091335,0.924121779859485,24,5,1,derived_from_native_gap_count,0.0017883755588673621,0.8,0.007948335817188276,0.0,True
rome,rome:60:109-0-s11:p0,0.5,6.0,12.0,10248.0,10248.0,0.0,0,5.871779859484778,1.1598360655737705,24,5,1,derived_from_native_gap_count,0.0017883755588673621,0.8,0.007948335817188276,0.0,True
rome,rome:60:109-0-s11:p0,0.6,7.199999999999999,12.0,10248.0,10248.0,0.0,0,7.0503512880562065,1.395550351288056,24,5,1,derived_from_native_gap_count,0.0017883755588673621,0.8,0.007948335817188276,0.0,True
rome,rome:60:109-0-s11:p0,0.7,8.399999999999999,12.0,10248.0,10248.0,0.0,0,8.228922716627633,1.6312646370023416,24,5,1,derived_from_native_gap_count,0.0017883755588673621,0.8,0.007948335817188276,0.0,True
rome,rome:60:109-0-s11:p0,0.8,9.600000000000001,12.0,10248.0,10248.0,0.0,0,9.407494145199065,1.866978922716628,24,5,1,derived_from_native_gap_count,0.0017883755588673621,0.8,0.007948335817188276,0.0,True
rome,rome:60:109-0-s11:p0,0.9,10.8,12.0,10248.0,10248.0,0.0,0,10.586065573770492,2.1026932084309133,24,5,1,derived_from_native_gap_count,0.0017883755588673621,0.8,0.007948335817188276,0.0,True
rome,rome:60:109-0-s11:p0,1.0,12.0,12.0,10248.0,10248.0,0.0,0,11.764637002341921,2.338407494145199,24,5,1,derived_from_native_gap_count,0.0017883755588673621,0.8,0.007948335817188276,0.0,True
rome,rome:60:109-0-s11:p0,1.1,13.200000000000001,12.0,10248.0,10248.0,0.0,0,12.94320843091335,2.574121779859485,24,5,1,derived_from_native_gap_count,0.0017883755588673621,0.8,0.007948335817188276,0.0,True
rome,rome:60:109-0-s11:p0,1.2,14.399999999999999,12.0,10248.0,10248.0,0.0,0,14.121779859484777,2.80983606557377,24,5,1,derived_from_native_gap_count,0.0017883755588673621,0.8,0.007948335817188276,0.0,True
rome,rome:60:109-0-s11:p1,0.1,1.2000000000000002,12.0,2208.0,2208.0,0.0,0,7.572826086956523,1.0179347826086957,24,7,1,derived_from_native_gap_count,0.0013452279807419994,0.8571428571428571,0.006954793840039742,0.0,True
rome,rome:60:109-0-s11:p1,0.2,2.4000000000000004,12.0,2208.0,2208.0,0.0,0,15.248913043478263,2.1119565217391307,24,7,1,derived_from_native_gap_count,0.0013452279807419994,0.8571428571428571,0.006954793840039742,0.0,True
rome,rome:60:109-0-s11:p1,0.3,3.5999999999999996,12.0,2208.0,2208.0,0.0,0,22.924999999999997,3.205978260869565,24,7,1,derived_from_native_gap_count,0.0013452279807419994,0.8571428571428571,0.006954793840039742,0.0,True
rome,rome:60:109-0-s11:p1,0.4,4.800000000000001,12.0,2208.0,2208.0,0.0,0,30.601086956521744,4.300000000000001,24,7,1,derived_from_native_gap_count,0.0013452279807419994,0.8571428571428571,0.006954793840039742,0.0,True
rome,rome:60:109-0-s11:p1,0.5,6.0,12.0,2208.0,2208.0,0.0,0,38.27717391304348,5.394021739130435,24,7,1,derived_from_native_gap_count,0.0013452279807419994,0.8571428571428571,0.006954793840039742,0.0,True
rome,rome:60:109-0-s11:p1,0.6,7.199999999999999,12.0,2208.0,2208.0,0.0,0,45.95326086956521,6.4880434782608685,24,7,1,derived_from_native_gap_count,0.0013452279807419994,0.8571428571428571,0.006954793840039742,0.0,True
rome,rome:60:109-0-s11:p1,0.7,8.399999999999999,12.0,2208.0,2208.0,0.0,0,53.62934782608695,7.582065217391303,24,7,1,derived_from_native_gap_count,0.0013452279807419994,0.8571428571428571,0.006954793840039742,0.0,True
rome,rome:60:109-0-s11:p1,0.8,9.600000000000001,12.0,2208.0,2208.0,0.0,0,61.30543478260871,8.67608695652174,24,7,1,derived_from_native_gap_count,0.0013452279807419994,0.8571428571428571,0.006954793840039742,0.0,True
rome,rome:60:109-0-s11:p1,0.9,10.8,12.0,2208.0,2208.0,0.0,0,68.98152173913043,9.770108695652175,24,7,1,derived_from_native_gap_count,0.0013452279807419994,0.8571428571428571,0.006954793840039742,0.0,True
rome,rome:60:109-0-s11:p1,1.0,12.0,12.0,2208.0,2208.0,0.0,0,76.65760869565217,10.86413043478261,24,7,1,derived_from_native_gap_count,0.0013452279807419994,0.8571428571428571,0.006954793840039742,0.0,True
rome,rome:60:109-0-s11:p1,1.1,13.200000000000001,12.0,2208.0,2208.0,0.0,0,84.33369565217392,11.958152173913044,24,7,1,derived_from_native_gap_count,0.0013452279807419994,0.8571428571428571,0.006954793840039742,0.0,True
rome,rome:60:109-0-s11:p1,1.2,14.399999999999999,12.0,2208.0,2208.0,0.0,0,92.00978260869564,13.052173913043477,24,7,1,derived_from_native_gap_count,0.0013452279807419994,0.8571428571428571,0.006954793840039742,0.0,True
rome,rome:60:109-0-s188:p0,0.1,1.2000000000000002,12.0,11874.0,11174.400000000001,0.0589186457806972,2,1.0016169782718547,0.38797372410308245,24,6,3,derived_from_native_gap_count,0.021798365122615803,0.5,0.04371584699453552,0.0,True
rome,rome:60:109-0-s188:p0,0.2,2.4000000000000004,12.0,11874.0,11874.0,0.0,0,2.2255684689236994,0.9982819605861548,24,6,3,derived_from_native_gap_count,0.021798365122615803,0.5,0.04371584699453552,0.0,True
rome,rome:60:109-0-s188:p0,0.3,3.5999999999999996,12.0,11874.0,11874.0,0.0,0,3.4495199595755426,1.6085901970692267,24,6,3,derived_from_native_gap_count,0.021798365122615803,0.5,0.04371584699453552,0.0,True
rome,rome:60:109-0-s188:p0,0.4,4.800000000000001,12.0,11874.0,11874.0,0.0,0,4.673471450227389,2.2188984335522997,24,6,3,derived_from_native_gap_count,0.021798365122615803,0.5,0.04371584699453552,0.0,True
rome,rome:60:109-0-s188:p0,0.5,6.0,12.0,11874.0,11874.0,0.0,0,5.897422940879232,2.8292066700353713,24,6,3,derived_from_native_gap_count,0.021798365122615803,0.5,0.04371584699453552,0.0,True
rome,rome:60:109-0-s188:p0,0.6,7.199999999999999,12.0,11874.0,11874.0,0.0,0,7.121374431531075,3.4395149065184434,24,6,3,derived_from_native_gap_count,0.021798365122615803,0.5,0.04371584699453552,0.0,True
rome,rome:60:109-0-s188:p0,0.7,8.399999999999999,12.0,11874.0,11874.0,0.0,0,8.34532592218292,4.0498231430015155,24,6,3,derived_from_native_gap_count,0.021798365122615803,0.5,0.04371584699453552,0.0,True
rome,rome:60:109-0-s188:p0,0.8,9.600000000000001,12.0,11874.0,11874.0,0.0,0,9.569277412834767,4.660131379484589,24,6,3,derived_from_native_gap_count,0.021798365122615803,0.5,0.04371584699453552,0.0,True
rome,rome:60:109-0-s188:p0,0.9,10.8,12.0,11874.0,11874.0,0.0,0,10.79322890348661,5.2704396159676605,24,6,3,derived_from_native_gap_count,0.021798365122615803,0.5,0.04371584699453552,0.0,True
rome,rome:60:109-0-s188:p0,1.0,12.0,12.0,11874.0,11874.0,0.0,0,12.017180394138453,5.880747852450733,24,6,3,derived_from_native_gap_count,0.021798365122615803,0.5,0.04371584699453552,0.0,True
rome,rome:60:109-0-s188:p0,1.1,13.200000000000001,12.0,11874.0,11874.0,0.0,0,13.241131884790299,6.491056088933806,24,6,3,derived_from_native_gap_count,0.021798365122615803,0.5,0.04371584699453552,0.0,True
rome,rome:60:109-0-s188:p0,1.2,14.399999999999999,12.0,11874.0,11874.0,0.0,0,14.46508337544214,7.101364325416877,24,6,3,derived_from_native_gap_count,0.021798365122615803,0.5,0.04371584699453552,0.0,True
rome,rome:60:109-0-s188:p1,0.1,1.2000000000000002,12.0,2300.0,2300.0,0.0,0,6.127478260869566,1.939652173913044,24,6,2,derived_from_native_gap_count,0.0036330608537693005,0.6666666666666666,0.009190263288623945,0.0,True
rome,rome:60:109-0-s188:p1,0.2,2.4000000000000004,12.0,2300.0,2300.0,0.0,0,12.44626086956522,4.040173913043479,24,6,2,derived_from_native_gap_count,0.0036330608537693005,0.6666666666666666,0.009190263288623945,0.0,True
rome,rome:60:109-0-s188:p1,0.3,3.5999999999999996,12.0,2300.0,2300.0,0.0,0,18.765043478260864,6.140695652173912,24,6,2,derived_from_native_gap_count,0.0036330608537693005,0.6666666666666666,0.009190263288623945,0.0,True
rome,rome:60:109-0-s188:p1,0.4,4.800000000000001,12.0,2300.0,2300.0,0.0,0,25.083826086956527,8.24121739130435,24,6,2,derived_from_native_gap_count,0.0036330608537693005,0.6666666666666666,0.009190263288623945,0.0,True
rome,rome:60:109-0-s188:p1,0.5,6.0,12.0,2300.0,2300.0,0.0,0,31.402608695652173,10.341739130434783,24,6,2,derived_from_native_gap_count,0.0036330608537693005,0.6666666666666666,0.009190263288623945,0.0,True
rome,rome:60:109-0-s188:p1,0.6,7.199999999999999,12.0,2300.0,2300.0,0.0,0,37.72139130434782,12.442260869565215,24,6,2,derived_from_native_gap_count,0.0036330608537693005,0.6666666666666666,0.009190263288623945,0.0,True
rome,rome:60:109-0-s188:p1,0.7,8.399999999999999,12.0,2300.0,2300.0,0.0,0,44.04017391304347,14.54278260869565,24,6,2,derived_from_native_gap_count,0.0036330608537693005,0.6666666666666666,0.009190263288623945,0.0,True
rome,rome:60:109-0-s188:p1,0.8,9.600000000000001,12.0,2300.0,2300.0,0.0,0,50.35895652173914,16.64330434782609,24,6,2,derived_from_native_gap_count,0.0036330608537693005,0.6666666666666666,0.009190263288623945,0.0,True
rome,rome:60:109-0-s188:p1,0.9,10.8,12.0,2300.0,2300.0,0.0,0,56.67773913043478,18.743826086956524,24,6,2,derived_from_native_gap_count,0.0036330608537693005,0.6666666666666666,0.009190263288623945,0.0,True
rome,rome:60:109-0-s188:p1,1.0,12.0,12.0,2300.0,2300.0,0.0,0,62.996521739130436,20.844347826086956,24,6,2,derived_from_native_gap_count,0.0036330608537693005,0.6666666666666666,0.009190263288623945,0.0,True
rome,rome:60:109-0-s188:p1,1.1,13.200000000000001,12.0,2300.0,2300.0,0.0,0,69.31530434782609,22.94486956521739,24,6,2,derived_from_native_gap_count,0.0036330608537693005,0.6666666666666666,0.009190263288623945,0.0,True
rome,rome:60:109-0-s188:p1,1.2,14.399999999999999,12.0,2300.0,2300.0,0.0,0,75.63408695652173,25.045391304347824,24,6,2,derived_from_native_gap_count,0.0036330608537693005,0.6666666666666666,0.009190263288623945,0.0,True
rome,rome:60:109-0-s32:p0,0.1,1.2000000000000002,12.0,15742.0,10482.400000000001,0.334112565112438,2,0.9826705628255623,0.5331215855672724,24,7,4,derived_from_native_gap_count,0.010219288907813498,0.42857142857142855,0.015772478887232984,0.0,True
rome,rome:60:109-0-s32:p0,0.2,2.4000000000000004,12.0,15742.0,14830.0,0.05793418879430822,1,2.056816160589506,1.1469190700038117,24,7,4,derived_from_native_gap_count,0.010219288907813498,0.42857142857142855,0.015772478887232984,0.0,True
rome,rome:60:109-0-s32:p0,0.3,3.5999999999999996,12.0,15742.0,15742.0,0.0,0,3.13096175835345,1.7607165544403505,24,7,4,derived_from_native_gap_count,0.010219288907813498,0.42857142857142855,0.015772478887232984,0.0,True
rome,rome:60:109-0-s32:p0,0.4,4.800000000000001,12.0,15742.0,15742.0,0.0,0,4.205107356117394,2.37451403887689,24,7,4,derived_from_native_gap_count,0.010219288907813498,0.42857142857142855,0.015772478887232984,0.0,True
rome,rome:60:109-0-s32:p0,0.5,6.0,12.0,15742.0,15742.0,0.0,0,5.279252953881336,2.988311523313429,24,7,4,derived_from_native_gap_count,0.010219288907813498,0.42857142857142855,0.015772478887232984,0.0,True
rome,rome:60:109-0-s32:p0,0.6,7.199999999999999,12.0,15742.0,15742.0,0.0,0,6.353398551645281,3.602109007749968,24,7,4,derived_from_native_gap_count,0.010219288907813498,0.42857142857142855,0.015772478887232984,0.0,True
rome,rome:60:109-0-s32:p0,0.7,8.399999999999999,12.0,15742.0,15742.0,0.0,0,7.427544149409222,4.215906492186507,24,7,4,derived_from_native_gap_count,0.010219288907813498,0.42857142857142855,0.015772478887232984,0.0,True
rome,rome:60:109-0-s32:p0,0.8,9.600000000000001,12.0,15742.0,15742.0,0.0,0,8.50168974717317,4.829703976623048,24,7,4,derived_from_native_gap_count,0.010219288907813498,0.42857142857142855,0.015772478887232984,0.0,True
rome,rome:60:109-0-s32:p0,0.9,10.8,12.0,15742.0,15742.0,0.0,0,9.57583534493711,5.443501461059586,24,7,4,derived_from_native_gap_count,0.010219288907813498,0.42857142857142855,0.015772478887232984,0.0,True
rome,rome:60:109-0-s32:p0,1.0,12.0,12.0,15742.0,15742.0,0.0,0,10.649980942701054,6.057298945496125,24,7,4,derived_from_native_gap_count,0.010219288907813498,0.42857142857142855,0.015772478887232984,0.0,True
rome,rome:60:109-0-s32:p0,1.1,13.200000000000001,12.0,15742.0,15742.0,0.0,0,11.724126540464999,6.671096429932665,24,7,4,derived_from_native_gap_count,0.010219288907813498,0.42857142857142855,0.015772478887232984,0.0,True
rome,rome:60:109-0-s32:p0,1.2,14.399999999999999,12.0,15742.0,15742.0,0.0,0,12.798272138228944,7.284893914369203,24,7,4,derived_from_native_gap_count,0.010219288907813498,0.42857142857142855,0.015772478887232984,0.0,True
rome,rome:60:109-0-s40:p0,0.1,1.2000000000000002,12.0,28662.0,16858.0,0.41183448468355316,5,0.3759681808666528,0.20992254553066783,24,5,3,derived_from_native_gap_count,0.012816691505216096,0.4,0.02036761053154496,0.0,True
rome,rome:60:109-0-s40:p0,0.2,2.4000000000000004,12.0,28662.0,24966.0,0.12895122461796107,2,0.7973623613146328,0.4627590537994558,24,5,3,derived_from_native_gap_count,0.012816691505216096,0.4,0.02036761053154496,0.0,True
rome,rome:60:109-0-s40:p0,0.3,3.5999999999999996,12.0,28662.0,28662.0,0.0,0,1.2187565417626125,0.7155955620682436,24,5,3,derived_from_native_gap_count,0.012816691505216096,0.4,0.02036761053154496,0.0,True
rome,rome:60:109-0-s40:p0,0.4,4.800000000000001,12.0,28662.0,28662.0,0.0,0,1.6401507222105927,0.9684320703370317,24,5,3,derived_from_native_gap_count,0.012816691505216096,0.4,0.02036761053154496,0.0,True
rome,rome:60:109-0-s40:p0,0.5,6.0,12.0,28662.0,28662.0,0.0,0,2.0615449026585724,1.2212685786058195,24,5,3,derived_from_native_gap_count,0.012816691505216096,0.4,0.02036761053154496,0.0,True
rome,rome:60:109-0-s40:p0,0.6,7.199999999999999,12.0,28662.0,28662.0,0.0,0,2.4829390831065523,1.4741050868746073,24,5,3,derived_from_native_gap_count,0.012816691505216096,0.4,0.02036761053154496,0.0,True
rome,rome:60:109-0-s40:p0,0.7,8.399999999999999,12.0,28662.0,28662.0,0.0,0,2.904333263554532,1.726941595143395,24,5,3,derived_from_native_gap_count,0.012816691505216096,0.4,0.02036761053154496,0.0,True
rome,rome:60:109-0-s40:p0,0.8,9.600000000000001,12.0,28662.0,28662.0,0.0,0,3.3257274440025126,1.9797781034121837,24,5,3,derived_from_native_gap_count,0.012816691505216096,0.4,0.02036761053154496,0.0,True
rome,rome:60:109-0-s40:p0,0.9,10.8,12.0,28662.0,28662.0,0.0,0,3.747121624450492,2.2326146116809715,24,5,3,derived_from_native_gap_count,0.012816691505216096,0.4,0.02036761053154496,0.0,True
rome,rome:60:109-0-s40:p0,1.0,12.0,12.0,28662.0,28662.0,0.0,0,4.168515804898472,2.4854511199497593,24,5,3,derived_from_native_gap_count,0.012816691505216096,0.4,0.02036761053154496,0.0,True
rome,rome:60:109-0-s40:p0,1.1,13.200000000000001,12.0,28662.0,28662.0,0.0,0,4.589909985346452,2.738287628218547,24,5,3,derived_from_native_gap_count,0.012816691505216096,0.4,0.02036761053154496,0.0,True
rome,rome:60:109-0-s40:p0,1.2,14.399999999999999,12.0,28662.0,28662.0,0.0,0,5.0113041657944315,2.991124136487335,24,5,3,derived_from_native_gap_count,0.012816691505216096,0.4,0.02036761053154496,0.0,True
rome,rome:60:109-0-s42:p0,0.1,1.2000000000000002,12.0,26936.0,22506.4,0.1644490644490644,5,0.43742203742203756,0.34774279774279787,24,7,6,derived_from_native_gap_count,0.034611852793670975,0.14285714285714285,0.040349143610013176,0.0,True
rome,rome:60:109-0-s42:p0,0.2,2.4000000000000004,12.0,26936.0,26936.0,0.0,0,1.0681170181170183,0.8887585387585388,24,7,6,derived_from_native_gap_count,0.034611852793670975,0.14285714285714285,0.040349143610013176,0.0,True
rome,rome:60:109-0-s42:p0,0.3,3.5999999999999996,12.0,26936.0,26936.0,0.0,0,1.6988119988119987,1.4297742797742796,24,7,6,derived_from_native_gap_count,0.034611852793670975,0.14285714285714285,0.040349143610013176,0.0,True
rome,rome:60:109-0-s42:p0,0.4,4.800000000000001,12.0,26936.0,26936.0,0.0,0,2.32950697950698,1.9707900207900213,24,7,6,derived_from_native_gap_count,0.034611852793670975,0.14285714285714285,0.040349143610013176,0.0,True
rome,rome:60:109-0-s42:p0,0.5,6.0,12.0,26936.0,26936.0,0.0,0,2.9602019602019602,2.511805761805762,24,7,6,derived_from_native_gap_count,0.034611852793670975,0.14285714285714285,0.040349143610013176,0.0,True
rome,rome:60:109-0-s42:p0,0.6,7.199999999999999,12.0,26936.0,26936.0,0.0,0,3.5908969408969407,3.0528215028215024,24,7,6,derived_from_native_gap_count,0.034611852793670975,0.14285714285714285,0.040349143610013176,0.0,True
rome,rome:60:109-0-s42:p0,0.7,8.399999999999999,12.0,26936.0,26936.0,0.0,0,4.221591921591921,3.5938372438372435,24,7,6,derived_from_native_gap_count,0.034611852793670975,0.14285714285714285,0.040349143610013176,0.0,True
rome,rome:60:109-0-s42:p0,0.8,9.600000000000001,12.0,26936.0,26936.0,0.0,0,4.852286902286903,4.134852984852985,24,7,6,derived_from_native_gap_count,0.034611852793670975,0.14285714285714285,0.040349143610013176,0.0,True
rome,rome:60:109-0-s42:p0,0.9,10.8,12.0,26936.0,26936.0,0.0,0,5.482981882981883,4.675868725868726,24,7,6,derived_from_native_gap_count,0.034611852793670975,0.14285714285714285,0.040349143610013176,0.0,True
rome,rome:60:109-0-s42:p0,1.0,12.0,12.0,26936.0,26936.0,0.0,0,6.113676863676863,5.2168844668844665,24,7,6,derived_from_native_gap_count,0.034611852793670975,0.14285714285714285,0.040349143610013176,0.0,True
rome,rome:60:109-0-s42:p0,1.1,13.200000000000001,12.0,26936.0,26936.0,0.0,0,6.7443718443718454,5.757900207900208,24,7,6,derived_from_native_gap_count,0.034611852793670975,0.14285714285714285,0.040349143610013176,0.0,True
rome,rome:60:109-0-s42:p0,1.2,14.399999999999999,12.0,26936.0,26936.0,0.0,0,7.375066825066825,6.298915948915948,24,7,6,derived_from_native_gap_count,0.034611852793670975,0.14285714285714285,0.040349143610013176,0.0,True
rome,rome:60:11-0-s11:p0,0.1,1.2000000000000002,12.0,3040.0,3040.0,0.0,0,3.1515789473684213,0.7386842105263159,24,4,1,derived_from_native_gap_count,0.002932551319648094,0.75,0.008445106805762544,0.0,True
rome,rome:60:11-0-s11:p0,0.2,2.4000000000000004,12.0,3040.0,3040.0,0.0,0,6.382105263157896,1.5332894736842109,24,4,1,derived_from_native_gap_count,0.002932551319648094,0.75,0.008445106805762544,0.0,True
rome,rome:60:11-0-s11:p0,0.3,3.5999999999999996,12.0,3040.0,3040.0,0.0,0,9.612631578947367,2.3278947368421052,24,4,1,derived_from_native_gap_count,0.002932551319648094,0.75,0.008445106805762544,0.0,True
rome,rome:60:11-0-s11:p0,0.4,4.800000000000001,12.0,3040.0,3040.0,0.0,0,12.843157894736844,3.1225000000000005,24,4,1,derived_from_native_gap_count,0.002932551319648094,0.75,0.008445106805762544,0.0,True
rome,rome:60:11-0-s11:p0,0.5,6.0,12.0,3040.0,3040.0,0.0,0,16.073684210526316,3.917105263157895,24,4,1,derived_from_native_gap_count,0.002932551319648094,0.75,0.008445106805762544,0.0,True
rome,rome:60:11-0-s11:p0,0.6,7.199999999999999,12.0,3040.0,3040.0,0.0,0,19.30421052631579,4.711710526315789,24,4,1,derived_from_native_gap_count,0.002932551319648094,0.75,0.008445106805762544,0.0,True
rome,rome:60:11-0-s11:p0,0.7,8.399999999999999,12.0,3040.0,3040.0,0.0,0,22.53473684210526,5.506315789473684,24,4,1,derived_from_native_gap_count,0.002932551319648094,0.75,0.008445106805762544,0.0,True
rome,rome:60:11-0-s11:p0,0.8,9.600000000000001,12.0,3040.0,3040.0,0.0,0,25.76526315789474,6.30092105263158,24,4,1,derived_from_native_gap_count,0.002932551319648094,0.75,0.008445106805762544,0.0,True
rome,rome:60:11-0-s11:p0,0.9,10.8,12.0,3040.0,3040.0,0.0,0,28.995789473684216,7.095526315789474,24,4,1,derived_from_native_gap_count,0.002932551319648094,0.75,0.008445106805762544,0.0,True
rome,rome:60:11-0-s11:p0,1.0,12.0,12.0,3040.0,3040.0,0.0,0,32.22631578947368,7.8901315789473685,24,4,1,derived_from_native_gap_count,0.002932551319648094,0.75,0.008445106805762544,0.0,True
rome,rome:60:11-0-s11:p0,1.1,13.200000000000001,12.0,3040.0,3040.0,0.0,0,35.456842105263156,8.684736842105265,24,4,1,derived_from_native_gap_count,0.002932551319648094,0.75,0.008445106805762544,0.0,True
rome,rome:60:11-0-s11:p0,1.2,14.399999999999999,12.0,3040.0,3040.0,0.0,0,38.68736842105263,9.479342105263157,24,4,1,derived_from_native_gap_count,0.002932551319648094,0.75,0.008445106805762544,0.0,True
rome,rome:60:11-0-s11:p1,0.1,1.2000000000000002,12.0,1370.0,1370.0,0.0,0,14.087883211678832,5.156788321167883,24,8,3,derived_from_native_gap_count,0.0027934657193174227,0.625,0.0061250805931656995,0.0,True
rome,rome:60:11-0-s11:p1,0.2,2.4000000000000004,12.0,1370.0,1370.0,0.0,0,28.51153284671533,10.590948905109489,24,8,3,derived_from_native_gap_count,0.0027934657193174227,0.625,0.0061250805931656995,0.0,True
rome,rome:60:11-0-s11:p1,0.3,3.5999999999999996,12.0,1370.0,1370.0,0.0,0,42.93518248175183,16.025109489051097,24,8,3,derived_from_native_gap_count,0.0027934657193174227,0.625,0.0061250805931656995,0.0,True
rome,rome:60:11-0-s11:p1,0.4,4.800000000000001,12.0,1370.0,1370.0,0.0,0,57.35883211678833,21.4592700729927,24,8,3,derived_from_native_gap_count,0.0027934657193174227,0.625,0.0061250805931656995,0.0,True
rome,rome:60:11-0-s11:p1,0.5,6.0,12.0,1370.0,1370.0,0.0,0,71.78248175182482,26.893430656934306,24,8,3,derived_from_native_gap_count,0.0027934657193174227,0.625,0.0061250805931656995,0.0,True
rome,rome:60:11-0-s11:p1,0.6,7.199999999999999,12.0,1370.0,1370.0,0.0,0,86.20613138686132,32.32759124087591,24,8,3,derived_from_native_gap_count,0.0027934657193174227,0.625,0.0061250805931656995,0.0,True
rome,rome:60:11-0-s11:p1,0.7,8.399999999999999,12.0,1370.0,1370.0,0.0,0,100.6297810218978,37.761751824817516,24,8,3,derived_from_native_gap_count,0.0027934657193174227,0.625,0.0061250805931656995,0.0,True
rome,rome:60:11-0-s11:p1,0.8,9.600000000000001,12.0,1370.0,1370.0,0.0,0,115.05343065693431,43.19591240875913,24,8,3,derived_from_native_gap_count,0.0027934657193174227,0.625,0.0061250805931656995,0.0,True
rome,rome:60:11-0-s11:p1,0.9,10.8,12.0,1370.0,1370.0,0.0,0,129.47708029197082,48.630072992700725,24,8,3,derived_from_native_gap_count,0.0027934657193174227,0.625,0.0061250805931656995,0.0,True
rome,rome:60:11-0-s11:p1,1.0,12.0,12.0,1370.0,1370.0,0.0,0,143.9007299270073,54.06423357664234,24,8,3,derived_from_native_gap_count,0.0027934657193174227,0.625,0.0061250805931656995,0.0,True
rome,rome:60:11-0-s11:p1,1.1,13.200000000000001,12.0,1370.0,1370.0,0.0,0,158.32437956204382,59.49839416058394,24,8,3,derived_from_native_gap_count,0.0027934657193174227,0.625,0.0061250805931656995,0.0,True
rome,rome:60:11-0-s11:p1,1.2,14.399999999999999,12.0,1370.0,1370.0,0.0,0,172.7480291970803,64.93255474452555,24,8,3,derived_from_native_gap_count,0.0027934657193174227,0.625,0.0061250805931656995,0.0,True
rome,rome:60:11-0-s11:p2,0.1,1.2000000000000002,12.0,2840.0,2840.0,0.0,0,4.83830985915493,3.9598591549295783,24,6,5,derived_from_native_gap_count,0.008367860914777805,0.16666666666666666,0.010068426197458456,0.0,True
rome,rome:60:11-0-s11:p2,0.2,2.4000000000000004,12.0,2840.0,2840.0,0.0,0,10.039295774647888,8.282394366197185,24,6,5,derived_from_native_gap_count,0.008367860914777805,0.16666666666666666,0.010068426197458456,0.0,True
rome,rome:60:11-0-s11:p2,0.3,3.5999999999999996,12.0,2840.0,2840.0,0.0,0,15.240281690140844,12.60492957746479,24,6,5,derived_from_native_gap_count,0.008367860914777805,0.16666666666666666,0.010068426197458456,0.0,True
rome,rome:60:11-0-s11:p2,0.4,4.800000000000001,12.0,2840.0,2840.0,0.0,0,20.441267605633804,16.927464788732397,24,6,5,derived_from_native_gap_count,0.008367860914777805,0.16666666666666666,0.010068426197458456,0.0,True
rome,rome:60:11-0-s11:p2,0.5,6.0,12.0,2840.0,2840.0,0.0,0,25.64225352112676,21.25,24,6,5,derived_from_native_gap_count,0.008367860914777805,0.16666666666666666,0.010068426197458456,0.0,True
rome,rome:60:11-0-s11:p2,0.6,7.199999999999999,12.0,2840.0,2840.0,0.0,0,30.843239436619715,25.572535211267606,24,6,5,derived_from_native_gap_count,0.008367860914777805,0.16666666666666666,0.010068426197458456,0.0,True
rome,rome:60:11-0-s11:p2,0.7,8.399999999999999,12.0,2840.0,2840.0,0.0,0,36.044225352112676,29.895070422535206,24,6,5,derived_from_native_gap_count,0.008367860914777805,0.16666666666666666,0.010068426197458456,0.0,True
rome,rome:60:11-0-s11:p2,0.8,9.600000000000001,12.0,2840.0,2840.0,0.0,0,41.24521126760564,34.21760563380282,24,6,5,derived_from_native_gap_count,0.008367860914777805,0.16666666666666666,0.010068426197458456,0.0,True
rome,rome:60:11-0-s11:p2,0.9,10.8,12.0,2840.0,2840.0,0.0,0,46.44619718309858,38.540140845070425,24,6,5,derived_from_native_gap_count,0.008367860914777805,0.16666666666666666,0.010068426197458456,0.0,True
rome,rome:60:11-0-s11:p2,1.0,12.0,12.0,2840.0,2840.0,0.0,0,51.64718309859155,42.86267605633803,24,6,5,derived_from_native_gap_count,0.008367860914777805,0.16666666666666666,0.010068426197458456,0.0,True
rome,rome:60:11-0-s11:p2,1.1,13.200000000000001,12.0,2840.0,2840.0,0.0,0,56.84816901408451,47.18521126760563,24,6,5,derived_from_native_gap_count,0.008367860914777805,0.16666666666666666,0.010068426197458456,0.0,True
rome,rome:60:11-0-s11:p2,1.2,14.399999999999999,12.0,2840.0,2840.0,0.0,0,62.049154929577455,51.50774647887324,24,6,5,derived_from_native_gap_count,0.008367860914777805,0.16666666666666666,0.010068426197458456,0.0,True
rome,rome:60:11-0-s136:p0,0.1,1.2000000000000002,12.0,5740.0,4718.8,0.1779094076655052,1,4.199303135888502,1.1901742160278745,24,10,3,derived_from_native_gap_count,0.005871212121212121,0.7,0.01437847866419295,0.0,True
rome,rome:60:11-0-s136:p0,0.2,2.4000000000000004,12.0,5740.0,5740.0,0.0,0,8.614634146341464,2.5423693379790944,24,10,3,derived_from_native_gap_count,0.005871212121212121,0.7,0.01437847866419295,0.0,True
rome,rome:60:11-0-s136:p0,0.3,3.5999999999999996,12.0,5740.0,5740.0,0.0,0,13.029965156794425,3.894564459930313,24,10,3,derived_from_native_gap_count,0.005871212121212121,0.7,0.01437847866419295,0.0,True
rome,rome:60:11-0-s136:p0,0.4,4.800000000000001,12.0,5740.0,5740.0,0.0,0,17.44529616724739,5.246759581881533,24,10,3,derived_from_native_gap_count,0.005871212121212121,0.7,0.01437847866419295,0.0,True
rome,rome:60:11-0-s136:p0,0.5,6.0,12.0,5740.0,5740.0,0.0,0,21.860627177700348,6.598954703832753,24,10,3,derived_from_native_gap_count,0.005871212121212121,0.7,0.01437847866419295,0.0,True
rome,rome:60:11-0-s136:p0,0.6,7.199999999999999,12.0,5740.0,5740.0,0.0,0,26.27595818815331,7.951149825783971,24,10,3,derived_from_native_gap_count,0.005871212121212121,0.7,0.01437847866419295,0.0,True
rome,rome:60:11-0-s136:p0,0.7,8.399999999999999,12.0,5740.0,5740.0,0.0,0,30.69128919860627,9.30334494773519,24,10,3,derived_from_native_gap_count,0.005871212121212121,0.7,0.01437847866419295,0.0,True
rome,rome:60:11-0-s136:p0,0.8,9.600000000000001,12.0,5740.0,5740.0,0.0,0,35.10662020905924,10.655540069686412,24,10,3,derived_from_native_gap_count,0.005871212121212121,0.7,0.01437847866419295,0.0,True
rome,rome:60:11-0-s136:p0,0.9,10.8,12.0,5740.0,5740.0,0.0,0,39.5219512195122,12.00773519163763,24,10,3,derived_from_native_gap_count,0.005871212121212121,0.7,0.01437847866419295,0.0,True
rome,rome:60:11-0-s136:p0,1.0,12.0,12.0,5740.0,5740.0,0.0,0,43.937282229965156,13.35993031358885,24,10,3,derived_from_native_gap_count,0.005871212121212121,0.7,0.01437847866419295,0.0,True
rome,rome:60:11-0-s136:p0,1.1,13.200000000000001,12.0,5740.0,5740.0,0.0,0,48.35261324041813,14.71212543554007,24,10,3,derived_from_native_gap_count,0.005871212121212121,0.7,0.01437847866419295,0.0,True
rome,rome:60:11-0-s136:p0,1.2,14.399999999999999,12.0,5740.0,5740.0,0.0,0,52.76794425087108,16.064320557491286,24,10,3,derived_from_native_gap_count,0.005871212121212121,0.7,0.01437847866419295,0.0,True
rome,rome:60:11-0-s186:p0,0.1,1.2000000000000002,12.0,5680.0,5680.0,0.0,0,4.470915492957747,3.547183098591549,24,10,8,derived_from_native_gap_count,0.008148343904157857,0.2,0.009991809991809993,0.0,True
rome,rome:60:11-0-s186:p0,0.2,2.4000000000000004,12.0,5680.0,5680.0,0.0,0,9.267535211267607,7.416549295774648,24,10,8,derived_from_native_gap_count,0.008148343904157857,0.2,0.009991809991809993,0.0,True
rome,rome:60:11-0-s186:p0,0.3,3.5999999999999996,12.0,5680.0,5680.0,0.0,0,14.064154929577464,11.285915492957749,24,10,8,derived_from_native_gap_count,0.008148343904157857,0.2,0.009991809991809993,0.0,True
rome,rome:60:11-0-s186:p0,0.4,4.800000000000001,12.0,5680.0,5680.0,0.0,0,18.860774647887325,15.155281690140844,24,10,8,derived_from_native_gap_count,0.008148343904157857,0.2,0.009991809991809993,0.0,True
rome,rome:60:11-0-s186:p0,0.5,6.0,12.0,5680.0,5680.0,0.0,0,23.657394366197185,19.024647887323944,24,10,8,derived_from_native_gap_count,0.008148343904157857,0.2,0.009991809991809993,0.0,True
rome,rome:60:11-0-s186:p0,0.6,7.199999999999999,12.0,5680.0,5680.0,0.0,0,28.45401408450704,22.894014084507045,24,10,8,derived_from_native_gap_count,0.008148343904157857,0.2,0.009991809991809993,0.0,True
rome,rome:60:11-0-s186:p0,0.7,8.399999999999999,12.0,5680.0,5680.0,0.0,0,33.2506338028169,26.76338028169014,24,10,8,derived_from_native_gap_count,0.008148343904157857,0.2,0.009991809991809993,0.0,True
rome,rome:60:11-0-s186:p0,0.8,9.600000000000001,12.0,5680.0,5680.0,0.0,0,38.04725352112676,30.63274647887324,24,10,8,derived_from_native_gap_count,0.008148343904157857,0.2,0.009991809991809993,0.0,True
rome,rome:60:11-0-s186:p0,0.9,10.8,12.0,5680.0,5680.0,0.0,0,42.84387323943663,34.50211267605634,24,10,8,derived_from_native_gap_count,0.008148343904157857,0.2,0.009991809991809993,0.0,True
rome,rome:60:11-0-s186:p0,1.0,12.0,12.0,5680.0,5680.0,0.0,0,47.64049295774648,38.37147887323944,24,10,8,derived_from_native_gap_count,0.008148343904157857,0.2,0.009991809991809993,0.0,True
rome,rome:60:11-0-s186:p0,1.1,13.200000000000001,12.0,5680.0,5680.0,0.0,0,52.437112676056344,42.24084507042254,24,10,8,derived_from_native_gap_count,0.008148343904157857,0.2,0.009991809991809993,0.0,True
rome,rome:60:11-0-s186:p0,1.2,14.399999999999999,12.0,5680.0,5680.0,0.0,0,57.23373239436619,46.11021126760564,24,10,8,derived_from_native_gap_count,0.008148343904157857,0.2,0.009991809991809993,0.0,True
rome,rome:60:11-0-s84:p0,0.1,1.2000000000000002,12.0,3060.0,3060.0,0.0,0,2.3026143790849676,1.513202614379085,24,3,2,derived_from_native_gap_count,0.004586404586404586,0.3333333333333333,0.006842619745845552,0.0,True
rome,rome:60:11-0-s84:p0,0.2,2.4000000000000004,12.0,3060.0,3060.0,0.0,0,4.696732026143791,3.1179084967320265,24,3,2,derived_from_native_gap_count,0.004586404586404586,0.3333333333333333,0.006842619745845552,0.0,True
rome,rome:60:11-0-s84:p0,0.3,3.5999999999999996,12.0,3060.0,3060.0,0.0,0,7.090849673202614,4.722614379084967,24,3,2,derived_from_native_gap_count,0.004586404586404586,0.3333333333333333,0.006842619745845552,0.0,True
rome,rome:60:11-0-s84:p0,0.4,4.800000000000001,12.0,3060.0,3060.0,0.0,0,9.48496732026144,6.327320261437909,24,3,2,derived_from_native_gap_count,0.004586404586404586,0.3333333333333333,0.006842619745845552,0.0,True
rome,rome:60:11-0-s84:p0,0.5,6.0,12.0,3060.0,3060.0,0.0,0,11.879084967320262,7.93202614379085,24,3,2,derived_from_native_gap_count,0.004586404586404586,0.3333333333333333,0.006842619745845552,0.0,True
rome,rome:60:11-0-s84:p0,0.6,7.199999999999999,12.0,3060.0,3060.0,0.0,0,14.273202614379086,9.53673202614379,24,3,2,derived_from_native_gap_count,0.004586404586404586,0.3333333333333333,0.006842619745845552,0.0,True
rome,rome:60:11-0-s84:p0,0.7,8.399999999999999,12.0,3060.0,3060.0,0.0,0,16.667320261437904,11.14143790849673,24,3,2,derived_from_native_gap_count,0.004586404586404586,0.3333333333333333,0.006842619745845552,0.0,True
rome,rome:60:11-0-s84:p0,0.8,9.600000000000001,12.0,3060.0,3060.0,0.0,0,19.061437908496735,12.746143790849674,24,3,2,derived_from_native_gap_count,0.004586404586404586,0.3333333333333333,0.006842619745845552,0.0,True
rome,rome:60:11-0-s84:p0,0.9,10.8,12.0,3060.0,3060.0,0.0,0,21.455555555555556,14.350849673202616,24,3,2,derived_from_native_gap_count,0.004586404586404586,0.3333333333333333,0.006842619745845552,0.0,True
rome,rome:60:11-0-s84:p0,1.0,12.0,12.0,3060.0,3060.0,0.0,0,23.84967320261438,15.955555555555556,24,3,2,derived_from_native_gap_count,0.004586404586404586,0.3333333333333333,0.006842619745845552,0.0,True
rome,rome:60:11-0-s84:p0,1.1,13.200000000000001,12.0,3060.0,3060.0,0.0,0,26.243790849673204,17.5602614379085,24,3,2,derived_from_native_gap_count,0.004586404586404586,0.3333333333333333,0.006842619745845552,0.0,True
rome,rome:60:11-0-s84:p0,1.2,14.399999999999999,12.0,3060.0,3060.0,0.0,0,28.637908496732027,19.164967320261436,24,3,2,derived_from_native_gap_count,0.004586404586404586,0.3333333333333333,0.006842619745845552,0.0,True
rome,rome:60:124-1-s99:p0,0.1,1.2000000000000002,12.0,1540.0,1540.0,0.0,0,18.330389610389613,5.165974025974026,24,11,3,derived_from_native_gap_count,0.0024975024975024975,0.7272727272727273,0.0057446502944133275,0.0,True
rome,rome:60:124-1-s99:p0,0.2,2.4000000000000004,12.0,1540.0,1540.0,0.0,0,37.050389610389615,10.591688311688312,24,11,3,derived_from_native_gap_count,0.0024975024975024975,0.7272727272727273,0.0057446502944133275,0.0,True
rome,rome:60:124-1-s99:p0,0.3,3.5999999999999996,12.0,1540.0,1540.0,0.0,0,55.770389610389614,16.017402597402594,24,11,3,derived_from_native_gap_count,0.0024975024975024975,0.7272727272727273,0.0057446502944133275,0.0,True
rome,rome:60:124-1-s99:p0,0.4,4.800000000000001,12.0,1540.0,1540.0,0.0,0,74.49038961038961,21.443116883116883,24,11,3,derived_from_native_gap_count,0.0024975024975024975,0.7272727272727273,0.0057446502944133275,0.0,True
rome,rome:60:124-1-s99:p0,0.5,6.0,12.0,1540.0,1540.0,0.0,0,93.21038961038961,26.868831168831168,24,11,3,derived_from_native_gap_count,0.0024975024975024975,0.7272727272727273,0.0057446502944133275,0.0,True
rome,rome:60:124-1-s99:p0,0.6,7.199999999999999,12.0,1540.0,1540.0,0.0,0,111.93038961038962,32.29454545454545,24,11,3,derived_from_native_gap_count,0.0024975024975024975,0.7272727272727273,0.0057446502944133275,0.0,True
rome,rome:60:124-1-s99:p0,0.7,8.399999999999999,12.0,1540.0,1540.0,0.0,0,130.6503896103896,37.720259740259735,24,11,3,derived_from_native_gap_count,0.0024975024975024975,0.7272727272727273,0.0057446502944133275,0.0,True
rome,rome:60:124-1-s99:p0,0.8,9.600000000000001,12.0,1540.0,1540.0,0.0,0,149.37038961038962,43.14597402597403,24,11,3,derived_from_native_gap_count,0.0024975024975024975,0.7272727272727273,0.0057446502944133275,0.0,True
rome,rome:60:124-1-s99:p0,0.9,10.8,12.0,1540.0,1540.0,0.0,0,168.09038961038965,48.57168831168832,24,11,3,derived_from_native_gap_count,0.0024975024975024975,0.7272727272727273,0.0057446502944133275,0.0,True
rome,rome:60:124-1-s99:p0,1.0,12.0,12.0,1540.0,1540.0,0.0,0,186.81038961038962,53.9974025974026,24,11,3,derived_from_native_gap_count,0.0024975024975024975,0.7272727272727273,0.0057446502944133275,0.0,True
rome,rome:60:124-1-s99:p0,1.1,13.200000000000001,12.0,1540.0,1540.0,0.0,0,205.53038961038965,59.42311688311689,24,11,3,derived_from_native_gap_count,0.0024975024975024975,0.7272727272727273,0.0057446502944133275,0.0,True
rome,rome:60:124-1-s99:p0,1.2,14.399999999999999,12.0,1540.0,1540.0,0.0,0,224.25038961038965,64.84883116883115,24,11,3,derived_from_native_gap_count,0.0024975024975024975,0.7272727272727273,0.0057446502944133275,0.0,True
rome,rome:60:127-0-s273:p0,0.1,1.2000000000000002,12.0,15504.0,8947.2,0.42291021671826623,2,0.30928792569659447,,24,2,0,derived_from_native_gap_count,0.0007451564828614009,1.0,,,True
rome,rome:60:127-0-s273:p0,0.2,2.4000000000000004,12.0,15504.0,12324.0,0.20510835913312694,1,0.6208978328173376,,24,2,0,derived_from_native_gap_count,0.0007451564828614009,1.0,,,True
rome,rome:60:127-0-s273:p0,0.3,3.5999999999999996,12.0,15504.0,14700.0,0.05185758513931889,1,0.9325077399380804,,24,2,0,derived_from_native_gap_count,0.0007451564828614009,1.0,,,True
rome,rome:60:127-0-s273:p0,0.4,4.800000000000001,12.0,15504.0,15504.0,0.0,0,1.2441176470588238,,24,2,0,derived_from_native_gap_count,0.0007451564828614009,1.0,,,True
rome,rome:60:127-0-s273:p0,0.5,6.0,12.0,15504.0,15504.0,0.0,0,1.5557275541795665,,24,2,0,derived_from_native_gap_count,0.0007451564828614009,1.0,,,True
rome,rome:60:127-0-s273:p0,0.6,7.199999999999999,12.0,15504.0,15504.0,0.0,0,1.8673374613003093,,24,2,0,derived_from_native_gap_count,0.0007451564828614009,1.0,,,True
rome,rome:60:127-0-s273:p0,0.7,8.399999999999999,12.0,15504.0,15504.0,0.0,0,2.1789473684210523,,24,2,0,derived_from_native_gap_count,0.0007451564828614009,1.0,,,True
rome,rome:60:127-0-s273:p0,0.8,9.600000000000001,12.0,15504.0,15504.0,0.0,0,2.490557275541796,,24,2,0,derived_from_native_gap_count,0.0007451564828614009,1.0,,,True
rome,rome:60:127-0-s273:p0,0.9,10.8,12.0,15504.0,15504.0,0.0,0,2.8021671826625387,,24,2,0,derived_from_native_gap_count,0.0007451564828614009,1.0,,,True
rome,rome:60:127-0-s273:p0,1.0,12.0,12.0,15504.0,15504.0,0.0,0,3.113777089783282,,24,2,0,derived_from_native_gap_count,0.0007451564828614009,1.0,,,True
rome,rome:60:127-0-s273:p0,1.1,13.200000000000001,12.0,15504.0,15504.0,0.0,0,3.425386996904025,,24,2,0,derived_from_native_gap_count,0.0007451564828614009,1.0,,,True
rome,rome:60:127-0-s273:p0,1.2,14.399999999999999,12.0,15504.0,15504.0,0.0,0,3.7369969040247675,,24,2,0,derived_from_native_gap_count,0.0007451564828614009,1.0,,,True
rome,rome:60:128-0-s16:p0,0.1,1.2000000000000002,12.0,690.0,690.0,0.0,0,17.804637681159427,,24,5,0,derived_from_native_gap_count,0.0006798756798756799,1.0,,,True
rome,rome:60:128-0-s16:p0,0.2,2.4000000000000004,12.0,690.0,690.0,0.0,0,35.710724637681174,,24,5,0,derived_from_native_gap_count,0.0006798756798756799,1.0,,,True
rome,rome:60:128-0-s16:p0,0.3,3.5999999999999996,12.0,690.0,690.0,0.0,0,53.616811594202886,,24,5,0,derived_from_native_gap_count,0.0006798756798756799,1.0,,,True
rome,rome:60:128-0-s16:p0,0.4,4.800000000000001,12.0,690.0,690.0,0.0,0,71.52289855072466,,24,5,0,derived_from_native_gap_count,0.0006798756798756799,1.0,,,True
rome,rome:60:128-0-s16:p0,0.5,6.0,12.0,690.0,690.0,0.0,0,89.42898550724638,,24,5,0,derived_from_native_gap_count,0.0006798756798756799,1.0,,,True
rome,rome:60:128-0-s16:p0,0.6,7.199999999999999,12.0,690.0,690.0,0.0,0,107.33507246376809,,24,5,0,derived_from_native_gap_count,0.0006798756798756799,1.0,,,True
rome,rome:60:128-0-s16:p0,0.7,8.399999999999999,12.0,690.0,690.0,0.0,0,125.2411594202898,,24,5,0,derived_from_native_gap_count,0.0006798756798756799,1.0,,,True
rome,rome:60:128-0-s16:p0,0.8,9.600000000000001,12.0,690.0,690.0,0.0,0,143.14724637681164,,24,5,0,derived_from_native_gap_count,0.0006798756798756799,1.0,,,True
rome,rome:60:128-0-s16:p0,0.9,10.8,12.0,690.0,690.0,0.0,0,161.05333333333337,,24,5,0,derived_from_native_gap_count,0.0006798756798756799,1.0,,,True
rome,rome:60:128-0-s16:p0,1.0,12.0,12.0,690.0,690.0,0.0,0,178.95942028985507,,24,5,0,derived_from_native_gap_count,0.0006798756798756799,1.0,,,True
rome,rome:60:128-0-s16:p0,1.1,13.200000000000001,12.0,690.0,690.0,0.0,0,196.86550724637684,,24,5,0,derived_from_native_gap_count,0.0006798756798756799,1.0,,,True
rome,rome:60:128-0-s16:p0,1.2,14.399999999999999,12.0,690.0,690.0,0.0,0,214.7715942028985,,24,5,0,derived_from_native_gap_count,0.0006798756798756799,1.0,,,True
rome,rome:60:128-0-s16:p1,0.1,1.2000000000000002,12.0,1520.0,1520.0,0.0,0,7.702631578947369,2.9415789473684217,24,5,2,derived_from_native_gap_count,0.0036761053154495777,0.6,0.00894187779433681,0.0,True
rome,rome:60:128-0-s16:p1,0.2,2.4000000000000004,12.0,1520.0,1520.0,0.0,0,15.648684210526318,6.120000000000001,24,5,2,derived_from_native_gap_count,0.0036761053154495777,0.6,0.00894187779433681,0.0,True
rome,rome:60:128-0-s16:p1,0.3,3.5999999999999996,12.0,1520.0,1520.0,0.0,0,23.594736842105263,9.298421052631578,24,5,2,derived_from_native_gap_count,0.0036761053154495777,0.6,0.00894187779433681,0.0,True
rome,rome:60:128-0-s16:p1,0.4,4.800000000000001,12.0,1520.0,1520.0,0.0,0,31.540789473684214,12.47684210526316,24,5,2,derived_from_native_gap_count,0.0036761053154495777,0.6,0.00894187779433681,0.0,True
rome,rome:60:128-0-s16:p1,0.5,6.0,12.0,1520.0,1520.0,0.0,0,39.48684210526316,15.655263157894737,24,5,2,derived_from_native_gap_count,0.0036761053154495777,0.6,0.00894187779433681,0.0,True
rome,rome:60:128-0-s16:p1,0.6,7.199999999999999,12.0,1520.0,1520.0,0.0,0,47.43289473684211,18.833684210526314,24,5,2,derived_from_native_gap_count,0.0036761053154495777,0.6,0.00894187779433681,0.0,True
rome,rome:60:128-0-s16:p1,0.7,8.399999999999999,12.0,1520.0,1520.0,0.0,0,55.378947368421045,22.012105263157892,24,5,2,derived_from_native_gap_count,0.0036761053154495777,0.6,0.00894187779433681,0.0,True
rome,rome:60:128-0-s16:p1,0.8,9.600000000000001,12.0,1520.0,1520.0,0.0,0,63.32500000000001,25.190526315789477,24,5,2,derived_from_native_gap_count,0.0036761053154495777,0.6,0.00894187779433681,0.0,True
rome,rome:60:128-0-s16:p1,0.9,10.8,12.0,1520.0,1520.0,0.0,0,71.27105263157895,28.368947368421054,24,5,2,derived_from_native_gap_count,0.0036761053154495777,0.6,0.00894187779433681,0.0,True
rome,rome:60:128-0-s16:p1,1.0,12.0,12.0,1520.0,1520.0,0.0,0,79.21710526315789,31.54736842105263,24,5,2,derived_from_native_gap_count,0.0036761053154495777,0.6,0.00894187779433681,0.0,True
rome,rome:60:128-0-s16:p1,1.1,13.200000000000001,12.0,1520.0,1520.0,0.0,0,87.16315789473684,34.725789473684216,24,5,2,derived_from_native_gap_count,0.0036761053154495777,0.6,0.00894187779433681,0.0,True
rome,rome:60:128-0-s16:p1,1.2,14.399999999999999,12.0,1520.0,1520.0,0.0,0,95.10921052631579,37.90421052631579,24,5,2,derived_from_native_gap_count,0.0036761053154495777,0.6,0.00894187779433681,0.0,True
rome,rome:60:128-0-s65:p0,0.1,1.2000000000000002,12.0,1704.0,1704.0,0.0,0,6.588028169014086,2.4338028169014088,24,5,2,derived_from_native_gap_count,0.007054148037754595,0.6,0.014157973174366617,0.0,True
rome,rome:60:128-0-s65:p0,0.2,2.4000000000000004,12.0,1704.0,1704.0,0.0,0,13.676056338028172,5.2690140845070434,24,5,2,derived_from_native_gap_count,0.007054148037754595,0.6,0.014157973174366617,0.0,True
rome,rome:60:128-0-s65:p0,0.3,3.5999999999999996,12.0,1704.0,1704.0,0.0,0,20.764084507042252,8.104225352112675,24,5,2,derived_from_native_gap_count,0.007054148037754595,0.6,0.014157973174366617,0.0,True
rome,rome:60:128-0-s65:p0,0.4,4.800000000000001,12.0,1704.0,1704.0,0.0,0,27.852112676056343,10.939436619718311,24,5,2,derived_from_native_gap_count,0.007054148037754595,0.6,0.014157973174366617,0.0,True
rome,rome:60:128-0-s65:p0,0.5,6.0,12.0,1704.0,1704.0,0.0,0,34.940140845070424,13.774647887323944,24,5,2,derived_from_native_gap_count,0.007054148037754595,0.6,0.014157973174366617,0.0,True
rome,rome:60:128-0-s65:p0,0.6,7.199999999999999,12.0,1704.0,1704.0,0.0,0,42.028169014084504,16.609859154929577,24,5,2,derived_from_native_gap_count,0.007054148037754595,0.6,0.014157973174366617,0.0,True
rome,rome:60:128-0-s65:p0,0.7,8.399999999999999,12.0,1704.0,1704.0,0.0,0,49.116197183098585,19.445070422535206,24,5,2,derived_from_native_gap_count,0.007054148037754595,0.6,0.014157973174366617,0.0,True
rome,rome:60:128-0-s65:p0,0.8,9.600000000000001,12.0,1704.0,1704.0,0.0,0,56.20422535211269,22.28028169014085,24,5,2,derived_from_native_gap_count,0.007054148037754595,0.6,0.014157973174366617,0.0,True
rome,rome:60:128-0-s65:p0,0.9,10.8,12.0,1704.0,1704.0,0.0,0,63.29225352112676,25.11549295774648,24,5,2,derived_from_native_gap_count,0.007054148037754595,0.6,0.014157973174366617,0.0,True
rome,rome:60:128-0-s65:p0,1.0,12.0,12.0,1704.0,1704.0,0.0,0,70.38028169014085,27.950704225352112,24,5,2,derived_from_native_gap_count,0.007054148037754595,0.6,0.014157973174366617,0.0,True
rome,rome:60:128-0-s65:p0,1.1,13.200000000000001,12.0,1704.0,1704.0,0.0,0,77.46830985915493,30.78591549295775,24,5,2,derived_from_native_gap_count,0.007054148037754595,0.6,0.014157973174366617,0.0,True
rome,rome:60:128-0-s65:p0,1.2,14.399999999999999,12.0,1704.0,1704.0,0.0,0,84.55633802816901,33.62112676056338,24,5,2,derived_from_native_gap_count,0.007054148037754595,0.6,0.014157973174366617,0.0,True
rome,rome:60:128-0-s82:p0,0.1,1.2000000000000002,12.0,21024.0,15832.800000000001,0.24691780821917803,4,0.41484018264840195,0.18544520547945212,24,5,3,derived_from_native_gap_count,0.02802535155476332,0.4,0.046199701937406856,0.0,True
rome,rome:60:128-0-s82:p0,0.2,2.4000000000000004,12.0,21024.0,20892.0,0.006278538812785388,1,0.9912100456621007,0.53013698630137,24,5,3,derived_from_native_gap_count,0.02802535155476332,0.4,0.046199701937406856,0.0,True
rome,rome:60:128-0-s82:p0,0.3,3.5999999999999996,12.0,21024.0,21024.0,0.0,0,1.5675799086757989,0.8748287671232876,24,5,3,derived_from_native_gap_count,0.02802535155476332,0.4,0.046199701937406856,0.0,True
rome,rome:60:128-0-s82:p0,0.4,4.800000000000001,12.0,21024.0,21024.0,0.0,0,2.143949771689498,1.2195205479452056,24,5,3,derived_from_native_gap_count,0.02802535155476332,0.4,0.046199701937406856,0.0,True
rome,rome:60:128-0-s82:p0,0.5,6.0,12.0,21024.0,21024.0,0.0,0,2.720319634703196,1.5642123287671232,24,5,3,derived_from_native_gap_count,0.02802535155476332,0.4,0.046199701937406856,0.0,True
rome,rome:60:128-0-s82:p0,0.6,7.199999999999999,12.0,21024.0,21024.0,0.0,0,3.2966894977168946,1.9089041095890409,24,5,3,derived_from_native_gap_count,0.02802535155476332,0.4,0.046199701937406856,0.0,True
rome,rome:60:128-0-s82:p0,0.7,8.399999999999999,12.0,21024.0,21024.0,0.0,0,3.873059360730593,2.2535958904109585,24,5,3,derived_from_native_gap_count,0.02802535155476332,0.4,0.046199701937406856,0.0,True
rome,rome:60:128-0-s82:p0,0.8,9.600000000000001,12.0,21024.0,21024.0,0.0,0,4.449429223744293,2.5982876712328773,24,5,3,derived_from_native_gap_count,0.02802535155476332,0.4,0.046199701937406856,0.0,True
rome,rome:60:128-0-s82:p0,0.9,10.8,12.0,21024.0,21024.0,0.0,0,5.02579908675799,2.9429794520547947,24,5,3,derived_from_native_gap_count,0.02802535155476332,0.4,0.046199701937406856,0.0,True
rome,rome:60:128-0-s82:p0,1.0,12.0,12.0,21024.0,21024.0,0.0,0,5.6021689497716896,3.287671232876712,24,5,3,derived_from_native_gap_count,0.02802535155476332,0.4,0.046199701937406856,0.0,True
rome,rome:60:128-0-s82:p0,1.1,13.200000000000001,12.0,21024.0,21024.0,0.0,0,6.178538812785388,3.6323630136986305,24,5,3,derived_from_native_gap_count,0.02802535155476332,0.4,0.046199701937406856,0.0,True
rome,rome:60:128-0-s82:p0,1.2,14.399999999999999,12.0,21024.0,21024.0,0.0,0,6.7549086757990855,3.9770547945205474,24,5,3,derived_from_native_gap_count,0.02802535155476332,0.4,0.046199701937406856,0.0,True
rome,rome:60:128-0-s82:p1,0.1,1.2000000000000002,12.0,2592.0,2592.0,0.0,0,5.333796296296297,2.545833333333334,24,6,3,derived_from_native_gap_count,0.004871604326645199,0.5,0.00894187779433681,0.0,True
rome,rome:60:128-0-s82:p1,0.2,2.4000000000000004,12.0,2592.0,2592.0,0.0,0,10.940740740740743,5.341666666666668,24,6,3,derived_from_native_gap_count,0.004871604326645199,0.5,0.00894187779433681,0.0,True
rome,rome:60:128-0-s82:p1,0.3,3.5999999999999996,12.0,2592.0,2592.0,0.0,0,16.54768518518518,8.1375,24,6,3,derived_from_native_gap_count,0.004871604326645199,0.5,0.00894187779433681,0.0,True
rome,rome:60:128-0-s82:p1,0.4,4.800000000000001,12.0,2592.0,2592.0,0.0,0,22.154629629629632,10.933333333333335,24,6,3,derived_from_native_gap_count,0.004871604326645199,0.5,0.00894187779433681,0.0,True
rome,rome:60:128-0-s82:p1,0.5,6.0,12.0,2592.0,2592.0,0.0,0,27.761574074074073,13.729166666666666,24,6,3,derived_from_native_gap_count,0.004871604326645199,0.5,0.00894187779433681,0.0,True
rome,rome:60:128-0-s82:p1,0.6,7.199999999999999,12.0,2592.0,2592.0,0.0,0,33.36851851851851,16.525,24,6,3,derived_from_native_gap_count,0.004871604326645199,0.5,0.00894187779433681,0.0,True
rome,rome:60:128-0-s82:p1,0.7,8.399999999999999,12.0,2592.0,2592.0,0.0,0,38.97546296296296,19.32083333333333,24,6,3,derived_from_native_gap_count,0.004871604326645199,0.5,0.00894187779433681,0.0,True
rome,rome:60:128-0-s82:p1,0.8,9.600000000000001,12.0,2592.0,2592.0,0.0,0,44.582407407407416,22.11666666666667,24,6,3,derived_from_native_gap_count,0.004871604326645199,0.5,0.00894187779433681,0.0,True
rome,rome:60:128-0-s82:p1,0.9,10.8,12.0,2592.0,2592.0,0.0,0,50.189351851851846,24.9125,24,6,3,derived_from_native_gap_count,0.004871604326645199,0.5,0.00894187779433681,0.0,True
rome,rome:60:128-0-s82:p1,1.0,12.0,12.0,2592.0,2592.0,0.0,0,55.7962962962963,27.708333333333332,24,6,3,derived_from_native_gap_count,0.004871604326645199,0.5,0.00894187779433681,0.0,True
rome,rome:60:128-0-s82:p1,1.1,13.200000000000001,12.0,2592.0,2592.0,0.0,0,61.40324074074074,30.504166666666666,24,6,3,derived_from_native_gap_count,0.004871604326645199,0.5,0.00894187779433681,0.0,True
rome,rome:60:128-0-s82:p1,1.2,14.399999999999999,12.0,2592.0,2592.0,0.0,0,67.01018518518516,33.3,24,6,3,derived_from_native_gap_count,0.004871604326645199,0.5,0.00894187779433681,0.0,True
rome,rome:60:128-0-s82:p2,0.1,1.2000000000000002,12.0,612.0,612.0,0.0,0,11.841176470588238,,24,3,0,derived_from_native_gap_count,0.0,1.0,,,True
rome,rome:60:128-0-s82:p2,0.2,2.4000000000000004,12.0,612.0,612.0,0.0,0,23.682352941176475,,24,3,0,derived_from_native_gap_count,0.0,1.0,,,True
rome,rome:60:128-0-s82:p2,0.3,3.5999999999999996,12.0,612.0,612.0,0.0,0,35.523529411764706,,24,3,0,derived_from_native_gap_count,0.0,1.0,,,True
rome,rome:60:128-0-s82:p2,0.4,4.800000000000001,12.0,612.0,612.0,0.0,0,47.36470588235295,,24,3,0,derived_from_native_gap_count,0.0,1.0,,,True
rome,rome:60:128-0-s82:p2,0.5,6.0,12.0,612.0,612.0,0.0,0,59.205882352941174,,24,3,0,derived_from_native_gap_count,0.0,1.0,,,True
rome,rome:60:128-0-s82:p2,0.6,7.199999999999999,12.0,612.0,612.0,0.0,0,71.04705882352941,,24,3,0,derived_from_native_gap_count,0.0,1.0,,,True
rome,rome:60:128-0-s82:p2,0.7,8.399999999999999,12.0,612.0,612.0,0.0,0,82.88823529411764,,24,3,0,derived_from_native_gap_count,0.0,1.0,,,True
rome,rome:60:128-0-s82:p2,0.8,9.600000000000001,12.0,612.0,612.0,0.0,0,94.7294117647059,,24,3,0,derived_from_native_gap_count,0.0,1.0,,,True
rome,rome:60:128-0-s82:p2,0.9,10.8,12.0,612.0,612.0,0.0,0,106.57058823529412,,24,3,0,derived_from_native_gap_count,0.0,1.0,,,True
rome,rome:60:128-0-s82:p2,1.0,12.0,12.0,612.0,612.0,0.0,0,118.41176470588235,,24,3,0,derived_from_native_gap_count,0.0,1.0,,,True
rome,rome:60:128-0-s82:p2,1.1,13.200000000000001,12.0,612.0,612.0,0.0,0,130.25294117647059,,24,3,0,derived_from_native_gap_count,0.0,1.0,,,True
rome,rome:60:128-0-s82:p2,1.2,14.399999999999999,12.0,612.0,612.0,0.0,0,142.09411764705882,,24,3,0,derived_from_native_gap_count,0.0,1.0,,,True
rome,rome:60:134-0-s99:p0,0.1,1.2000000000000002,12.0,1908.0,1908.0,0.0,0,7.327672955974844,1.058490566037736,24,6,1,derived_from_native_gap_count,0.003798199983486087,0.8333333333333334,0.01639344262295082,0.0,True
rome,rome:60:134-0-s99:p0,0.2,2.4000000000000004,12.0,1908.0,1908.0,0.0,0,14.944654088050317,2.324528301886793,24,6,1,derived_from_native_gap_count,0.003798199983486087,0.8333333333333334,0.01639344262295082,0.0,True
rome,rome:60:134-0-s99:p0,0.3,3.5999999999999996,12.0,1908.0,1908.0,0.0,0,22.561635220125783,3.5905660377358486,24,6,1,derived_from_native_gap_count,0.003798199983486087,0.8333333333333334,0.01639344262295082,0.0,True
rome,rome:60:134-0-s99:p0,0.4,4.800000000000001,12.0,1908.0,1908.0,0.0,0,30.178616352201264,4.856603773584906,24,6,1,derived_from_native_gap_count,0.003798199983486087,0.8333333333333334,0.01639344262295082,0.0,True
rome,rome:60:134-0-s99:p0,0.5,6.0,12.0,1908.0,1908.0,0.0,0,37.795597484276726,6.122641509433962,24,6,1,derived_from_native_gap_count,0.003798199983486087,0.8333333333333334,0.01639344262295082,0.0,True
rome,rome:60:134-0-s99:p0,0.6,7.199999999999999,12.0,1908.0,1908.0,0.0,0,45.41257861635219,7.388679245283018,24,6,1,derived_from_native_gap_count,0.003798199983486087,0.8333333333333334,0.01639344262295082,0.0,True
rome,rome:60:134-0-s99:p0,0.7,8.399999999999999,12.0,1908.0,1908.0,0.0,0,53.029559748427666,8.654716981132074,24,6,1,derived_from_native_gap_count,0.003798199983486087,0.8333333333333334,0.01639344262295082,0.0,True
rome,rome:60:134-0-s99:p0,0.8,9.600000000000001,12.0,1908.0,1908.0,0.0,0,60.64654088050315,9.920754716981133,24,6,1,derived_from_native_gap_count,0.003798199983486087,0.8333333333333334,0.01639344262295082,0.0,True
rome,rome:60:134-0-s99:p0,0.9,10.8,12.0,1908.0,1908.0,0.0,0,68.2635220125786,11.18679245283019,24,6,1,derived_from_native_gap_count,0.003798199983486087,0.8333333333333334,0.01639344262295082,0.0,True
rome,rome:60:134-0-s99:p0,1.0,12.0,12.0,1908.0,1908.0,0.0,0,75.88050314465409,12.452830188679245,24,6,1,derived_from_native_gap_count,0.003798199983486087,0.8333333333333334,0.01639344262295082,0.0,True
rome,rome:60:134-0-s99:p0,1.1,13.200000000000001,12.0,1908.0,1908.0,0.0,0,83.49748427672957,13.718867924528302,24,6,1,derived_from_native_gap_count,0.003798199983486087,0.8333333333333334,0.01639344262295082,0.0,True
rome,rome:60:134-0-s99:p0,1.2,14.399999999999999,12.0,1908.0,1908.0,0.0,0,91.11446540880502,14.984905660377358,24,6,1,derived_from_native_gap_count,0.003798199983486087,0.8333333333333334,0.01639344262295082,0.0,True
rome,rome:60:137-0-s71:p0,0.1,1.2000000000000002,12.0,10974.0,7466.400000000001,0.31962821213778014,1,1.7605613267723712,1.1074904319300165,24,9,6,derived_from_native_gap_count,0.013357619914996965,0.3333333333333333,0.019374068554396422,0.0,True
rome,rome:60:137-0-s71:p0,0.2,2.4000000000000004,12.0,10974.0,9802.800000000001,0.1067249863313285,1,3.7416438855476586,2.428212137780208,24,9,6,derived_from_native_gap_count,0.013357619914996965,0.3333333333333333,0.019374068554396422,0.0,True
rome,rome:60:137-0-s71:p0,0.3,3.5999999999999996,12.0,10974.0,10974.0,0.0,0,5.722726444322946,3.7489338436303994,24,9,6,derived_from_native_gap_count,0.013357619914996965,0.3333333333333333,0.019374068554396422,0.0,True
rome,rome:60:137-0-s71:p0,0.4,4.800000000000001,12.0,10974.0,10974.0,0.0,0,7.7038090030982325,5.069655549480592,24,9,6,derived_from_native_gap_count,0.013357619914996965,0.3333333333333333,0.019374068554396422,0.0,True
rome,rome:60:137-0-s71:p0,0.5,6.0,12.0,10974.0,10974.0,0.0,0,9.684891561873519,6.390377255330782,24,9,6,derived_from_native_gap_count,0.013357619914996965,0.3333333333333333,0.019374068554396422,0.0,True
rome,rome:60:137-0-s71:p0,0.6,7.199999999999999,12.0,10974.0,10974.0,0.0,0,11.665974120648809,7.711098961180974,24,9,6,derived_from_native_gap_count,0.013357619914996965,0.3333333333333333,0.019374068554396422,0.0,True
rome,rome:60:137-0-s71:p0,0.7,8.399999999999999,12.0,10974.0,10974.0,0.0,0,13.647056679424093,9.031820667031162,24,9,6,derived_from_native_gap_count,0.013357619914996965,0.3333333333333333,0.019374068554396422,0.0,True
rome,rome:60:137-0-s71:p0,0.8,9.600000000000001,12.0,10974.0,10974.0,0.0,0,15.628139238199381,10.352542372881357,24,9,6,derived_from_native_gap_count,0.013357619914996965,0.3333333333333333,0.019374068554396422,0.0,True
rome,rome:60:137-0-s71:p0,0.9,10.8,12.0,10974.0,10974.0,0.0,0,17.609221796974666,11.673264078731547,24,9,6,derived_from_native_gap_count,0.013357619914996965,0.3333333333333333,0.019374068554396422,0.0,True
rome,rome:60:137-0-s71:p0,1.0,12.0,12.0,10974.0,10974.0,0.0,0,19.590304355749954,12.993985784581739,24,9,6,derived_from_native_gap_count,0.013357619914996965,0.3333333333333333,0.019374068554396422,0.0,True
rome,rome:60:137-0-s71:p0,1.1,13.200000000000001,12.0,10974.0,10974.0,0.0,0,21.571386914525245,14.31470749043193,24,9,6,derived_from_native_gap_count,0.013357619914996965,0.3333333333333333,0.019374068554396422,0.0,True
rome,rome:60:137-0-s71:p0,1.2,14.399999999999999,12.0,10974.0,10974.0,0.0,0,23.552469473300533,15.635429196282123,24,9,6,derived_from_native_gap_count,0.013357619914996965,0.3333333333333333,0.019374068554396422,0.0,True
rome,rome:60:137-0-s71:p1,0.1,1.2000000000000002,12.0,1330.0,1330.0,0.0,0,14.251428571428573,3.399398496240602,24,8,2,derived_from_native_gap_count,0.0025407448720332158,0.75,0.007699950322901143,0.0,True
rome,rome:60:137-0-s71:p1,0.2,2.4000000000000004,12.0,1330.0,1330.0,0.0,0,28.811127819548876,7.031879699248122,24,8,2,derived_from_native_gap_count,0.0025407448720332158,0.75,0.007699950322901143,0.0,True
rome,rome:60:137-0-s71:p1,0.3,3.5999999999999996,12.0,1330.0,1330.0,0.0,0,43.37082706766917,10.664360902255638,24,8,2,derived_from_native_gap_count,0.0025407448720332158,0.75,0.007699950322901143,0.0,True
rome,rome:60:137-0-s71:p1,0.4,4.800000000000001,12.0,1330.0,1330.0,0.0,0,57.93052631578948,14.29684210526316,24,8,2,derived_from_native_gap_count,0.0025407448720332158,0.75,0.007699950322901143,0.0,True
rome,rome:60:137-0-s71:p1,0.5,6.0,12.0,1330.0,1330.0,0.0,0,72.49022556390977,17.92932330827068,24,8,2,derived_from_native_gap_count,0.0025407448720332158,0.75,0.007699950322901143,0.0,True
rome,rome:60:137-0-s71:p1,0.6,7.199999999999999,12.0,1330.0,1330.0,0.0,0,87.04992481203007,21.561804511278194,24,8,2,derived_from_native_gap_count,0.0025407448720332158,0.75,0.007699950322901143,0.0,True
rome,rome:60:137-0-s71:p1,0.7,8.399999999999999,12.0,1330.0,1330.0,0.0,0,101.60962406015037,25.19428571428571,24,8,2,derived_from_native_gap_count,0.0025407448720332158,0.75,0.007699950322901143,0.0,True
rome,rome:60:137-0-s71:p1,0.8,9.600000000000001,12.0,1330.0,1330.0,0.0,0,116.16932330827069,28.826766917293238,24,8,2,derived_from_native_gap_count,0.0025407448720332158,0.75,0.007699950322901143,0.0,True
rome,rome:60:137-0-s71:p1,0.9,10.8,12.0,1330.0,1330.0,0.0,0,130.72902255639096,32.45924812030076,24,8,2,derived_from_native_gap_count,0.0025407448720332158,0.75,0.007699950322901143,0.0,True
rome,rome:60:137-0-s71:p1,1.0,12.0,12.0,1330.0,1330.0,0.0,0,145.28872180451128,36.09172932330827,24,8,2,derived_from_native_gap_count,0.0025407448720332158,0.75,0.007699950322901143,0.0,True
rome,rome:60:137-0-s71:p1,1.1,13.200000000000001,12.0,1330.0,1330.0,0.0,0,159.8484210526316,39.724210526315794,24,8,2,derived_from_native_gap_count,0.0025407448720332158,0.75,0.007699950322901143,0.0,True
rome,rome:60:137-0-s71:p1,1.2,14.399999999999999,12.0,1330.0,1330.0,0.0,0,174.40812030075188,43.3566917293233,24,8,2,derived_from_native_gap_count,0.0025407448720332158,0.75,0.007699950322901143,0.0,True
rome,rome:60:137-0-s71:p2,0.1,1.2000000000000002,12.0,2580.0,2580.0,0.0,0,4.56124031007752,0.8587596899224808,24,5,1,derived_from_native_gap_count,0.003079980129160457,0.8,0.009935419771485345,0.0,True
rome,rome:60:137-0-s71:p2,0.2,2.4000000000000004,12.0,2580.0,2580.0,0.0,0,9.24263565891473,1.7950387596899227,24,5,1,derived_from_native_gap_count,0.003079980129160457,0.8,0.009935419771485345,0.0,True
rome,rome:60:137-0-s71:p2,0.3,3.5999999999999996,12.0,2580.0,2580.0,0.0,0,13.924031007751937,2.731317829457364,24,5,1,derived_from_native_gap_count,0.003079980129160457,0.8,0.009935419771485345,0.0,True
rome,rome:60:137-0-s71:p2,0.4,4.800000000000001,12.0,2580.0,2580.0,0.0,0,18.60542635658915,3.6675968992248067,24,5,1,derived_from_native_gap_count,0.003079980129160457,0.8,0.009935419771485345,0.0,True
rome,rome:60:137-0-s71:p2,0.5,6.0,12.0,2580.0,2580.0,0.0,0,23.286821705426355,4.603875968992248,24,5,1,derived_from_native_gap_count,0.003079980129160457,0.8,0.009935419771485345,0.0,True
rome,rome:60:137-0-s71:p2,0.6,7.199999999999999,12.0,2580.0,2580.0,0.0,0,27.968217054263565,5.540155038759689,24,5,1,derived_from_native_gap_count,0.003079980129160457,0.8,0.009935419771485345,0.0,True
rome,rome:60:137-0-s71:p2,0.7,8.399999999999999,12.0,2580.0,2580.0,0.0,0,32.64961240310077,6.476434108527131,24,5,1,derived_from_native_gap_count,0.003079980129160457,0.8,0.009935419771485345,0.0,True
rome,rome:60:137-0-s71:p2,0.8,9.600000000000001,12.0,2580.0,2580.0,0.0,0,37.33100775193799,7.412713178294575,24,5,1,derived_from_native_gap_count,0.003079980129160457,0.8,0.009935419771485345,0.0,True
rome,rome:60:137-0-s71:p2,0.9,10.8,12.0,2580.0,2580.0,0.0,0,42.012403100775195,8.348992248062016,24,5,1,derived_from_native_gap_count,0.003079980129160457,0.8,0.009935419771485345,0.0,True
rome,rome:60:137-0-s71:p2,1.0,12.0,12.0,2580.0,2580.0,0.0,0,46.6937984496124,9.285271317829457,24,5,1,derived_from_native_gap_count,0.003079980129160457,0.8,0.009935419771485345,0.0,True
rome,rome:60:137-0-s71:p2,1.1,13.200000000000001,12.0,2580.0,2580.0,0.0,0,51.375193798449615,10.221550387596901,24,5,1,derived_from_native_gap_count,0.003079980129160457,0.8,0.009935419771485345,0.0,True
rome,rome:60:137-0-s71:p2,1.2,14.399999999999999,12.0,2580.0,2580.0,0.0,0,56.05658914728682,11.15782945736434,24,5,1,derived_from_native_gap_count,0.003079980129160457,0.8,0.009935419771485345,0.0,True
rome,rome:60:140-0-s121:p0,0.1,1.2000000000000002,12.0,2364.0,2364.0,0.0,0,10.953299492385788,3.4238578680203053,24,11,4,derived_from_native_gap_count,0.006051898293277604,0.6363636363636364,0.016573902288188003,0.0,True
rome,rome:60:140-0-s121:p0,0.2,2.4000000000000004,12.0,2364.0,2364.0,0.0,0,22.612182741116758,7.52791878172589,24,11,4,derived_from_native_gap_count,0.006051898293277604,0.6363636363636364,0.016573902288188003,0.0,True
rome,rome:60:140-0-s121:p0,0.3,3.5999999999999996,12.0,2364.0,2364.0,0.0,0,34.27106598984771,11.63197969543147,24,11,4,derived_from_native_gap_count,0.006051898293277604,0.6363636363636364,0.016573902288188003,0.0,True
rome,rome:60:140-0-s121:p0,0.4,4.800000000000001,12.0,2364.0,2364.0,0.0,0,45.92994923857869,15.736040609137058,24,11,4,derived_from_native_gap_count,0.006051898293277604,0.6363636363636364,0.016573902288188003,0.0,True
rome,rome:60:140-0-s121:p0,0.5,6.0,12.0,2364.0,2364.0,0.0,0,57.588832487309645,19.84010152284264,24,11,4,derived_from_native_gap_count,0.006051898293277604,0.6363636363636364,0.016573902288188003,0.0,True
rome,rome:60:140-0-s121:p0,0.6,7.199999999999999,12.0,2364.0,2364.0,0.0,0,69.2477157360406,23.944162436548222,24,11,4,derived_from_native_gap_count,0.006051898293277604,0.6363636363636364,0.016573902288188003,0.0,True
rome,rome:60:140-0-s121:p0,0.7,8.399999999999999,12.0,2364.0,2364.0,0.0,0,80.90659898477155,28.0482233502538,24,11,4,derived_from_native_gap_count,0.006051898293277604,0.6363636363636364,0.016573902288188003,0.0,True
rome,rome:60:140-0-s121:p0,0.8,9.600000000000001,12.0,2364.0,2364.0,0.0,0,92.56548223350256,32.152284263959395,24,11,4,derived_from_native_gap_count,0.006051898293277604,0.6363636363636364,0.016573902288188003,0.0,True
rome,rome:60:140-0-s121:p0,0.9,10.8,12.0,2364.0,2364.0,0.0,0,104.22436548223351,36.256345177664976,24,11,4,derived_from_native_gap_count,0.006051898293277604,0.6363636363636364,0.016573902288188003,0.0,True
rome,rome:60:140-0-s121:p0,1.0,12.0,12.0,2364.0,2364.0,0.0,0,115.88324873096447,40.36040609137056,24,11,4,derived_from_native_gap_count,0.006051898293277604,0.6363636363636364,0.016573902288188003,0.0,True
rome,rome:60:140-0-s121:p0,1.1,13.200000000000001,12.0,2364.0,2364.0,0.0,0,127.54213197969544,44.464467005076145,24,11,4,derived_from_native_gap_count,0.006051898293277604,0.6363636363636364,0.016573902288188003,0.0,True
rome,rome:60:140-0-s121:p0,1.2,14.399999999999999,12.0,2364.0,2364.0,0.0,0,139.20101522842637,48.56852791878172,24,11,4,derived_from_native_gap_count,0.006051898293277604,0.6363636363636364,0.016573902288188003,0.0,True
rome,rome:60:140-0-s121:p1,0.1,1.2000000000000002,12.0,768.0,768.0,0.0,0,31.55,,24,10,0,derived_from_native_gap_count,0.00034547428684236504,1.0,,,True
rome,rome:60:140-0-s121:p1,0.2,2.4000000000000004,12.0,768.0,768.0,0.0,0,63.209375,,24,10,0,derived_from_native_gap_count,0.00034547428684236504,1.0,,,True
rome,rome:60:140-0-s121:p1,0.3,3.5999999999999996,12.0,768.0,768.0,0.0,0,94.86874999999999,,24,10,0,derived_from_native_gap_count,0.00034547428684236504,1.0,,,True
rome,rome:60:140-0-s121:p1,0.4,4.800000000000001,12.0,768.0,768.0,0.0,0,126.528125,,24,10,0,derived_from_native_gap_count,0.00034547428684236504,1.0,,,True
rome,rome:60:140-0-s121:p1,0.5,6.0,12.0,768.0,768.0,0.0,0,158.1875,,24,10,0,derived_from_native_gap_count,0.00034547428684236504,1.0,,,True
rome,rome:60:140-0-s121:p1,0.6,7.199999999999999,12.0,768.0,768.0,0.0,0,189.84687499999998,,24,10,0,derived_from_native_gap_count,0.00034547428684236504,1.0,,,True
rome,rome:60:140-0-s121:p1,0.7,8.399999999999999,12.0,768.0,768.0,0.0,0,221.50625,,24,10,0,derived_from_native_gap_count,0.00034547428684236504,1.0,,,True
rome,rome:60:140-0-s121:p1,0.8,9.600000000000001,12.0,768.0,768.0,0.0,0,253.165625,,24,10,0,derived_from_native_gap_count,0.00034547428684236504,1.0,,,True
rome,rome:60:140-0-s121:p1,0.9,10.8,12.0,768.0,768.0,0.0,0,284.825,,24,10,0,derived_from_native_gap_count,0.00034547428684236504,1.0,,,True
rome,rome:60:140-0-s121:p1,1.0,12.0,12.0,768.0,768.0,0.0,0,316.484375,,24,10,0,derived_from_native_gap_count,0.00034547428684236504,1.0,,,True
rome,rome:60:140-0-s121:p1,1.1,13.200000000000001,12.0,768.0,768.0,0.0,0,348.14375,,24,10,0,derived_from_native_gap_count,0.00034547428684236504,1.0,,,True
rome,rome:60:140-0-s121:p1,1.2,14.399999999999999,12.0,768.0,768.0,0.0,0,379.80312499999997,,24,10,0,derived_from_native_gap_count,0.00034547428684236504,1.0,,,True
rome,rome:60:149-0-s182:p0,0.1,1.2000000000000002,12.0,9940.0,8080.0,0.18712273641851107,1,1.3860362173038232,0.3851509054325956,24,6,2,derived_from_native_gap_count,0.010709186101856259,0.6666666666666666,0.030068123091378907,0.0,True
rome,rome:60:149-0-s182:p0,0.2,2.4000000000000004,12.0,9940.0,9940.0,0.0,0,2.9078873239436627,0.8990744466800806,24,6,2,derived_from_native_gap_count,0.010709186101856259,0.6666666666666666,0.030068123091378907,0.0,True
rome,rome:60:149-0-s182:p0,0.3,3.5999999999999996,12.0,9940.0,9940.0,0.0,0,4.4297384305835,1.4129979879275654,24,6,2,derived_from_native_gap_count,0.010709186101856259,0.6666666666666666,0.030068123091378907,0.0,True
rome,rome:60:149-0-s182:p0,0.4,4.800000000000001,12.0,9940.0,9940.0,0.0,0,5.951589537223341,1.9269215291750506,24,6,2,derived_from_native_gap_count,0.010709186101856259,0.6666666666666666,0.030068123091378907,0.0,True
rome,rome:60:149-0-s182:p0,0.5,6.0,12.0,9940.0,9940.0,0.0,0,7.473440643863179,2.4408450704225353,24,6,2,derived_from_native_gap_count,0.010709186101856259,0.6666666666666666,0.030068123091378907,0.0,True
rome,rome:60:149-0-s182:p0,0.6,7.199999999999999,12.0,9940.0,9940.0,0.0,0,8.995291750503016,2.95476861167002,24,6,2,derived_from_native_gap_count,0.010709186101856259,0.6666666666666666,0.030068123091378907,0.0,True
rome,rome:60:149-0-s182:p0,0.7,8.399999999999999,12.0,9940.0,9940.0,0.0,0,10.517142857142854,3.4686921529175048,24,6,2,derived_from_native_gap_count,0.010709186101856259,0.6666666666666666,0.030068123091378907,0.0,True
rome,rome:60:149-0-s182:p0,0.8,9.600000000000001,12.0,9940.0,9940.0,0.0,0,12.038993963782698,3.9826156941649904,24,6,2,derived_from_native_gap_count,0.010709186101856259,0.6666666666666666,0.030068123091378907,0.0,True
rome,rome:60:149-0-s182:p0,0.9,10.8,12.0,9940.0,9940.0,0.0,0,13.560845070422538,4.496539235412476,24,6,2,derived_from_native_gap_count,0.010709186101856259,0.6666666666666666,0.030068123091378907,0.0,True
rome,rome:60:149-0-s182:p0,1.0,12.0,12.0,9940.0,9940.0,0.0,0,15.082696177062374,5.01046277665996,24,6,2,derived_from_native_gap_count,0.010709186101856259,0.6666666666666666,0.030068123091378907,0.0,True
rome,rome:60:149-0-s182:p0,1.1,13.200000000000001,12.0,9940.0,9940.0,0.0,0,16.604547283702217,5.524386317907446,24,6,2,derived_from_native_gap_count,0.010709186101856259,0.6666666666666666,0.030068123091378907,0.0,True
rome,rome:60:149-0-s182:p0,1.2,14.399999999999999,12.0,9940.0,9940.0,0.0,0,18.12639839034205,6.038309859154929,24,6,2,derived_from_native_gap_count,0.010709186101856259,0.6666666666666666,0.030068123091378907,0.0,True
rome,rome:60:149-0-s21:p0,0.1,1.2000000000000002,12.0,1300.0,1300.0,0.0,0,17.149846153846156,,24,9,0,derived_from_native_gap_count,0.0,1.0,,,True
rome,rome:60:149-0-s21:p0,0.2,2.4000000000000004,12.0,1300.0,1300.0,0.0,0,34.29969230769231,,24,9,0,derived_from_native_gap_count,0.0,1.0,,,True
rome,rome:60:149-0-s21:p0,0.3,3.5999999999999996,12.0,1300.0,1300.0,0.0,0,51.44953846153846,,24,9,0,derived_from_native_gap_count,0.0,1.0,,,True
rome,rome:60:149-0-s21:p0,0.4,4.800000000000001,12.0,1300.0,1300.0,0.0,0,68.59938461538462,,24,9,0,derived_from_native_gap_count,0.0,1.0,,,True
rome,rome:60:149-0-s21:p0,0.5,6.0,12.0,1300.0,1300.0,0.0,0,85.74923076923076,,24,9,0,derived_from_native_gap_count,0.0,1.0,,,True
rome,rome:60:149-0-s21:p0,0.6,7.199999999999999,12.0,1300.0,1300.0,0.0,0,102.89907692307692,,24,9,0,derived_from_native_gap_count,0.0,1.0,,,True
rome,rome:60:149-0-s21:p0,0.7,8.399999999999999,12.0,1300.0,1300.0,0.0,0,120.04892307692306,,24,9,0,derived_from_native_gap_count,0.0,1.0,,,True
rome,rome:60:149-0-s21:p0,0.8,9.600000000000001,12.0,1300.0,1300.0,0.0,0,137.19876923076924,,24,9,0,derived_from_native_gap_count,0.0,1.0,,,True
rome,rome:60:149-0-s21:p0,0.9,10.8,12.0,1300.0,1300.0,0.0,0,154.34861538461536,,24,9,0,derived_from_native_gap_count,0.0,1.0,,,True
rome,rome:60:149-0-s21:p0,1.0,12.0,12.0,1300.0,1300.0,0.0,0,171.49846153846153,,24,9,0,derived_from_native_gap_count,0.0,1.0,,,True
rome,rome:60:149-0-s21:p0,1.1,13.200000000000001,12.0,1300.0,1300.0,0.0,0,188.64830769230772,,24,9,0,derived_from_native_gap_count,0.0,1.0,,,True
rome,rome:60:149-0-s21:p0,1.2,14.399999999999999,12.0,1300.0,1300.0,0.0,0,205.79815384615384,,24,9,0,derived_from_native_gap_count,0.0,1.0,,,True
rome,rome:60:149-0-s21:p1,0.1,1.2000000000000002,12.0,110.0,110.0,0.0,0,223.92000000000004,,24,10,0,derived_from_native_gap_count,0.0,1.0,,,True
rome,rome:60:149-0-s21:p1,0.2,2.4000000000000004,12.0,110.0,110.0,0.0,0,447.8400000000001,,24,10,0,derived_from_native_gap_count,0.0,1.0,,,True
rome,rome:60:149-0-s21:p1,0.3,3.5999999999999996,12.0,110.0,110.0,0.0,0,671.7599999999999,,24,10,0,derived_from_native_gap_count,0.0,1.0,,,True
rome,rome:60:149-0-s21:p1,0.4,4.800000000000001,12.0,110.0,110.0,0.0,0,895.6800000000002,,24,10,0,derived_from_native_gap_count,0.0,1.0,,,True
rome,rome:60:149-0-s21:p1,0.5,6.0,12.0,110.0,110.0,0.0,0,1119.6,,24,10,0,derived_from_native_gap_count,0.0,1.0,,,True
rome,rome:60:149-0-s21:p1,0.6,7.199999999999999,12.0,110.0,110.0,0.0,0,1343.5199999999998,,24,10,0,derived_from_native_gap_count,0.0,1.0,,,True
rome,rome:60:149-0-s21:p1,0.7,8.399999999999999,12.0,110.0,110.0,0.0,0,1567.4399999999996,,24,10,0,derived_from_native_gap_count,0.0,1.0,,,True
rome,rome:60:149-0-s21:p1,0.8,9.600000000000001,12.0,110.0,110.0,0.0,0,1791.3600000000004,,24,10,0,derived_from_native_gap_count,0.0,1.0,,,True
rome,rome:60:149-0-s21:p1,0.9,10.8,12.0,110.0,110.0,0.0,0,2015.28,,24,10,0,derived_from_native_gap_count,0.0,1.0,,,True
rome,rome:60:149-0-s21:p1,1.0,12.0,12.0,110.0,110.0,0.0,0,2239.2,,24,10,0,derived_from_native_gap_count,0.0,1.0,,,True
rome,rome:60:149-0-s21:p1,1.1,13.200000000000001,12.0,110.0,110.0,0.0,0,2463.120000000001,,24,10,0,derived_from_native_gap_count,0.0,1.0,,,True
rome,rome:60:149-0-s21:p1,1.2,14.399999999999999,12.0,110.0,110.0,0.0,0,2687.0399999999995,,24,10,0,derived_from_native_gap_count,0.0,1.0,,,True
rome,rome:60:149-0-s21:p2,0.1,1.2000000000000002,12.0,160.0,160.0,0.0,0,123.00750000000001,,24,8,0,derived_from_native_gap_count,0.0,1.0,,,True
rome,rome:60:149-0-s21:p2,0.2,2.4000000000000004,12.0,160.0,160.0,0.0,0,246.01500000000001,,24,8,0,derived_from_native_gap_count,0.0,1.0,,,True
rome,rome:60:149-0-s21:p2,0.3,3.5999999999999996,12.0,160.0,160.0,0.0,0,369.0225,,24,8,0,derived_from_native_gap_count,0.0,1.0,,,True
rome,rome:60:149-0-s21:p2,0.4,4.800000000000001,12.0,160.0,160.0,0.0,0,492.03000000000003,,24,8,0,derived_from_native_gap_count,0.0,1.0,,,True
rome,rome:60:149-0-s21:p2,0.5,6.0,12.0,160.0,160.0,0.0,0,615.0375,,24,8,0,derived_from_native_gap_count,0.0,1.0,,,True
rome,rome:60:149-0-s21:p2,0.6,7.199999999999999,12.0,160.0,160.0,0.0,0,738.045,,24,8,0,derived_from_native_gap_count,0.0,1.0,,,True
rome,rome:60:149-0-s21:p2,0.7,8.399999999999999,12.0,160.0,160.0,0.0,0,861.0525,,24,8,0,derived_from_native_gap_count,0.0,1.0,,,True
rome,rome:60:149-0-s21:p2,0.8,9.600000000000001,12.0,160.0,160.0,0.0,0,984.0600000000001,,24,8,0,derived_from_native_gap_count,0.0,1.0,,,True
rome,rome:60:149-0-s21:p2,0.9,10.8,12.0,160.0,160.0,0.0,0,1107.0675000000003,,24,8,0,derived_from_native_gap_count,0.0,1.0,,,True
rome,rome:60:149-0-s21:p2,1.0,12.0,12.0,160.0,160.0,0.0,0,1230.075,,24,8,0,derived_from_native_gap_count,0.0,1.0,,,True
rome,rome:60:149-0-s21:p2,1.1,13.200000000000001,12.0,160.0,160.0,0.0,0,1353.0825,,24,8,0,derived_from_native_gap_count,0.0,1.0,,,True
rome,rome:60:149-0-s21:p2,1.2,14.399999999999999,12.0,160.0,160.0,0.0,0,1476.09,,24,8,0,derived_from_native_gap_count,0.0,1.0,,,True
rome,rome:60:149-0-s21:p3,0.1,1.2000000000000002,12.0,750.0,750.0,0.0,0,29.12853333333334,,24,9,0,derived_from_native_gap_count,0.0015720713395132,1.0,,,True
rome,rome:60:149-0-s21:p3,0.2,2.4000000000000004,12.0,750.0,750.0,0.0,0,58.643733333333344,,24,9,0,derived_from_native_gap_count,0.0015720713395132,1.0,,,True
rome,rome:60:149-0-s21:p3,0.3,3.5999999999999996,12.0,750.0,750.0,0.0,0,88.15893333333332,,24,9,0,derived_from_native_gap_count,0.0015720713395132,1.0,,,True
rome,rome:60:149-0-s21:p3,0.4,4.800000000000001,12.0,750.0,750.0,0.0,0,117.67413333333336,,24,9,0,derived_from_native_gap_count,0.0015720713395132,1.0,,,True
rome,rome:60:149-0-s21:p3,0.5,6.0,12.0,750.0,750.0,0.0,0,147.18933333333334,,24,9,0,derived_from_native_gap_count,0.0015720713395132,1.0,,,True
rome,rome:60:149-0-s21:p3,0.6,7.199999999999999,12.0,750.0,750.0,0.0,0,176.70453333333333,,24,9,0,derived_from_native_gap_count,0.0015720713395132,1.0,,,True
rome,rome:60:149-0-s21:p3,0.7,8.399999999999999,12.0,750.0,750.0,0.0,0,206.21973333333327,,24,9,0,derived_from_native_gap_count,0.0015720713395132,1.0,,,True
rome,rome:60:149-0-s21:p3,0.8,9.600000000000001,12.0,750.0,750.0,0.0,0,235.7349333333334,,24,9,0,derived_from_native_gap_count,0.0015720713395132,1.0,,,True
rome,rome:60:149-0-s21:p3,0.9,10.8,12.0,750.0,750.0,0.0,0,265.2501333333333,,24,9,0,derived_from_native_gap_count,0.0015720713395132,1.0,,,True
rome,rome:60:149-0-s21:p3,1.0,12.0,12.0,750.0,750.0,0.0,0,294.76533333333333,,24,9,0,derived_from_native_gap_count,0.0015720713395132,1.0,,,True
rome,rome:60:149-0-s21:p3,1.1,13.200000000000001,12.0,750.0,750.0,0.0,0,324.2805333333334,,24,9,0,derived_from_native_gap_count,0.0015720713395132,1.0,,,True
rome,rome:60:149-0-s21:p3,1.2,14.399999999999999,12.0,750.0,750.0,0.0,0,353.7957333333333,,24,9,0,derived_from_native_gap_count,0.0015720713395132,1.0,,,True
rome,rome:60:150-0-s108:p0,0.1,1.2000000000000002,12.0,2380.0,2380.0,0.0,0,9.250084033613444,0.9603361344537816,24,9,1,derived_from_native_gap_count,0.0012940795858945326,0.8888888888888888,0.006458022851465474,0.0,True
rome,rome:60:150-0-s108:p0,0.2,2.4000000000000004,12.0,2380.0,2380.0,0.0,0,18.60100840336134,1.975294117647059,24,9,1,derived_from_native_gap_count,0.0012940795858945326,0.8888888888888888,0.006458022851465474,0.0,True
rome,rome:60:150-0-s108:p0,0.3,3.5999999999999996,12.0,2380.0,2380.0,0.0,0,27.951932773109245,2.990252100840336,24,9,1,derived_from_native_gap_count,0.0012940795858945326,0.8888888888888888,0.006458022851465474,0.0,True
rome,rome:60:150-0-s108:p0,0.4,4.800000000000001,12.0,2380.0,2380.0,0.0,0,37.302857142857135,4.005210084033614,24,9,1,derived_from_native_gap_count,0.0012940795858945326,0.8888888888888888,0.006458022851465474,0.0,True
rome,rome:60:150-0-s108:p0,0.5,6.0,12.0,2380.0,2380.0,0.0,0,46.65378151260504,5.020168067226891,24,9,1,derived_from_native_gap_count,0.0012940795858945326,0.8888888888888888,0.006458022851465474,0.0,True
rome,rome:60:150-0-s108:p0,0.6,7.199999999999999,12.0,2380.0,2380.0,0.0,0,56.004705882352944,6.035126050420168,24,9,1,derived_from_native_gap_count,0.0012940795858945326,0.8888888888888888,0.006458022851465474,0.0,True
rome,rome:60:150-0-s108:p0,0.7,8.399999999999999,12.0,2380.0,2380.0,0.0,0,65.35563025210085,7.0500840336134445,24,9,1,derived_from_native_gap_count,0.0012940795858945326,0.8888888888888888,0.006458022851465474,0.0,True
rome,rome:60:150-0-s108:p0,0.8,9.600000000000001,12.0,2380.0,2380.0,0.0,0,74.70655462184872,8.065042016806723,24,9,1,derived_from_native_gap_count,0.0012940795858945326,0.8888888888888888,0.006458022851465474,0.0,True
rome,rome:60:150-0-s108:p0,0.9,10.8,12.0,2380.0,2380.0,0.0,0,84.05747899159664,9.08,24,9,1,derived_from_native_gap_count,0.0012940795858945326,0.8888888888888888,0.006458022851465474,0.0,True
rome,rome:60:150-0-s108:p0,1.0,12.0,12.0,2380.0,2380.0,0.0,0,93.40840336134454,10.094957983193277,24,9,1,derived_from_native_gap_count,0.0012940795858945326,0.8888888888888888,0.006458022851465474,0.0,True
rome,rome:60:150-0-s108:p0,1.1,13.200000000000001,12.0,2380.0,2380.0,0.0,0,102.75932773109245,11.109915966386556,24,9,1,derived_from_native_gap_count,0.0012940795858945326,0.8888888888888888,0.006458022851465474,0.0,True
rome,rome:60:150-0-s108:p0,1.2,14.399999999999999,12.0,2380.0,2380.0,0.0,0,112.11025210084034,12.12487394957983,24,9,1,derived_from_native_gap_count,0.0012940795858945326,0.8888888888888888,0.006458022851465474,0.0,True
rome,rome:60:153-0-s12:p0,0.1,1.2000000000000002,12.0,912.0,912.0,0.0,0,13.151315789473687,,24,5,0,derived_from_native_gap_count,0.0006954793840039742,1.0,,,True
rome,rome:60:153-0-s12:p0,0.2,2.4000000000000004,12.0,912.0,912.0,0.0,0,26.394736842105267,,24,5,0,derived_from_native_gap_count,0.0006954793840039742,1.0,,,True
rome,rome:60:153-0-s12:p0,0.3,3.5999999999999996,12.0,912.0,912.0,0.0,0,39.63815789473684,,24,5,0,derived_from_native_gap_count,0.0006954793840039742,1.0,,,True
rome,rome:60:153-0-s12:p0,0.4,4.800000000000001,12.0,912.0,912.0,0.0,0,52.88157894736843,,24,5,0,derived_from_native_gap_count,0.0006954793840039742,1.0,,,True
rome,rome:60:153-0-s12:p0,0.5,6.0,12.0,912.0,912.0,0.0,0,66.125,,24,5,0,derived_from_native_gap_count,0.0006954793840039742,1.0,,,True
rome,rome:60:153-0-s12:p0,0.6,7.199999999999999,12.0,912.0,912.0,0.0,0,79.36842105263158,,24,5,0,derived_from_native_gap_count,0.0006954793840039742,1.0,,,True
rome,rome:60:153-0-s12:p0,0.7,8.399999999999999,12.0,912.0,912.0,0.0,0,92.61184210526314,,24,5,0,derived_from_native_gap_count,0.0006954793840039742,1.0,,,True
rome,rome:60:153-0-s12:p0,0.8,9.600000000000001,12.0,912.0,912.0,0.0,0,105.85526315789475,,24,5,0,derived_from_native_gap_count,0.0006954793840039742,1.0,,,True
rome,rome:60:153-0-s12:p0,0.9,10.8,12.0,912.0,912.0,0.0,0,119.09868421052632,,24,5,0,derived_from_native_gap_count,0.0006954793840039742,1.0,,,True
rome,rome:60:153-0-s12:p0,1.0,12.0,12.0,912.0,912.0,0.0,0,132.3421052631579,,24,5,0,derived_from_native_gap_count,0.0006954793840039742,1.0,,,True
rome,rome:60:153-0-s12:p0,1.1,13.200000000000001,12.0,912.0,912.0,0.0,0,145.58552631578948,,24,5,0,derived_from_native_gap_count,0.0006954793840039742,1.0,,,True
rome,rome:60:153-0-s12:p0,1.2,14.399999999999999,12.0,912.0,912.0,0.0,0,158.82894736842104,,24,5,0,derived_from_native_gap_count,0.0006954793840039742,1.0,,,True
rome,rome:60:153-0-s12:p1,0.1,1.2000000000000002,12.0,1200.0,1200.0,0.0,0,14.124000000000002,,24,7,0,derived_from_native_gap_count,0.0,1.0,,,True
rome,rome:60:153-0-s12:p1,0.2,2.4000000000000004,12.0,1200.0,1200.0,0.0,0,28.248000000000005,,24,7,0,derived_from_native_gap_count,0.0,1.0,,,True
rome,rome:60:153-0-s12:p1,0.3,3.5999999999999996,12.0,1200.0,1200.0,0.0,0,42.37199999999999,,24,7,0,derived_from_native_gap_count,0.0,1.0,,,True
rome,rome:60:153-0-s12:p1,0.4,4.800000000000001,12.0,1200.0,1200.0,0.0,0,56.49600000000001,,24,7,0,derived_from_native_gap_count,0.0,1.0,,,True
rome,rome:60:153-0-s12:p1,0.5,6.0,12.0,1200.0,1200.0,0.0,0,70.62,,24,7,0,derived_from_native_gap_count,0.0,1.0,,,True
rome,rome:60:153-0-s12:p1,0.6,7.199999999999999,12.0,1200.0,1200.0,0.0,0,84.74399999999999,,24,7,0,derived_from_native_gap_count,0.0,1.0,,,True
rome,rome:60:153-0-s12:p1,0.7,8.399999999999999,12.0,1200.0,1200.0,0.0,0,98.86799999999998,,24,7,0,derived_from_native_gap_count,0.0,1.0,,,True
rome,rome:60:153-0-s12:p1,0.8,9.600000000000001,12.0,1200.0,1200.0,0.0,0,112.99200000000002,,24,7,0,derived_from_native_gap_count,0.0,1.0,,,True
rome,rome:60:153-0-s12:p1,0.9,10.8,12.0,1200.0,1200.0,0.0,0,127.11599999999999,,24,7,0,derived_from_native_gap_count,0.0,1.0,,,True
rome,rome:60:153-0-s12:p1,1.0,12.0,12.0,1200.0,1200.0,0.0,0,141.24,,24,7,0,derived_from_native_gap_count,0.0,1.0,,,True
rome,rome:60:153-0-s12:p1,1.1,13.200000000000001,12.0,1200.0,1200.0,0.0,0,155.364,,24,7,0,derived_from_native_gap_count,0.0,1.0,,,True
rome,rome:60:153-0-s12:p1,1.2,14.399999999999999,12.0,1200.0,1200.0,0.0,0,169.48799999999997,,24,7,0,derived_from_native_gap_count,0.0,1.0,,,True
rome,rome:60:153-0-s15:p0,0.1,1.2000000000000002,12.0,1476.0,1476.0,0.0,0,8.200813008130082,,24,5,0,derived_from_native_gap_count,0.0010787486515641855,1.0,,,True
rome,rome:60:153-0-s15:p0,0.2,2.4000000000000004,12.0,1476.0,1476.0,0.0,0,16.491056910569107,,24,5,0,derived_from_native_gap_count,0.0010787486515641855,1.0,,,True
rome,rome:60:153-0-s15:p0,0.3,3.5999999999999996,12.0,1476.0,1476.0,0.0,0,24.781300813008126,,24,5,0,derived_from_native_gap_count,0.0010787486515641855,1.0,,,True
rome,rome:60:153-0-s15:p0,0.4,4.800000000000001,12.0,1476.0,1476.0,0.0,0,33.07154471544716,,24,5,0,derived_from_native_gap_count,0.0010787486515641855,1.0,,,True
rome,rome:60:153-0-s15:p0,0.5,6.0,12.0,1476.0,1476.0,0.0,0,41.36178861788618,,24,5,0,derived_from_native_gap_count,0.0010787486515641855,1.0,,,True
rome,rome:60:153-0-s15:p0,0.6,7.199999999999999,12.0,1476.0,1476.0,0.0,0,49.6520325203252,,24,5,0,derived_from_native_gap_count,0.0010787486515641855,1.0,,,True
rome,rome:60:153-0-s15:p0,0.7,8.399999999999999,12.0,1476.0,1476.0,0.0,0,57.94227642276422,,24,5,0,derived_from_native_gap_count,0.0010787486515641855,1.0,,,True
rome,rome:60:153-0-s15:p0,0.8,9.600000000000001,12.0,1476.0,1476.0,0.0,0,66.23252032520325,,24,5,0,derived_from_native_gap_count,0.0010787486515641855,1.0,,,True
rome,rome:60:153-0-s15:p0,0.9,10.8,12.0,1476.0,1476.0,0.0,0,74.52276422764227,,24,5,0,derived_from_native_gap_count,0.0010787486515641855,1.0,,,True
rome,rome:60:153-0-s15:p0,1.0,12.0,12.0,1476.0,1476.0,0.0,0,82.8130081300813,,24,5,0,derived_from_native_gap_count,0.0010787486515641855,1.0,,,True
rome,rome:60:153-0-s15:p0,1.1,13.200000000000001,12.0,1476.0,1476.0,0.0,0,91.10325203252034,,24,5,0,derived_from_native_gap_count,0.0010787486515641855,1.0,,,True
rome,rome:60:153-0-s15:p0,1.2,14.399999999999999,12.0,1476.0,1476.0,0.0,0,99.39349593495935,,24,5,0,derived_from_native_gap_count,0.0010787486515641855,1.0,,,True
rome,rome:60:153-0-s15:p1,0.1,1.2000000000000002,12.0,4128.0,4128.0,0.0,0,4.853779069767442,3.1098837209302332,24,9,6,derived_from_native_gap_count,0.007837942264171772,0.3333333333333333,0.011425732737208148,0.0,True
rome,rome:60:153-0-s15:p1,0.2,2.4000000000000004,12.0,4128.0,4128.0,0.0,0,10.120348837209303,6.62093023255814,24,9,6,derived_from_native_gap_count,0.007837942264171772,0.3333333333333333,0.011425732737208148,0.0,True
rome,rome:60:153-0-s15:p1,0.3,3.5999999999999996,12.0,4128.0,4128.0,0.0,0,15.386918604651166,10.131976744186048,24,9,6,derived_from_native_gap_count,0.007837942264171772,0.3333333333333333,0.011425732737208148,0.0,True
rome,rome:60:153-0-s15:p1,0.4,4.800000000000001,12.0,4128.0,4128.0,0.0,0,20.653488372093026,13.643023255813956,24,9,6,derived_from_native_gap_count,0.007837942264171772,0.3333333333333333,0.011425732737208148,0.0,True
rome,rome:60:153-0-s15:p1,0.5,6.0,12.0,4128.0,4128.0,0.0,0,25.920058139534884,17.15406976744186,24,9,6,derived_from_native_gap_count,0.007837942264171772,0.3333333333333333,0.011425732737208148,0.0,True
rome,rome:60:153-0-s15:p1,0.6,7.199999999999999,12.0,4128.0,4128.0,0.0,0,31.18662790697675,20.665116279069768,24,9,6,derived_from_native_gap_count,0.007837942264171772,0.3333333333333333,0.011425732737208148,0.0,True
rome,rome:60:153-0-s15:p1,0.7,8.399999999999999,12.0,4128.0,4128.0,0.0,0,36.453197674418604,24.17616279069767,24,9,6,derived_from_native_gap_count,0.007837942264171772,0.3333333333333333,0.011425732737208148,0.0,True
rome,rome:60:153-0-s15:p1,0.8,9.600000000000001,12.0,4128.0,4128.0,0.0,0,41.71976744186047,27.687209302325584,24,9,6,derived_from_native_gap_count,0.007837942264171772,0.3333333333333333,0.011425732737208148,0.0,True
rome,rome:60:153-0-s15:p1,0.9,10.8,12.0,4128.0,4128.0,0.0,0,46.98633720930232,31.198255813953487,24,9,6,derived_from_native_gap_count,0.007837942264171772,0.3333333333333333,0.011425732737208148,0.0,True
rome,rome:60:153-0-s15:p1,1.0,12.0,12.0,4128.0,4128.0,0.0,0,52.252906976744185,34.7093023255814,24,9,6,derived_from_native_gap_count,0.007837942264171772,0.3333333333333333,0.011425732737208148,0.0,True
rome,rome:60:153-0-s15:p1,1.1,13.200000000000001,12.0,4128.0,4128.0,0.0,0,57.51947674418605,38.2203488372093,24,9,6,derived_from_native_gap_count,0.007837942264171772,0.3333333333333333,0.011425732737208148,0.0,True
rome,rome:60:153-0-s15:p1,1.2,14.399999999999999,12.0,4128.0,4128.0,0.0,0,62.786046511627916,41.73139534883721,24,9,6,derived_from_native_gap_count,0.007837942264171772,0.3333333333333333,0.011425732737208148,0.0,True
rome,rome:60:153-0-s15:p2,0.1,1.2000000000000002,12.0,8028.0,8028.0,0.0,0,2.2730941704035876,1.690732436472347,24,9,7,derived_from_native_gap_count,0.016062261963901307,0.2222222222222222,0.019728904974806616,0.0,True
rome,rome:60:153-0-s15:p2,0.2,2.4000000000000004,12.0,8028.0,8028.0,0.0,0,4.981165919282511,3.797010463378177,24,9,7,derived_from_native_gap_count,0.016062261963901307,0.2222222222222222,0.019728904974806616,0.0,True
rome,rome:60:153-0-s15:p2,0.3,3.5999999999999996,12.0,8028.0,8028.0,0.0,0,7.689237668161437,5.903288490284007,24,9,7,derived_from_native_gap_count,0.016062261963901307,0.2222222222222222,0.019728904974806616,0.0,True
rome,rome:60:153-0-s15:p2,0.4,4.800000000000001,12.0,8028.0,8028.0,0.0,0,10.39730941704036,8.009566517189837,24,9,7,derived_from_native_gap_count,0.016062261963901307,0.2222222222222222,0.019728904974806616,0.0,True
rome,rome:60:153-0-s15:p2,0.5,6.0,12.0,8028.0,8028.0,0.0,0,13.105381165919283,10.115844544095665,24,9,7,derived_from_native_gap_count,0.016062261963901307,0.2222222222222222,0.019728904974806616,0.0,True
rome,rome:60:153-0-s15:p2,0.6,7.199999999999999,12.0,8028.0,8028.0,0.0,0,15.813452914798209,12.222122571001496,24,9,7,derived_from_native_gap_count,0.016062261963901307,0.2222222222222222,0.019728904974806616,0.0,True
rome,rome:60:153-0-s15:p2,0.7,8.399999999999999,12.0,8028.0,8028.0,0.0,0,18.521524663677127,14.328400597907322,24,9,7,derived_from_native_gap_count,0.016062261963901307,0.2222222222222222,0.019728904974806616,0.0,True
rome,rome:60:153-0-s15:p2,0.8,9.600000000000001,12.0,8028.0,8028.0,0.0,0,21.229596412556056,16.43467862481316,24,9,7,derived_from_native_gap_count,0.016062261963901307,0.2222222222222222,0.019728904974806616,0.0,True
rome,rome:60:153-0-s15:p2,0.9,10.8,12.0,8028.0,8028.0,0.0,0,23.937668161434974,18.540956651718982,24,9,7,derived_from_native_gap_count,0.016062261963901307,0.2222222222222222,0.019728904974806616,0.0,True
rome,rome:60:153-0-s15:p2,1.0,12.0,12.0,8028.0,8028.0,0.0,0,26.6457399103139,20.647234678624812,24,9,7,derived_from_native_gap_count,0.016062261963901307,0.2222222222222222,0.019728904974806616,0.0,True
rome,rome:60:153-0-s15:p2,1.1,13.200000000000001,12.0,8028.0,8028.0,0.0,0,29.35381165919283,22.753512705530643,24,9,7,derived_from_native_gap_count,0.016062261963901307,0.2222222222222222,0.019728904974806616,0.0,True
rome,rome:60:153-0-s15:p2,1.2,14.399999999999999,12.0,8028.0,8028.0,0.0,0,32.06188340807176,24.859790732436476,24,9,7,derived_from_native_gap_count,0.016062261963901307,0.2222222222222222,0.019728904974806616,0.0,True
rome,rome:60:153-0-s214:p0,0.1,1.2000000000000002,12.0,7060.0,6066.0,0.14079320113314447,1,1.0009065155807368,0.65314447592068,24,3,2,derived_from_native_gap_count,0.0036231884057971015,0.3333333333333333,0.00546448087431694,0.0,True
rome,rome:60:153-0-s214:p0,0.2,2.4000000000000004,12.0,7060.0,7060.0,0.0,0,2.0329745042492924,1.3374504249291788,24,3,2,derived_from_native_gap_count,0.0036231884057971015,0.3333333333333333,0.00546448087431694,0.0,True
rome,rome:60:153-0-s214:p0,0.3,3.5999999999999996,12.0,7060.0,7060.0,0.0,0,3.0650424929178466,2.0217563739376767,24,3,2,derived_from_native_gap_count,0.0036231884057971015,0.3333333333333333,0.00546448087431694,0.0,True
rome,rome:60:153-0-s214:p0,0.4,4.800000000000001,12.0,7060.0,7060.0,0.0,0,4.0971104815864035,2.706062322946176,24,3,2,derived_from_native_gap_count,0.0036231884057971015,0.3333333333333333,0.00546448087431694,0.0,True
rome,rome:60:153-0-s214:p0,0.5,6.0,12.0,7060.0,7060.0,0.0,0,5.129178470254957,3.3903682719546744,24,3,2,derived_from_native_gap_count,0.0036231884057971015,0.3333333333333333,0.00546448087431694,0.0,True
rome,rome:60:153-0-s214:p0,0.6,7.199999999999999,12.0,7060.0,7060.0,0.0,0,6.161246458923512,4.074674220963172,24,3,2,derived_from_native_gap_count,0.0036231884057971015,0.3333333333333333,0.00546448087431694,0.0,True
rome,rome:60:153-0-s214:p0,0.7,8.399999999999999,12.0,7060.0,7060.0,0.0,0,7.1933144475920665,4.758980169971671,24,3,2,derived_from_native_gap_count,0.0036231884057971015,0.3333333333333333,0.00546448087431694,0.0,True
rome,rome:60:153-0-s214:p0,0.8,9.600000000000001,12.0,7060.0,7060.0,0.0,0,8.225382436260626,5.443286118980171,24,3,2,derived_from_native_gap_count,0.0036231884057971015,0.3333333333333333,0.00546448087431694,0.0,True
rome,rome:60:153-0-s214:p0,0.9,10.8,12.0,7060.0,7060.0,0.0,0,9.257450424929178,6.127592067988669,24,3,2,derived_from_native_gap_count,0.0036231884057971015,0.3333333333333333,0.00546448087431694,0.0,True
rome,rome:60:153-0-s214:p0,1.0,12.0,12.0,7060.0,7060.0,0.0,0,10.289518413597733,6.8118980169971675,24,3,2,derived_from_native_gap_count,0.0036231884057971015,0.3333333333333333,0.00546448087431694,0.0,True
rome,rome:60:153-0-s214:p0,1.1,13.200000000000001,12.0,7060.0,7060.0,0.0,0,11.32158640226629,7.496203966005666,24,3,2,derived_from_native_gap_count,0.0036231884057971015,0.3333333333333333,0.00546448087431694,0.0,True
rome,rome:60:153-0-s214:p0,1.2,14.399999999999999,12.0,7060.0,7060.0,0.0,0,12.353654390934842,8.180509915014163,24,3,2,derived_from_native_gap_count,0.0036231884057971015,0.3333333333333333,0.00546448087431694,0.0,True
rome,rome:60:155-0-s239:p0,0.1,1.2000000000000002,12.0,2360.0,2360.0,0.0,0,8.956101694915255,3.860169491525424,24,9,4,derived_from_native_gap_count,0.005420935653493793,0.5555555555555556,0.009575757575757576,0.0,True
rome,rome:60:155-0-s239:p0,0.2,2.4000000000000004,12.0,2360.0,2360.0,0.0,0,18.33593220338983,8.055084745762711,24,9,4,derived_from_native_gap_count,0.005420935653493793,0.5555555555555556,0.009575757575757576,0.0,True
rome,rome:60:155-0-s239:p0,0.3,3.5999999999999996,12.0,2360.0,2360.0,0.0,0,27.715762711864407,12.25,24,9,4,derived_from_native_gap_count,0.005420935653493793,0.5555555555555556,0.009575757575757576,0.0,True
rome,rome:60:155-0-s239:p0,0.4,4.800000000000001,12.0,2360.0,2360.0,0.0,0,37.09559322033898,16.444915254237287,24,9,4,derived_from_native_gap_count,0.005420935653493793,0.5555555555555556,0.009575757575757576,0.0,True
rome,rome:60:155-0-s239:p0,0.5,6.0,12.0,2360.0,2360.0,0.0,0,46.47542372881356,20.639830508474578,24,9,4,derived_from_native_gap_count,0.005420935653493793,0.5555555555555556,0.009575757575757576,0.0,True
rome,rome:60:155-0-s239:p0,0.6,7.199999999999999,12.0,2360.0,2360.0,0.0,0,55.855254237288136,24.834745762711865,24,9,4,derived_from_native_gap_count,0.005420935653493793,0.5555555555555556,0.009575757575757576,0.0,True
rome,rome:60:155-0-s239:p0,0.7,8.399999999999999,12.0,2360.0,2360.0,0.0,0,65.2350847457627,29.029661016949152,24,9,4,derived_from_native_gap_count,0.005420935653493793,0.5555555555555556,0.009575757575757576,0.0,True
rome,rome:60:155-0-s239:p0,0.8,9.600000000000001,12.0,2360.0,2360.0,0.0,0,74.61491525423729,33.22457627118644,24,9,4,derived_from_native_gap_count,0.005420935653493793,0.5555555555555556,0.009575757575757576,0.0,True
rome,rome:60:155-0-s239:p0,0.9,10.8,12.0,2360.0,2360.0,0.0,0,83.99474576271187,37.41949152542373,24,9,4,derived_from_native_gap_count,0.005420935653493793,0.5555555555555556,0.009575757575757576,0.0,True
rome,rome:60:155-0-s239:p0,1.0,12.0,12.0,2360.0,2360.0,0.0,0,93.37457627118644,41.61440677966102,24,9,4,derived_from_native_gap_count,0.005420935653493793,0.5555555555555556,0.009575757575757576,0.0,True
rome,rome:60:155-0-s239:p0,1.1,13.200000000000001,12.0,2360.0,2360.0,0.0,0,102.75440677966102,45.80932203389831,24,9,4,derived_from_native_gap_count,0.005420935653493793,0.5555555555555556,0.009575757575757576,0.0,True
rome,rome:60:155-0-s239:p0,1.2,14.399999999999999,12.0,2360.0,2360.0,0.0,0,112.1342372881356,50.00423728813559,24,9,4,derived_from_native_gap_count,0.005420935653493793,0.5555555555555556,0.009575757575757576,0.0,True
rome,rome:60:155-0-s253:p0,0.1,1.2000000000000002,12.0,4740.0,4096.400000000001,0.13578059071729948,1,4.0738396624472575,0.9601687763713082,24,8,2,derived_from_native_gap_count,0.00296969696969697,0.75,0.006954793840039742,0.0,True
rome,rome:60:155-0-s253:p0,0.2,2.4000000000000004,12.0,4740.0,4740.0,0.0,0,8.251054852320674,1.9794092827004222,24,8,2,derived_from_native_gap_count,0.00296969696969697,0.75,0.006954793840039742,0.0,True
rome,rome:60:155-0-s253:p0,0.3,3.5999999999999996,12.0,4740.0,4740.0,0.0,0,12.42827004219409,2.9986497890295354,24,8,2,derived_from_native_gap_count,0.00296969696969697,0.75,0.006954793840039742,0.0,True
rome,rome:60:155-0-s253:p0,0.4,4.800000000000001,12.0,4740.0,4740.0,0.0,0,16.60548523206751,4.017890295358651,24,8,2,derived_from_native_gap_count,0.00296969696969697,0.75,0.006954793840039742,0.0,True
rome,rome:60:155-0-s253:p0,0.5,6.0,12.0,4740.0,4740.0,0.0,0,20.782700421940927,5.037130801687764,24,8,2,derived_from_native_gap_count,0.00296969696969697,0.75,0.006954793840039742,0.0,True
rome,rome:60:155-0-s253:p0,0.6,7.199999999999999,12.0,4740.0,4740.0,0.0,0,24.95991561181434,6.056371308016877,24,8,2,derived_from_native_gap_count,0.00296969696969697,0.75,0.006954793840039742,0.0,True
rome,rome:60:155-0-s253:p0,0.7,8.399999999999999,12.0,4740.0,4740.0,0.0,0,29.137130801687757,7.07561181434599,24,8,2,derived_from_native_gap_count,0.00296969696969697,0.75,0.006954793840039742,0.0,True
rome,rome:60:155-0-s253:p0,0.8,9.600000000000001,12.0,4740.0,4740.0,0.0,0,33.31434599156118,8.094852320675107,24,8,2,derived_from_native_gap_count,0.00296969696969697,0.75,0.006954793840039742,0.0,True
rome,rome:60:155-0-s253:p0,0.9,10.8,12.0,4740.0,4740.0,0.0,0,37.491561181434605,9.11409282700422,24,8,2,derived_from_native_gap_count,0.00296969696969697,0.75,0.006954793840039742,0.0,True
rome,rome:60:155-0-s253:p0,1.0,12.0,12.0,4740.0,4740.0,0.0,0,41.66877637130802,10.133333333333333,24,8,2,derived_from_native_gap_count,0.00296969696969697,0.75,0.006954793840039742,0.0,True
rome,rome:60:155-0-s253:p0,1.1,13.200000000000001,12.0,4740.0,4740.0,0.0,0,45.84599156118144,11.152573839662448,24,8,2,derived_from_native_gap_count,0.00296969696969697,0.75,0.006954793840039742,0.0,True
rome,rome:60:155-0-s253:p0,1.2,14.399999999999999,12.0,4740.0,4740.0,0.0,0,50.02320675105484,12.17181434599156,24,8,2,derived_from_native_gap_count,0.00296969696969697,0.75,0.006954793840039742,0.0,True
rome,rome:60:155-0-s266:p0,0.1,1.2000000000000002,12.0,5140.0,4336.8,0.15626459143968868,1,4.719143968871595,0.8521400778210116,24,10,2,derived_from_native_gap_count,0.004062709110027722,0.8,0.013818181818181818,0.0,True
rome,rome:60:155-0-s266:p0,0.2,2.4000000000000004,12.0,5140.0,5140.0,0.0,0,9.60365758754864,1.8151750972762646,24,10,2,derived_from_native_gap_count,0.004062709110027722,0.8,0.013818181818181818,0.0,True
rome,rome:60:155-0-s266:p0,0.3,3.5999999999999996,12.0,5140.0,5140.0,0.0,0,14.48817120622568,2.7782101167315174,24,10,2,derived_from_native_gap_count,0.004062709110027722,0.8,0.013818181818181818,0.0,True
rome,rome:60:155-0-s266:p0,0.4,4.800000000000001,12.0,5140.0,5140.0,0.0,0,19.372684824902723,3.7412451361867705,24,10,2,derived_from_native_gap_count,0.004062709110027722,0.8,0.013818181818181818,0.0,True
rome,rome:60:155-0-s266:p0,0.5,6.0,12.0,5140.0,5140.0,0.0,0,24.257198443579767,4.7042801556420235,24,10,2,derived_from_native_gap_count,0.004062709110027722,0.8,0.013818181818181818,0.0,True
rome,rome:60:155-0-s266:p0,0.6,7.199999999999999,12.0,5140.0,5140.0,0.0,0,29.141712062256808,5.667315175097277,24,10,2,derived_from_native_gap_count,0.004062709110027722,0.8,0.013818181818181818,0.0,True
rome,rome:60:155-0-s266:p0,0.7,8.399999999999999,12.0,5140.0,5140.0,0.0,0,34.02622568093385,6.63035019455253,24,10,2,derived_from_native_gap_count,0.004062709110027722,0.8,0.013818181818181818,0.0,True
rome,rome:60:155-0-s266:p0,0.8,9.600000000000001,12.0,5140.0,5140.0,0.0,0,38.910739299610896,7.593385214007782,24,10,2,derived_from_native_gap_count,0.004062709110027722,0.8,0.013818181818181818,0.0,True
rome,rome:60:155-0-s266:p0,0.9,10.8,12.0,5140.0,5140.0,0.0,0,43.79525291828794,8.556420233463035,24,10,2,derived_from_native_gap_count,0.004062709110027722,0.8,0.013818181818181818,0.0,True
rome,rome:60:155-0-s266:p0,1.0,12.0,12.0,5140.0,5140.0,0.0,0,48.67976653696498,9.519455252918288,24,10,2,derived_from_native_gap_count,0.004062709110027722,0.8,0.013818181818181818,0.0,True
rome,rome:60:155-0-s266:p0,1.1,13.200000000000001,12.0,5140.0,5140.0,0.0,0,53.56428015564203,10.482490272373541,24,10,2,derived_from_native_gap_count,0.004062709110027722,0.8,0.013818181818181818,0.0,True
rome,rome:60:155-0-s266:p0,1.2,14.399999999999999,12.0,5140.0,5140.0,0.0,0,58.448793774319064,11.445525291828794,24,10,2,derived_from_native_gap_count,0.004062709110027722,0.8,0.013818181818181818,0.0,True
rome,rome:60:156-0-s76:p0,0.1,1.2000000000000002,12.0,18972.0,9408.000000000002,0.504111321948134,3,0.7614168247944341,,24,6,0,derived_from_native_gap_count,0.0003311806590495115,1.0,,,True
rome,rome:60:156-0-s76:p0,0.2,2.4000000000000004,12.0,18972.0,15840.0,0.1650853889943074,2,1.5253636938646429,,24,6,0,derived_from_native_gap_count,0.0003311806590495115,1.0,,,True
rome,rome:60:156-0-s76:p0,0.3,3.5999999999999996,12.0,18972.0,18972.0,0.0,0,2.2893105629348516,,24,6,0,derived_from_native_gap_count,0.0003311806590495115,1.0,,,True
rome,rome:60:156-0-s76:p0,0.4,4.800000000000001,12.0,18972.0,18972.0,0.0,0,3.0532574320050605,,24,6,0,derived_from_native_gap_count,0.0003311806590495115,1.0,,,True
rome,rome:60:156-0-s76:p0,0.5,6.0,12.0,18972.0,18972.0,0.0,0,3.817204301075269,,24,6,0,derived_from_native_gap_count,0.0003311806590495115,1.0,,,True
rome,rome:60:156-0-s76:p0,0.6,7.199999999999999,12.0,18972.0,18972.0,0.0,0,4.5811511701454775,,24,6,0,derived_from_native_gap_count,0.0003311806590495115,1.0,,,True
rome,rome:60:156-0-s76:p0,0.7,8.399999999999999,12.0,18972.0,18972.0,0.0,0,5.345098039215685,,24,6,0,derived_from_native_gap_count,0.0003311806590495115,1.0,,,True
rome,rome:60:156-0-s76:p0,0.8,9.600000000000001,12.0,18972.0,18972.0,0.0,0,6.109044908285896,,24,6,0,derived_from_native_gap_count,0.0003311806590495115,1.0,,,True
rome,rome:60:156-0-s76:p0,0.9,10.8,12.0,18972.0,18972.0,0.0,0,6.872991777356104,,24,6,0,derived_from_native_gap_count,0.0003311806590495115,1.0,,,True
rome,rome:60:156-0-s76:p0,1.0,12.0,12.0,18972.0,18972.0,0.0,0,7.636938646426312,,24,6,0,derived_from_native_gap_count,0.0003311806590495115,1.0,,,True
rome,rome:60:156-0-s76:p0,1.1,13.200000000000001,12.0,18972.0,18972.0,0.0,0,8.40088551549652,,24,6,0,derived_from_native_gap_count,0.0003311806590495115,1.0,,,True
rome,rome:60:156-0-s76:p0,1.2,14.399999999999999,12.0,18972.0,18972.0,0.0,0,9.164832384566731,,24,6,0,derived_from_native_gap_count,0.0003311806590495115,1.0,,,True
rome,rome:60:157-0-s98:p0,0.1,1.2000000000000002,12.0,1896.0,1896.0,0.0,0,14.181645569620255,2.2335443037974687,24,11,2,derived_from_native_gap_count,0.002861230329041488,0.8181818181818182,0.013057403301305741,0.0,True
rome,rome:60:157-0-s98:p0,0.2,2.4000000000000004,12.0,1896.0,1896.0,0.0,0,28.78101265822785,4.802531645569621,24,11,2,derived_from_native_gap_count,0.002861230329041488,0.8181818181818182,0.013057403301305741,0.0,True
rome,rome:60:157-0-s98:p0,0.3,3.5999999999999996,12.0,1896.0,1896.0,0.0,0,43.380379746835445,7.371518987341771,24,11,2,derived_from_native_gap_count,0.002861230329041488,0.8181818181818182,0.013057403301305741,0.0,True
rome,rome:60:157-0-s98:p0,0.4,4.800000000000001,12.0,1896.0,1896.0,0.0,0,57.97974683544304,9.940506329113926,24,11,2,derived_from_native_gap_count,0.002861230329041488,0.8181818181818182,0.013057403301305741,0.0,True
rome,rome:60:157-0-s98:p0,0.5,6.0,12.0,1896.0,1896.0,0.0,0,72.57911392405063,12.509493670886076,24,11,2,derived_from_native_gap_count,0.002861230329041488,0.8181818181818182,0.013057403301305741,0.0,True
rome,rome:60:157-0-s98:p0,0.6,7.199999999999999,12.0,1896.0,1896.0,0.0,0,87.17848101265822,15.078481012658225,24,11,2,derived_from_native_gap_count,0.002861230329041488,0.8181818181818182,0.013057403301305741,0.0,True
rome,rome:60:157-0-s98:p0,0.7,8.399999999999999,12.0,1896.0,1896.0,0.0,0,101.77784810126582,17.647468354430377,24,11,2,derived_from_native_gap_count,0.002861230329041488,0.8181818181818182,0.013057403301305741,0.0,True
rome,rome:60:157-0-s98:p0,0.8,9.600000000000001,12.0,1896.0,1896.0,0.0,0,116.37721518987343,20.216455696202537,24,11,2,derived_from_native_gap_count,0.002861230329041488,0.8181818181818182,0.013057403301305741,0.0,True
rome,rome:60:157-0-s98:p0,0.9,10.8,12.0,1896.0,1896.0,0.0,0,130.976582278481,22.785443037974687,24,11,2,derived_from_native_gap_count,0.002861230329041488,0.8181818181818182,0.013057403301305741,0.0,True
rome,rome:60:157-0-s98:p0,1.0,12.0,12.0,1896.0,1896.0,0.0,0,145.5759493670886,25.354430379746834,24,11,2,derived_from_native_gap_count,0.002861230329041488,0.8181818181818182,0.013057403301305741,0.0,True
rome,rome:60:157-0-s98:p0,1.1,13.200000000000001,12.0,1896.0,1896.0,0.0,0,160.17531645569622,27.923417721518987,24,11,2,derived_from_native_gap_count,0.002861230329041488,0.8181818181818182,0.013057403301305741,0.0,True
rome,rome:60:157-0-s98:p0,1.2,14.399999999999999,12.0,1896.0,1896.0,0.0,0,174.7746835443038,30.492405063291134,24,11,2,derived_from_native_gap_count,0.002861230329041488,0.8181818181818182,0.013057403301305741,0.0,True
rome,rome:60:162-0-s40:p0,0.1,1.2000000000000002,12.0,13124.0,8036.4000000000015,0.3876562023773239,2,0.6950015239256325,0.5018896677842122,24,4,3,derived_from_native_gap_count,0.006747638326585695,0.25,0.009107468123861567,0.0,True
rome,rome:60:162-0-s40:p0,0.2,2.4000000000000004,12.0,13124.0,12736.800000000001,0.029503200243828017,1,1.4402925937214266,1.054068881438586,24,4,3,derived_from_native_gap_count,0.006747638326585695,0.25,0.009107468123861567,0.0,True
rome,rome:60:162-0-s40:p0,0.3,3.5999999999999996,12.0,13124.0,13124.0,0.0,0,2.18558366351722,1.6062480950929594,24,4,3,derived_from_native_gap_count,0.006747638326585695,0.25,0.009107468123861567,0.0,True
rome,rome:60:162-0-s40:p0,0.4,4.800000000000001,12.0,13124.0,13124.0,0.0,0,2.9308747333130145,2.1584273087473336,24,4,3,derived_from_native_gap_count,0.006747638326585695,0.25,0.009107468123861567,0.0,True
rome,rome:60:162-0-s40:p0,0.5,6.0,12.0,13124.0,13124.0,0.0,0,3.6761658031088085,2.7106065224017066,24,4,3,derived_from_native_gap_count,0.006747638326585695,0.25,0.009107468123861567,0.0,True
rome,rome:60:162-0-s40:p0,0.6,7.199999999999999,12.0,13124.0,13124.0,0.0,0,4.421456872904601,3.26278573605608,24,4,3,derived_from_native_gap_count,0.006747638326585695,0.25,0.009107468123861567,0.0,True
rome,rome:60:162-0-s40:p0,0.7,8.399999999999999,12.0,13124.0,13124.0,0.0,0,5.166747942700396,3.8149649497104536,24,4,3,derived_from_native_gap_count,0.006747638326585695,0.25,0.009107468123861567,0.0,True
rome,rome:60:162-0-s40:p0,0.8,9.600000000000001,12.0,13124.0,13124.0,0.0,0,5.912039012496191,4.367144163364828,24,4,3,derived_from_native_gap_count,0.006747638326585695,0.25,0.009107468123861567,0.0,True
rome,rome:60:162-0-s40:p0,0.9,10.8,12.0,13124.0,13124.0,0.0,0,6.657330082291983,4.919323377019202,24,4,3,derived_from_native_gap_count,0.006747638326585695,0.25,0.009107468123861567,0.0,True
rome,rome:60:162-0-s40:p0,1.0,12.0,12.0,13124.0,13124.0,0.0,0,7.402621152087778,5.471502590673575,24,4,3,derived_from_native_gap_count,0.006747638326585695,0.25,0.009107468123861567,0.0,True
rome,rome:60:162-0-s40:p0,1.1,13.200000000000001,12.0,13124.0,13124.0,0.0,0,8.147912221883573,6.023681804327949,24,4,3,derived_from_native_gap_count,0.006747638326585695,0.25,0.009107468123861567,0.0,True
rome,rome:60:162-0-s40:p0,1.2,14.399999999999999,12.0,13124.0,13124.0,0.0,0,8.893203291679365,6.575861017982322,24,4,3,derived_from_native_gap_count,0.006747638326585695,0.25,0.009107468123861567,0.0,True
rome,rome:60:162-0-s40:p1,0.1,1.2000000000000002,12.0,3840.0,3840.0,0.0,0,4.351562500000001,3.026875000000001,24,7,5,derived_from_native_gap_count,0.009253828608667318,0.2857142857142857,0.011591821832785688,0.0,True
rome,rome:60:162-0-s40:p1,0.2,2.4000000000000004,12.0,3840.0,3840.0,0.0,0,9.146875000000001,6.450625000000001,24,7,5,derived_from_native_gap_count,0.009253828608667318,0.2857142857142857,0.011591821832785688,0.0,True
rome,rome:60:162-0-s40:p1,0.3,3.5999999999999996,12.0,3840.0,3840.0,0.0,0,13.9421875,9.874374999999999,24,7,5,derived_from_native_gap_count,0.009253828608667318,0.2857142857142857,0.011591821832785688,0.0,True
rome,rome:60:162-0-s40:p1,0.4,4.800000000000001,12.0,3840.0,3840.0,0.0,0,18.737500000000004,13.298125000000002,24,7,5,derived_from_native_gap_count,0.009253828608667318,0.2857142857142857,0.011591821832785688,0.0,True
rome,rome:60:162-0-s40:p1,0.5,6.0,12.0,3840.0,3840.0,0.0,0,23.5328125,16.721875,24,7,5,derived_from_native_gap_count,0.009253828608667318,0.2857142857142857,0.011591821832785688,0.0,True
rome,rome:60:162-0-s40:p1,0.6,7.199999999999999,12.0,3840.0,3840.0,0.0,0,28.328125,20.145625,24,7,5,derived_from_native_gap_count,0.009253828608667318,0.2857142857142857,0.011591821832785688,0.0,True
rome,rome:60:162-0-s40:p1,0.7,8.399999999999999,12.0,3840.0,3840.0,0.0,0,33.123437499999994,23.569374999999994,24,7,5,derived_from_native_gap_count,0.009253828608667318,0.2857142857142857,0.011591821832785688,0.0,True
rome,rome:60:162-0-s40:p1,0.8,9.600000000000001,12.0,3840.0,3840.0,0.0,0,37.91875000000001,26.993125000000006,24,7,5,derived_from_native_gap_count,0.009253828608667318,0.2857142857142857,0.011591821832785688,0.0,True
rome,rome:60:162-0-s40:p1,0.9,10.8,12.0,3840.0,3840.0,0.0,0,42.7140625,30.416875,24,7,5,derived_from_native_gap_count,0.009253828608667318,0.2857142857142857,0.011591821832785688,0.0,True
rome,rome:60:162-0-s40:p1,1.0,12.0,12.0,3840.0,3840.0,0.0,0,47.509375,33.840625,24,7,5,derived_from_native_gap_count,0.009253828608667318,0.2857142857142857,0.011591821832785688,0.0,True
rome,rome:60:162-0-s40:p1,1.1,13.200000000000001,12.0,3840.0,3840.0,0.0,0,52.304687500000014,37.264375,24,7,5,derived_from_native_gap_count,0.009253828608667318,0.2857142857142857,0.011591821832785688,0.0,True
rome,rome:60:162-0-s40:p1,1.2,14.399999999999999,12.0,3840.0,3840.0,0.0,0,57.1,40.688125,24,7,5,derived_from_native_gap_count,0.009253828608667318,0.2857142857142857,0.011591821832785688,0.0,True
rome,rome:60:163-0-s105:p0,0.1,1.2000000000000002,12.0,11076.0,5928.0,0.4647887323943662,1,0.8304442036836405,0.19209100758396536,24,4,1,derived_from_native_gap_count,0.005194805194805195,0.75,0.011922503725782414,0.0,True
rome,rome:60:163-0-s105:p0,0.2,2.4000000000000004,12.0,11076.0,8304.0,0.2502708559046587,1,1.7063921993499462,0.410184182015168,24,4,1,derived_from_native_gap_count,0.005194805194805195,0.75,0.011922503725782414,0.0,True
rome,rome:60:163-0-s105:p0,0.3,3.5999999999999996,12.0,11076.0,10680.0,0.035752979414951244,1,2.582340195016251,0.6282773564463705,24,4,1,derived_from_native_gap_count,0.005194805194805195,0.75,0.011922503725782414,0.0,True
rome,rome:60:163-0-s105:p0,0.4,4.800000000000001,12.0,11076.0,11076.0,0.0,0,3.4582881906825573,0.8463705308775733,24,4,1,derived_from_native_gap_count,0.005194805194805195,0.75,0.011922503725782414,0.0,True
rome,rome:60:163-0-s105:p0,0.5,6.0,12.0,11076.0,11076.0,0.0,0,4.334236186348862,1.0644637053087758,24,4,1,derived_from_native_gap_count,0.005194805194805195,0.75,0.011922503725782414,0.0,True
rome,rome:60:163-0-s105:p0,0.6,7.199999999999999,12.0,11076.0,11076.0,0.0,0,5.210184182015167,1.2825568797399782,24,4,1,derived_from_native_gap_count,0.005194805194805195,0.75,0.011922503725782414,0.0,True
rome,rome:60:163-0-s105:p0,0.7,8.399999999999999,12.0,11076.0,11076.0,0.0,0,6.086132177681472,1.5006500541711807,24,4,1,derived_from_native_gap_count,0.005194805194805195,0.75,0.011922503725782414,0.0,True
rome,rome:60:163-0-s105:p0,0.8,9.600000000000001,12.0,11076.0,11076.0,0.0,0,6.96208017334778,1.7187432286023838,24,4,1,derived_from_native_gap_count,0.005194805194805195,0.75,0.011922503725782414,0.0,True
rome,rome:60:163-0-s105:p0,0.9,10.8,12.0,11076.0,11076.0,0.0,0,7.838028169014085,1.9368364030335863,24,4,1,derived_from_native_gap_count,0.005194805194805195,0.75,0.011922503725782414,0.0,True
rome,rome:60:163-0-s105:p0,1.0,12.0,12.0,11076.0,11076.0,0.0,0,8.71397616468039,2.1549295774647885,24,4,1,derived_from_native_gap_count,0.005194805194805195,0.75,0.011922503725782414,0.0,True
rome,rome:60:163-0-s105:p0,1.1,13.200000000000001,12.0,11076.0,11076.0,0.0,0,9.589924160346698,2.3730227518959914,24,4,1,derived_from_native_gap_count,0.005194805194805195,0.75,0.011922503725782414,0.0,True
rome,rome:60:163-0-s105:p0,1.2,14.399999999999999,12.0,11076.0,11076.0,0.0,0,10.465872156012999,2.5911159263271935,24,4,1,derived_from_native_gap_count,0.005194805194805195,0.75,0.011922503725782414,0.0,True
rome,rome:60:167-0-s26:p0,0.1,1.2000000000000002,12.0,7368.0,6708.0,0.08957654723127036,1,1.866123778501629,0.8825732899022802,24,6,3,derived_from_native_gap_count,0.005133300215267428,0.5,0.010266600430534857,0.0,True
rome,rome:60:167-0-s26:p0,0.2,2.4000000000000004,12.0,7368.0,7368.0,0.0,0,3.8332247557003263,1.866123778501629,24,6,3,derived_from_native_gap_count,0.005133300215267428,0.5,0.010266600430534857,0.0,True
rome,rome:60:167-0-s26:p0,0.3,3.5999999999999996,12.0,7368.0,7368.0,0.0,0,5.800325732899023,2.8496742671009767,24,6,3,derived_from_native_gap_count,0.005133300215267428,0.5,0.010266600430534857,0.0,True
rome,rome:60:167-0-s26:p0,0.4,4.800000000000001,12.0,7368.0,7368.0,0.0,0,7.7674267100977215,3.8332247557003263,24,6,3,derived_from_native_gap_count,0.005133300215267428,0.5,0.010266600430534857,0.0,True
rome,rome:60:167-0-s26:p0,0.5,6.0,12.0,7368.0,7368.0,0.0,0,9.734527687296417,4.8167752442996745,24,6,3,derived_from_native_gap_count,0.005133300215267428,0.5,0.010266600430534857,0.0,True
rome,rome:60:167-0-s26:p0,0.6,7.199999999999999,12.0,7368.0,7368.0,0.0,0,11.701628664495114,5.800325732899022,24,6,3,derived_from_native_gap_count,0.005133300215267428,0.5,0.010266600430534857,0.0,True
rome,rome:60:167-0-s26:p0,0.7,8.399999999999999,12.0,7368.0,7368.0,0.0,0,13.668729641693808,6.78387622149837,24,6,3,derived_from_native_gap_count,0.005133300215267428,0.5,0.010266600430534857,0.0,True
rome,rome:60:167-0-s26:p0,0.8,9.600000000000001,12.0,7368.0,7368.0,0.0,0,15.635830618892511,7.7674267100977215,24,6,3,derived_from_native_gap_count,0.005133300215267428,0.5,0.010266600430534857,0.0,True
rome,rome:60:167-0-s26:p0,0.9,10.8,12.0,7368.0,7368.0,0.0,0,17.602931596091203,8.750977198697068,24,6,3,derived_from_native_gap_count,0.005133300215267428,0.5,0.010266600430534857,0.0,True
rome,rome:60:167-0-s26:p0,1.0,12.0,12.0,7368.0,7368.0,0.0,0,19.570032573289904,9.734527687296417,24,6,3,derived_from_native_gap_count,0.005133300215267428,0.5,0.010266600430534857,0.0,True
rome,rome:60:167-0-s26:p0,1.1,13.200000000000001,12.0,7368.0,7368.0,0.0,0,21.5371335504886,10.718078175895766,24,6,3,derived_from_native_gap_count,0.005133300215267428,0.5,0.010266600430534857,0.0,True
rome,rome:60:167-0-s26:p0,1.2,14.399999999999999,12.0,7368.0,7368.0,0.0,0,23.5042345276873,11.701628664495113,24,6,3,derived_from_native_gap_count,0.005133300215267428,0.5,0.010266600430534857,0.0,True
rome,rome:60:167-0-s73:p0,0.1,1.2000000000000002,12.0,4632.0,4632.0,0.0,0,3.0176165803108814,0.9316062176165805,24,6,2,derived_from_native_gap_count,0.0035601920847822487,0.6666666666666666,0.010680576254346746,0.0,True
rome,rome:60:167-0-s73:p0,0.2,2.4000000000000004,12.0,4632.0,4632.0,0.0,0,6.146632124352332,1.9746113989637308,24,6,2,derived_from_native_gap_count,0.0035601920847822487,0.6666666666666666,0.010680576254346746,0.0,True
rome,rome:60:167-0-s73:p0,0.3,3.5999999999999996,12.0,4632.0,4632.0,0.0,0,9.275647668393782,3.0176165803108805,24,6,2,derived_from_native_gap_count,0.0035601920847822487,0.6666666666666666,0.010680576254346746,0.0,True
rome,rome:60:167-0-s73:p0,0.4,4.800000000000001,12.0,4632.0,4632.0,0.0,0,12.404663212435235,4.060621761658032,24,6,2,derived_from_native_gap_count,0.0035601920847822487,0.6666666666666666,0.010680576254346746,0.0,True
rome,rome:60:167-0-s73:p0,0.5,6.0,12.0,4632.0,4632.0,0.0,0,15.533678756476684,5.103626943005182,24,6,2,derived_from_native_gap_count,0.0035601920847822487,0.6666666666666666,0.010680576254346746,0.0,True
rome,rome:60:167-0-s73:p0,0.6,7.199999999999999,12.0,4632.0,4632.0,0.0,0,18.662694300518137,6.146632124352331,24,6,2,derived_from_native_gap_count,0.0035601920847822487,0.6666666666666666,0.010680576254346746,0.0,True
rome,rome:60:167-0-s73:p0,0.7,8.399999999999999,12.0,4632.0,4632.0,0.0,0,21.79170984455958,7.18963730569948,24,6,2,derived_from_native_gap_count,0.0035601920847822487,0.6666666666666666,0.010680576254346746,0.0,True
rome,rome:60:167-0-s73:p0,0.8,9.600000000000001,12.0,4632.0,4632.0,0.0,0,24.92072538860104,8.232642487046633,24,6,2,derived_from_native_gap_count,0.0035601920847822487,0.6666666666666666,0.010680576254346746,0.0,True
rome,rome:60:167-0-s73:p0,0.9,10.8,12.0,4632.0,4632.0,0.0,0,28.049740932642486,9.275647668393782,24,6,2,derived_from_native_gap_count,0.0035601920847822487,0.6666666666666666,0.010680576254346746,0.0,True
rome,rome:60:167-0-s73:p0,1.0,12.0,12.0,4632.0,4632.0,0.0,0,31.178756476683937,10.318652849740932,24,6,2,derived_from_native_gap_count,0.0035601920847822487,0.6666666666666666,0.010680576254346746,0.0,True
rome,rome:60:167-0-s73:p0,1.1,13.200000000000001,12.0,4632.0,4632.0,0.0,0,34.30777202072539,11.361658031088083,24,6,2,derived_from_native_gap_count,0.0035601920847822487,0.6666666666666666,0.010680576254346746,0.0,True
rome,rome:60:167-0-s73:p0,1.2,14.399999999999999,12.0,4632.0,4632.0,0.0,0,37.43678756476684,12.404663212435231,24,6,2,derived_from_native_gap_count,0.0035601920847822487,0.6666666666666666,0.010680576254346746,0.0,True
rome,rome:60:172-0-s6:p0,0.1,1.2000000000000002,12.0,200.0,200.0,0.0,0,77.81400000000002,,24,6,0,derived_from_native_gap_count,0.0,1.0,,,True
rome,rome:60:172-0-s6:p0,0.2,2.4000000000000004,12.0,200.0,200.0,0.0,0,155.62800000000004,,24,6,0,derived_from_native_gap_count,0.0,1.0,,,True
rome,rome:60:172-0-s6:p0,0.3,3.5999999999999996,12.0,200.0,200.0,0.0,0,233.44199999999998,,24,6,0,derived_from_native_gap_count,0.0,1.0,,,True
rome,rome:60:172-0-s6:p0,0.4,4.800000000000001,12.0,200.0,200.0,0.0,0,311.2560000000001,,24,6,0,derived_from_native_gap_count,0.0,1.0,,,True
rome,rome:60:172-0-s6:p0,0.5,6.0,12.0,200.0,200.0,0.0,0,389.07,,24,6,0,derived_from_native_gap_count,0.0,1.0,,,True
rome,rome:60:172-0-s6:p0,0.6,7.199999999999999,12.0,200.0,200.0,0.0,0,466.88399999999996,,24,6,0,derived_from_native_gap_count,0.0,1.0,,,True
rome,rome:60:172-0-s6:p0,0.7,8.399999999999999,12.0,200.0,200.0,0.0,0,544.6979999999999,,24,6,0,derived_from_native_gap_count,0.0,1.0,,,True
rome,rome:60:172-0-s6:p0,0.8,9.600000000000001,12.0,200.0,200.0,0.0,0,622.5120000000002,,24,6,0,derived_from_native_gap_count,0.0,1.0,,,True
rome,rome:60:172-0-s6:p0,0.9,10.8,12.0,200.0,200.0,0.0,0,700.3259999999999,,24,6,0,derived_from_native_gap_count,0.0,1.0,,,True
rome,rome:60:172-0-s6:p0,1.0,12.0,12.0,200.0,200.0,0.0,0,778.14,,24,6,0,derived_from_native_gap_count,0.0,1.0,,,True
rome,rome:60:172-0-s6:p0,1.1,13.200000000000001,12.0,200.0,200.0,0.0,0,855.9540000000001,,24,6,0,derived_from_native_gap_count,0.0,1.0,,,True
rome,rome:60:172-0-s6:p0,1.2,14.399999999999999,12.0,200.0,200.0,0.0,0,933.7679999999999,,24,6,0,derived_from_native_gap_count,0.0,1.0,,,True
rome,rome:60:178-0-s37:p0,0.1,1.2000000000000002,12.0,768.0,768.0,0.0,0,19.181250000000002,,24,6,0,derived_from_native_gap_count,0.0,1.0,,,True
rome,rome:60:178-0-s37:p0,0.2,2.4000000000000004,12.0,768.0,768.0,0.0,0,38.362500000000004,,24,6,0,derived_from_native_gap_count,0.0,1.0,,,True
rome,rome:60:178-0-s37:p0,0.3,3.5999999999999996,12.0,768.0,768.0,0.0,0,57.543749999999996,,24,6,0,derived_from_native_gap_count,0.0,1.0,,,True
rome,rome:60:178-0-s37:p0,0.4,4.800000000000001,12.0,768.0,768.0,0.0,0,76.72500000000001,,24,6,0,derived_from_native_gap_count,0.0,1.0,,,True
rome,rome:60:178-0-s37:p0,0.5,6.0,12.0,768.0,768.0,0.0,0,95.90625,,24,6,0,derived_from_native_gap_count,0.0,1.0,,,True
rome,rome:60:178-0-s37:p0,0.6,7.199999999999999,12.0,768.0,768.0,0.0,0,115.08749999999999,,24,6,0,derived_from_native_gap_count,0.0,1.0,,,True
rome,rome:60:178-0-s37:p0,0.7,8.399999999999999,12.0,768.0,768.0,0.0,0,134.26874999999998,,24,6,0,derived_from_native_gap_count,0.0,1.0,,,True
rome,rome:60:178-0-s37:p0,0.8,9.600000000000001,12.0,768.0,768.0,0.0,0,153.45000000000002,,24,6,0,derived_from_native_gap_count,0.0,1.0,,,True
rome,rome:60:178-0-s37:p0,0.9,10.8,12.0,768.0,768.0,0.0,0,172.63125,,24,6,0,derived_from_native_gap_count,0.0,1.0,,,True
rome,rome:60:178-0-s37:p0,1.0,12.0,12.0,768.0,768.0,0.0,0,191.8125,,24,6,0,derived_from_native_gap_count,0.0,1.0,,,True
rome,rome:60:178-0-s37:p0,1.1,13.200000000000001,12.0,768.0,768.0,0.0,0,210.99375,,24,6,0,derived_from_native_gap_count,0.0,1.0,,,True
rome,rome:60:178-0-s37:p0,1.2,14.399999999999999,12.0,768.0,768.0,0.0,0,230.17499999999998,,24,6,0,derived_from_native_gap_count,0.0,1.0,,,True
rome,rome:60:178-1-s43:p0,0.1,1.2000000000000002,12.0,13040.0,12706.0,0.02561349693251534,1,0.8770858895705523,0.32383435582822095,24,5,2,derived_from_native_gap_count,0.005922416345869114,0.6,0.013303769401330377,0.0,True
rome,rome:60:178-1-s43:p0,0.2,2.4000000000000004,12.0,13040.0,13040.0,0.0,0,1.8093865030674852,0.6973619631901842,24,5,2,derived_from_native_gap_count,0.005922416345869114,0.6,0.013303769401330377,0.0,True
rome,rome:60:178-1-s43:p0,0.3,3.5999999999999996,12.0,13040.0,13040.0,0.0,0,2.7416871165644165,1.070889570552147,24,5,2,derived_from_native_gap_count,0.005922416345869114,0.6,0.013303769401330377,0.0,True
rome,rome:60:178-1-s43:p0,0.4,4.800000000000001,12.0,13040.0,13040.0,0.0,0,3.6739877300613504,1.4444171779141108,24,5,2,derived_from_native_gap_count,0.005922416345869114,0.6,0.013303769401330377,0.0,True
rome,rome:60:178-1-s43:p0,0.5,6.0,12.0,13040.0,13040.0,0.0,0,4.606288343558282,1.8179447852760737,24,5,2,derived_from_native_gap_count,0.005922416345869114,0.6,0.013303769401330377,0.0,True
rome,rome:60:178-1-s43:p0,0.6,7.199999999999999,12.0,13040.0,13040.0,0.0,0,5.538588957055214,2.1914723926380364,24,5,2,derived_from_native_gap_count,0.005922416345869114,0.6,0.013303769401330377,0.0,True
rome,rome:60:178-1-s43:p0,0.7,8.399999999999999,12.0,13040.0,13040.0,0.0,0,6.470889570552146,2.5649999999999995,24,5,2,derived_from_native_gap_count,0.005922416345869114,0.6,0.013303769401330377,0.0,True
rome,rome:60:178-1-s43:p0,0.8,9.600000000000001,12.0,13040.0,13040.0,0.0,0,7.403190184049081,2.938527607361964,24,5,2,derived_from_native_gap_count,0.005922416345869114,0.6,0.013303769401330377,0.0,True
rome,rome:60:178-1-s43:p0,0.9,10.8,12.0,13040.0,13040.0,0.0,0,8.335490797546013,3.3120552147239266,24,5,2,derived_from_native_gap_count,0.005922416345869114,0.6,0.013303769401330377,0.0,True
rome,rome:60:178-1-s43:p0,1.0,12.0,12.0,13040.0,13040.0,0.0,0,9.267791411042944,3.6855828220858897,24,5,2,derived_from_native_gap_count,0.005922416345869114,0.6,0.013303769401330377,0.0,True
rome,rome:60:178-1-s43:p0,1.1,13.200000000000001,12.0,13040.0,13040.0,0.0,0,10.200092024539877,4.059110429447853,24,5,2,derived_from_native_gap_count,0.005922416345869114,0.6,0.013303769401330377,0.0,True
rome,rome:60:178-1-s43:p0,1.2,14.399999999999999,12.0,13040.0,13040.0,0.0,0,11.132392638036807,4.4326380368098155,24,5,2,derived_from_native_gap_count,0.005922416345869114,0.6,0.013303769401330377,0.0,True
rome,rome:60:185-0-s124:p0,0.1,1.2000000000000002,12.0,880.0,880.0,0.0,0,5.3159090909090905,2.5259090909090913,24,2,1,derived_from_native_gap_count,0.010955710955710955,0.5,0.02094474153297683,0.0,True
rome,rome:60:185-0-s124:p0,0.2,2.4000000000000004,12.0,880.0,880.0,0.0,0,11.165909090909091,5.585909090909091,24,2,1,derived_from_native_gap_count,0.010955710955710955,0.5,0.02094474153297683,0.0,True
rome,rome:60:185-0-s124:p0,0.3,3.5999999999999996,12.0,880.0,880.0,0.0,0,17.01590909090909,8.64590909090909,24,2,1,derived_from_native_gap_count,0.010955710955710955,0.5,0.02094474153297683,0.0,True
rome,rome:60:185-0-s124:p0,0.4,4.800000000000001,12.0,880.0,880.0,0.0,0,22.865909090909092,11.705909090909092,24,2,1,derived_from_native_gap_count,0.010955710955710955,0.5,0.02094474153297683,0.0,True
rome,rome:60:185-0-s124:p0,0.5,6.0,12.0,880.0,880.0,0.0,0,28.71590909090909,14.76590909090909,24,2,1,derived_from_native_gap_count,0.010955710955710955,0.5,0.02094474153297683,0.0,True
rome,rome:60:185-0-s124:p0,0.6,7.199999999999999,12.0,880.0,880.0,0.0,0,34.56590909090909,17.82590909090909,24,2,1,derived_from_native_gap_count,0.010955710955710955,0.5,0.02094474153297683,0.0,True
rome,rome:60:185-0-s124:p0,0.7,8.399999999999999,12.0,880.0,880.0,0.0,0,40.41590909090909,20.885909090909088,24,2,1,derived_from_native_gap_count,0.010955710955710955,0.5,0.02094474153297683,0.0,True
rome,rome:60:185-0-s124:p0,0.8,9.600000000000001,12.0,880.0,880.0,0.0,0,46.26590909090909,23.945909090909094,24,2,1,derived_from_native_gap_count,0.010955710955710955,0.5,0.02094474153297683,0.0,True
rome,rome:60:185-0-s124:p0,0.9,10.8,12.0,880.0,880.0,0.0,0,52.11590909090909,27.005909090909093,24,2,1,derived_from_native_gap_count,0.010955710955710955,0.5,0.02094474153297683,0.0,True
rome,rome:60:185-0-s124:p0,1.0,12.0,12.0,880.0,880.0,0.0,0,57.96590909090909,30.06590909090909,24,2,1,derived_from_native_gap_count,0.010955710955710955,0.5,0.02094474153297683,0.0,True
rome,rome:60:185-0-s124:p0,1.1,13.200000000000001,12.0,880.0,880.0,0.0,0,63.81590909090909,33.1259090909091,24,2,1,derived_from_native_gap_count,0.010955710955710955,0.5,0.02094474153297683,0.0,True
rome,rome:60:185-0-s124:p0,1.2,14.399999999999999,12.0,880.0,880.0,0.0,0,69.6659090909091,36.18590909090909,24,2,1,derived_from_native_gap_count,0.010955710955710955,0.5,0.02094474153297683,0.0,True
rome,rome:60:185-0-s150:p0,0.1,1.2000000000000002,12.0,12626.0,7739.200000000001,0.38704261048629807,2,0.7552035482338033,0.1742119436084271,24,4,1,derived_from_native_gap_count,0.004449254449254449,0.75,0.00894187779433681,0.0,True
rome,rome:60:185-0-s150:p0,0.2,2.4000000000000004,12.0,12626.0,11028.400000000001,0.12653255187707893,1,1.5455726279106607,0.3655314430540156,24,4,1,derived_from_native_gap_count,0.004449254449254449,0.75,0.00894187779433681,0.0,True
rome,rome:60:185-0-s150:p0,0.3,3.5999999999999996,12.0,12626.0,12626.0,0.0,0,2.3359417075875175,0.556850942499604,24,4,1,derived_from_native_gap_count,0.004449254449254449,0.75,0.00894187779433681,0.0,True
rome,rome:60:185-0-s150:p0,0.4,4.800000000000001,12.0,12626.0,12626.0,0.0,0,3.126310787264375,0.7481704419451926,24,4,1,derived_from_native_gap_count,0.004449254449254449,0.75,0.00894187779433681,0.0,True
rome,rome:60:185-0-s150:p0,0.5,6.0,12.0,12626.0,12626.0,0.0,0,3.9166798669412324,0.9394899413907809,24,4,1,derived_from_native_gap_count,0.004449254449254449,0.75,0.00894187779433681,0.0,True
rome,rome:60:185-0-s150:p0,0.6,7.199999999999999,12.0,12626.0,12626.0,0.0,0,4.707048946618089,1.1308094408363694,24,4,1,derived_from_native_gap_count,0.004449254449254449,0.75,0.00894187779433681,0.0,True
rome,rome:60:185-0-s150:p0,0.7,8.399999999999999,12.0,12626.0,12626.0,0.0,0,5.497418026294946,1.3221289402819576,24,4,1,derived_from_native_gap_count,0.004449254449254449,0.75,0.00894187779433681,0.0,True
rome,rome:60:185-0-s150:p0,0.8,9.600000000000001,12.0,12626.0,12626.0,0.0,0,6.2877871059718045,1.5134484397275465,24,4,1,derived_from_native_gap_count,0.004449254449254449,0.75,0.00894187779433681,0.0,True
rome,rome:60:185-0-s150:p0,0.9,10.8,12.0,12626.0,12626.0,0.0,0,7.078156185648662,1.704767939173135,24,4,1,derived_from_native_gap_count,0.004449254449254449,0.75,0.00894187779433681,0.0,True
rome,rome:60:185-0-s150:p0,1.0,12.0,12.0,12626.0,12626.0,0.0,0,7.868525265325519,1.8960874386187232,24,4,1,derived_from_native_gap_count,0.004449254449254449,0.75,0.00894187779433681,0.0,True
rome,rome:60:185-0-s150:p0,1.1,13.200000000000001,12.0,12626.0,12626.0,0.0,0,8.658894345002377,2.087406938064312,24,4,1,derived_from_native_gap_count,0.004449254449254449,0.75,0.00894187779433681,0.0,True
rome,rome:60:185-0-s150:p0,1.2,14.399999999999999,12.0,12626.0,12626.0,0.0,0,9.449263424679232,2.2787264375099,24,4,1,derived_from_native_gap_count,0.004449254449254449,0.75,0.00894187779433681,0.0,True
rome,rome:60:193-0-s204:p0,0.1,1.2000000000000002,12.0,80.0,80.0,0.0,0,90.58500000000001,,24,3,0,derived_from_native_gap_count,0.0,1.0,,,True
rome,rome:60:193-0-s204:p0,0.2,2.4000000000000004,12.0,80.0,80.0,0.0,0,181.17000000000002,,24,3,0,derived_from_native_gap_count,0.0,1.0,,,True
rome,rome:60:193-0-s204:p0,0.3,3.5999999999999996,12.0,80.0,80.0,0.0,0,271.755,,24,3,0,derived_from_native_gap_count,0.0,1.0,,,True
rome,rome:60:193-0-s204:p0,0.4,4.800000000000001,12.0,80.0,80.0,0.0,0,362.34000000000003,,24,3,0,derived_from_native_gap_count,0.0,1.0,,,True
rome,rome:60:193-0-s204:p0,0.5,6.0,12.0,80.0,80.0,0.0,0,452.925,,24,3,0,derived_from_native_gap_count,0.0,1.0,,,True
rome,rome:60:193-0-s204:p0,0.6,7.199999999999999,12.0,80.0,80.0,0.0,0,543.51,,24,3,0,derived_from_native_gap_count,0.0,1.0,,,True
rome,rome:60:193-0-s204:p0,0.7,8.399999999999999,12.0,80.0,80.0,0.0,0,634.0949999999999,,24,3,0,derived_from_native_gap_count,0.0,1.0,,,True
rome,rome:60:193-0-s204:p0,0.8,9.600000000000001,12.0,80.0,80.0,0.0,0,724.6800000000001,,24,3,0,derived_from_native_gap_count,0.0,1.0,,,True
rome,rome:60:193-0-s204:p0,0.9,10.8,12.0,80.0,80.0,0.0,0,815.2650000000001,,24,3,0,derived_from_native_gap_count,0.0,1.0,,,True
rome,rome:60:193-0-s204:p0,1.0,12.0,12.0,80.0,80.0,0.0,0,905.85,,24,3,0,derived_from_native_gap_count,0.0,1.0,,,True
rome,rome:60:193-0-s204:p0,1.1,13.200000000000001,12.0,80.0,80.0,0.0,0,996.4350000000001,,24,3,0,derived_from_native_gap_count,0.0,1.0,,,True
rome,rome:60:193-0-s204:p0,1.2,14.399999999999999,12.0,80.0,80.0,0.0,0,1087.02,,24,3,0,derived_from_native_gap_count,0.0,1.0,,,True
rome,rome:60:213-0-s41:p0,0.1,1.2000000000000002,12.0,4608.0,4033.2000000000003,0.12473958333333328,1,3.6174479166666678,,24,7,0,derived_from_native_gap_count,0.0014193456816407636,1.0,,,True
rome,rome:60:213-0-s41:p0,0.2,2.4000000000000004,12.0,4608.0,4608.0,0.0,0,7.286979166666669,,24,7,0,derived_from_native_gap_count,0.0014193456816407636,1.0,,,True
rome,rome:60:213-0-s41:p0,0.3,3.5999999999999996,12.0,4608.0,4608.0,0.0,0,10.956510416666667,,24,7,0,derived_from_native_gap_count,0.0014193456816407636,1.0,,,True
rome,rome:60:213-0-s41:p0,0.4,4.800000000000001,12.0,4608.0,4608.0,0.0,0,14.626041666666671,,24,7,0,derived_from_native_gap_count,0.0014193456816407636,1.0,,,True
rome,rome:60:213-0-s41:p0,0.5,6.0,12.0,4608.0,4608.0,0.0,0,18.295572916666668,,24,7,0,derived_from_native_gap_count,0.0014193456816407636,1.0,,,True
rome,rome:60:213-0-s41:p0,0.6,7.199999999999999,12.0,4608.0,4608.0,0.0,0,21.96510416666667,,24,7,0,derived_from_native_gap_count,0.0014193456816407636,1.0,,,True
rome,rome:60:213-0-s41:p0,0.7,8.399999999999999,12.0,4608.0,4608.0,0.0,0,25.63463541666666,,24,7,0,derived_from_native_gap_count,0.0014193456816407636,1.0,,,True
rome,rome:60:213-0-s41:p0,0.8,9.600000000000001,12.0,4608.0,4608.0,0.0,0,29.304166666666674,,24,7,0,derived_from_native_gap_count,0.0014193456816407636,1.0,,,True
rome,rome:60:213-0-s41:p0,0.9,10.8,12.0,4608.0,4608.0,0.0,0,32.973697916666666,,24,7,0,derived_from_native_gap_count,0.0014193456816407636,1.0,,,True
rome,rome:60:213-0-s41:p0,1.0,12.0,12.0,4608.0,4608.0,0.0,0,36.643229166666664,,24,7,0,derived_from_native_gap_count,0.0014193456816407636,1.0,,,True
rome,rome:60:213-0-s41:p0,1.1,13.200000000000001,12.0,4608.0,4608.0,0.0,0,40.31276041666667,,24,7,0,derived_from_native_gap_count,0.0014193456816407636,1.0,,,True
rome,rome:60:213-0-s41:p0,1.2,14.399999999999999,12.0,4608.0,4608.0,0.0,0,43.98229166666667,,24,7,0,derived_from_native_gap_count,0.0014193456816407636,1.0,,,True
rome,rome:60:213-0-s41:p1,0.1,1.2000000000000002,12.0,3024.0,3024.0,0.0,0,4.534920634920636,2.2178571428571434,24,6,3,derived_from_native_gap_count,0.0053816857095545624,0.5,0.007451564828614009,0.0,True
rome,rome:60:213-0-s41:p1,0.2,2.4000000000000004,12.0,3024.0,3024.0,0.0,0,9.32777777777778,4.614285714285715,24,6,3,derived_from_native_gap_count,0.0053816857095545624,0.5,0.007451564828614009,0.0,True
rome,rome:60:213-0-s41:p1,0.3,3.5999999999999996,12.0,3024.0,3024.0,0.0,0,14.120634920634922,7.010714285714285,24,6,3,derived_from_native_gap_count,0.0053816857095545624,0.5,0.007451564828614009,0.0,True
rome,rome:60:213-0-s41:p1,0.4,4.800000000000001,12.0,3024.0,3024.0,0.0,0,18.913492063492065,9.407142857142858,24,6,3,derived_from_native_gap_count,0.0053816857095545624,0.5,0.007451564828614009,0.0,True
rome,rome:60:213-0-s41:p1,0.5,6.0,12.0,3024.0,3024.0,0.0,0,23.706349206349206,11.803571428571429,24,6,3,derived_from_native_gap_count,0.0053816857095545624,0.5,0.007451564828614009,0.0,True
rome,rome:60:213-0-s41:p1,0.6,7.199999999999999,12.0,3024.0,3024.0,0.0,0,28.49920634920635,14.2,24,6,3,derived_from_native_gap_count,0.0053816857095545624,0.5,0.007451564828614009,0.0,True
rome,rome:60:213-0-s41:p1,0.7,8.399999999999999,12.0,3024.0,3024.0,0.0,0,33.292063492063484,16.596428571428568,24,6,3,derived_from_native_gap_count,0.0053816857095545624,0.5,0.007451564828614009,0.0,True
rome,rome:60:213-0-s41:p1,0.8,9.600000000000001,12.0,3024.0,3024.0,0.0,0,38.08492063492064,18.992857142857147,24,6,3,derived_from_native_gap_count,0.0053816857095545624,0.5,0.007451564828614009,0.0,True
rome,rome:60:213-0-s41:p1,0.9,10.8,12.0,3024.0,3024.0,0.0,0,42.87777777777777,21.389285714285716,24,6,3,derived_from_native_gap_count,0.0053816857095545624,0.5,0.007451564828614009,0.0,True
rome,rome:60:213-0-s41:p1,1.0,12.0,12.0,3024.0,3024.0,0.0,0,47.67063492063492,23.785714285714285,24,6,3,derived_from_native_gap_count,0.0053816857095545624,0.5,0.007451564828614009,0.0,True
rome,rome:60:213-0-s41:p1,1.1,13.200000000000001,12.0,3024.0,3024.0,0.0,0,52.46349206349207,26.182142857142857,24,6,3,derived_from_native_gap_count,0.0053816857095545624,0.5,0.007451564828614009,0.0,True
rome,rome:60:213-0-s41:p1,1.2,14.399999999999999,12.0,3024.0,3024.0,0.0,0,57.25634920634921,28.578571428571426,24,6,3,derived_from_native_gap_count,0.0053816857095545624,0.5,0.007451564828614009,0.0,True
rome,rome:60:213-0-s66:p0,0.1,1.2000000000000002,12.0,8904.0,3152.4000000000005,0.6459568733153638,1,1.3911051212938006,,24,5,0,derived_from_native_gap_count,0.0003860258637328701,1.0,,,True
rome,rome:60:213-0-s66:p0,0.2,2.4000000000000004,12.0,8904.0,5092.800000000001,0.428032345013477,1,2.7876010781671163,,24,5,0,derived_from_native_gap_count,0.0003860258637328701,1.0,,,True
rome,rome:60:213-0-s66:p0,0.3,3.5999999999999996,12.0,8904.0,7033.2,0.21010781671159032,1,4.1840970350404305,,24,5,0,derived_from_native_gap_count,0.0003860258637328701,1.0,,,True
rome,rome:60:213-0-s66:p0,0.4,4.800000000000001,12.0,8904.0,8904.0,0.0,0,5.580592991913747,,24,5,0,derived_from_native_gap_count,0.0003860258637328701,1.0,,,True
rome,rome:60:213-0-s66:p0,0.5,6.0,12.0,8904.0,8904.0,0.0,0,6.977088948787062,,24,5,0,derived_from_native_gap_count,0.0003860258637328701,1.0,,,True
rome,rome:60:213-0-s66:p0,0.6,7.199999999999999,12.0,8904.0,8904.0,0.0,0,8.373584905660376,,24,5,0,derived_from_native_gap_count,0.0003860258637328701,1.0,,,True
rome,rome:60:213-0-s66:p0,0.7,8.399999999999999,12.0,8904.0,8904.0,0.0,0,9.77008086253369,,24,5,0,derived_from_native_gap_count,0.0003860258637328701,1.0,,,True
rome,rome:60:213-0-s66:p0,0.8,9.600000000000001,12.0,8904.0,8904.0,0.0,0,11.166576819407009,,24,5,0,derived_from_native_gap_count,0.0003860258637328701,1.0,,,True
rome,rome:60:213-0-s66:p0,0.9,10.8,12.0,8904.0,8904.0,0.0,0,12.563072776280324,,24,5,0,derived_from_native_gap_count,0.0003860258637328701,1.0,,,True
rome,rome:60:213-0-s66:p0,1.0,12.0,12.0,8904.0,8904.0,0.0,0,13.959568733153638,,24,5,0,derived_from_native_gap_count,0.0003860258637328701,1.0,,,True
rome,rome:60:213-0-s66:p0,1.1,13.200000000000001,12.0,8904.0,8904.0,0.0,0,15.356064690026953,,24,5,0,derived_from_native_gap_count,0.0003860258637328701,1.0,,,True
rome,rome:60:213-0-s66:p0,1.2,14.399999999999999,12.0,8904.0,8904.0,0.0,0,16.752560646900267,,24,5,0,derived_from_native_gap_count,0.0003860258637328701,1.0,,,True
rome,rome:60:214-0-s203:p0,0.1,1.2000000000000002,12.0,10332.0,5628.0,0.45528455284552843,1,1.1793263646922185,0.20511033681765392,24,5,1,derived_from_native_gap_count,0.006189948263118995,0.8,0.025673400673400674,0.0,True
rome,rome:60:214-0-s203:p0,0.2,2.4000000000000004,12.0,10332.0,8004.000000000001,0.2253193960511033,1,2.436469221835076,0.48106852497096403,24,5,1,derived_from_native_gap_count,0.006189948263118995,0.8,0.025673400673400674,0.0,True
rome,rome:60:214-0-s203:p0,0.3,3.5999999999999996,12.0,10332.0,10332.0,0.0,0,3.693612078977932,0.7570267131242739,24,5,1,derived_from_native_gap_count,0.006189948263118995,0.8,0.025673400673400674,0.0,True
rome,rome:60:214-0-s203:p0,0.4,4.800000000000001,12.0,10332.0,10332.0,0.0,0,4.9507549361207905,1.0329849012775842,24,5,1,derived_from_native_gap_count,0.006189948263118995,0.8,0.025673400673400674,0.0,True
rome,rome:60:214-0-s203:p0,0.5,6.0,12.0,10332.0,10332.0,0.0,0,6.207897793263647,1.3089430894308942,24,5,1,derived_from_native_gap_count,0.006189948263118995,0.8,0.025673400673400674,0.0,True
rome,rome:60:214-0-s203:p0,0.6,7.199999999999999,12.0,10332.0,10332.0,0.0,0,7.465040650406503,1.5849012775842042,24,5,1,derived_from_native_gap_count,0.006189948263118995,0.8,0.025673400673400674,0.0,True
rome,rome:60:214-0-s203:p0,0.7,8.399999999999999,12.0,10332.0,10332.0,0.0,0,8.72218350754936,1.8608594657375144,24,5,1,derived_from_native_gap_count,0.006189948263118995,0.8,0.025673400673400674,0.0,True
rome,rome:60:214-0-s203:p0,0.8,9.600000000000001,12.0,10332.0,10332.0,0.0,0,9.97932636469222,2.136817653890825,24,5,1,derived_from_native_gap_count,0.006189948263118995,0.8,0.025673400673400674,0.0,True
rome,rome:60:214-0-s203:p0,0.9,10.8,12.0,10332.0,10332.0,0.0,0,11.236469221835074,2.412775842044135,24,5,1,derived_from_native_gap_count,0.006189948263118995,0.8,0.025673400673400674,0.0,True
rome,rome:60:214-0-s203:p0,1.0,12.0,12.0,10332.0,10332.0,0.0,0,12.493612078977932,2.6887340301974447,24,5,1,derived_from_native_gap_count,0.006189948263118995,0.8,0.025673400673400674,0.0,True
rome,rome:60:214-0-s203:p0,1.1,13.200000000000001,12.0,10332.0,10332.0,0.0,0,13.750754936120792,2.964692218350755,24,5,1,derived_from_native_gap_count,0.006189948263118995,0.8,0.025673400673400674,0.0,True
rome,rome:60:214-0-s203:p0,1.2,14.399999999999999,12.0,10332.0,10332.0,0.0,0,15.007897793263645,3.2406504065040647,24,5,1,derived_from_native_gap_count,0.006189948263118995,0.8,0.025673400673400674,0.0,True
rome,rome:60:214-0-s203:p1,0.1,1.2000000000000002,12.0,7512.0,6572.4000000000015,0.12507987220447264,2,2.5867412140575077,,24,8,0,derived_from_native_gap_count,6.171696599395174e-05,1.0,,,True
rome,rome:60:214-0-s203:p1,0.2,2.4000000000000004,12.0,7512.0,7512.0,0.0,0,5.175079872204472,,24,8,0,derived_from_native_gap_count,6.171696599395174e-05,1.0,,,True
rome,rome:60:214-0-s203:p1,0.3,3.5999999999999996,12.0,7512.0,7512.0,0.0,0,7.763418530351438,,24,8,0,derived_from_native_gap_count,6.171696599395174e-05,1.0,,,True
rome,rome:60:214-0-s203:p1,0.4,4.800000000000001,12.0,7512.0,7512.0,0.0,0,10.351757188498402,,24,8,0,derived_from_native_gap_count,6.171696599395174e-05,1.0,,,True
rome,rome:60:214-0-s203:p1,0.5,6.0,12.0,7512.0,7512.0,0.0,0,12.940095846645367,,24,8,0,derived_from_native_gap_count,6.171696599395174e-05,1.0,,,True
rome,rome:60:214-0-s203:p1,0.6,7.199999999999999,12.0,7512.0,7512.0,0.0,0,15.528434504792333,,24,8,0,derived_from_native_gap_count,6.171696599395174e-05,1.0,,,True
rome,rome:60:214-0-s203:p1,0.7,8.399999999999999,12.0,7512.0,7512.0,0.0,0,18.116773162939296,,24,8,0,derived_from_native_gap_count,6.171696599395174e-05,1.0,,,True
rome,rome:60:214-0-s203:p1,0.8,9.600000000000001,12.0,7512.0,7512.0,0.0,0,20.70511182108626,,24,8,0,derived_from_native_gap_count,6.171696599395174e-05,1.0,,,True
rome,rome:60:214-0-s203:p1,0.9,10.8,12.0,7512.0,7512.0,0.0,0,23.293450479233226,,24,8,0,derived_from_native_gap_count,6.171696599395174e-05,1.0,,,True
rome,rome:60:214-0-s203:p1,1.0,12.0,12.0,7512.0,7512.0,0.0,0,25.881789137380192,,24,8,0,derived_from_native_gap_count,6.171696599395174e-05,1.0,,,True
rome,rome:60:214-0-s203:p1,1.1,13.200000000000001,12.0,7512.0,7512.0,0.0,0,28.470127795527162,,24,8,0,derived_from_native_gap_count,6.171696599395174e-05,1.0,,,True
rome,rome:60:214-0-s203:p1,1.2,14.399999999999999,12.0,7512.0,7512.0,0.0,0,31.05846645367412,,24,8,0,derived_from_native_gap_count,6.171696599395174e-05,1.0,,,True
rome,rome:60:214-0-s220:p0,0.1,1.2000000000000002,12.0,10464.0,6072.000000000001,0.41972477064220176,2,0.46169724770642206,,24,2,0,derived_from_native_gap_count,0.0,1.0,,,True
rome,rome:60:214-0-s220:p0,0.2,2.4000000000000004,12.0,10464.0,8604.0,0.17775229357798164,1,0.9233944954128441,,24,2,0,derived_from_native_gap_count,0.0,1.0,,,True
rome,rome:60:214-0-s220:p0,0.3,3.5999999999999996,12.0,10464.0,10464.0,0.0,0,1.385091743119266,,24,2,0,derived_from_native_gap_count,0.0,1.0,,,True
rome,rome:60:214-0-s220:p0,0.4,4.800000000000001,12.0,10464.0,10464.0,0.0,0,1.8467889908256883,,24,2,0,derived_from_native_gap_count,0.0,1.0,,,True
rome,rome:60:214-0-s220:p0,0.5,6.0,12.0,10464.0,10464.0,0.0,0,2.30848623853211,,24,2,0,derived_from_native_gap_count,0.0,1.0,,,True
rome,rome:60:214-0-s220:p0,0.6,7.199999999999999,12.0,10464.0,10464.0,0.0,0,2.770183486238532,,24,2,0,derived_from_native_gap_count,0.0,1.0,,,True
rome,rome:60:214-0-s220:p0,0.7,8.399999999999999,12.0,10464.0,10464.0,0.0,0,3.2318807339449536,,24,2,0,derived_from_native_gap_count,0.0,1.0,,,True
rome,rome:60:214-0-s220:p0,0.8,9.600000000000001,12.0,10464.0,10464.0,0.0,0,3.6935779816513765,,24,2,0,derived_from_native_gap_count,0.0,1.0,,,True
rome,rome:60:214-0-s220:p0,0.9,10.8,12.0,10464.0,10464.0,0.0,0,4.155275229357798,,24,2,0,derived_from_native_gap_count,0.0,1.0,,,True
rome,rome:60:214-0-s220:p0,1.0,12.0,12.0,10464.0,10464.0,0.0,0,4.61697247706422,,24,2,0,derived_from_native_gap_count,0.0,1.0,,,True
rome,rome:60:214-0-s220:p0,1.1,13.200000000000001,12.0,10464.0,10464.0,0.0,0,5.078669724770642,,24,2,0,derived_from_native_gap_count,0.0,1.0,,,True
rome,rome:60:214-0-s220:p0,1.2,14.399999999999999,12.0,10464.0,10464.0,0.0,0,5.540366972477064,,24,2,0,derived_from_native_gap_count,0.0,1.0,,,True
rome,rome:60:229-0-s172:p0,0.1,1.2000000000000002,12.0,8304.0,8005.200000000001,0.035982658959537485,1,2.7043834296724474,2.1262524084778427,24,10,8,derived_from_native_gap_count,0.015700814794470382,0.2,0.018890200708382526,0.0,True
rome,rome:60:229-0-s172:p0,0.2,2.4000000000000004,12.0,8304.0,8304.0,0.0,0,5.861319845857419,4.696628131021196,24,10,8,derived_from_native_gap_count,0.015700814794470382,0.2,0.018890200708382526,0.0,True
rome,rome:60:229-0-s172:p0,0.3,3.5999999999999996,12.0,8304.0,8304.0,0.0,0,9.018256262042389,7.267003853564546,24,10,8,derived_from_native_gap_count,0.015700814794470382,0.2,0.018890200708382526,0.0,True
rome,rome:60:229-0-s172:p0,0.4,4.800000000000001,12.0,8304.0,8304.0,0.0,0,12.175192678227363,9.837379576107903,24,10,8,derived_from_native_gap_count,0.015700814794470382,0.2,0.018890200708382526,0.0,True
rome,rome:60:229-0-s172:p0,0.5,6.0,12.0,8304.0,8304.0,0.0,0,15.332129094412332,12.407755298651253,24,10,8,derived_from_native_gap_count,0.015700814794470382,0.2,0.018890200708382526,0.0,True
rome,rome:60:229-0-s172:p0,0.6,7.199999999999999,12.0,8304.0,8304.0,0.0,0,18.4890655105973,14.978131021194603,24,10,8,derived_from_native_gap_count,0.015700814794470382,0.2,0.018890200708382526,0.0,True
rome,rome:60:229-0-s172:p0,0.7,8.399999999999999,12.0,8304.0,8304.0,0.0,0,21.64600192678227,17.548506743737953,24,10,8,derived_from_native_gap_count,0.015700814794470382,0.2,0.018890200708382526,0.0,True
rome,rome:60:229-0-s172:p0,0.8,9.600000000000001,12.0,8304.0,8304.0,0.0,0,24.80293834296725,20.118882466281317,24,10,8,derived_from_native_gap_count,0.015700814794470382,0.2,0.018890200708382526,0.0,True
rome,rome:60:229-0-s172:p0,0.9,10.8,12.0,8304.0,8304.0,0.0,0,27.959874759152214,22.689258188824667,24,10,8,derived_from_native_gap_count,0.015700814794470382,0.2,0.018890200708382526,0.0,True
rome,rome:60:229-0-s172:p0,1.0,12.0,12.0,8304.0,8304.0,0.0,0,31.116811175337187,25.259633911368017,24,10,8,derived_from_native_gap_count,0.015700814794470382,0.2,0.018890200708382526,0.0,True
rome,rome:60:229-0-s172:p0,1.1,13.200000000000001,12.0,8304.0,8304.0,0.0,0,34.27374759152217,27.83000963391137,24,10,8,derived_from_native_gap_count,0.015700814794470382,0.2,0.018890200708382526,0.0,True
rome,rome:60:229-0-s172:p0,1.2,14.399999999999999,12.0,8304.0,8304.0,0.0,0,37.43068400770712,30.400385356454716,24,10,8,derived_from_native_gap_count,0.015700814794470382,0.2,0.018890200708382526,0.0,True
rome,rome:60:234-0-s260:p0,0.1,1.2000000000000002,12.0,9876.0,5797.200000000001,0.4130012150668286,1,1.583515593357635,1.1024301336573514,24,7,5,derived_from_native_gap_count,0.009274992919852733,0.2857142857142857,0.01218062982768865,0.0,True
rome,rome:60:234-0-s260:p0,0.2,2.4000000000000004,12.0,9876.0,8054.400000000001,0.18444714459295256,1,3.2996759821790205,2.3294046172539495,24,7,5,derived_from_native_gap_count,0.009274992919852733,0.2857142857142857,0.01218062982768865,0.0,True
rome,rome:60:234-0-s260:p0,0.3,3.5999999999999996,12.0,9876.0,9876.0,0.0,0,5.015836371000405,3.5563791008505463,24,7,5,derived_from_native_gap_count,0.009274992919852733,0.2857142857142857,0.01218062982768865,0.0,True
rome,rome:60:234-0-s260:p0,0.4,4.800000000000001,12.0,9876.0,9876.0,0.0,0,6.731996759821792,4.783353584447146,24,7,5,derived_from_native_gap_count,0.009274992919852733,0.2857142857142857,0.01218062982768865,0.0,True
rome,rome:60:234-0-s260:p0,0.5,6.0,12.0,9876.0,9876.0,0.0,0,8.448157148643176,6.0103280680437425,24,7,5,derived_from_native_gap_count,0.009274992919852733,0.2857142857142857,0.01218062982768865,0.0,True
rome,rome:60:234-0-s260:p0,0.6,7.199999999999999,12.0,9876.0,9876.0,0.0,0,10.164317537464559,7.237302551640339,24,7,5,derived_from_native_gap_count,0.009274992919852733,0.2857142857142857,0.01218062982768865,0.0,True
rome,rome:60:234-0-s260:p0,0.7,8.399999999999999,12.0,9876.0,9876.0,0.0,0,11.880477926285943,8.464277035236936,24,7,5,derived_from_native_gap_count,0.009274992919852733,0.2857142857142857,0.01218062982768865,0.0,True
rome,rome:60:234-0-s260:p0,0.8,9.600000000000001,12.0,9876.0,9876.0,0.0,0,13.596638315107333,9.691251518833537,24,7,5,derived_from_native_gap_count,0.009274992919852733,0.2857142857142857,0.01218062982768865,0.0,True
rome,rome:60:234-0-s260:p0,0.9,10.8,12.0,9876.0,9876.0,0.0,0,15.312798703928713,10.918226002430133,24,7,5,derived_from_native_gap_count,0.009274992919852733,0.2857142857142857,0.01218062982768865,0.0,True
rome,rome:60:234-0-s260:p0,1.0,12.0,12.0,9876.0,9876.0,0.0,0,17.0289590927501,12.14520048602673,24,7,5,derived_from_native_gap_count,0.009274992919852733,0.2857142857142857,0.01218062982768865,0.0,True
rome,rome:60:234-0-s260:p0,1.1,13.200000000000001,12.0,9876.0,9876.0,0.0,0,18.74511948157149,13.37217496962333,24,7,5,derived_from_native_gap_count,0.009274992919852733,0.2857142857142857,0.01218062982768865,0.0,True
rome,rome:60:234-0-s260:p0,1.2,14.399999999999999,12.0,9876.0,9876.0,0.0,0,20.461279870392868,14.599149453219926,24,7,5,derived_from_native_gap_count,0.009274992919852733,0.2857142857142857,0.01218062982768865,0.0,True
rome,rome:60:24-0-s158:p0,0.1,1.2000000000000002,12.0,1932.0,1932.0,0.0,0,12.350310559006214,2.3142857142857145,24,10,2,derived_from_native_gap_count,0.0025007355104442485,0.8,0.007451564828614009,0.0,True
rome,rome:60:24-0-s158:p0,0.2,2.4000000000000004,12.0,1932.0,1932.0,0.0,0,25.017391304347832,4.814906832298138,24,10,2,derived_from_native_gap_count,0.0025007355104442485,0.8,0.007451564828614009,0.0,True
rome,rome:60:24-0-s158:p0,0.3,3.5999999999999996,12.0,1932.0,1932.0,0.0,0,37.68447204968944,7.315527950310559,24,10,2,derived_from_native_gap_count,0.0025007355104442485,0.8,0.007451564828614009,0.0,True
rome,rome:60:24-0-s158:p0,0.4,4.800000000000001,12.0,1932.0,1932.0,0.0,0,50.35155279503107,9.816149068322982,24,10,2,derived_from_native_gap_count,0.0025007355104442485,0.8,0.007451564828614009,0.0,True
rome,rome:60:24-0-s158:p0,0.5,6.0,12.0,1932.0,1932.0,0.0,0,63.01863354037267,12.316770186335404,24,10,2,derived_from_native_gap_count,0.0025007355104442485,0.8,0.007451564828614009,0.0,True
rome,rome:60:24-0-s158:p0,0.6,7.199999999999999,12.0,1932.0,1932.0,0.0,0,75.68571428571428,14.817391304347824,24,10,2,derived_from_native_gap_count,0.0025007355104442485,0.8,0.007451564828614009,0.0,True
rome,rome:60:24-0-s158:p0,0.7,8.399999999999999,12.0,1932.0,1932.0,0.0,0,88.35279503105588,17.318012422360244,24,10,2,derived_from_native_gap_count,0.0025007355104442485,0.8,0.007451564828614009,0.0,True
rome,rome:60:24-0-s158:p0,0.8,9.600000000000001,12.0,1932.0,1932.0,0.0,0,101.01987577639754,19.818633540372673,24,10,2,derived_from_native_gap_count,0.0025007355104442485,0.8,0.007451564828614009,0.0,True
rome,rome:60:24-0-s158:p0,0.9,10.8,12.0,1932.0,1932.0,0.0,0,113.68695652173913,22.319254658385095,24,10,2,derived_from_native_gap_count,0.0025007355104442485,0.8,0.007451564828614009,0.0,True
rome,rome:60:24-0-s158:p0,1.0,12.0,12.0,1932.0,1932.0,0.0,0,126.35403726708074,24.819875776397517,24,10,2,derived_from_native_gap_count,0.0025007355104442485,0.8,0.007451564828614009,0.0,True
rome,rome:60:24-0-s158:p0,1.1,13.200000000000001,12.0,1932.0,1932.0,0.0,0,139.0211180124224,27.32049689440994,24,10,2,derived_from_native_gap_count,0.0025007355104442485,0.8,0.007451564828614009,0.0,True
rome,rome:60:24-0-s158:p0,1.2,14.399999999999999,12.0,1932.0,1932.0,0.0,0,151.68819875776396,29.821118012422357,24,10,2,derived_from_native_gap_count,0.0025007355104442485,0.8,0.007451564828614009,0.0,True
rome,rome:60:24-0-s158:p1,0.1,1.2000000000000002,12.0,4044.0,4044.0,0.0,0,6.362908011869437,3.7626112759643924,24,10,6,derived_from_native_gap_count,0.00596412752707977,0.4,0.008513708513708513,0.0,True
rome,rome:60:24-0-s158:p1,0.2,2.4000000000000004,12.0,4044.0,4044.0,0.0,0,13.129376854599407,7.875370919881307,24,10,6,derived_from_native_gap_count,0.00596412752707977,0.4,0.008513708513708513,0.0,True
rome,rome:60:24-0-s158:p1,0.3,3.5999999999999996,12.0,4044.0,4044.0,0.0,0,19.895845697329374,11.988130563798217,24,10,6,derived_from_native_gap_count,0.00596412752707977,0.4,0.008513708513708513,0.0,True
rome,rome:60:24-0-s158:p1,0.4,4.800000000000001,12.0,4044.0,4044.0,0.0,0,26.66231454005935,16.100890207715135,24,10,6,derived_from_native_gap_count,0.00596412752707977,0.4,0.008513708513708513,0.0,True
rome,rome:60:24-0-s158:p1,0.5,6.0,12.0,4044.0,4044.0,0.0,0,33.42878338278932,20.21364985163205,24,10,6,derived_from_native_gap_count,0.00596412752707977,0.4,0.008513708513708513,0.0,True
rome,rome:60:24-0-s158:p1,0.6,7.199999999999999,12.0,4044.0,4044.0,0.0,0,40.19525222551928,24.32640949554896,24,10,6,derived_from_native_gap_count,0.00596412752707977,0.4,0.008513708513708513,0.0,True
rome,rome:60:24-0-s158:p1,0.7,8.399999999999999,12.0,4044.0,4044.0,0.0,0,46.961721068249254,28.439169139465868,24,10,6,derived_from_native_gap_count,0.00596412752707977,0.4,0.008513708513708513,0.0,True
rome,rome:60:24-0-s158:p1,0.8,9.600000000000001,12.0,4044.0,4044.0,0.0,0,53.72818991097923,32.5519287833828,24,10,6,derived_from_native_gap_count,0.00596412752707977,0.4,0.008513708513708513,0.0,True
rome,rome:60:24-0-s158:p1,0.9,10.8,12.0,4044.0,4044.0,0.0,0,60.4946587537092,36.6646884272997,24,10,6,derived_from_native_gap_count,0.00596412752707977,0.4,0.008513708513708513,0.0,True
rome,rome:60:24-0-s158:p1,1.0,12.0,12.0,4044.0,4044.0,0.0,0,67.26112759643917,40.77744807121662,24,10,6,derived_from_native_gap_count,0.00596412752707977,0.4,0.008513708513708513,0.0,True
rome,rome:60:24-0-s158:p1,1.1,13.200000000000001,12.0,4044.0,4044.0,0.0,0,74.02759643916914,44.890207715133535,24,10,6,derived_from_native_gap_count,0.00596412752707977,0.4,0.008513708513708513,0.0,True
rome,rome:60:24-0-s158:p1,1.2,14.399999999999999,12.0,4044.0,4044.0,0.0,0,80.7940652818991,49.00296735905044,24,10,6,derived_from_native_gap_count,0.00596412752707977,0.4,0.008513708513708513,0.0,True
rome,rome:60:24-0-s158:p2,0.1,1.2000000000000002,12.0,1596.0,1596.0,0.0,0,16.587218045112785,3.1932330827067674,24,10,2,derived_from_native_gap_count,0.0026906620793083675,0.8,0.007412252016568564,0.0,True
rome,rome:60:24-0-s158:p2,0.2,2.4000000000000004,12.0,1596.0,1596.0,0.0,0,33.63308270676692,6.642105263157895,24,10,2,derived_from_native_gap_count,0.0026906620793083675,0.8,0.007412252016568564,0.0,True
rome,rome:60:24-0-s158:p2,0.3,3.5999999999999996,12.0,1596.0,1596.0,0.0,0,50.678947368421056,10.09097744360902,24,10,2,derived_from_native_gap_count,0.0026906620793083675,0.8,0.007412252016568564,0.0,True
rome,rome:60:24-0-s158:p2,0.4,4.800000000000001,12.0,1596.0,1596.0,0.0,0,67.7248120300752,13.539849624060151,24,10,2,derived_from_native_gap_count,0.0026906620793083675,0.8,0.007412252016568564,0.0,True
rome,rome:60:24-0-s158:p2,0.5,6.0,12.0,1596.0,1596.0,0.0,0,84.77067669172932,16.98872180451128,24,10,2,derived_from_native_gap_count,0.0026906620793083675,0.8,0.007412252016568564,0.0,True
rome,rome:60:24-0-s158:p2,0.6,7.199999999999999,12.0,1596.0,1596.0,0.0,0,101.81654135338347,20.4375939849624,24,10,2,derived_from_native_gap_count,0.0026906620793083675,0.8,0.007412252016568564,0.0,True
rome,rome:60:24-0-s158:p2,0.7,8.399999999999999,12.0,1596.0,1596.0,0.0,0,118.86240601503758,23.88646616541353,24,10,2,derived_from_native_gap_count,0.0026906620793083675,0.8,0.007412252016568564,0.0,True
rome,rome:60:24-0-s158:p2,0.8,9.600000000000001,12.0,1596.0,1596.0,0.0,0,135.90827067669176,27.335338345864663,24,10,2,derived_from_native_gap_count,0.0026906620793083675,0.8,0.007412252016568564,0.0,True
rome,rome:60:24-0-s158:p2,0.9,10.8,12.0,1596.0,1596.0,0.0,0,152.95413533834588,30.784210526315793,24,10,2,derived_from_native_gap_count,0.0026906620793083675,0.8,0.007412252016568564,0.0,True
rome,rome:60:24-0-s158:p2,1.0,12.0,12.0,1596.0,1596.0,0.0,0,170.0,34.233082706766915,24,10,2,derived_from_native_gap_count,0.0026906620793083675,0.8,0.007412252016568564,0.0,True
rome,rome:60:24-0-s158:p2,1.1,13.200000000000001,12.0,1596.0,1596.0,0.0,0,187.04586466165415,37.68195488721805,24,10,2,derived_from_native_gap_count,0.0026906620793083675,0.8,0.007412252016568564,0.0,True
rome,rome:60:24-0-s158:p2,1.2,14.399999999999999,12.0,1596.0,1596.0,0.0,0,204.09172932330827,41.130827067669166,24,10,2,derived_from_native_gap_count,0.0026906620793083675,0.8,0.007412252016568564,0.0,True
rome,rome:60:24-0-s158:p3,0.1,1.2000000000000002,12.0,4128.0,4128.0,0.0,0,3.813662790697675,2.0159883720930236,24,7,4,derived_from_native_gap_count,0.008188116733151375,0.42857142857142855,0.01422387136672851,0.0,True
rome,rome:60:24-0-s158:p3,0.2,2.4000000000000004,12.0,4128.0,4128.0,0.0,0,7.967441860465118,4.366279069767443,24,7,4,derived_from_native_gap_count,0.008188116733151375,0.42857142857142855,0.01422387136672851,0.0,True
rome,rome:60:24-0-s158:p3,0.3,3.5999999999999996,12.0,4128.0,4128.0,0.0,0,12.121220930232557,6.716569767441859,24,7,4,derived_from_native_gap_count,0.008188116733151375,0.42857142857142855,0.01422387136672851,0.0,True
rome,rome:60:24-0-s158:p3,0.4,4.800000000000001,12.0,4128.0,4128.0,0.0,0,16.275000000000002,9.066860465116282,24,7,4,derived_from_native_gap_count,0.008188116733151375,0.42857142857142855,0.01422387136672851,0.0,True
rome,rome:60:24-0-s158:p3,0.5,6.0,12.0,4128.0,4128.0,0.0,0,20.42877906976744,11.417151162790697,24,7,4,derived_from_native_gap_count,0.008188116733151375,0.42857142857142855,0.01422387136672851,0.0,True
rome,rome:60:24-0-s158:p3,0.6,7.199999999999999,12.0,4128.0,4128.0,0.0,0,24.582558139534882,13.767441860465114,24,7,4,derived_from_native_gap_count,0.008188116733151375,0.42857142857142855,0.01422387136672851,0.0,True
rome,rome:60:24-0-s158:p3,0.7,8.399999999999999,12.0,4128.0,4128.0,0.0,0,28.73633720930232,16.117732558139533,24,7,4,derived_from_native_gap_count,0.008188116733151375,0.42857142857142855,0.01422387136672851,0.0,True
rome,rome:60:24-0-s158:p3,0.8,9.600000000000001,12.0,4128.0,4128.0,0.0,0,32.89011627906977,18.468023255813957,24,7,4,derived_from_native_gap_count,0.008188116733151375,0.42857142857142855,0.01422387136672851,0.0,True
rome,rome:60:24-0-s158:p3,0.9,10.8,12.0,4128.0,4128.0,0.0,0,37.043895348837204,20.81831395348837,24,7,4,derived_from_native_gap_count,0.008188116733151375,0.42857142857142855,0.01422387136672851,0.0,True
rome,rome:60:24-0-s158:p3,1.0,12.0,12.0,4128.0,4128.0,0.0,0,41.19767441860465,23.16860465116279,24,7,4,derived_from_native_gap_count,0.008188116733151375,0.42857142857142855,0.01422387136672851,0.0,True
rome,rome:60:24-0-s158:p3,1.1,13.200000000000001,12.0,4128.0,4128.0,0.0,0,45.351453488372094,25.518895348837212,24,7,4,derived_from_native_gap_count,0.008188116733151375,0.42857142857142855,0.01422387136672851,0.0,True
rome,rome:60:24-0-s158:p3,1.2,14.399999999999999,12.0,4128.0,4128.0,0.0,0,49.50523255813953,27.869186046511626,24,7,4,derived_from_native_gap_count,0.008188116733151375,0.42857142857142855,0.01422387136672851,0.0,True
rome,rome:60:24-0-s50:p0,0.1,1.2000000000000002,12.0,9448.0,7456.0,0.21083827265029637,1,2.7820067739204073,2.015029635901778,24,12,9,derived_from_native_gap_count,0.01221962521015295,0.25,0.016052416052416054,0.0,True
rome,rome:60:24-0-s50:p0,0.2,2.4000000000000004,12.0,9448.0,9448.0,0.0,0,5.879424216765455,4.341236240474174,24,12,9,derived_from_native_gap_count,0.01221962521015295,0.25,0.016052416052416054,0.0,True
rome,rome:60:24-0-s50:p0,0.3,3.5999999999999996,12.0,9448.0,9448.0,0.0,0,8.976841659610502,6.667442845046571,24,12,9,derived_from_native_gap_count,0.01221962521015295,0.25,0.016052416052416054,0.0,True
rome,rome:60:24-0-s50:p0,0.4,4.800000000000001,12.0,9448.0,9448.0,0.0,0,12.07425910245555,8.993649449618967,24,12,9,derived_from_native_gap_count,0.01221962521015295,0.25,0.016052416052416054,0.0,True
rome,rome:60:24-0-s50:p0,0.5,6.0,12.0,9448.0,9448.0,0.0,0,15.171676545300592,11.319856054191364,24,12,9,derived_from_native_gap_count,0.01221962521015295,0.25,0.016052416052416054,0.0,True
rome,rome:60:24-0-s50:p0,0.6,7.199999999999999,12.0,9448.0,9448.0,0.0,0,18.26909398814564,13.646062658763759,24,12,9,derived_from_native_gap_count,0.01221962521015295,0.25,0.016052416052416054,0.0,True
rome,rome:60:24-0-s50:p0,0.7,8.399999999999999,12.0,9448.0,9448.0,0.0,0,21.366511430990677,15.972269263336155,24,12,9,derived_from_native_gap_count,0.01221962521015295,0.25,0.016052416052416054,0.0,True
rome,rome:60:24-0-s50:p0,0.8,9.600000000000001,12.0,9448.0,9448.0,0.0,0,24.46392887383574,18.298475867908554,24,12,9,derived_from_native_gap_count,0.01221962521015295,0.25,0.016052416052416054,0.0,True
rome,rome:60:24-0-s50:p0,0.9,10.8,12.0,9448.0,9448.0,0.0,0,27.561346316680773,20.624682472480945,24,12,9,derived_from_native_gap_count,0.01221962521015295,0.25,0.016052416052416054,0.0,True
rome,rome:60:24-0-s50:p0,1.0,12.0,12.0,9448.0,9448.0,0.0,0,30.658763759525826,22.950889077053343,24,12,9,derived_from_native_gap_count,0.01221962521015295,0.25,0.016052416052416054,0.0,True
rome,rome:60:24-0-s50:p0,1.1,13.200000000000001,12.0,9448.0,9448.0,0.0,0,33.756181202370875,25.27709568162575,24,12,9,derived_from_native_gap_count,0.01221962521015295,0.25,0.016052416052416054,0.0,True
rome,rome:60:24-0-s50:p0,1.2,14.399999999999999,12.0,9448.0,9448.0,0.0,0,36.853598645215925,27.603302286198137,24,12,9,derived_from_native_gap_count,0.01221962521015295,0.25,0.016052416052416054,0.0,True
rome,rome:60:24-0-s50:p1,0.1,1.2000000000000002,12.0,2720.0,2720.0,0.0,0,10.743088235294119,4.4805882352941175,24,12,5,derived_from_native_gap_count,0.0052991050400376825,0.5833333333333334,0.008762322015334063,0.0,True
rome,rome:60:24-0-s50:p1,0.2,2.4000000000000004,12.0,2720.0,2720.0,0.0,0,21.9825,9.314117647058824,24,12,5,derived_from_native_gap_count,0.0052991050400376825,0.5833333333333334,0.008762322015334063,0.0,True
rome,rome:60:24-0-s50:p1,0.3,3.5999999999999996,12.0,2720.0,2720.0,0.0,0,33.22191176470587,14.147647058823528,24,12,5,derived_from_native_gap_count,0.0052991050400376825,0.5833333333333334,0.008762322015334063,0.0,True
rome,rome:60:24-0-s50:p1,0.4,4.800000000000001,12.0,2720.0,2720.0,0.0,0,44.46132352941177,18.981176470588235,24,12,5,derived_from_native_gap_count,0.0052991050400376825,0.5833333333333334,0.008762322015334063,0.0,True
rome,rome:60:24-0-s50:p1,0.5,6.0,12.0,2720.0,2720.0,0.0,0,55.70073529411765,23.814705882352943,24,12,5,derived_from_native_gap_count,0.0052991050400376825,0.5833333333333334,0.008762322015334063,0.0,True
rome,rome:60:24-0-s50:p1,0.6,7.199999999999999,12.0,2720.0,2720.0,0.0,0,66.94014705882351,28.648235294117647,24,12,5,derived_from_native_gap_count,0.0052991050400376825,0.5833333333333334,0.008762322015334063,0.0,True
rome,rome:60:24-0-s50:p1,0.7,8.399999999999999,12.0,2720.0,2720.0,0.0,0,78.1795588235294,33.48176470588235,24,12,5,derived_from_native_gap_count,0.0052991050400376825,0.5833333333333334,0.008762322015334063,0.0,True
rome,rome:60:24-0-s50:p1,0.8,9.600000000000001,12.0,2720.0,2720.0,0.0,0,89.41897058823531,38.31529411764706,24,12,5,derived_from_native_gap_count,0.0052991050400376825,0.5833333333333334,0.008762322015334063,0.0,True
rome,rome:60:24-0-s50:p1,0.9,10.8,12.0,2720.0,2720.0,0.0,0,100.65838235294119,43.148823529411764,24,12,5,derived_from_native_gap_count,0.0052991050400376825,0.5833333333333334,0.008762322015334063,0.0,True
rome,rome:60:24-0-s50:p1,1.0,12.0,12.0,2720.0,2720.0,0.0,0,111.89779411764705,47.98235294117647,24,12,5,derived_from_native_gap_count,0.0052991050400376825,0.5833333333333334,0.008762322015334063,0.0,True
rome,rome:60:24-0-s50:p1,1.1,13.200000000000001,12.0,2720.0,2720.0,0.0,0,123.13720588235297,52.81588235294118,24,12,5,derived_from_native_gap_count,0.0052991050400376825,0.5833333333333334,0.008762322015334063,0.0,True
rome,rome:60:24-0-s50:p1,1.2,14.399999999999999,12.0,2720.0,2720.0,0.0,0,134.3766176470588,57.64941176470588,24,12,5,derived_from_native_gap_count,0.0052991050400376825,0.5833333333333334,0.008762322015334063,0.0,True
rome,rome:60:24-0-s50:p2,0.1,1.2000000000000002,12.0,770.0,770.0,0.0,0,40.895584415584416,3.688311688311689,24,12,1,derived_from_native_gap_count,0.0008701244656300836,0.9166666666666666,0.0052525252525252525,0.0,True
rome,rome:60:24-0-s50:p2,0.2,2.4000000000000004,12.0,770.0,770.0,0.0,0,82.08987012987014,7.545454545454547,24,12,1,derived_from_native_gap_count,0.0008701244656300836,0.9166666666666666,0.0052525252525252525,0.0,True
rome,rome:60:24-0-s50:p2,0.3,3.5999999999999996,12.0,770.0,770.0,0.0,0,123.28415584415585,11.402597402597403,24,12,1,derived_from_native_gap_count,0.0008701244656300836,0.9166666666666666,0.0052525252525252525,0.0,True
rome,rome:60:24-0-s50:p2,0.4,4.800000000000001,12.0,770.0,770.0,0.0,0,164.47844155844157,15.259740259740262,24,12,1,derived_from_native_gap_count,0.0008701244656300836,0.9166666666666666,0.0052525252525252525,0.0,True
rome,rome:60:24-0-s50:p2,0.5,6.0,12.0,770.0,770.0,0.0,0,205.6727272727273,19.116883116883116,24,12,1,derived_from_native_gap_count,0.0008701244656300836,0.9166666666666666,0.0052525252525252525,0.0,True
rome,rome:60:24-0-s50:p2,0.6,7.199999999999999,12.0,770.0,770.0,0.0,0,246.867012987013,22.974025974025974,24,12,1,derived_from_native_gap_count,0.0008701244656300836,0.9166666666666666,0.0052525252525252525,0.0,True
rome,rome:60:24-0-s50:p2,0.7,8.399999999999999,12.0,770.0,770.0,0.0,0,288.06129870129865,26.831168831168828,24,12,1,derived_from_native_gap_count,0.0008701244656300836,0.9166666666666666,0.0052525252525252525,0.0,True
rome,rome:60:24-0-s50:p2,0.8,9.600000000000001,12.0,770.0,770.0,0.0,0,329.25558441558445,30.688311688311693,24,12,1,derived_from_native_gap_count,0.0008701244656300836,0.9166666666666666,0.0052525252525252525,0.0,True
rome,rome:60:24-0-s50:p2,0.9,10.8,12.0,770.0,770.0,0.0,0,370.44987012987013,34.54545454545455,24,12,1,derived_from_native_gap_count,0.0008701244656300836,0.9166666666666666,0.0052525252525252525,0.0,True
rome,rome:60:24-0-s50:p2,1.0,12.0,12.0,770.0,770.0,0.0,0,411.6441558441558,38.4025974025974,24,12,1,derived_from_native_gap_count,0.0008701244656300836,0.9166666666666666,0.0052525252525252525,0.0,True
rome,rome:60:24-0-s50:p2,1.1,13.200000000000001,12.0,770.0,770.0,0.0,0,452.8384415584415,42.25974025974026,24,12,1,derived_from_native_gap_count,0.0008701244656300836,0.9166666666666666,0.0052525252525252525,0.0,True
rome,rome:60:24-0-s50:p2,1.2,14.399999999999999,12.0,770.0,770.0,0.0,0,494.0327272727273,46.116883116883116,24,12,1,derived_from_native_gap_count,0.0008701244656300836,0.9166666666666666,0.0052525252525252525,0.0,True
rome,rome:60:24-0-s50:p3,0.1,1.2000000000000002,12.0,1350.0,1350.0,0.0,0,16.385185185185186,3.4299259259259265,24,9,2,derived_from_native_gap_count,0.0034255599472990776,0.7777777777777778,0.006842619745845552,0.0,True
rome,rome:60:24-0-s50:p3,0.2,2.4000000000000004,12.0,1350.0,1350.0,0.0,0,33.25185185185186,7.06725925925926,24,9,2,derived_from_native_gap_count,0.0034255599472990776,0.7777777777777778,0.006842619745845552,0.0,True
rome,rome:60:24-0-s50:p3,0.3,3.5999999999999996,12.0,1350.0,1350.0,0.0,0,50.11851851851852,10.704592592592592,24,9,2,derived_from_native_gap_count,0.0034255599472990776,0.7777777777777778,0.006842619745845552,0.0,True
rome,rome:60:24-0-s50:p3,0.4,4.800000000000001,12.0,1350.0,1350.0,0.0,0,66.9851851851852,14.341925925925928,24,9,2,derived_from_native_gap_count,0.0034255599472990776,0.7777777777777778,0.006842619745845552,0.0,True
rome,rome:60:24-0-s50:p3,0.5,6.0,12.0,1350.0,1350.0,0.0,0,83.85185185185185,17.97925925925926,24,9,2,derived_from_native_gap_count,0.0034255599472990776,0.7777777777777778,0.006842619745845552,0.0,True
rome,rome:60:24-0-s50:p3,0.6,7.199999999999999,12.0,1350.0,1350.0,0.0,0,100.71851851851852,21.616592592592593,24,9,2,derived_from_native_gap_count,0.0034255599472990776,0.7777777777777778,0.006842619745845552,0.0,True
rome,rome:60:24-0-s50:p3,0.7,8.399999999999999,12.0,1350.0,1350.0,0.0,0,117.58518518518517,25.253925925925923,24,9,2,derived_from_native_gap_count,0.0034255599472990776,0.7777777777777778,0.006842619745845552,0.0,True
rome,rome:60:24-0-s50:p3,0.8,9.600000000000001,12.0,1350.0,1350.0,0.0,0,134.45185185185187,28.89125925925926,24,9,2,derived_from_native_gap_count,0.0034255599472990776,0.7777777777777778,0.006842619745845552,0.0,True
rome,rome:60:24-0-s50:p3,0.9,10.8,12.0,1350.0,1350.0,0.0,0,151.31851851851852,32.528592592592595,24,9,2,derived_from_native_gap_count,0.0034255599472990776,0.7777777777777778,0.006842619745845552,0.0,True
rome,rome:60:24-0-s50:p3,1.0,12.0,12.0,1350.0,1350.0,0.0,0,168.1851851851852,36.165925925925926,24,9,2,derived_from_native_gap_count,0.0034255599472990776,0.7777777777777778,0.006842619745845552,0.0,True
rome,rome:60:24-0-s50:p3,1.1,13.200000000000001,12.0,1350.0,1350.0,0.0,0,185.0518518518519,39.803259259259264,24,9,2,derived_from_native_gap_count,0.0034255599472990776,0.7777777777777778,0.006842619745845552,0.0,True
rome,rome:60:24-0-s50:p3,1.2,14.399999999999999,12.0,1350.0,1350.0,0.0,0,201.9185185185185,43.44059259259259,24,9,2,derived_from_native_gap_count,0.0034255599472990776,0.7777777777777778,0.006842619745845552,0.0,True
rome,rome:60:24-0-s50:p4,0.1,1.2000000000000002,12.0,2260.0,2260.0,0.0,0,11.818761061946905,4.968849557522125,24,10,4,derived_from_native_gap_count,0.004205141544197338,0.6,0.00694654183026276,0.0,True
rome,rome:60:24-0-s50:p4,0.2,2.4000000000000004,12.0,2260.0,2260.0,0.0,0,24.066725663716817,10.243008849557524,24,10,4,derived_from_native_gap_count,0.004205141544197338,0.6,0.00694654183026276,0.0,True
rome,rome:60:24-0-s50:p4,0.3,3.5999999999999996,12.0,2260.0,2260.0,0.0,0,36.314690265486725,15.517168141592922,24,10,4,derived_from_native_gap_count,0.004205141544197338,0.6,0.00694654183026276,0.0,True
rome,rome:60:24-0-s50:p4,0.4,4.800000000000001,12.0,2260.0,2260.0,0.0,0,48.56265486725664,20.79132743362832,24,10,4,derived_from_native_gap_count,0.004205141544197338,0.6,0.00694654183026276,0.0,True
rome,rome:60:24-0-s50:p4,0.5,6.0,12.0,2260.0,2260.0,0.0,0,60.81061946902655,26.065486725663717,24,10,4,derived_from_native_gap_count,0.004205141544197338,0.6,0.00694654183026276,0.0,True
rome,rome:60:24-0-s50:p4,0.6,7.199999999999999,12.0,2260.0,2260.0,0.0,0,73.05858407079646,31.339646017699117,24,10,4,derived_from_native_gap_count,0.004205141544197338,0.6,0.00694654183026276,0.0,True
rome,rome:60:24-0-s50:p4,0.7,8.399999999999999,12.0,2260.0,2260.0,0.0,0,85.30654867256635,36.6138053097345,24,10,4,derived_from_native_gap_count,0.004205141544197338,0.6,0.00694654183026276,0.0,True
rome,rome:60:24-0-s50:p4,0.8,9.600000000000001,12.0,2260.0,2260.0,0.0,0,97.55451327433629,41.887964601769916,24,10,4,derived_from_native_gap_count,0.004205141544197338,0.6,0.00694654183026276,0.0,True
rome,rome:60:24-0-s50:p4,0.9,10.8,12.0,2260.0,2260.0,0.0,0,109.80247787610621,47.16212389380531,24,10,4,derived_from_native_gap_count,0.004205141544197338,0.6,0.00694654183026276,0.0,True
rome,rome:60:24-0-s50:p4,1.0,12.0,12.0,2260.0,2260.0,0.0,0,122.0504424778761,52.43628318584071,24,10,4,derived_from_native_gap_count,0.004205141544197338,0.6,0.00694654183026276,0.0,True
rome,rome:60:24-0-s50:p4,1.1,13.200000000000001,12.0,2260.0,2260.0,0.0,0,134.29840707964604,57.710442477876114,24,10,4,derived_from_native_gap_count,0.004205141544197338,0.6,0.00694654183026276,0.0,True
rome,rome:60:24-0-s50:p4,1.2,14.399999999999999,12.0,2260.0,2260.0,0.0,0,146.54637168141593,62.98460176991151,24,10,4,derived_from_native_gap_count,0.004205141544197338,0.6,0.00694654183026276,0.0,True
rome,rome:60:243-0-s57:p0,0.1,1.2000000000000002,12.0,5340.0,4860.0,0.0898876404494382,1,0.45235955056179783,,24,1,0,derived_from_native_gap_count,0.0,1.0,,,True
rome,rome:60:243-0-s57:p0,0.2,2.4000000000000004,12.0,5340.0,5340.0,0.0,0,0.9047191011235957,,24,1,0,derived_from_native_gap_count,0.0,1.0,,,True
rome,rome:60:243-0-s57:p0,0.3,3.5999999999999996,12.0,5340.0,5340.0,0.0,0,1.3570786516853932,,24,1,0,derived_from_native_gap_count,0.0,1.0,,,True
rome,rome:60:243-0-s57:p0,0.4,4.800000000000001,12.0,5340.0,5340.0,0.0,0,1.8094382022471913,,24,1,0,derived_from_native_gap_count,0.0,1.0,,,True
rome,rome:60:243-0-s57:p0,0.5,6.0,12.0,5340.0,5340.0,0.0,0,2.261797752808989,,24,1,0,derived_from_native_gap_count,0.0,1.0,,,True
rome,rome:60:243-0-s57:p0,0.6,7.199999999999999,12.0,5340.0,5340.0,0.0,0,2.7141573033707864,,24,1,0,derived_from_native_gap_count,0.0,1.0,,,True
rome,rome:60:243-0-s57:p0,0.7,8.399999999999999,12.0,5340.0,5340.0,0.0,0,3.166516853932584,,24,1,0,derived_from_native_gap_count,0.0,1.0,,,True
rome,rome:60:243-0-s57:p0,0.8,9.600000000000001,12.0,5340.0,5340.0,0.0,0,3.6188764044943826,,24,1,0,derived_from_native_gap_count,0.0,1.0,,,True
rome,rome:60:243-0-s57:p0,0.9,10.8,12.0,5340.0,5340.0,0.0,0,4.07123595505618,,24,1,0,derived_from_native_gap_count,0.0,1.0,,,True
rome,rome:60:243-0-s57:p0,1.0,12.0,12.0,5340.0,5340.0,0.0,0,4.523595505617978,,24,1,0,derived_from_native_gap_count,0.0,1.0,,,True
rome,rome:60:243-0-s57:p0,1.1,13.200000000000001,12.0,5340.0,5340.0,0.0,0,4.975955056179775,,24,1,0,derived_from_native_gap_count,0.0,1.0,,,True
rome,rome:60:243-0-s57:p0,1.2,14.399999999999999,12.0,5340.0,5340.0,0.0,0,5.428314606741573,,24,1,0,derived_from_native_gap_count,0.0,1.0,,,True
rome,rome:60:243-0-s91:p0,0.1,1.2000000000000002,12.0,8116.0,6892.0,0.1508132084770823,1,0.29763430261212426,,24,1,0,derived_from_native_gap_count,0.0,1.0,,,True
rome,rome:60:243-0-s91:p0,0.2,2.4000000000000004,12.0,8116.0,8116.0,0.0,0,0.5952686052242485,,24,1,0,derived_from_native_gap_count,0.0,1.0,,,True
rome,rome:60:243-0-s91:p0,0.3,3.5999999999999996,12.0,8116.0,8116.0,0.0,0,0.8929029078363725,,24,1,0,derived_from_native_gap_count,0.0,1.0,,,True
rome,rome:60:243-0-s91:p0,0.4,4.800000000000001,12.0,8116.0,8116.0,0.0,0,1.190537210448497,,24,1,0,derived_from_native_gap_count,0.0,1.0,,,True
rome,rome:60:243-0-s91:p0,0.5,6.0,12.0,8116.0,8116.0,0.0,0,1.488171513060621,,24,1,0,derived_from_native_gap_count,0.0,1.0,,,True
rome,rome:60:243-0-s91:p0,0.6,7.199999999999999,12.0,8116.0,8116.0,0.0,0,1.785805815672745,,24,1,0,derived_from_native_gap_count,0.0,1.0,,,True
rome,rome:60:243-0-s91:p0,0.7,8.399999999999999,12.0,8116.0,8116.0,0.0,0,2.083440118284869,,24,1,0,derived_from_native_gap_count,0.0,1.0,,,True
rome,rome:60:243-0-s91:p0,0.8,9.600000000000001,12.0,8116.0,8116.0,0.0,0,2.381074420896994,,24,1,0,derived_from_native_gap_count,0.0,1.0,,,True
rome,rome:60:243-0-s91:p0,0.9,10.8,12.0,8116.0,8116.0,0.0,0,2.678708723509118,,24,1,0,derived_from_native_gap_count,0.0,1.0,,,True
rome,rome:60:243-0-s91:p0,1.0,12.0,12.0,8116.0,8116.0,0.0,0,2.976343026121242,,24,1,0,derived_from_native_gap_count,0.0,1.0,,,True
rome,rome:60:243-0-s91:p0,1.1,13.200000000000001,12.0,8116.0,8116.0,0.0,0,3.2739773287333667,,24,1,0,derived_from_native_gap_count,0.0,1.0,,,True
rome,rome:60:243-0-s91:p0,1.2,14.399999999999999,12.0,8116.0,8116.0,0.0,0,3.57161163134549,,24,1,0,derived_from_native_gap_count,0.0,1.0,,,True
rome,rome:60:243-0-s91:p1,0.1,1.2000000000000002,12.0,2430.0,2430.0,0.0,0,3.865020576131688,1.8892181069958853,24,4,2,derived_from_native_gap_count,0.00383426097711812,0.5,0.006898250800689825,0.0,True
rome,rome:60:243-0-s91:p1,0.2,2.4000000000000004,12.0,2430.0,2430.0,0.0,0,7.857613168724281,3.8936625514403302,24,4,2,derived_from_native_gap_count,0.00383426097711812,0.5,0.006898250800689825,0.0,True
rome,rome:60:243-0-s91:p1,0.3,3.5999999999999996,12.0,2430.0,2430.0,0.0,0,11.850205761316872,5.898106995884773,24,4,2,derived_from_native_gap_count,0.00383426097711812,0.5,0.006898250800689825,0.0,True
rome,rome:60:243-0-s91:p1,0.4,4.800000000000001,12.0,2430.0,2430.0,0.0,0,15.842798353909467,7.90255144032922,24,4,2,derived_from_native_gap_count,0.00383426097711812,0.5,0.006898250800689825,0.0,True
rome,rome:60:243-0-s91:p1,0.5,6.0,12.0,2430.0,2430.0,0.0,0,19.83539094650206,9.906995884773663,24,4,2,derived_from_native_gap_count,0.00383426097711812,0.5,0.006898250800689825,0.0,True
rome,rome:60:243-0-s91:p1,0.6,7.199999999999999,12.0,2430.0,2430.0,0.0,0,23.827983539094646,11.911440329218106,24,4,2,derived_from_native_gap_count,0.00383426097711812,0.5,0.006898250800689825,0.0,True
rome,rome:60:243-0-s91:p1,0.7,8.399999999999999,12.0,2430.0,2430.0,0.0,0,27.820576131687236,13.915884773662548,24,4,2,derived_from_native_gap_count,0.00383426097711812,0.5,0.006898250800689825,0.0,True
rome,rome:60:243-0-s91:p1,0.8,9.600000000000001,12.0,2430.0,2430.0,0.0,0,31.81316872427984,15.920329218107,24,4,2,derived_from_native_gap_count,0.00383426097711812,0.5,0.006898250800689825,0.0,True
rome,rome:60:243-0-s91:p1,0.9,10.8,12.0,2430.0,2430.0,0.0,0,35.80576131687243,17.92477366255144,24,4,2,derived_from_native_gap_count,0.00383426097711812,0.5,0.006898250800689825,0.0,True
rome,rome:60:243-0-s91:p1,1.0,12.0,12.0,2430.0,2430.0,0.0,0,39.79835390946502,19.929218106995886,24,4,2,derived_from_native_gap_count,0.00383426097711812,0.5,0.006898250800689825,0.0,True
rome,rome:60:243-0-s91:p1,1.1,13.200000000000001,12.0,2430.0,2430.0,0.0,0,43.79094650205762,21.93366255144033,24,4,2,derived_from_native_gap_count,0.00383426097711812,0.5,0.006898250800689825,0.0,True
rome,rome:60:243-0-s91:p1,1.2,14.399999999999999,12.0,2430.0,2430.0,0.0,0,47.7835390946502,23.93810699588477,24,4,2,derived_from_native_gap_count,0.00383426097711812,0.5,0.006898250800689825,0.0,True
rome,rome:60:243-0-s94:p0,0.1,1.2000000000000002,12.0,8756.0,7028.0,0.19735038830516216,1,0.801324805847419,0.25760621288259483,24,3,1,derived_from_native_gap_count,0.004446640316205534,0.6666666666666666,0.007948335817188276,0.0,True
rome,rome:60:243-0-s94:p0,0.2,2.4000000000000004,12.0,8756.0,8756.0,0.0,0,1.6334856098675197,0.5334856098675195,24,3,1,derived_from_native_gap_count,0.004446640316205534,0.6666666666666666,0.007948335817188276,0.0,True
rome,rome:60:243-0-s94:p0,0.3,3.5999999999999996,12.0,8756.0,8756.0,0.0,0,2.4656464138876197,0.809365006852444,24,3,1,derived_from_native_gap_count,0.004446640316205534,0.6666666666666666,0.007948335817188276,0.0,True
rome,rome:60:243-0-s94:p0,0.4,4.800000000000001,12.0,8756.0,8756.0,0.0,0,3.297807217907721,1.0852444038373688,24,3,1,derived_from_native_gap_count,0.004446640316205534,0.6666666666666666,0.007948335817188276,0.0,True
rome,rome:60:243-0-s94:p0,0.5,6.0,12.0,8756.0,8756.0,0.0,0,4.129968021927821,1.3611238008222932,24,3,1,derived_from_native_gap_count,0.004446640316205534,0.6666666666666666,0.007948335817188276,0.0,True
rome,rome:60:243-0-s94:p0,0.6,7.199999999999999,12.0,8756.0,8756.0,0.0,0,4.962128825947921,1.6370031978072177,24,3,1,derived_from_native_gap_count,0.004446640316205534,0.6666666666666666,0.007948335817188276,0.0,True
rome,rome:60:243-0-s94:p0,0.7,8.399999999999999,12.0,8756.0,8756.0,0.0,0,5.794289629968021,1.9128825947921422,24,3,1,derived_from_native_gap_count,0.004446640316205534,0.6666666666666666,0.007948335817188276,0.0,True
rome,rome:60:243-0-s94:p0,0.8,9.600000000000001,12.0,8756.0,8756.0,0.0,0,6.626450433988124,2.1887619917770675,24,3,1,derived_from_native_gap_count,0.004446640316205534,0.6666666666666666,0.007948335817188276,0.0,True
rome,rome:60:243-0-s94:p0,0.9,10.8,12.0,8756.0,8756.0,0.0,0,7.458611238008223,2.464641388761992,24,3,1,derived_from_native_gap_count,0.004446640316205534,0.6666666666666666,0.007948335817188276,0.0,True
rome,rome:60:243-0-s94:p0,1.0,12.0,12.0,8756.0,8756.0,0.0,0,8.290772042028323,2.7405207857469165,24,3,1,derived_from_native_gap_count,0.004446640316205534,0.6666666666666666,0.007948335817188276,0.0,True
rome,rome:60:243-0-s94:p0,1.1,13.200000000000001,12.0,8756.0,8756.0,0.0,0,9.122932846048425,3.016400182731841,24,3,1,derived_from_native_gap_count,0.004446640316205534,0.6666666666666666,0.007948335817188276,0.0,True
rome,rome:60:243-0-s94:p0,1.2,14.399999999999999,12.0,8756.0,8756.0,0.0,0,9.955093650068523,3.2922795797167654,24,3,1,derived_from_native_gap_count,0.004446640316205534,0.6666666666666666,0.007948335817188276,0.0,True
rome,rome:60:249-0-s139:p0,0.1,1.2000000000000002,12.0,29036.0,23534.0,0.18948891031822565,5,0.2833034853285577,0.037443173990907866,24,5,2,derived_from_native_gap_count,0.03189269746646796,0.6,0.07749627421758569,0.0,True
rome,rome:60:249-0-s139:p0,0.2,2.4000000000000004,12.0,29036.0,28880.0,0.005372640859622538,1,0.6992698718831796,0.20382972861275664,24,5,2,derived_from_native_gap_count,0.03189269746646796,0.6,0.07749627421758569,0.0,True
rome,rome:60:249-0-s139:p0,0.3,3.5999999999999996,12.0,29036.0,29036.0,0.0,0,1.1152362584378013,0.37021628323460526,24,5,2,derived_from_native_gap_count,0.03189269746646796,0.6,0.07749627421758569,0.0,True
rome,rome:60:249-0-s139:p0,0.4,4.800000000000001,12.0,29036.0,29036.0,0.0,0,1.5312026449924234,0.5366028378564541,24,5,2,derived_from_native_gap_count,0.03189269746646796,0.6,0.07749627421758569,0.0,True
rome,rome:60:249-0-s139:p0,0.5,6.0,12.0,29036.0,29036.0,0.0,0,1.9471690315470451,0.7029893924783028,24,5,2,derived_from_native_gap_count,0.03189269746646796,0.6,0.07749627421758569,0.0,True
rome,rome:60:249-0-s139:p0,0.6,7.199999999999999,12.0,29036.0,29036.0,0.0,0,2.363135418101667,0.8693759471001514,24,5,2,derived_from_native_gap_count,0.03189269746646796,0.6,0.07749627421758569,0.0,True
rome,rome:60:249-0-s139:p0,0.7,8.399999999999999,12.0,29036.0,29036.0,0.0,0,2.779101804656288,1.035762501722,24,5,2,derived_from_native_gap_count,0.03189269746646796,0.6,0.07749627421758569,0.0,True
rome,rome:60:249-0-s139:p0,0.8,9.600000000000001,12.0,29036.0,29036.0,0.0,0,3.195068191210911,1.2021490563438493,24,5,2,derived_from_native_gap_count,0.03189269746646796,0.6,0.07749627421758569,0.0,True
rome,rome:60:249-0-s139:p0,0.9,10.8,12.0,29036.0,29036.0,0.0,0,3.6110345777655324,1.3685356109656979,24,5,2,derived_from_native_gap_count,0.03189269746646796,0.6,0.07749627421758569,0.0,True
rome,rome:60:249-0-s139:p0,1.0,12.0,12.0,29036.0,29036.0,0.0,0,4.0270009643201545,1.5349221655875465,24,5,2,derived_from_native_gap_count,0.03189269746646796,0.6,0.07749627421758569,0.0,True
rome,rome:60:249-0-s139:p0,1.1,13.200000000000001,12.0,29036.0,29036.0,0.0,0,4.442967350874777,1.7013087202093953,24,5,2,derived_from_native_gap_count,0.03189269746646796,0.6,0.07749627421758569,0.0,True
rome,rome:60:249-0-s139:p0,1.2,14.399999999999999,12.0,29036.0,29036.0,0.0,0,4.858933737429398,1.8676952748312439,24,5,2,derived_from_native_gap_count,0.03189269746646796,0.6,0.07749627421758569,0.0,True
rome,rome:60:254-0-s329:p0,0.1,1.2000000000000002,12.0,7670.0,5922.400000000001,0.22784876140808338,1,2.256010430247719,1.0674315514993484,24,7,4,derived_from_native_gap_count,0.013207430722705672,0.42857142857142855,0.023464214125692724,0.0,True
rome,rome:60:254-0-s329:p0,0.2,2.4000000000000004,12.0,7670.0,7664.800000000001,0.0006779661016947729,1,4.791029986962192,2.3943155149934814,24,7,4,derived_from_native_gap_count,0.013207430722705672,0.42857142857142855,0.023464214125692724,0.0,True
rome,rome:60:254-0-s329:p0,0.3,3.5999999999999996,12.0,7670.0,7670.0,0.0,0,7.326049543676663,3.7211994784876135,24,7,4,derived_from_native_gap_count,0.013207430722705672,0.42857142857142855,0.023464214125692724,0.0,True
rome,rome:60:254-0-s329:p0,0.4,4.800000000000001,12.0,7670.0,7670.0,0.0,0,9.861069100391138,5.048083441981747,24,7,4,derived_from_native_gap_count,0.013207430722705672,0.42857142857142855,0.023464214125692724,0.0,True
rome,rome:60:254-0-s329:p0,0.5,6.0,12.0,7670.0,7670.0,0.0,0,12.396088657105606,6.37496740547588,24,7,4,derived_from_native_gap_count,0.013207430722705672,0.42857142857142855,0.023464214125692724,0.0,True
rome,rome:60:254-0-s329:p0,0.6,7.199999999999999,12.0,7670.0,7670.0,0.0,0,14.931108213820078,7.701851368970011,24,7,4,derived_from_native_gap_count,0.013207430722705672,0.42857142857142855,0.023464214125692724,0.0,True
rome,rome:60:254-0-s329:p0,0.7,8.399999999999999,12.0,7670.0,7670.0,0.0,0,17.466127770534545,9.028735332464144,24,7,4,derived_from_native_gap_count,0.013207430722705672,0.42857142857142855,0.023464214125692724,0.0,True
rome,rome:60:254-0-s329:p0,0.8,9.600000000000001,12.0,7670.0,7670.0,0.0,0,20.00114732724903,10.35561929595828,24,7,4,derived_from_native_gap_count,0.013207430722705672,0.42857142857142855,0.023464214125692724,0.0,True
rome,rome:60:254-0-s329:p0,0.9,10.8,12.0,7670.0,7670.0,0.0,0,22.536166883963492,11.68250325945241,24,7,4,derived_from_native_gap_count,0.013207430722705672,0.42857142857142855,0.023464214125692724,0.0,True
rome,rome:60:254-0-s329:p0,1.0,12.0,12.0,7670.0,7670.0,0.0,0,25.071186440677966,13.009387222946545,24,7,4,derived_from_native_gap_count,0.013207430722705672,0.42857142857142855,0.023464214125692724,0.0,True
rome,rome:60:254-0-s329:p0,1.1,13.200000000000001,12.0,7670.0,7670.0,0.0,0,27.60620599739244,14.33627118644068,24,7,4,derived_from_native_gap_count,0.013207430722705672,0.42857142857142855,0.023464214125692724,0.0,True
rome,rome:60:254-0-s329:p0,1.2,14.399999999999999,12.0,7670.0,7670.0,0.0,0,30.14122555410691,15.66315514993481,24,7,4,derived_from_native_gap_count,0.013207430722705672,0.42857142857142855,0.023464214125692724,0.0,True
rome,rome:60:256-0-s375:p0,0.1,1.2000000000000002,12.0,8940.0,8448.0,0.05503355704697987,1,1.2104697986577184,0.409261744966443,24,5,2,derived_from_native_gap_count,0.0106951871657754,0.6,0.024882976102488297,0.0,True
rome,rome:60:256-0-s375:p0,0.2,2.4000000000000004,12.0,8940.0,8940.0,0.0,0,2.565906040268457,0.9540939597315439,24,5,2,derived_from_native_gap_count,0.0106951871657754,0.6,0.024882976102488297,0.0,True
rome,rome:60:256-0-s375:p0,0.3,3.5999999999999996,12.0,8940.0,8940.0,0.0,0,3.9213422818791943,1.498926174496644,24,5,2,derived_from_native_gap_count,0.0106951871657754,0.6,0.024882976102488297,0.0,True
rome,rome:60:256-0-s375:p0,0.4,4.800000000000001,12.0,8940.0,8940.0,0.0,0,5.276778523489934,2.0437583892617455,24,5,2,derived_from_native_gap_count,0.0106951871657754,0.6,0.024882976102488297,0.0,True
rome,rome:60:256-0-s375:p0,0.5,6.0,12.0,8940.0,8940.0,0.0,0,6.632214765100671,2.588590604026846,24,5,2,derived_from_native_gap_count,0.0106951871657754,0.6,0.024882976102488297,0.0,True
rome,rome:60:256-0-s375:p0,0.6,7.199999999999999,12.0,8940.0,8940.0,0.0,0,7.987651006711409,3.1334228187919457,24,5,2,derived_from_native_gap_count,0.0106951871657754,0.6,0.024882976102488297,0.0,True
rome,rome:60:256-0-s375:p0,0.7,8.399999999999999,12.0,8940.0,8940.0,0.0,0,9.343087248322146,3.678255033557046,24,5,2,derived_from_native_gap_count,0.0106951871657754,0.6,0.024882976102488297,0.0,True
rome,rome:60:256-0-s375:p0,0.8,9.600000000000001,12.0,8940.0,8940.0,0.0,0,10.698523489932889,4.223087248322148,24,5,2,derived_from_native_gap_count,0.0106951871657754,0.6,0.024882976102488297,0.0,True
rome,rome:60:256-0-s375:p0,0.9,10.8,12.0,8940.0,8940.0,0.0,0,12.053959731543623,4.767919463087249,24,5,2,derived_from_native_gap_count,0.0106951871657754,0.6,0.024882976102488297,0.0,True
rome,rome:60:256-0-s375:p0,1.0,12.0,12.0,8940.0,8940.0,0.0,0,13.409395973154362,5.312751677852349,24,5,2,derived_from_native_gap_count,0.0106951871657754,0.6,0.024882976102488297,0.0,True
rome,rome:60:256-0-s375:p0,1.1,13.200000000000001,12.0,8940.0,8940.0,0.0,0,14.764832214765102,5.85758389261745,24,5,2,derived_from_native_gap_count,0.0106951871657754,0.6,0.024882976102488297,0.0,True
rome,rome:60:256-0-s375:p0,1.2,14.399999999999999,12.0,8940.0,8940.0,0.0,0,16.120268456375836,6.40241610738255,24,5,2,derived_from_native_gap_count,0.0106951871657754,0.6,0.024882976102488297,0.0,True
rome,rome:60:257-0-s123:p0,0.1,1.2000000000000002,12.0,7824.0,5636.400000000001,0.27960122699386497,1,1.765030674846626,0.23665644171779146,24,6,1,derived_from_native_gap_count,0.004719324391455539,0.8333333333333334,0.02334823646299056,0.0,True
rome,rome:60:257-0-s123:p0,0.2,2.4000000000000004,12.0,7824.0,7824.0,0.0,0,3.617484662576688,0.545398773006135,24,6,1,derived_from_native_gap_count,0.004719324391455539,0.8333333333333334,0.02334823646299056,0.0,True
rome,rome:60:257-0-s123:p0,0.3,3.5999999999999996,12.0,7824.0,7824.0,0.0,0,5.469938650306749,0.8541411042944784,24,6,1,derived_from_native_gap_count,0.004719324391455539,0.8333333333333334,0.02334823646299056,0.0,True
rome,rome:60:257-0-s123:p0,0.4,4.800000000000001,12.0,7824.0,7824.0,0.0,0,7.322392638036811,1.1628834355828224,24,6,1,derived_from_native_gap_count,0.004719324391455539,0.8333333333333334,0.02334823646299056,0.0,True
rome,rome:60:257-0-s123:p0,0.5,6.0,12.0,7824.0,7824.0,0.0,0,9.174846625766872,1.4716257668711656,24,6,1,derived_from_native_gap_count,0.004719324391455539,0.8333333333333334,0.02334823646299056,0.0,True
rome,rome:60:257-0-s123:p0,0.6,7.199999999999999,12.0,7824.0,7824.0,0.0,0,11.027300613496934,1.780368098159509,24,6,1,derived_from_native_gap_count,0.004719324391455539,0.8333333333333334,0.02334823646299056,0.0,True
rome,rome:60:257-0-s123:p0,0.7,8.399999999999999,12.0,7824.0,7824.0,0.0,0,12.879754601226992,2.089110429447852,24,6,1,derived_from_native_gap_count,0.004719324391455539,0.8333333333333334,0.02334823646299056,0.0,True
rome,rome:60:257-0-s123:p0,0.8,9.600000000000001,12.0,7824.0,7824.0,0.0,0,14.732208588957057,2.3978527607361966,24,6,1,derived_from_native_gap_count,0.004719324391455539,0.8333333333333334,0.02334823646299056,0.0,True
rome,rome:60:257-0-s123:p0,0.9,10.8,12.0,7824.0,7824.0,0.0,0,16.584662576687116,2.70659509202454,24,6,1,derived_from_native_gap_count,0.004719324391455539,0.8333333333333334,0.02334823646299056,0.0,True
rome,rome:60:257-0-s123:p0,1.0,12.0,12.0,7824.0,7824.0,0.0,0,18.437116564417177,3.0153374233128836,24,6,1,derived_from_native_gap_count,0.004719324391455539,0.8333333333333334,0.02334823646299056,0.0,True
rome,rome:60:257-0-s123:p0,1.1,13.200000000000001,12.0,7824.0,7824.0,0.0,0,20.28957055214724,3.324079754601227,24,6,1,derived_from_native_gap_count,0.004719324391455539,0.8333333333333334,0.02334823646299056,0.0,True
rome,rome:60:257-0-s123:p0,1.2,14.399999999999999,12.0,7824.0,7824.0,0.0,0,22.1420245398773,3.63282208588957,24,6,1,derived_from_native_gap_count,0.004719324391455539,0.8333333333333334,0.02334823646299056,0.0,True
rome,rome:60:257-0-s123:p1,0.1,1.2000000000000002,12.0,15648.0,8808.0,0.4371165644171779,2,1.4640337423312886,0.5285276073619632,24,9,4,derived_from_native_gap_count,0.006237414665291489,0.5555555555555556,0.014406358668653751,0.0,True
rome,rome:60:257-0-s123:p1,0.2,2.4000000000000004,12.0,15648.0,13560.0,0.1334355828220859,2,3.025460122699387,1.1460122699386506,24,9,4,derived_from_native_gap_count,0.006237414665291489,0.5555555555555556,0.014406358668653751,0.0,True
rome,rome:60:257-0-s123:p1,0.3,3.5999999999999996,12.0,15648.0,15648.0,0.0,0,4.586886503067485,1.7634969325153373,24,9,4,derived_from_native_gap_count,0.006237414665291489,0.5555555555555556,0.014406358668653751,0.0,True
rome,rome:60:257-0-s123:p1,0.4,4.800000000000001,12.0,15648.0,15648.0,0.0,0,6.148312883435584,2.380981595092025,24,9,4,derived_from_native_gap_count,0.006237414665291489,0.5555555555555556,0.014406358668653751,0.0,True
rome,rome:60:257-0-s123:p1,0.5,6.0,12.0,15648.0,15648.0,0.0,0,7.709739263803681,2.9984662576687118,24,9,4,derived_from_native_gap_count,0.006237414665291489,0.5555555555555556,0.014406358668653751,0.0,True
rome,rome:60:257-0-s123:p1,0.6,7.199999999999999,12.0,15648.0,15648.0,0.0,0,9.27116564417178,3.6159509202453983,24,9,4,derived_from_native_gap_count,0.006237414665291489,0.5555555555555556,0.014406358668653751,0.0,True
rome,rome:60:257-0-s123:p1,0.7,8.399999999999999,12.0,15648.0,15648.0,0.0,0,10.832592024539876,4.233435582822085,24,9,4,derived_from_native_gap_count,0.006237414665291489,0.5555555555555556,0.014406358668653751,0.0,True
rome,rome:60:257-0-s123:p1,0.8,9.600000000000001,12.0,15648.0,15648.0,0.0,0,12.394018404907978,4.850920245398774,24,9,4,derived_from_native_gap_count,0.006237414665291489,0.5555555555555556,0.014406358668653751,0.0,True
rome,rome:60:257-0-s123:p1,0.9,10.8,12.0,15648.0,15648.0,0.0,0,13.955444785276073,5.468404907975461,24,9,4,derived_from_native_gap_count,0.006237414665291489,0.5555555555555556,0.014406358668653751,0.0,True
rome,rome:60:257-0-s123:p1,1.0,12.0,12.0,15648.0,15648.0,0.0,0,15.516871165644172,6.085889570552148,24,9,4,derived_from_native_gap_count,0.006237414665291489,0.5555555555555556,0.014406358668653751,0.0,True
rome,rome:60:257-0-s123:p1,1.1,13.200000000000001,12.0,15648.0,15648.0,0.0,0,17.07829754601227,6.703374233128835,24,9,4,derived_from_native_gap_count,0.006237414665291489,0.5555555555555556,0.014406358668653751,0.0,True
rome,rome:60:257-0-s123:p1,1.2,14.399999999999999,12.0,15648.0,15648.0,0.0,0,18.63972392638037,7.320858895705521,24,9,4,derived_from_native_gap_count,0.006237414665291489,0.5555555555555556,0.014406358668653751,0.0,True
rome,rome:60:260-0-s115:p0,0.1,1.2000000000000002,12.0,26718.0,14984.800000000001,0.4391496369488734,3,0.6735384385058762,0.21816004191930538,24,9,4,derived_from_native_gap_count,0.020165685633311534,0.5555555555555556,0.0448435972629521,0.0,True
rome,rome:60:260-0-s115:p0,0.2,2.4000000000000004,12.0,26718.0,21664.0,0.1891608653342316,2,1.497612096713826,0.5857324650048658,24,9,4,derived_from_native_gap_count,0.020165685633311534,0.5555555555555556,0.0448435972629521,0.0,True
rome,rome:60:260-0-s115:p0,0.3,3.5999999999999996,12.0,26718.0,25698.0,0.038176510217830674,1,2.3216857549217753,0.953304888090426,24,9,4,derived_from_native_gap_count,0.020165685633311534,0.5555555555555556,0.0448435972629521,0.0,True
rome,rome:60:260-0-s115:p0,0.4,4.800000000000001,12.0,26718.0,26718.0,0.0,0,3.1457594131297255,1.3208773111759864,24,9,4,derived_from_native_gap_count,0.020165685633311534,0.5555555555555556,0.0448435972629521,0.0,True
rome,rome:60:260-0-s115:p0,0.5,6.0,12.0,26718.0,26718.0,0.0,0,3.969833071337675,1.6884497342615465,24,9,4,derived_from_native_gap_count,0.020165685633311534,0.5555555555555556,0.0448435972629521,0.0,True
rome,rome:60:260-0-s115:p0,0.6,7.199999999999999,12.0,26718.0,26718.0,0.0,0,4.793906729545625,2.056022157347107,24,9,4,derived_from_native_gap_count,0.020165685633311534,0.5555555555555556,0.0448435972629521,0.0,True
rome,rome:60:260-0-s115:p0,0.7,8.399999999999999,12.0,26718.0,26718.0,0.0,0,5.6179803877535734,2.423594580432667,24,9,4,derived_from_native_gap_count,0.020165685633311534,0.5555555555555556,0.0448435972629521,0.0,True
rome,rome:60:260-0-s115:p0,0.8,9.600000000000001,12.0,26718.0,26718.0,0.0,0,6.442054045961525,2.7911670035182277,24,9,4,derived_from_native_gap_count,0.020165685633311534,0.5555555555555556,0.0448435972629521,0.0,True
rome,rome:60:260-0-s115:p0,0.9,10.8,12.0,26718.0,26718.0,0.0,0,7.266127704169475,3.158739426603788,24,9,4,derived_from_native_gap_count,0.020165685633311534,0.5555555555555556,0.0448435972629521,0.0,True
rome,rome:60:260-0-s115:p0,1.0,12.0,12.0,26718.0,26718.0,0.0,0,8.090201362377423,3.526311849689348,24,9,4,derived_from_native_gap_count,0.020165685633311534,0.5555555555555556,0.0448435972629521,0.0,True
rome,rome:60:260-0-s115:p0,1.1,13.200000000000001,12.0,26718.0,26718.0,0.0,0,8.914275020585375,3.8938842727749083,24,9,4,derived_from_native_gap_count,0.020165685633311534,0.5555555555555556,0.0448435972629521,0.0,True
rome,rome:60:260-0-s115:p0,1.2,14.399999999999999,12.0,26718.0,26718.0,0.0,0,9.738348678793322,4.261456695860469,24,9,4,derived_from_native_gap_count,0.020165685633311534,0.5555555555555556,0.0448435972629521,0.0,True
rome,rome:60:260-0-s14:p0,0.1,1.2000000000000002,12.0,5412.0,4992.0,0.07760532150776053,1,1.821507760532151,0.05166297117516636,24,5,1,derived_from_native_gap_count,0.01838052657724789,0.8,0.08842523596621957,0.0,True
rome,rome:60:260-0-s14:p0,0.2,2.4000000000000004,12.0,5412.0,5412.0,0.0,0,4.053215077605322,0.4980044345898006,24,5,1,derived_from_native_gap_count,0.01838052657724789,0.8,0.08842523596621957,0.0,True
rome,rome:60:260-0-s14:p0,0.3,3.5999999999999996,12.0,5412.0,5412.0,0.0,0,6.2849223946784925,0.9443458980044345,24,5,1,derived_from_native_gap_count,0.01838052657724789,0.8,0.08842523596621957,0.0,True
rome,rome:60:260-0-s14:p0,0.4,4.800000000000001,12.0,5412.0,5412.0,0.0,0,8.516629711751664,1.390687361419069,24,5,1,derived_from_native_gap_count,0.01838052657724789,0.8,0.08842523596621957,0.0,True
rome,rome:60:260-0-s14:p0,0.5,6.0,12.0,5412.0,5412.0,0.0,0,10.748337028824833,1.8370288248337028,24,5,1,derived_from_native_gap_count,0.01838052657724789,0.8,0.08842523596621957,0.0,True
rome,rome:60:260-0-s14:p0,0.6,7.199999999999999,12.0,5412.0,5412.0,0.0,0,12.980044345898005,2.283370288248337,24,5,1,derived_from_native_gap_count,0.01838052657724789,0.8,0.08842523596621957,0.0,True
rome,rome:60:260-0-s14:p0,0.7,8.399999999999999,12.0,5412.0,5412.0,0.0,0,15.211751662971173,2.7297117516629705,24,5,1,derived_from_native_gap_count,0.01838052657724789,0.8,0.08842523596621957,0.0,True
rome,rome:60:260-0-s14:p0,0.8,9.600000000000001,12.0,5412.0,5412.0,0.0,0,17.443458980044348,3.176053215077606,24,5,1,derived_from_native_gap_count,0.01838052657724789,0.8,0.08842523596621957,0.0,True
rome,rome:60:260-0-s14:p0,0.9,10.8,12.0,5412.0,5412.0,0.0,0,19.675166297117517,3.6223946784922396,24,5,1,derived_from_native_gap_count,0.01838052657724789,0.8,0.08842523596621957,0.0,True
rome,rome:60:260-0-s14:p0,1.0,12.0,12.0,5412.0,5412.0,0.0,0,21.906873614190687,4.068736141906873,24,5,1,derived_from_native_gap_count,0.01838052657724789,0.8,0.08842523596621957,0.0,True
rome,rome:60:260-0-s14:p0,1.1,13.200000000000001,12.0,5412.0,5412.0,0.0,0,24.13858093126386,4.515077605321508,24,5,1,derived_from_native_gap_count,0.01838052657724789,0.8,0.08842523596621957,0.0,True
rome,rome:60:260-0-s14:p0,1.2,14.399999999999999,12.0,5412.0,5412.0,0.0,0,26.37028824833703,4.9614190687361415,24,5,1,derived_from_native_gap_count,0.01838052657724789,0.8,0.08842523596621957,0.0,True
rome,rome:60:268-0-s46:p0,0.1,1.2000000000000002,12.0,9360.0,7428.0,0.2064102564102564,2,1.2920512820512824,,24,5,0,derived_from_native_gap_count,0.00019805902158843335,1.0,,,True
rome,rome:60:268-0-s46:p0,0.2,2.4000000000000004,12.0,9360.0,9360.0,0.0,0,2.5866666666666673,,24,5,0,derived_from_native_gap_count,0.00019805902158843335,1.0,,,True
rome,rome:60:268-0-s46:p0,0.3,3.5999999999999996,12.0,9360.0,9360.0,0.0,0,3.8812820512820507,,24,5,0,derived_from_native_gap_count,0.00019805902158843335,1.0,,,True
rome,rome:60:268-0-s46:p0,0.4,4.800000000000001,12.0,9360.0,9360.0,0.0,0,5.175897435897437,,24,5,0,derived_from_native_gap_count,0.00019805902158843335,1.0,,,True
rome,rome:60:268-0-s46:p0,0.5,6.0,12.0,9360.0,9360.0,0.0,0,6.470512820512821,,24,5,0,derived_from_native_gap_count,0.00019805902158843335,1.0,,,True
rome,rome:60:268-0-s46:p0,0.6,7.199999999999999,12.0,9360.0,9360.0,0.0,0,7.765128205128204,,24,5,0,derived_from_native_gap_count,0.00019805902158843335,1.0,,,True
rome,rome:60:268-0-s46:p0,0.7,8.399999999999999,12.0,9360.0,9360.0,0.0,0,9.059743589743588,,24,5,0,derived_from_native_gap_count,0.00019805902158843335,1.0,,,True
rome,rome:60:268-0-s46:p0,0.8,9.600000000000001,12.0,9360.0,9360.0,0.0,0,10.354358974358977,,24,5,0,derived_from_native_gap_count,0.00019805902158843335,1.0,,,True
rome,rome:60:268-0-s46:p0,0.9,10.8,12.0,9360.0,9360.0,0.0,0,11.648974358974359,,24,5,0,derived_from_native_gap_count,0.00019805902158843335,1.0,,,True
rome,rome:60:268-0-s46:p0,1.0,12.0,12.0,9360.0,9360.0,0.0,0,12.943589743589744,,24,5,0,derived_from_native_gap_count,0.00019805902158843335,1.0,,,True
rome,rome:60:268-0-s46:p0,1.1,13.200000000000001,12.0,9360.0,9360.0,0.0,0,14.238205128205129,,24,5,0,derived_from_native_gap_count,0.00019805902158843335,1.0,,,True
rome,rome:60:268-0-s46:p0,1.2,14.399999999999999,12.0,9360.0,9360.0,0.0,0,15.53282051282051,,24,5,0,derived_from_native_gap_count,0.00019805902158843335,1.0,,,True
rome,rome:60:275-0-s235:p0,0.1,1.2000000000000002,12.0,7980.0,6844.8,0.14225563909774433,1,0.2279699248120301,0.2279699248120301,24,1,1,derived_from_native_gap_count,0.025904203323558164,0.0,0.025904203323558164,0.0,True
rome,rome:60:275-0-s235:p0,0.2,2.4000000000000004,12.0,7980.0,7980.0,0.0,0,0.535639097744361,0.535639097744361,24,1,1,derived_from_native_gap_count,0.025904203323558164,0.0,0.025904203323558164,0.0,True
rome,rome:60:275-0-s235:p0,0.3,3.5999999999999996,12.0,7980.0,7980.0,0.0,0,0.8433082706766917,0.8433082706766917,24,1,1,derived_from_native_gap_count,0.025904203323558164,0.0,0.025904203323558164,0.0,True
rome,rome:60:275-0-s235:p0,0.4,4.800000000000001,12.0,7980.0,7980.0,0.0,0,1.1509774436090228,1.1509774436090228,24,1,1,derived_from_native_gap_count,0.025904203323558164,0.0,0.025904203323558164,0.0,True
rome,rome:60:275-0-s235:p0,0.5,6.0,12.0,7980.0,7980.0,0.0,0,1.4586466165413534,1.4586466165413534,24,1,1,derived_from_native_gap_count,0.025904203323558164,0.0,0.025904203323558164,0.0,True
rome,rome:60:275-0-s235:p0,0.6,7.199999999999999,12.0,7980.0,7980.0,0.0,0,1.766315789473684,1.766315789473684,24,1,1,derived_from_native_gap_count,0.025904203323558164,0.0,0.025904203323558164,0.0,True
rome,rome:60:275-0-s235:p0,0.7,8.399999999999999,12.0,7980.0,7980.0,0.0,0,2.0739849624060147,2.0739849624060147,24,1,1,derived_from_native_gap_count,0.025904203323558164,0.0,0.025904203323558164,0.0,True
rome,rome:60:275-0-s235:p0,0.8,9.600000000000001,12.0,7980.0,7980.0,0.0,0,2.381654135338346,2.381654135338346,24,1,1,derived_from_native_gap_count,0.025904203323558164,0.0,0.025904203323558164,0.0,True
rome,rome:60:275-0-s235:p0,0.9,10.8,12.0,7980.0,7980.0,0.0,0,2.689323308270677,2.689323308270677,24,1,1,derived_from_native_gap_count,0.025904203323558164,0.0,0.025904203323558164,0.0,True
rome,rome:60:275-0-s235:p0,1.0,12.0,12.0,7980.0,7980.0,0.0,0,2.9969924812030073,2.9969924812030073,24,1,1,derived_from_native_gap_count,0.025904203323558164,0.0,0.025904203323558164,0.0,True
rome,rome:60:275-0-s235:p0,1.1,13.200000000000001,12.0,7980.0,7980.0,0.0,0,3.3046616541353386,3.3046616541353386,24,1,1,derived_from_native_gap_count,0.025904203323558164,0.0,0.025904203323558164,0.0,True
rome,rome:60:275-0-s235:p0,1.2,14.399999999999999,12.0,7980.0,7980.0,0.0,0,3.612330827067669,3.612330827067669,24,1,1,derived_from_native_gap_count,0.025904203323558164,0.0,0.025904203323558164,0.0,True
rome,rome:60:275-0-s290:p0,0.1,1.2000000000000002,12.0,4500.0,4500.0,0.0,0,0.47280000000000005,0.47280000000000005,24,1,1,derived_from_native_gap_count,0.011922503725782414,0.0,0.011922503725782414,0.0,True
rome,rome:60:275-0-s290:p0,0.2,2.4000000000000004,12.0,4500.0,4500.0,0.0,0,1.0096,1.0096,24,1,1,derived_from_native_gap_count,0.011922503725782414,0.0,0.011922503725782414,0.0,True
rome,rome:60:275-0-s290:p0,0.3,3.5999999999999996,12.0,4500.0,4500.0,0.0,0,1.5463999999999998,1.5463999999999998,24,1,1,derived_from_native_gap_count,0.011922503725782414,0.0,0.011922503725782414,0.0,True
rome,rome:60:275-0-s290:p0,0.4,4.800000000000001,12.0,4500.0,4500.0,0.0,0,2.0832,2.0832,24,1,1,derived_from_native_gap_count,0.011922503725782414,0.0,0.011922503725782414,0.0,True
rome,rome:60:275-0-s290:p0,0.5,6.0,12.0,4500.0,4500.0,0.0,0,2.62,2.62,24,1,1,derived_from_native_gap_count,0.011922503725782414,0.0,0.011922503725782414,0.0,True
rome,rome:60:275-0-s290:p0,0.6,7.199999999999999,12.0,4500.0,4500.0,0.0,0,3.1567999999999996,3.1567999999999996,24,1,1,derived_from_native_gap_count,0.011922503725782414,0.0,0.011922503725782414,0.0,True
rome,rome:60:275-0-s290:p0,0.7,8.399999999999999,12.0,4500.0,4500.0,0.0,0,3.6935999999999996,3.6935999999999996,24,1,1,derived_from_native_gap_count,0.011922503725782414,0.0,0.011922503725782414,0.0,True
rome,rome:60:275-0-s290:p0,0.8,9.600000000000001,12.0,4500.0,4500.0,0.0,0,4.2304,4.2304,24,1,1,derived_from_native_gap_count,0.011922503725782414,0.0,0.011922503725782414,0.0,True
rome,rome:60:275-0-s290:p0,0.9,10.8,12.0,4500.0,4500.0,0.0,0,4.7672,4.7672,24,1,1,derived_from_native_gap_count,0.011922503725782414,0.0,0.011922503725782414,0.0,True
rome,rome:60:275-0-s290:p0,1.0,12.0,12.0,4500.0,4500.0,0.0,0,5.304,5.304,24,1,1,derived_from_native_gap_count,0.011922503725782414,0.0,0.011922503725782414,0.0,True
rome,rome:60:275-0-s290:p0,1.1,13.200000000000001,12.0,4500.0,4500.0,0.0,0,5.840800000000001,5.840800000000001,24,1,1,derived_from_native_gap_count,0.011922503725782414,0.0,0.011922503725782414,0.0,True
rome,rome:60:275-0-s290:p0,1.2,14.399999999999999,12.0,4500.0,4500.0,0.0,0,6.377599999999999,6.377599999999999,24,1,1,derived_from_native_gap_count,0.011922503725782414,0.0,0.011922503725782414,0.0,True
rome,rome:60:275-0-s376:p0,0.1,1.2000000000000002,12.0,23030.0,15500.400000000001,0.3269474598349978,4,0.2774641771602258,0.2774641771602258,24,3,3,derived_from_native_gap_count,0.012776412776412777,0.0,0.012776412776412777,0.0,True
rome,rome:60:275-0-s376:p0,0.2,2.4000000000000004,12.0,23030.0,21678.800000000003,0.05867129830655654,2,0.595570994355189,0.595570994355189,24,3,3,derived_from_native_gap_count,0.012776412776412777,0.0,0.012776412776412777,0.0,True
rome,rome:60:275-0-s376:p0,0.3,3.5999999999999996,12.0,23030.0,23030.0,0.0,0,0.9136778115501518,0.9136778115501518,24,3,3,derived_from_native_gap_count,0.012776412776412777,0.0,0.012776412776412777,0.0,True
rome,rome:60:275-0-s376:p0,0.4,4.800000000000001,12.0,23030.0,23030.0,0.0,0,1.2317846287451153,1.2317846287451153,24,3,3,derived_from_native_gap_count,0.012776412776412777,0.0,0.012776412776412777,0.0,True
rome,rome:60:275-0-s376:p0,0.5,6.0,12.0,23030.0,23030.0,0.0,0,1.549891445940078,1.549891445940078,24,3,3,derived_from_native_gap_count,0.012776412776412777,0.0,0.012776412776412777,0.0,True
rome,rome:60:275-0-s376:p0,0.6,7.199999999999999,12.0,23030.0,23030.0,0.0,0,1.867998263135041,1.867998263135041,24,3,3,derived_from_native_gap_count,0.012776412776412777,0.0,0.012776412776412777,0.0,True
rome,rome:60:275-0-s376:p0,0.7,8.399999999999999,12.0,23030.0,23030.0,0.0,0,2.1861050803300035,2.1861050803300035,24,3,3,derived_from_native_gap_count,0.012776412776412777,0.0,0.012776412776412777,0.0,True
rome,rome:60:275-0-s376:p0,0.8,9.600000000000001,12.0,23030.0,23030.0,0.0,0,2.504211897524968,2.504211897524968,24,3,3,derived_from_native_gap_count,0.012776412776412777,0.0,0.012776412776412777,0.0,True
rome,rome:60:275-0-s376:p0,0.9,10.8,12.0,23030.0,23030.0,0.0,0,2.822318714719931,2.822318714719931,24,3,3,derived_from_native_gap_count,0.012776412776412777,0.0,0.012776412776412777,0.0,True
rome,rome:60:275-0-s376:p0,1.0,12.0,12.0,23030.0,23030.0,0.0,0,3.1404255319148935,3.1404255319148935,24,3,3,derived_from_native_gap_count,0.012776412776412777,0.0,0.012776412776412777,0.0,True
rome,rome:60:275-0-s376:p0,1.1,13.200000000000001,12.0,23030.0,23030.0,0.0,0,3.4585323491098565,3.4585323491098565,24,3,3,derived_from_native_gap_count,0.012776412776412777,0.0,0.012776412776412777,0.0,True
rome,rome:60:275-0-s376:p0,1.2,14.399999999999999,12.0,23030.0,23030.0,0.0,0,3.776639166304819,3.776639166304819,24,3,3,derived_from_native_gap_count,0.012776412776412777,0.0,0.012776412776412777,0.0,True
rome,rome:60:289-0-s12:p0,0.1,1.2000000000000002,12.0,10680.0,8480.400000000001,0.20595505617977514,1,1.4219101123595508,1.1920224719101127,24,7,6,derived_from_native_gap_count,0.011842563566701497,0.14285714285714285,0.01381103257778861,0.0,True
rome,rome:60:289-0-s12:p0,0.2,2.4000000000000004,12.0,10680.0,10420.800000000001,0.024269662921348214,1,3.0348314606741575,2.5750561797752813,24,7,6,derived_from_native_gap_count,0.011842563566701497,0.14285714285714285,0.01381103257778861,0.0,True
rome,rome:60:289-0-s12:p0,0.3,3.5999999999999996,12.0,10680.0,10680.0,0.0,0,4.647752808988764,3.958089887640449,24,7,6,derived_from_native_gap_count,0.011842563566701497,0.14285714285714285,0.01381103257778861,0.0,True
rome,rome:60:289-0-s12:p0,0.4,4.800000000000001,12.0,10680.0,10680.0,0.0,0,6.260674157303371,5.341123595505619,24,7,6,derived_from_native_gap_count,0.011842563566701497,0.14285714285714285,0.01381103257778861,0.0,True
rome,rome:60:289-0-s12:p0,0.5,6.0,12.0,10680.0,10680.0,0.0,0,7.873595505617978,6.724157303370786,24,7,6,derived_from_native_gap_count,0.011842563566701497,0.14285714285714285,0.01381103257778861,0.0,True
rome,rome:60:289-0-s12:p0,0.6,7.199999999999999,12.0,10680.0,10680.0,0.0,0,9.486516853932585,8.107191011235955,24,7,6,derived_from_native_gap_count,0.011842563566701497,0.14285714285714285,0.01381103257778861,0.0,True
rome,rome:60:289-0-s12:p0,0.7,8.399999999999999,12.0,10680.0,10680.0,0.0,0,11.099438202247189,9.490224719101121,24,7,6,derived_from_native_gap_count,0.011842563566701497,0.14285714285714285,0.01381103257778861,0.0,True
rome,rome:60:289-0-s12:p0,0.8,9.600000000000001,12.0,10680.0,10680.0,0.0,0,12.712359550561798,10.873258426966295,24,7,6,derived_from_native_gap_count,0.011842563566701497,0.14285714285714285,0.01381103257778861,0.0,True
rome,rome:60:289-0-s12:p0,0.9,10.8,12.0,10680.0,10680.0,0.0,0,14.325280898876404,12.256292134831458,24,7,6,derived_from_native_gap_count,0.011842563566701497,0.14285714285714285,0.01381103257778861,0.0,True
rome,rome:60:289-0-s12:p0,1.0,12.0,12.0,10680.0,10680.0,0.0,0,15.938202247191011,13.639325842696628,24,7,6,derived_from_native_gap_count,0.011842563566701497,0.14285714285714285,0.01381103257778861,0.0,True
rome,rome:60:289-0-s12:p0,1.1,13.200000000000001,12.0,10680.0,10680.0,0.0,0,17.55112359550562,15.022359550561799,24,7,6,derived_from_native_gap_count,0.011842563566701497,0.14285714285714285,0.01381103257778861,0.0,True
rome,rome:60:289-0-s12:p0,1.2,14.399999999999999,12.0,10680.0,10680.0,0.0,0,19.164044943820226,16.405393258426965,24,7,6,derived_from_native_gap_count,0.011842563566701497,0.14285714285714285,0.01381103257778861,0.0,True
rome,rome:60:289-0-s30:p0,0.1,1.2000000000000002,12.0,5280.0,5280.0,0.0,0,3.8288636363636366,3.3940909090909095,24,9,8,derived_from_native_gap_count,0.007009990616547994,0.1111111111111111,0.007265275707898659,0.0,True
rome,rome:60:289-0-s30:p0,0.2,2.4000000000000004,12.0,5280.0,5280.0,0.0,0,7.946363636363637,7.0540909090909105,24,9,8,derived_from_native_gap_count,0.007009990616547994,0.1111111111111111,0.007265275707898659,0.0,True
rome,rome:60:289-0-s30:p0,0.3,3.5999999999999996,12.0,5280.0,5280.0,0.0,0,12.063863636363639,10.714090909090912,24,9,8,derived_from_native_gap_count,0.007009990616547994,0.1111111111111111,0.007265275707898659,0.0,True
rome,rome:60:289-0-s30:p0,0.4,4.800000000000001,12.0,5280.0,5280.0,0.0,0,16.18136363636364,14.374090909090912,24,9,8,derived_from_native_gap_count,0.007009990616547994,0.1111111111111111,0.007265275707898659,0.0,True
rome,rome:60:289-0-s30:p0,0.5,6.0,12.0,5280.0,5280.0,0.0,0,20.298863636363638,18.03409090909091,24,9,8,derived_from_native_gap_count,0.007009990616547994,0.1111111111111111,0.007265275707898659,0.0,True
rome,rome:60:289-0-s30:p0,0.6,7.199999999999999,12.0,5280.0,5280.0,0.0,0,24.41636363636364,21.694090909090914,24,9,8,derived_from_native_gap_count,0.007009990616547994,0.1111111111111111,0.007265275707898659,0.0,True
rome,rome:60:289-0-s30:p0,0.7,8.399999999999999,12.0,5280.0,5280.0,0.0,0,28.533863636363634,25.354090909090903,24,9,8,derived_from_native_gap_count,0.007009990616547994,0.1111111111111111,0.007265275707898659,0.0,True
rome,rome:60:289-0-s30:p0,0.8,9.600000000000001,12.0,5280.0,5280.0,0.0,0,32.65136363636364,29.014090909090914,24,9,8,derived_from_native_gap_count,0.007009990616547994,0.1111111111111111,0.007265275707898659,0.0,True
rome,rome:60:289-0-s30:p0,0.9,10.8,12.0,5280.0,5280.0,0.0,0,36.76886363636363,32.67409090909091,24,9,8,derived_from_native_gap_count,0.007009990616547994,0.1111111111111111,0.007265275707898659,0.0,True
rome,rome:60:289-0-s30:p0,1.0,12.0,12.0,5280.0,5280.0,0.0,0,40.88636363636363,36.33409090909091,24,9,8,derived_from_native_gap_count,0.007009990616547994,0.1111111111111111,0.007265275707898659,0.0,True
rome,rome:60:289-0-s30:p0,1.1,13.200000000000001,12.0,5280.0,5280.0,0.0,0,45.00386363636364,39.994090909090914,24,9,8,derived_from_native_gap_count,0.007009990616547994,0.1111111111111111,0.007265275707898659,0.0,True
rome,rome:60:289-0-s30:p0,1.2,14.399999999999999,12.0,5280.0,5280.0,0.0,0,49.12136363636365,43.65409090909092,24,9,8,derived_from_native_gap_count,0.007009990616547994,0.1111111111111111,0.007265275707898659,0.0,True
rome,rome:60:289-0-s77:p0,0.1,1.2000000000000002,12.0,14484.0,9537.6,0.34150787075393535,2,1.0772990886495446,0.9105219552609779,24,7,6,derived_from_native_gap_count,0.008577655909442452,0.14285714285714285,0.009991809991809993,0.0,True
rome,rome:60:289-0-s77:p0,0.2,2.4000000000000004,12.0,14484.0,13315.2,0.08069594034797012,1,2.2556752278376146,1.922120961060481,24,7,6,derived_from_native_gap_count,0.008577655909442452,0.14285714285714285,0.009991809991809993,0.0,True
rome,rome:60:289-0-s77:p0,0.3,3.5999999999999996,12.0,14484.0,14484.0,0.0,0,3.434051367025683,2.9337199668599827,24,7,6,derived_from_native_gap_count,0.008577655909442452,0.14285714285714285,0.009991809991809993,0.0,True
rome,rome:60:289-0-s77:p0,0.4,4.800000000000001,12.0,14484.0,14484.0,0.0,0,4.612427506213755,3.9453189726594875,24,7,6,derived_from_native_gap_count,0.008577655909442452,0.14285714285714285,0.009991809991809993,0.0,True
rome,rome:60:289-0-s77:p0,0.5,6.0,12.0,14484.0,14484.0,0.0,0,5.790803645401823,4.956917978458989,24,7,6,derived_from_native_gap_count,0.008577655909442452,0.14285714285714285,0.009991809991809993,0.0,True
rome,rome:60:289-0-s77:p0,0.6,7.199999999999999,12.0,14484.0,14484.0,0.0,0,6.96917978458989,5.968516984258491,24,7,6,derived_from_native_gap_count,0.008577655909442452,0.14285714285714285,0.009991809991809993,0.0,True
rome,rome:60:289-0-s77:p0,0.7,8.399999999999999,12.0,14484.0,14484.0,0.0,0,8.14755592377796,6.980115990057993,24,7,6,derived_from_native_gap_count,0.008577655909442452,0.14285714285714285,0.009991809991809993,0.0,True
rome,rome:60:289-0-s77:p0,0.8,9.600000000000001,12.0,14484.0,14484.0,0.0,0,9.325932062966034,7.9917149958575,24,7,6,derived_from_native_gap_count,0.008577655909442452,0.14285714285714285,0.009991809991809993,0.0,True
rome,rome:60:289-0-s77:p0,0.9,10.8,12.0,14484.0,14484.0,0.0,0,10.504308202154103,9.003314001657001,24,7,6,derived_from_native_gap_count,0.008577655909442452,0.14285714285714285,0.009991809991809993,0.0,True
rome,rome:60:289-0-s77:p0,1.0,12.0,12.0,14484.0,14484.0,0.0,0,11.68268434134217,10.014913007456503,24,7,6,derived_from_native_gap_count,0.008577655909442452,0.14285714285714285,0.009991809991809993,0.0,True
rome,rome:60:289-0-s77:p0,1.1,13.200000000000001,12.0,14484.0,14484.0,0.0,0,12.861060480530242,11.026512013256006,24,7,6,derived_from_native_gap_count,0.008577655909442452,0.14285714285714285,0.009991809991809993,0.0,True
rome,rome:60:289-0-s77:p0,1.2,14.399999999999999,12.0,14484.0,14484.0,0.0,0,14.039436619718307,12.038111019055508,24,7,6,derived_from_native_gap_count,0.008577655909442452,0.14285714285714285,0.009991809991809993,0.0,True
rome,rome:60:289-0-s94:p0,0.1,1.2000000000000002,12.0,20172.0,13945.2,0.30868530636525876,4,0.667697798929209,0.18792385484830462,24,7,3,derived_from_native_gap_count,0.020532427074483148,0.5714285714285714,0.04769001490312966,0.0,True
rome,rome:60:289-0-s94:p0,0.2,2.4000000000000004,12.0,20172.0,19468.800000000003,0.034860202260559046,1,1.5079119571683524,0.5471743010113029,24,7,3,derived_from_native_gap_count,0.020532427074483148,0.5714285714285714,0.04769001490312966,0.0,True
rome,rome:60:289-0-s94:p0,0.3,3.5999999999999996,12.0,20172.0,20172.0,0.0,0,2.3481261154074953,0.9064247471743009,24,7,3,derived_from_native_gap_count,0.020532427074483148,0.5714285714285714,0.04769001490312966,0.0,True
rome,rome:60:289-0-s94:p0,0.4,4.800000000000001,12.0,20172.0,20172.0,0.0,0,3.1883402736466393,1.2656751933372994,24,7,3,derived_from_native_gap_count,0.020532427074483148,0.5714285714285714,0.04769001490312966,0.0,True
rome,rome:60:289-0-s94:p0,0.5,6.0,12.0,20172.0,20172.0,0.0,0,4.028554431885782,1.6249256395002973,24,7,3,derived_from_native_gap_count,0.020532427074483148,0.5714285714285714,0.04769001490312966,0.0,True
rome,rome:60:289-0-s94:p0,0.6,7.199999999999999,12.0,20172.0,20172.0,0.0,0,4.868768590124925,1.9841760856632955,24,7,3,derived_from_native_gap_count,0.020532427074483148,0.5714285714285714,0.04769001490312966,0.0,True
rome,rome:60:289-0-s94:p0,0.7,8.399999999999999,12.0,20172.0,20172.0,0.0,0,5.708982748364068,2.3434265318262932,24,7,3,derived_from_native_gap_count,0.020532427074483148,0.5714285714285714,0.04769001490312966,0.0,True
rome,rome:60:289-0-s94:p0,0.8,9.600000000000001,12.0,20172.0,20172.0,0.0,0,6.549196906603213,2.7026769779892925,24,7,3,derived_from_native_gap_count,0.020532427074483148,0.5714285714285714,0.04769001490312966,0.0,True
rome,rome:60:289-0-s94:p0,0.9,10.8,12.0,20172.0,20172.0,0.0,0,7.3894110648423545,3.0619274241522905,24,7,3,derived_from_native_gap_count,0.020532427074483148,0.5714285714285714,0.04769001490312966,0.0,True
rome,rome:60:289-0-s94:p0,1.0,12.0,12.0,20172.0,20172.0,0.0,0,8.229625223081499,3.4211778703152884,24,7,3,derived_from_native_gap_count,0.020532427074483148,0.5714285714285714,0.04769001490312966,0.0,True
rome,rome:60:289-0-s94:p0,1.1,13.200000000000001,12.0,20172.0,20172.0,0.0,0,9.069839381320643,3.780428316478287,24,7,3,derived_from_native_gap_count,0.020532427074483148,0.5714285714285714,0.04769001490312966,0.0,True
rome,rome:60:289-0-s94:p0,1.2,14.399999999999999,12.0,20172.0,20172.0,0.0,0,9.910053539559785,4.139678762641284,24,7,3,derived_from_native_gap_count,0.020532427074483148,0.5714285714285714,0.04769001490312966,0.0,True
rome,rome:60:290-0-s103:p0,0.1,1.2000000000000002,12.0,23776.0,14256.000000000002,0.40040376850605647,4,0.29066285329744285,0.0874663526244953,24,3,1,derived_from_native_gap_count,0.004636529226693161,0.6666666666666666,0.013909587680079483,0.0,True
rome,rome:60:290-0-s103:p0,0.2,2.4000000000000004,12.0,23776.0,22756.0,0.042900403768506054,2,0.5954576043068641,0.18906460296096908,24,3,1,derived_from_native_gap_count,0.004636529226693161,0.6666666666666666,0.013909587680079483,0.0,True
rome,rome:60:290-0-s103:p0,0.3,3.5999999999999996,12.0,23776.0,23776.0,0.0,0,0.9002523553162852,0.2906628532974428,24,3,1,derived_from_native_gap_count,0.004636529226693161,0.6666666666666666,0.013909587680079483,0.0,True
rome,rome:60:290-0-s103:p0,0.4,4.800000000000001,12.0,23776.0,23776.0,0.0,0,1.2050471063257069,0.39226110363391664,24,3,1,derived_from_native_gap_count,0.004636529226693161,0.6666666666666666,0.013909587680079483,0.0,True
rome,rome:60:290-0-s103:p0,0.5,6.0,12.0,23776.0,23776.0,0.0,0,1.5098418573351278,0.4938593539703903,24,3,1,derived_from_native_gap_count,0.004636529226693161,0.6666666666666666,0.013909587680079483,0.0,True
rome,rome:60:290-0-s103:p0,0.6,7.199999999999999,12.0,23776.0,23776.0,0.0,0,1.8146366083445489,0.595457604306864,24,3,1,derived_from_native_gap_count,0.004636529226693161,0.6666666666666666,0.013909587680079483,0.0,True
rome,rome:60:290-0-s103:p0,0.7,8.399999999999999,12.0,23776.0,23776.0,0.0,0,2.11943135935397,0.6970558546433377,24,3,1,derived_from_native_gap_count,0.004636529226693161,0.6666666666666666,0.013909587680079483,0.0,True
rome,rome:60:290-0-s103:p0,0.8,9.600000000000001,12.0,23776.0,23776.0,0.0,0,2.424226110363392,0.7986541049798117,24,3,1,derived_from_native_gap_count,0.004636529226693161,0.6666666666666666,0.013909587680079483,0.0,True
rome,rome:60:290-0-s103:p0,0.9,10.8,12.0,23776.0,23776.0,0.0,0,2.7290208613728133,0.9002523553162854,24,3,1,derived_from_native_gap_count,0.004636529226693161,0.6666666666666666,0.013909587680079483,0.0,True
rome,rome:60:290-0-s103:p0,1.0,12.0,12.0,23776.0,23776.0,0.0,0,3.0338156123822344,1.0018506056527592,24,3,1,derived_from_native_gap_count,0.004636529226693161,0.6666666666666666,0.013909587680079483,0.0,True
rome,rome:60:290-0-s103:p0,1.1,13.200000000000001,12.0,23776.0,23776.0,0.0,0,3.3386103633916555,1.103448855989233,24,3,1,derived_from_native_gap_count,0.004636529226693161,0.6666666666666666,0.013909587680079483,0.0,True
rome,rome:60:290-0-s103:p0,1.2,14.399999999999999,12.0,23776.0,23776.0,0.0,0,3.643405114401076,1.2050471063257064,24,3,1,derived_from_native_gap_count,0.004636529226693161,0.6666666666666666,0.013909587680079483,0.0,True
rome,rome:60:290-0-s103:p1,0.1,1.2000000000000002,12.0,2052.0,2052.0,0.0,0,4.556725146198831,1.0251461988304096,24,4,1,derived_from_native_gap_count,0.003229011425732737,0.75,0.012916045702930949,0.0,True
rome,rome:60:290-0-s103:p1,0.2,2.4000000000000004,12.0,2052.0,2052.0,0.0,0,9.265497076023394,2.20233918128655,24,4,1,derived_from_native_gap_count,0.003229011425732737,0.75,0.012916045702930949,0.0,True
rome,rome:60:290-0-s103:p1,0.3,3.5999999999999996,12.0,2052.0,2052.0,0.0,0,13.974269005847951,3.37953216374269,24,4,1,derived_from_native_gap_count,0.003229011425732737,0.75,0.012916045702930949,0.0,True
rome,rome:60:290-0-s103:p1,0.4,4.800000000000001,12.0,2052.0,2052.0,0.0,0,18.68304093567252,4.556725146198831,24,4,1,derived_from_native_gap_count,0.003229011425732737,0.75,0.012916045702930949,0.0,True
rome,rome:60:290-0-s103:p1,0.5,6.0,12.0,2052.0,2052.0,0.0,0,23.391812865497077,5.733918128654971,24,4,1,derived_from_native_gap_count,0.003229011425732737,0.75,0.012916045702930949,0.0,True
rome,rome:60:290-0-s103:p1,0.6,7.199999999999999,12.0,2052.0,2052.0,0.0,0,28.100584795321634,6.9111111111111105,24,4,1,derived_from_native_gap_count,0.003229011425732737,0.75,0.012916045702930949,0.0,True
rome,rome:60:290-0-s103:p1,0.7,8.399999999999999,12.0,2052.0,2052.0,0.0,0,32.809356725146195,8.08830409356725,24,4,1,derived_from_native_gap_count,0.003229011425732737,0.75,0.012916045702930949,0.0,True
rome,rome:60:290-0-s103:p1,0.8,9.600000000000001,12.0,2052.0,2052.0,0.0,0,37.518128654970766,9.265497076023394,24,4,1,derived_from_native_gap_count,0.003229011425732737,0.75,0.012916045702930949,0.0,True
rome,rome:60:290-0-s103:p1,0.9,10.8,12.0,2052.0,2052.0,0.0,0,42.226900584795324,10.442690058479533,24,4,1,derived_from_native_gap_count,0.003229011425732737,0.75,0.012916045702930949,0.0,True
rome,rome:60:290-0-s103:p1,1.0,12.0,12.0,2052.0,2052.0,0.0,0,46.93567251461988,11.619883040935672,24,4,1,derived_from_native_gap_count,0.003229011425732737,0.75,0.012916045702930949,0.0,True
rome,rome:60:290-0-s103:p1,1.1,13.200000000000001,12.0,2052.0,2052.0,0.0,0,51.644444444444446,12.797076023391813,24,4,1,derived_from_native_gap_count,0.003229011425732737,0.75,0.012916045702930949,0.0,True
rome,rome:60:290-0-s103:p1,1.2,14.399999999999999,12.0,2052.0,2052.0,0.0,0,56.353216374269,13.974269005847951,24,4,1,derived_from_native_gap_count,0.003229011425732737,0.75,0.012916045702930949,0.0,True
rome,rome:60:290-0-s119:p0,0.1,1.2000000000000002,12.0,2556.0,2556.0,0.0,0,3.6784037558685454,0.8760563380281691,24,4,1,derived_from_native_gap_count,0.0030921459492888066,0.75,0.008797653958944282,0.0,True
rome,rome:60:290-0-s119:p0,0.2,2.4000000000000004,12.0,2556.0,2556.0,0.0,0,7.47417840375587,1.8366197183098594,24,4,1,derived_from_native_gap_count,0.0030921459492888066,0.75,0.008797653958944282,0.0,True
rome,rome:60:290-0-s119:p0,0.3,3.5999999999999996,12.0,2556.0,2556.0,0.0,0,11.26995305164319,2.797183098591549,24,4,1,derived_from_native_gap_count,0.0030921459492888066,0.75,0.008797653958944282,0.0,True
rome,rome:60:290-0-s119:p0,0.4,4.800000000000001,12.0,2556.0,2556.0,0.0,0,15.06572769953052,3.7577464788732398,24,4,1,derived_from_native_gap_count,0.0030921459492888066,0.75,0.008797653958944282,0.0,True
rome,rome:60:290-0-s119:p0,0.5,6.0,12.0,2556.0,2556.0,0.0,0,18.86150234741784,4.71830985915493,24,4,1,derived_from_native_gap_count,0.0030921459492888066,0.75,0.008797653958944282,0.0,True
rome,rome:60:290-0-s119:p0,0.6,7.199999999999999,12.0,2556.0,2556.0,0.0,0,22.65727699530516,5.678873239436619,24,4,1,derived_from_native_gap_count,0.0030921459492888066,0.75,0.008797653958944282,0.0,True
rome,rome:60:290-0-s119:p0,0.7,8.399999999999999,12.0,2556.0,2556.0,0.0,0,26.45305164319248,6.639436619718309,24,4,1,derived_from_native_gap_count,0.0030921459492888066,0.75,0.008797653958944282,0.0,True
rome,rome:60:290-0-s119:p0,0.8,9.600000000000001,12.0,2556.0,2556.0,0.0,0,30.24882629107982,7.6000000000000005,24,4,1,derived_from_native_gap_count,0.0030921459492888066,0.75,0.008797653958944282,0.0,True
rome,rome:60:290-0-s119:p0,0.9,10.8,12.0,2556.0,2556.0,0.0,0,34.044600938967136,8.56056338028169,24,4,1,derived_from_native_gap_count,0.0030921459492888066,0.75,0.008797653958944282,0.0,True
rome,rome:60:290-0-s119:p0,1.0,12.0,12.0,2556.0,2556.0,0.0,0,37.840375586854464,9.52112676056338,24,4,1,derived_from_native_gap_count,0.0030921459492888066,0.75,0.008797653958944282,0.0,True
rome,rome:60:290-0-s119:p0,1.1,13.200000000000001,12.0,2556.0,2556.0,0.0,0,41.636150234741784,10.481690140845071,24,4,1,derived_from_native_gap_count,0.0030921459492888066,0.75,0.008797653958944282,0.0,True
rome,rome:60:290-0-s119:p0,1.2,14.399999999999999,12.0,2556.0,2556.0,0.0,0,45.431924882629104,11.44225352112676,24,4,1,derived_from_native_gap_count,0.0030921459492888066,0.75,0.008797653958944282,0.0,True
rome,rome:60:290-0-s34:p0,0.1,1.2000000000000002,12.0,2940.0,2940.0,0.0,0,4.619591836734695,2.2240816326530615,24,6,3,derived_from_native_gap_count,0.006292432521940719,0.5,0.00976982944196059,0.0,True
rome,rome:60:290-0-s34:p0,0.2,2.4000000000000004,12.0,2940.0,2940.0,0.0,0,9.549387755102043,4.688979591836736,24,6,3,derived_from_native_gap_count,0.006292432521940719,0.5,0.00976982944196059,0.0,True
rome,rome:60:290-0-s34:p0,0.3,3.5999999999999996,12.0,2940.0,2940.0,0.0,0,14.47918367346939,7.153877551020408,24,6,3,derived_from_native_gap_count,0.006292432521940719,0.5,0.00976982944196059,0.0,True
rome,rome:60:290-0-s34:p0,0.4,4.800000000000001,12.0,2940.0,2940.0,0.0,0,19.408979591836736,9.618775510204083,24,6,3,derived_from_native_gap_count,0.006292432521940719,0.5,0.00976982944196059,0.0,True
rome,rome:60:290-0-s34:p0,0.5,6.0,12.0,2940.0,2940.0,0.0,0,24.33877551020408,12.083673469387755,24,6,3,derived_from_native_gap_count,0.006292432521940719,0.5,0.00976982944196059,0.0,True
rome,rome:60:290-0-s34:p0,0.6,7.199999999999999,12.0,2940.0,2940.0,0.0,0,29.26857142857143,14.548571428571426,24,6,3,derived_from_native_gap_count,0.006292432521940719,0.5,0.00976982944196059,0.0,True
rome,rome:60:290-0-s34:p0,0.7,8.399999999999999,12.0,2940.0,2940.0,0.0,0,34.19836734693877,17.013469387755098,24,6,3,derived_from_native_gap_count,0.006292432521940719,0.5,0.00976982944196059,0.0,True
rome,rome:60:290-0-s34:p0,0.8,9.600000000000001,12.0,2940.0,2940.0,0.0,0,39.12816326530613,19.47836734693878,24,6,3,derived_from_native_gap_count,0.006292432521940719,0.5,0.00976982944196059,0.0,True
rome,rome:60:290-0-s34:p0,0.9,10.8,12.0,2940.0,2940.0,0.0,0,44.05795918367347,21.943265306122452,24,6,3,derived_from_native_gap_count,0.006292432521940719,0.5,0.00976982944196059,0.0,True
rome,rome:60:290-0-s34:p0,1.0,12.0,12.0,2940.0,2940.0,0.0,0,48.987755102040815,24.408163265306122,24,6,3,derived_from_native_gap_count,0.006292432521940719,0.5,0.00976982944196059,0.0,True
rome,rome:60:290-0-s34:p0,1.1,13.200000000000001,12.0,2940.0,2940.0,0.0,0,53.91755102040816,26.873061224489796,24,6,3,derived_from_native_gap_count,0.006292432521940719,0.5,0.00976982944196059,0.0,True
rome,rome:60:290-0-s34:p0,1.2,14.399999999999999,12.0,2940.0,2940.0,0.0,0,58.847346938775516,29.337959183673465,24,6,3,derived_from_native_gap_count,0.006292432521940719,0.5,0.00976982944196059,0.0,True
rome,rome:60:290-0-s36:p0,0.1,1.2000000000000002,12.0,3036.0,3036.0,0.0,0,5.371936758893281,3.8083003952569174,24,7,5,derived_from_native_gap_count,0.00575549545801262,0.2857142857142857,0.007311207311207311,0.0,True
rome,rome:60:290-0-s36:p0,0.2,2.4000000000000004,12.0,3036.0,3036.0,0.0,0,11.071936758893283,7.916996047430831,24,7,5,derived_from_native_gap_count,0.00575549545801262,0.2857142857142857,0.007311207311207311,0.0,True
rome,rome:60:290-0-s36:p0,0.3,3.5999999999999996,12.0,3036.0,3036.0,0.0,0,16.771936758893283,12.025691699604742,24,7,5,derived_from_native_gap_count,0.00575549545801262,0.2857142857142857,0.007311207311207311,0.0,True
rome,rome:60:290-0-s36:p0,0.4,4.800000000000001,12.0,3036.0,3036.0,0.0,0,22.471936758893285,16.13438735177866,24,7,5,derived_from_native_gap_count,0.00575549545801262,0.2857142857142857,0.007311207311207311,0.0,True
rome,rome:60:290-0-s36:p0,0.5,6.0,12.0,3036.0,3036.0,0.0,0,28.17193675889328,20.24308300395257,24,7,5,derived_from_native_gap_count,0.00575549545801262,0.2857142857142857,0.007311207311207311,0.0,True
rome,rome:60:290-0-s36:p0,0.6,7.199999999999999,12.0,3036.0,3036.0,0.0,0,33.871936758893284,24.35177865612648,24,7,5,derived_from_native_gap_count,0.00575549545801262,0.2857142857142857,0.007311207311207311,0.0,True
rome,rome:60:290-0-s36:p0,0.7,8.399999999999999,12.0,3036.0,3036.0,0.0,0,39.57193675889327,28.46047430830039,24,7,5,derived_from_native_gap_count,0.00575549545801262,0.2857142857142857,0.007311207311207311,0.0,True
rome,rome:60:290-0-s36:p0,0.8,9.600000000000001,12.0,3036.0,3036.0,0.0,0,45.27193675889329,32.56916996047431,24,7,5,derived_from_native_gap_count,0.00575549545801262,0.2857142857142857,0.007311207311207311,0.0,True
rome,rome:60:290-0-s36:p0,0.9,10.8,12.0,3036.0,3036.0,0.0,0,50.97193675889328,36.67786561264822,24,7,5,derived_from_native_gap_count,0.00575549545801262,0.2857142857142857,0.007311207311207311,0.0,True
rome,rome:60:290-0-s36:p0,1.0,12.0,12.0,3036.0,3036.0,0.0,0,56.67193675889328,40.78656126482213,24,7,5,derived_from_native_gap_count,0.00575549545801262,0.2857142857142857,0.007311207311207311,0.0,True
rome,rome:60:290-0-s36:p0,1.1,13.200000000000001,12.0,3036.0,3036.0,0.0,0,62.371936758893284,44.89525691699605,24,7,5,derived_from_native_gap_count,0.00575549545801262,0.2857142857142857,0.007311207311207311,0.0,True
rome,rome:60:290-0-s36:p0,1.2,14.399999999999999,12.0,3036.0,3036.0,0.0,0,68.07193675889329,49.00395256916996,24,7,5,derived_from_native_gap_count,0.00575549545801262,0.2857142857142857,0.007311207311207311,0.0,True
rome,rome:60:290-0-s36:p1,0.1,1.2000000000000002,12.0,4776.0,4776.0,0.0,0,0.9394472361809048,0.45628140703517595,24,2,1,derived_from_native_gap_count,0.007883715200788372,0.5,0.011241446725317693,0.0,True
rome,rome:60:290-0-s36:p1,0.2,2.4000000000000004,12.0,4776.0,4776.0,0.0,0,1.9592964824120607,0.97035175879397,24,2,1,derived_from_native_gap_count,0.007883715200788372,0.5,0.011241446725317693,0.0,True
rome,rome:60:290-0-s36:p1,0.3,3.5999999999999996,12.0,4776.0,4776.0,0.0,0,2.9791457286432155,1.4844221105527637,24,2,1,derived_from_native_gap_count,0.007883715200788372,0.5,0.011241446725317693,0.0,True
rome,rome:60:290-0-s36:p1,0.4,4.800000000000001,12.0,4776.0,4776.0,0.0,0,3.998994974874373,1.998492462311558,24,2,1,derived_from_native_gap_count,0.007883715200788372,0.5,0.011241446725317693,0.0,True
rome,rome:60:290-0-s36:p1,0.5,6.0,12.0,4776.0,4776.0,0.0,0,5.018844221105527,2.512562814070352,24,2,1,derived_from_native_gap_count,0.007883715200788372,0.5,0.011241446725317693,0.0,True
rome,rome:60:290-0-s36:p1,0.6,7.199999999999999,12.0,4776.0,4776.0,0.0,0,6.0386934673366826,3.0266331658291454,24,2,1,derived_from_native_gap_count,0.007883715200788372,0.5,0.011241446725317693,0.0,True
rome,rome:60:290-0-s36:p1,0.7,8.399999999999999,12.0,4776.0,4776.0,0.0,0,7.058542713567838,3.5407035175879393,24,2,1,derived_from_native_gap_count,0.007883715200788372,0.5,0.011241446725317693,0.0,True
rome,rome:60:290-0-s36:p1,0.8,9.600000000000001,12.0,4776.0,4776.0,0.0,0,8.078391959798997,4.054773869346734,24,2,1,derived_from_native_gap_count,0.007883715200788372,0.5,0.011241446725317693,0.0,True
rome,rome:60:290-0-s36:p1,0.9,10.8,12.0,4776.0,4776.0,0.0,0,9.098241206030151,4.568844221105528,24,2,1,derived_from_native_gap_count,0.007883715200788372,0.5,0.011241446725317693,0.0,True
rome,rome:60:290-0-s36:p1,1.0,12.0,12.0,4776.0,4776.0,0.0,0,10.118090452261306,5.082914572864322,24,2,1,derived_from_native_gap_count,0.007883715200788372,0.5,0.011241446725317693,0.0,True
rome,rome:60:290-0-s36:p1,1.1,13.200000000000001,12.0,4776.0,4776.0,0.0,0,11.137939698492463,5.596984924623116,24,2,1,derived_from_native_gap_count,0.007883715200788372,0.5,0.011241446725317693,0.0,True
rome,rome:60:290-0-s36:p1,1.2,14.399999999999999,12.0,4776.0,4776.0,0.0,0,12.157788944723617,6.111055276381909,24,2,1,derived_from_native_gap_count,0.007883715200788372,0.5,0.011241446725317693,0.0,True
rome,rome:60:290-0-s36:p2,0.1,1.2000000000000002,12.0,5712.0,5712.0,0.0,0,2.7052521008403367,2.282352941176471,24,7,6,derived_from_native_gap_count,0.009041463586918132,0.14285714285714285,0.010540184453227932,0.0,True
rome,rome:60:290-0-s36:p2,0.2,2.4000000000000004,12.0,5712.0,5712.0,0.0,0,5.6794117647058835,4.833613445378152,24,7,6,derived_from_native_gap_count,0.009041463586918132,0.14285714285714285,0.010540184453227932,0.0,True
rome,rome:60:290-0-s36:p2,0.3,3.5999999999999996,12.0,5712.0,5712.0,0.0,0,8.653571428571428,7.384873949579831,24,7,6,derived_from_native_gap_count,0.009041463586918132,0.14285714285714285,0.010540184453227932,0.0,True
rome,rome:60:290-0-s36:p2,0.4,4.800000000000001,12.0,5712.0,5712.0,0.0,0,11.627731092436976,9.936134453781515,24,7,6,derived_from_native_gap_count,0.009041463586918132,0.14285714285714285,0.010540184453227932,0.0,True
rome,rome:60:290-0-s36:p2,0.5,6.0,12.0,5712.0,5712.0,0.0,0,14.60189075630252,12.487394957983193,24,7,6,derived_from_native_gap_count,0.009041463586918132,0.14285714285714285,0.010540184453227932,0.0,True
rome,rome:60:290-0-s36:p2,0.6,7.199999999999999,12.0,5712.0,5712.0,0.0,0,17.576050420168066,15.038655462184872,24,7,6,derived_from_native_gap_count,0.009041463586918132,0.14285714285714285,0.010540184453227932,0.0,True
rome,rome:60:290-0-s36:p2,0.7,8.399999999999999,12.0,5712.0,5712.0,0.0,0,20.55021008403361,17.58991596638655,24,7,6,derived_from_native_gap_count,0.009041463586918132,0.14285714285714285,0.010540184453227932,0.0,True
rome,rome:60:290-0-s36:p2,0.8,9.600000000000001,12.0,5712.0,5712.0,0.0,0,23.52436974789916,20.14117647058824,24,7,6,derived_from_native_gap_count,0.009041463586918132,0.14285714285714285,0.010540184453227932,0.0,True
rome,rome:60:290-0-s36:p2,0.9,10.8,12.0,5712.0,5712.0,0.0,0,26.498529411764707,22.692436974789917,24,7,6,derived_from_native_gap_count,0.009041463586918132,0.14285714285714285,0.010540184453227932,0.0,True
rome,rome:60:290-0-s36:p2,1.0,12.0,12.0,5712.0,5712.0,0.0,0,29.472689075630253,25.243697478991596,24,7,6,derived_from_native_gap_count,0.009041463586918132,0.14285714285714285,0.010540184453227932,0.0,True
rome,rome:60:290-0-s36:p2,1.1,13.200000000000001,12.0,5712.0,5712.0,0.0,0,32.4468487394958,27.79495798319328,24,7,6,derived_from_native_gap_count,0.009041463586918132,0.14285714285714285,0.010540184453227932,0.0,True
rome,rome:60:290-0-s36:p2,1.2,14.399999999999999,12.0,5712.0,5712.0,0.0,0,35.42100840336134,30.346218487394953,24,7,6,derived_from_native_gap_count,0.009041463586918132,0.14285714285714285,0.010540184453227932,0.0,True
rome,rome:60:293-0-s42:p0,0.1,1.2000000000000002,12.0,5340.0,5124.0,0.04044943820224719,1,2.0617977528089892,0.7047191011235956,24,5,2,derived_from_native_gap_count,0.008842523596621958,0.6,0.022106308991554892,0.0,True
rome,rome:60:293-0-s42:p0,0.2,2.4000000000000004,12.0,5340.0,5340.0,0.0,0,4.323595505617978,1.6094382022471914,24,5,2,derived_from_native_gap_count,0.008842523596621958,0.6,0.022106308991554892,0.0,True
rome,rome:60:293-0-s42:p0,0.3,3.5999999999999996,12.0,5340.0,5340.0,0.0,0,6.585393258426966,2.5141573033707862,24,5,2,derived_from_native_gap_count,0.008842523596621958,0.6,0.022106308991554892,0.0,True
rome,rome:60:293-0-s42:p0,0.4,4.800000000000001,12.0,5340.0,5340.0,0.0,0,8.847191011235957,3.4188764044943825,24,5,2,derived_from_native_gap_count,0.008842523596621958,0.6,0.022106308991554892,0.0,True
rome,rome:60:293-0-s42:p0,0.5,6.0,12.0,5340.0,5340.0,0.0,0,11.108988764044943,4.323595505617978,24,5,2,derived_from_native_gap_count,0.008842523596621958,0.6,0.022106308991554892,0.0,True
rome,rome:60:293-0-s42:p0,0.6,7.199999999999999,12.0,5340.0,5340.0,0.0,0,13.370786516853933,5.228314606741573,24,5,2,derived_from_native_gap_count,0.008842523596621958,0.6,0.022106308991554892,0.0,True
rome,rome:60:293-0-s42:p0,0.7,8.399999999999999,12.0,5340.0,5340.0,0.0,0,15.63258426966292,6.1330337078651675,24,5,2,derived_from_native_gap_count,0.008842523596621958,0.6,0.022106308991554892,0.0,True
rome,rome:60:293-0-s42:p0,0.8,9.600000000000001,12.0,5340.0,5340.0,0.0,0,17.894382022471913,7.037752808988765,24,5,2,derived_from_native_gap_count,0.008842523596621958,0.6,0.022106308991554892,0.0,True
rome,rome:60:293-0-s42:p0,0.9,10.8,12.0,5340.0,5340.0,0.0,0,20.156179775280897,7.94247191011236,24,5,2,derived_from_native_gap_count,0.008842523596621958,0.6,0.022106308991554892,0.0,True
rome,rome:60:293-0-s42:p0,1.0,12.0,12.0,5340.0,5340.0,0.0,0,22.41797752808989,8.847191011235955,24,5,2,derived_from_native_gap_count,0.008842523596621958,0.6,0.022106308991554892,0.0,True
rome,rome:60:293-0-s42:p0,1.1,13.200000000000001,12.0,5340.0,5340.0,0.0,0,24.679775280898877,9.751910112359552,24,5,2,derived_from_native_gap_count,0.008842523596621958,0.6,0.022106308991554892,0.0,True
rome,rome:60:293-0-s42:p0,1.2,14.399999999999999,12.0,5340.0,5340.0,0.0,0,26.941573033707865,10.656629213483145,24,5,2,derived_from_native_gap_count,0.008842523596621958,0.6,0.022106308991554892,0.0,True
rome,rome:60:297-1-s52:p0,0.1,1.2000000000000002,12.0,7104.0,7000.8,0.014527027027027002,1,4.225675675675676,2.747804054054055,24,12,8,derived_from_native_gap_count,0.0077785150777851505,0.3333333333333333,0.010211403654026605,0.0,True
rome,rome:60:297-1-s52:p0,0.2,2.4000000000000004,12.0,7104.0,7104.0,0.0,0,8.807770270270272,5.80810810810811,24,12,8,derived_from_native_gap_count,0.0077785150777851505,0.3333333333333333,0.010211403654026605,0.0,True
rome,rome:60:297-1-s52:p0,0.3,3.5999999999999996,12.0,7104.0,7104.0,0.0,0,13.389864864864865,8.86841216216216,24,12,8,derived_from_native_gap_count,0.0077785150777851505,0.3333333333333333,0.010211403654026605,0.0,True
rome,rome:60:297-1-s52:p0,0.4,4.800000000000001,12.0,7104.0,7104.0,0.0,0,17.971959459459462,11.92871621621622,24,12,8,derived_from_native_gap_count,0.0077785150777851505,0.3333333333333333,0.010211403654026605,0.0,True
rome,rome:60:297-1-s52:p0,0.5,6.0,12.0,7104.0,7104.0,0.0,0,22.554054054054053,14.98902027027027,24,12,8,derived_from_native_gap_count,0.0077785150777851505,0.3333333333333333,0.010211403654026605,0.0,True
rome,rome:60:297-1-s52:p0,0.6,7.199999999999999,12.0,7104.0,7104.0,0.0,0,27.13614864864865,18.04932432432432,24,12,8,derived_from_native_gap_count,0.0077785150777851505,0.3333333333333333,0.010211403654026605,0.0,True
rome,rome:60:297-1-s52:p0,0.7,8.399999999999999,12.0,7104.0,7104.0,0.0,0,31.71824324324324,21.10962837837837,24,12,8,derived_from_native_gap_count,0.0077785150777851505,0.3333333333333333,0.010211403654026605,0.0,True
rome,rome:60:297-1-s52:p0,0.8,9.600000000000001,12.0,7104.0,7104.0,0.0,0,36.300337837837844,24.16993243243244,24,12,8,derived_from_native_gap_count,0.0077785150777851505,0.3333333333333333,0.010211403654026605,0.0,True
rome,rome:60:297-1-s52:p0,0.9,10.8,12.0,7104.0,7104.0,0.0,0,40.88243243243244,27.23023648648649,24,12,8,derived_from_native_gap_count,0.0077785150777851505,0.3333333333333333,0.010211403654026605,0.0,True
rome,rome:60:297-1-s52:p0,1.0,12.0,12.0,7104.0,7104.0,0.0,0,45.464527027027025,30.29054054054054,24,12,8,derived_from_native_gap_count,0.0077785150777851505,0.3333333333333333,0.010211403654026605,0.0,True
rome,rome:60:297-1-s52:p0,1.1,13.200000000000001,12.0,7104.0,7104.0,0.0,0,50.04662162162163,33.3508445945946,24,12,8,derived_from_native_gap_count,0.0077785150777851505,0.3333333333333333,0.010211403654026605,0.0,True
rome,rome:60:297-1-s52:p0,1.2,14.399999999999999,12.0,7104.0,7104.0,0.0,0,54.62871621621622,36.41114864864864,24,12,8,derived_from_native_gap_count,0.0077785150777851505,0.3333333333333333,0.010211403654026605,0.0,True
rome,rome:60:297-1-s52:p1,0.1,1.2000000000000002,12.0,4896.0,4896.0,0.0,0,5.192647058823529,3.6328431372549024,24,10,7,derived_from_native_gap_count,0.0072254335260115606,0.3,0.009078640657588026,0.0,True
rome,rome:60:297-1-s52:p1,0.2,2.4000000000000004,12.0,4896.0,4896.0,0.0,0,10.78970588235294,7.62843137254902,24,10,7,derived_from_native_gap_count,0.0072254335260115606,0.3,0.009078640657588026,0.0,True
rome,rome:60:297-1-s52:p1,0.3,3.5999999999999996,12.0,4896.0,4896.0,0.0,0,16.386764705882353,11.624019607843136,24,10,7,derived_from_native_gap_count,0.0072254335260115606,0.3,0.009078640657588026,0.0,True
rome,rome:60:297-1-s52:p1,0.4,4.800000000000001,12.0,4896.0,4896.0,0.0,0,21.98382352941176,15.619607843137256,24,10,7,derived_from_native_gap_count,0.0072254335260115606,0.3,0.009078640657588026,0.0,True
rome,rome:60:297-1-s52:p1,0.5,6.0,12.0,4896.0,4896.0,0.0,0,27.580882352941178,19.61519607843137,24,10,7,derived_from_native_gap_count,0.0072254335260115606,0.3,0.009078640657588026,0.0,True
rome,rome:60:297-1-s52:p1,0.6,7.199999999999999,12.0,4896.0,4896.0,0.0,0,33.17794117647059,23.61078431372549,24,10,7,derived_from_native_gap_count,0.0072254335260115606,0.3,0.009078640657588026,0.0,True
rome,rome:60:297-1-s52:p1,0.7,8.399999999999999,12.0,4896.0,4896.0,0.0,0,38.775000000000006,27.606372549019607,24,10,7,derived_from_native_gap_count,0.0072254335260115606,0.3,0.009078640657588026,0.0,True
rome,rome:60:297-1-s52:p1,0.8,9.600000000000001,12.0,4896.0,4896.0,0.0,0,44.37205882352941,31.60196078431373,24,10,7,derived_from_native_gap_count,0.0072254335260115606,0.3,0.009078640657588026,0.0,True
rome,rome:60:297-1-s52:p1,0.9,10.8,12.0,4896.0,4896.0,0.0,0,49.96911764705882,35.59754901960785,24,10,7,derived_from_native_gap_count,0.0072254335260115606,0.3,0.009078640657588026,0.0,True
rome,rome:60:297-1-s52:p1,1.0,12.0,12.0,4896.0,4896.0,0.0,0,55.56617647058823,39.59313725490196,24,10,7,derived_from_native_gap_count,0.0072254335260115606,0.3,0.009078640657588026,0.0,True
rome,rome:60:297-1-s52:p1,1.1,13.200000000000001,12.0,4896.0,4896.0,0.0,0,61.16323529411765,43.58872549019608,24,10,7,derived_from_native_gap_count,0.0072254335260115606,0.3,0.009078640657588026,0.0,True
rome,rome:60:297-1-s52:p1,1.2,14.399999999999999,12.0,4896.0,4896.0,0.0,0,66.76029411764706,47.58431372549019,24,10,7,derived_from_native_gap_count,0.0072254335260115606,0.3,0.009078640657588026,0.0,True
rome,rome:60:306-0-s25:p0,0.1,1.2000000000000002,12.0,31620.0,24849.600000000002,0.21411764705882347,4,0.2935104364326377,0.2935104364326377,24,7,7,derived_from_native_gap_count,0.04524214103653356,0.0,0.04524214103653356,0.0,True
rome,rome:60:306-0-s25:p0,0.2,2.4000000000000004,12.0,31620.0,30230.4,0.043946869070208686,2,0.8295256166982924,0.8295256166982924,24,7,7,derived_from_native_gap_count,0.04524214103653356,0.0,0.04524214103653356,0.0,True
rome,rome:60:306-0-s25:p0,0.3,3.5999999999999996,12.0,31620.0,31620.0,0.0,0,1.3655407969639466,1.3655407969639466,24,7,7,derived_from_native_gap_count,0.04524214103653356,0.0,0.04524214103653356,0.0,True
rome,rome:60:306-0-s25:p0,0.4,4.800000000000001,12.0,31620.0,31620.0,0.0,0,1.9015559772296018,1.9015559772296018,24,7,7,derived_from_native_gap_count,0.04524214103653356,0.0,0.04524214103653356,0.0,True
rome,rome:60:306-0-s25:p0,0.5,6.0,12.0,31620.0,31620.0,0.0,0,2.437571157495256,2.437571157495256,24,7,7,derived_from_native_gap_count,0.04524214103653356,0.0,0.04524214103653356,0.0,True
rome,rome:60:306-0-s25:p0,0.6,7.199999999999999,12.0,31620.0,31620.0,0.0,0,2.973586337760911,2.973586337760911,24,7,7,derived_from_native_gap_count,0.04524214103653356,0.0,0.04524214103653356,0.0,True
rome,rome:60:306-0-s25:p0,0.7,8.399999999999999,12.0,31620.0,31620.0,0.0,0,3.5096015180265647,3.5096015180265647,24,7,7,derived_from_native_gap_count,0.04524214103653356,0.0,0.04524214103653356,0.0,True
rome,rome:60:306-0-s25:p0,0.8,9.600000000000001,12.0,31620.0,31620.0,0.0,0,4.045616698292221,4.045616698292221,24,7,7,derived_from_native_gap_count,0.04524214103653356,0.0,0.04524214103653356,0.0,True
rome,rome:60:306-0-s25:p0,0.9,10.8,12.0,31620.0,31620.0,0.0,0,4.581631878557875,4.581631878557875,24,7,7,derived_from_native_gap_count,0.04524214103653356,0.0,0.04524214103653356,0.0,True
rome,rome:60:306-0-s25:p0,1.0,12.0,12.0,31620.0,31620.0,0.0,0,5.117647058823529,5.117647058823529,24,7,7,derived_from_native_gap_count,0.04524214103653356,0.0,0.04524214103653356,0.0,True
rome,rome:60:306-0-s25:p0,1.1,13.200000000000001,12.0,31620.0,31620.0,0.0,0,5.653662239089185,5.653662239089185,24,7,7,derived_from_native_gap_count,0.04524214103653356,0.0,0.04524214103653356,0.0,True
rome,rome:60:306-0-s25:p0,1.2,14.399999999999999,12.0,31620.0,31620.0,0.0,0,6.1896774193548385,6.1896774193548385,24,7,7,derived_from_native_gap_count,0.04524214103653356,0.0,0.04524214103653356,0.0,True
rome,rome:60:306-0-s68:p0,0.1,1.2000000000000002,12.0,16956.0,16468.800000000003,0.02873319179051646,2,0.4525123849964616,0.4525123849964616,24,6,6,derived_from_native_gap_count,0.04734848484848485,0.0,0.04734848484848485,0.0,True
rome,rome:60:306-0-s68:p0,0.2,2.4000000000000004,12.0,16956.0,16956.0,0.0,0,1.3119603680113239,1.3119603680113239,24,6,6,derived_from_native_gap_count,0.04734848484848485,0.0,0.04734848484848485,0.0,True
rome,rome:60:306-0-s68:p0,0.3,3.5999999999999996,12.0,16956.0,16956.0,0.0,0,2.171408351026185,2.171408351026185,24,6,6,derived_from_native_gap_count,0.04734848484848485,0.0,0.04734848484848485,0.0,True
rome,rome:60:306-0-s68:p0,0.4,4.800000000000001,12.0,16956.0,16956.0,0.0,0,3.030856334041048,3.030856334041048,24,6,6,derived_from_native_gap_count,0.04734848484848485,0.0,0.04734848484848485,0.0,True
rome,rome:60:306-0-s68:p0,0.5,6.0,12.0,16956.0,16956.0,0.0,0,3.8903043170559095,3.8903043170559095,24,6,6,derived_from_native_gap_count,0.04734848484848485,0.0,0.04734848484848485,0.0,True
rome,rome:60:306-0-s68:p0,0.6,7.199999999999999,12.0,16956.0,16956.0,0.0,0,4.749752300070771,4.749752300070771,24,6,6,derived_from_native_gap_count,0.04734848484848485,0.0,0.04734848484848485,0.0,True
rome,rome:60:306-0-s68:p0,0.7,8.399999999999999,12.0,16956.0,16956.0,0.0,0,5.609200283085632,5.609200283085632,24,6,6,derived_from_native_gap_count,0.04734848484848485,0.0,0.04734848484848485,0.0,True
rome,rome:60:306-0-s68:p0,0.8,9.600000000000001,12.0,16956.0,16956.0,0.0,0,6.468648266100497,6.468648266100497,24,6,6,derived_from_native_gap_count,0.04734848484848485,0.0,0.04734848484848485,0.0,True
rome,rome:60:306-0-s68:p0,0.9,10.8,12.0,16956.0,16956.0,0.0,0,7.328096249115357,7.328096249115357,24,6,6,derived_from_native_gap_count,0.04734848484848485,0.0,0.04734848484848485,0.0,True
rome,rome:60:306-0-s68:p0,1.0,12.0,12.0,16956.0,16956.0,0.0,0,8.18754423213022,8.18754423213022,24,6,6,derived_from_native_gap_count,0.04734848484848485,0.0,0.04734848484848485,0.0,True
rome,rome:60:306-0-s68:p0,1.1,13.200000000000001,12.0,16956.0,16956.0,0.0,0,9.046992215145082,9.046992215145082,24,6,6,derived_from_native_gap_count,0.04734848484848485,0.0,0.04734848484848485,0.0,True
rome,rome:60:306-0-s68:p0,1.2,14.399999999999999,12.0,16956.0,16956.0,0.0,0,9.906440198159942,9.906440198159942,24,6,6,derived_from_native_gap_count,0.04734848484848485,0.0,0.04734848484848485,0.0,True
rome,rome:60:309-0-s267:p0,0.1,1.2000000000000002,12.0,6000.0,5888.400000000001,0.01859999999999991,1,3.482,1.8850000000000002,24,9,5,derived_from_native_gap_count,0.004077134986225896,0.4444444444444444,0.006358668653750621,0.0,True
rome,rome:60:309-0-s267:p0,0.2,2.4000000000000004,12.0,6000.0,6000.0,0.0,0,7.112000000000003,3.8980000000000006,24,9,5,derived_from_native_gap_count,0.004077134986225896,0.4444444444444444,0.006358668653750621,0.0,True
rome,rome:60:309-0-s267:p0,0.3,3.5999999999999996,12.0,6000.0,6000.0,0.0,0,10.742,5.911,24,9,5,derived_from_native_gap_count,0.004077134986225896,0.4444444444444444,0.006358668653750621,0.0,True
rome,rome:60:309-0-s267:p0,0.4,4.800000000000001,12.0,6000.0,6000.0,0.0,0,14.372000000000005,7.924000000000001,24,9,5,derived_from_native_gap_count,0.004077134986225896,0.4444444444444444,0.006358668653750621,0.0,True
rome,rome:60:309-0-s267:p0,0.5,6.0,12.0,6000.0,6000.0,0.0,0,18.002,9.937,24,9,5,derived_from_native_gap_count,0.004077134986225896,0.4444444444444444,0.006358668653750621,0.0,True
rome,rome:60:309-0-s267:p0,0.6,7.199999999999999,12.0,6000.0,6000.0,0.0,0,21.632,11.95,24,9,5,derived_from_native_gap_count,0.004077134986225896,0.4444444444444444,0.006358668653750621,0.0,True
rome,rome:60:309-0-s267:p0,0.7,8.399999999999999,12.0,6000.0,6000.0,0.0,0,25.262,13.962999999999997,24,9,5,derived_from_native_gap_count,0.004077134986225896,0.4444444444444444,0.006358668653750621,0.0,True
rome,rome:60:309-0-s267:p0,0.8,9.600000000000001,12.0,6000.0,6000.0,0.0,0,28.89200000000001,15.976000000000003,24,9,5,derived_from_native_gap_count,0.004077134986225896,0.4444444444444444,0.006358668653750621,0.0,True
rome,rome:60:309-0-s267:p0,0.9,10.8,12.0,6000.0,6000.0,0.0,0,32.522,17.989,24,9,5,derived_from_native_gap_count,0.004077134986225896,0.4444444444444444,0.006358668653750621,0.0,True
rome,rome:60:309-0-s267:p0,1.0,12.0,12.0,6000.0,6000.0,0.0,0,36.152,20.002,24,9,5,derived_from_native_gap_count,0.004077134986225896,0.4444444444444444,0.006358668653750621,0.0,True
rome,rome:60:309-0-s267:p0,1.1,13.200000000000001,12.0,6000.0,6000.0,0.0,0,39.782000000000004,22.015,24,9,5,derived_from_native_gap_count,0.004077134986225896,0.4444444444444444,0.006358668653750621,0.0,True
rome,rome:60:309-0-s267:p0,1.2,14.399999999999999,12.0,6000.0,6000.0,0.0,0,43.412,24.028,24,9,5,derived_from_native_gap_count,0.004077134986225896,0.4444444444444444,0.006358668653750621,0.0,True
rome,rome:60:309-0-s61:p0,0.1,1.2000000000000002,12.0,3024.0,3024.0,0.0,0,0.798809523809524,,24,1,0,derived_from_native_gap_count,0.0,1.0,,,True
rome,rome:60:309-0-s61:p0,0.2,2.4000000000000004,12.0,3024.0,3024.0,0.0,0,1.597619047619048,,24,1,0,derived_from_native_gap_count,0.0,1.0,,,True
rome,rome:60:309-0-s61:p0,0.3,3.5999999999999996,12.0,3024.0,3024.0,0.0,0,2.3964285714285714,,24,1,0,derived_from_native_gap_count,0.0,1.0,,,True
rome,rome:60:309-0-s61:p0,0.4,4.800000000000001,12.0,3024.0,3024.0,0.0,0,3.195238095238096,,24,1,0,derived_from_native_gap_count,0.0,1.0,,,True
rome,rome:60:309-0-s61:p0,0.5,6.0,12.0,3024.0,3024.0,0.0,0,3.994047619047619,,24,1,0,derived_from_native_gap_count,0.0,1.0,,,True
rome,rome:60:309-0-s61:p0,0.6,7.199999999999999,12.0,3024.0,3024.0,0.0,0,4.792857142857143,,24,1,0,derived_from_native_gap_count,0.0,1.0,,,True
rome,rome:60:309-0-s61:p0,0.7,8.399999999999999,12.0,3024.0,3024.0,0.0,0,5.591666666666666,,24,1,0,derived_from_native_gap_count,0.0,1.0,,,True
rome,rome:60:309-0-s61:p0,0.8,9.600000000000001,12.0,3024.0,3024.0,0.0,0,6.390476190476192,,24,1,0,derived_from_native_gap_count,0.0,1.0,,,True
rome,rome:60:309-0-s61:p0,0.9,10.8,12.0,3024.0,3024.0,0.0,0,7.189285714285715,,24,1,0,derived_from_native_gap_count,0.0,1.0,,,True
rome,rome:60:309-0-s61:p0,1.0,12.0,12.0,3024.0,3024.0,0.0,0,7.988095238095238,,24,1,0,derived_from_native_gap_count,0.0,1.0,,,True
rome,rome:60:309-0-s61:p0,1.1,13.200000000000001,12.0,3024.0,3024.0,0.0,0,8.786904761904763,,24,1,0,derived_from_native_gap_count,0.0,1.0,,,True
rome,rome:60:309-0-s61:p0,1.2,14.399999999999999,12.0,3024.0,3024.0,0.0,0,9.585714285714285,,24,1,0,derived_from_native_gap_count,0.0,1.0,,,True
rome,rome:60:309-0-s61:p1,0.1,1.2000000000000002,12.0,3696.0,3696.0,0.0,0,2.3902597402597405,2.3902597402597405,24,4,4,derived_from_native_gap_count,0.00856929955290611,0.0,0.00856929955290611,0.0,True
rome,rome:60:309-0-s61:p1,0.2,2.4000000000000004,12.0,3696.0,3696.0,0.0,0,5.004545454545456,5.004545454545456,24,4,4,derived_from_native_gap_count,0.00856929955290611,0.0,0.00856929955290611,0.0,True
rome,rome:60:309-0-s61:p1,0.3,3.5999999999999996,12.0,3696.0,3696.0,0.0,0,7.618831168831168,7.618831168831168,24,4,4,derived_from_native_gap_count,0.00856929955290611,0.0,0.00856929955290611,0.0,True
rome,rome:60:309-0-s61:p1,0.4,4.800000000000001,12.0,3696.0,3696.0,0.0,0,10.233116883116885,10.233116883116885,24,4,4,derived_from_native_gap_count,0.00856929955290611,0.0,0.00856929955290611,0.0,True
rome,rome:60:309-0-s61:p1,0.5,6.0,12.0,3696.0,3696.0,0.0,0,12.847402597402597,12.847402597402597,24,4,4,derived_from_native_gap_count,0.00856929955290611,0.0,0.00856929955290611,0.0,True
rome,rome:60:309-0-s61:p1,0.6,7.199999999999999,12.0,3696.0,3696.0,0.0,0,15.46168831168831,15.46168831168831,24,4,4,derived_from_native_gap_count,0.00856929955290611,0.0,0.00856929955290611,0.0,True
rome,rome:60:309-0-s61:p1,0.7,8.399999999999999,12.0,3696.0,3696.0,0.0,0,18.075974025974023,18.075974025974023,24,4,4,derived_from_native_gap_count,0.00856929955290611,0.0,0.00856929955290611,0.0,True
rome,rome:60:309-0-s61:p1,0.8,9.600000000000001,12.0,3696.0,3696.0,0.0,0,20.690259740259744,20.690259740259744,24,4,4,derived_from_native_gap_count,0.00856929955290611,0.0,0.00856929955290611,0.0,True
rome,rome:60:309-0-s61:p1,0.9,10.8,12.0,3696.0,3696.0,0.0,0,23.304545454545455,23.304545454545455,24,4,4,derived_from_native_gap_count,0.00856929955290611,0.0,0.00856929955290611,0.0,True
rome,rome:60:309-0-s61:p1,1.0,12.0,12.0,3696.0,3696.0,0.0,0,25.91883116883117,25.91883116883117,24,4,4,derived_from_native_gap_count,0.00856929955290611,0.0,0.00856929955290611,0.0,True
rome,rome:60:309-0-s61:p1,1.1,13.200000000000001,12.0,3696.0,3696.0,0.0,0,28.533116883116886,28.533116883116886,24,4,4,derived_from_native_gap_count,0.00856929955290611,0.0,0.00856929955290611,0.0,True
rome,rome:60:309-0-s61:p1,1.2,14.399999999999999,12.0,3696.0,3696.0,0.0,0,31.147402597402593,31.147402597402593,24,4,4,derived_from_native_gap_count,0.00856929955290611,0.0,0.00856929955290611,0.0,True
rome,rome:60:326-0-s63:p0,0.1,1.2000000000000002,12.0,17772.0,11845.2,0.33349088453747466,3,1.2025658338960161,0.9374746792707631,24,10,8,derived_from_native_gap_count,0.011525086934923,0.2,0.013785394932935917,0.0,True
rome,rome:60:326-0-s63:p0,0.2,2.4000000000000004,12.0,17772.0,17452.800000000003,0.017960837272113273,1,2.561782579338285,2.024848075624578,24,10,8,derived_from_native_gap_count,0.011525086934923,0.2,0.013785394932935917,0.0,True
rome,rome:60:326-0-s63:p0,0.3,3.5999999999999996,12.0,17772.0,17772.0,0.0,0,3.9209993247805546,3.1122214719783936,24,10,8,derived_from_native_gap_count,0.011525086934923,0.2,0.013785394932935917,0.0,True
rome,rome:60:326-0-s63:p0,0.4,4.800000000000001,12.0,17772.0,17772.0,0.0,0,5.2802160702228225,4.199594868332208,24,10,8,derived_from_native_gap_count,0.011525086934923,0.2,0.013785394932935917,0.0,True
rome,rome:60:326-0-s63:p0,0.5,6.0,12.0,17772.0,17772.0,0.0,0,6.639432815665091,5.286968264686023,24,10,8,derived_from_native_gap_count,0.011525086934923,0.2,0.013785394932935917,0.0,True
rome,rome:60:326-0-s63:p0,0.6,7.199999999999999,12.0,17772.0,17772.0,0.0,0,7.998649561107362,6.374341661039839,24,10,8,derived_from_native_gap_count,0.011525086934923,0.2,0.013785394932935917,0.0,True
rome,rome:60:326-0-s63:p0,0.7,8.399999999999999,12.0,17772.0,17772.0,0.0,0,9.357866306549628,7.4617150573936515,24,10,8,derived_from_native_gap_count,0.011525086934923,0.2,0.013785394932935917,0.0,True
rome,rome:60:326-0-s63:p0,0.8,9.600000000000001,12.0,17772.0,17772.0,0.0,0,10.717083051991898,8.54908845374747,24,10,8,derived_from_native_gap_count,0.011525086934923,0.2,0.013785394932935917,0.0,True
rome,rome:60:326-0-s63:p0,0.9,10.8,12.0,17772.0,17772.0,0.0,0,12.076299797434164,9.636461850101282,24,10,8,derived_from_native_gap_count,0.011525086934923,0.2,0.013785394932935917,0.0,True
rome,rome:60:326-0-s63:p0,1.0,12.0,12.0,17772.0,17772.0,0.0,0,13.435516542876435,10.723835246455097,24,10,8,derived_from_native_gap_count,0.011525086934923,0.2,0.013785394932935917,0.0,True
rome,rome:60:326-0-s63:p0,1.1,13.200000000000001,12.0,17772.0,17772.0,0.0,0,14.794733288318703,11.811208642808914,24,10,8,derived_from_native_gap_count,0.011525086934923,0.2,0.013785394932935917,0.0,True
rome,rome:60:326-0-s63:p0,1.2,14.399999999999999,12.0,17772.0,17772.0,0.0,0,16.153950033760974,12.89858203916273,24,10,8,derived_from_native_gap_count,0.011525086934923,0.2,0.013785394932935917,0.0,True
rome,rome:60:326-0-s63:p1,0.1,1.2000000000000002,12.0,10296.0,9504.0,0.07692307692307693,1,1.0670163170163172,1.0670163170163172,24,5,5,derived_from_native_gap_count,0.009041231992051665,0.0,0.009041231992051665,0.0,True
rome,rome:60:326-0-s63:p1,0.2,2.4000000000000004,12.0,10296.0,10296.0,0.0,0,2.2400932400932403,2.2400932400932403,24,5,5,derived_from_native_gap_count,0.009041231992051665,0.0,0.009041231992051665,0.0,True
rome,rome:60:326-0-s63:p1,0.3,3.5999999999999996,12.0,10296.0,10296.0,0.0,0,3.413170163170163,3.413170163170163,24,5,5,derived_from_native_gap_count,0.009041231992051665,0.0,0.009041231992051665,0.0,True
rome,rome:60:326-0-s63:p1,0.4,4.800000000000001,12.0,10296.0,10296.0,0.0,0,4.586247086247087,4.586247086247087,24,5,5,derived_from_native_gap_count,0.009041231992051665,0.0,0.009041231992051665,0.0,True
rome,rome:60:326-0-s63:p1,0.5,6.0,12.0,10296.0,10296.0,0.0,0,5.7593240093240095,5.7593240093240095,24,5,5,derived_from_native_gap_count,0.009041231992051665,0.0,0.009041231992051665,0.0,True
rome,rome:60:326-0-s63:p1,0.6,7.199999999999999,12.0,10296.0,10296.0,0.0,0,6.932400932400933,6.932400932400933,24,5,5,derived_from_native_gap_count,0.009041231992051665,0.0,0.009041231992051665,0.0,True
rome,rome:60:326-0-s63:p1,0.7,8.399999999999999,12.0,10296.0,10296.0,0.0,0,8.105477855477854,8.105477855477854,24,5,5,derived_from_native_gap_count,0.009041231992051665,0.0,0.009041231992051665,0.0,True
rome,rome:60:326-0-s63:p1,0.8,9.600000000000001,12.0,10296.0,10296.0,0.0,0,9.27855477855478,9.27855477855478,24,5,5,derived_from_native_gap_count,0.009041231992051665,0.0,0.009041231992051665,0.0,True
rome,rome:60:326-0-s63:p1,0.9,10.8,12.0,10296.0,10296.0,0.0,0,10.451631701631701,10.451631701631701,24,5,5,derived_from_native_gap_count,0.009041231992051665,0.0,0.009041231992051665,0.0,True
rome,rome:60:326-0-s63:p1,1.0,12.0,12.0,10296.0,10296.0,0.0,0,11.624708624708624,11.624708624708624,24,5,5,derived_from_native_gap_count,0.009041231992051665,0.0,0.009041231992051665,0.0,True
rome,rome:60:326-0-s63:p1,1.1,13.200000000000001,12.0,10296.0,10296.0,0.0,0,12.797785547785548,12.797785547785548,24,5,5,derived_from_native_gap_count,0.009041231992051665,0.0,0.009041231992051665,0.0,True
rome,rome:60:326-0-s63:p1,1.2,14.399999999999999,12.0,10296.0,10296.0,0.0,0,13.970862470862471,13.970862470862471,24,5,5,derived_from_native_gap_count,0.009041231992051665,0.0,0.009041231992051665,0.0,True
rome,rome:60:326-0-s82:p0,0.1,1.2000000000000002,12.0,588.0,588.0,0.0,0,40.148979591836735,3.23061224489796,24,10,1,derived_from_native_gap_count,0.0024301939195556215,0.9,0.02136115250869349,0.0,True
rome,rome:60:326-0-s82:p0,0.2,2.4000000000000004,12.0,588.0,588.0,0.0,0,81.29795918367348,7.338775510204083,24,10,1,derived_from_native_gap_count,0.0024301939195556215,0.9,0.02136115250869349,0.0,True
rome,rome:60:326-0-s82:p0,0.3,3.5999999999999996,12.0,588.0,588.0,0.0,0,122.4469387755102,11.446938775510203,24,10,1,derived_from_native_gap_count,0.0024301939195556215,0.9,0.02136115250869349,0.0,True
rome,rome:60:326-0-s82:p0,0.4,4.800000000000001,12.0,588.0,588.0,0.0,0,163.59591836734697,15.55510204081633,24,10,1,derived_from_native_gap_count,0.0024301939195556215,0.9,0.02136115250869349,0.0,True
rome,rome:60:326-0-s82:p0,0.5,6.0,12.0,588.0,588.0,0.0,0,204.74489795918367,19.663265306122447,24,10,1,derived_from_native_gap_count,0.0024301939195556215,0.9,0.02136115250869349,0.0,True
rome,rome:60:326-0-s82:p0,0.6,7.199999999999999,12.0,588.0,588.0,0.0,0,245.8938775510204,23.77142857142857,24,10,1,derived_from_native_gap_count,0.0024301939195556215,0.9,0.02136115250869349,0.0,True
rome,rome:60:326-0-s82:p0,0.7,8.399999999999999,12.0,588.0,588.0,0.0,0,287.04285714285714,27.87959183673469,24,10,1,derived_from_native_gap_count,0.0024301939195556215,0.9,0.02136115250869349,0.0,True
rome,rome:60:326-0-s82:p0,0.8,9.600000000000001,12.0,588.0,588.0,0.0,0,328.19183673469394,31.987755102040822,24,10,1,derived_from_native_gap_count,0.0024301939195556215,0.9,0.02136115250869349,0.0,True
rome,rome:60:326-0-s82:p0,0.9,10.8,12.0,588.0,588.0,0.0,0,369.34081632653056,36.09591836734694,24,10,1,derived_from_native_gap_count,0.0024301939195556215,0.9,0.02136115250869349,0.0,True
rome,rome:60:326-0-s82:p0,1.0,12.0,12.0,588.0,588.0,0.0,0,410.48979591836735,40.204081632653065,24,10,1,derived_from_native_gap_count,0.0024301939195556215,0.9,0.02136115250869349,0.0,True
rome,rome:60:326-0-s82:p0,1.1,13.200000000000001,12.0,588.0,588.0,0.0,0,451.63877551020414,44.31224489795919,24,10,1,derived_from_native_gap_count,0.0024301939195556215,0.9,0.02136115250869349,0.0,True
rome,rome:60:326-0-s82:p0,1.2,14.399999999999999,12.0,588.0,588.0,0.0,0,492.7877551020408,48.4204081632653,24,10,1,derived_from_native_gap_count,0.0024301939195556215,0.9,0.02136115250869349,0.0,True
rome,rome:60:329-0-s52:p0,0.1,1.2000000000000002,12.0,3324.0,3324.0,0.0,0,7.8617328519855585,3.4400722021660655,24,11,5,derived_from_native_gap_count,0.005592404734035636,0.5454545454545454,0.01060136973449667,0.0,True
rome,rome:60:329-0-s52:p0,0.2,2.4000000000000004,12.0,3324.0,3324.0,0.0,0,16.189169675090252,7.2880866425992785,24,11,5,derived_from_native_gap_count,0.005592404734035636,0.5454545454545454,0.01060136973449667,0.0,True
rome,rome:60:329-0-s52:p0,0.3,3.5999999999999996,12.0,3324.0,3324.0,0.0,0,24.516606498194946,11.13610108303249,24,11,5,derived_from_native_gap_count,0.005592404734035636,0.5454545454545454,0.01060136973449667,0.0,True
rome,rome:60:329-0-s52:p0,0.4,4.800000000000001,12.0,3324.0,3324.0,0.0,0,32.84404332129964,14.984115523465706,24,11,5,derived_from_native_gap_count,0.005592404734035636,0.5454545454545454,0.01060136973449667,0.0,True
rome,rome:60:329-0-s52:p0,0.5,6.0,12.0,3324.0,3324.0,0.0,0,41.171480144404335,18.832129963898918,24,11,5,derived_from_native_gap_count,0.005592404734035636,0.5454545454545454,0.01060136973449667,0.0,True
rome,rome:60:329-0-s52:p0,0.6,7.199999999999999,12.0,3324.0,3324.0,0.0,0,49.498916967509025,22.680144404332125,24,11,5,derived_from_native_gap_count,0.005592404734035636,0.5454545454545454,0.01060136973449667,0.0,True
rome,rome:60:329-0-s52:p0,0.7,8.399999999999999,12.0,3324.0,3324.0,0.0,0,57.82635379061371,26.52815884476534,24,11,5,derived_from_native_gap_count,0.005592404734035636,0.5454545454545454,0.01060136973449667,0.0,True
rome,rome:60:329-0-s52:p0,0.8,9.600000000000001,12.0,3324.0,3324.0,0.0,0,66.1537906137184,30.376173285198558,24,11,5,derived_from_native_gap_count,0.005592404734035636,0.5454545454545454,0.01060136973449667,0.0,True
rome,rome:60:329-0-s52:p0,0.9,10.8,12.0,3324.0,3324.0,0.0,0,74.48122743682312,34.22418772563177,24,11,5,derived_from_native_gap_count,0.005592404734035636,0.5454545454545454,0.01060136973449667,0.0,True
rome,rome:60:329-0-s52:p0,1.0,12.0,12.0,3324.0,3324.0,0.0,0,82.8086642599278,38.07220216606498,24,11,5,derived_from_native_gap_count,0.005592404734035636,0.5454545454545454,0.01060136973449667,0.0,True
rome,rome:60:329-0-s52:p0,1.1,13.200000000000001,12.0,3324.0,3324.0,0.0,0,91.13610108303249,41.9202166064982,24,11,5,derived_from_native_gap_count,0.005592404734035636,0.5454545454545454,0.01060136973449667,0.0,True
rome,rome:60:329-0-s52:p0,1.2,14.399999999999999,12.0,3324.0,3324.0,0.0,0,99.46353790613718,45.7682310469314,24,11,5,derived_from_native_gap_count,0.005592404734035636,0.5454545454545454,0.01060136973449667,0.0,True
rome,rome:60:329-0-s55:p0,0.1,1.2000000000000002,12.0,16128.0,11824.800000000001,0.26681547619047613,2,1.1976934523809526,0.569419642857143,24,9,5,derived_from_native_gap_count,0.014272780529371039,0.4444444444444444,0.02543116047939199,0.0,True
rome,rome:60:329-0-s55:p0,0.2,2.4000000000000004,12.0,16128.0,15676.800000000001,0.027976190476190408,1,2.5947916666666675,1.3330357142857145,24,9,5,derived_from_native_gap_count,0.014272780529371039,0.4444444444444444,0.02543116047939199,0.0,True
rome,rome:60:329-0-s55:p0,0.3,3.5999999999999996,12.0,16128.0,16128.0,0.0,0,3.99188988095238,2.0966517857142852,24,9,5,derived_from_native_gap_count,0.014272780529371039,0.4444444444444444,0.02543116047939199,0.0,True
rome,rome:60:329-0-s55:p0,0.4,4.800000000000001,12.0,16128.0,16128.0,0.0,0,5.388988095238097,2.8602678571428575,24,9,5,derived_from_native_gap_count,0.014272780529371039,0.4444444444444444,0.02543116047939199,0.0,True
rome,rome:60:329-0-s55:p0,0.5,6.0,12.0,16128.0,16128.0,0.0,0,6.786086309523809,3.6238839285714284,24,9,5,derived_from_native_gap_count,0.014272780529371039,0.4444444444444444,0.02543116047939199,0.0,True
rome,rome:60:329-0-s55:p0,0.6,7.199999999999999,12.0,16128.0,16128.0,0.0,0,8.18318452380952,4.387499999999999,24,9,5,derived_from_native_gap_count,0.014272780529371039,0.4444444444444444,0.02543116047939199,0.0,True
rome,rome:60:329-0-s55:p0,0.7,8.399999999999999,12.0,16128.0,16128.0,0.0,0,9.580282738095235,5.151116071428571,24,9,5,derived_from_native_gap_count,0.014272780529371039,0.4444444444444444,0.02543116047939199,0.0,True
rome,rome:60:329-0-s55:p0,0.8,9.600000000000001,12.0,16128.0,16128.0,0.0,0,10.977380952380955,5.914732142857144,24,9,5,derived_from_native_gap_count,0.014272780529371039,0.4444444444444444,0.02543116047939199,0.0,True
rome,rome:60:329-0-s55:p0,0.9,10.8,12.0,16128.0,16128.0,0.0,0,12.374479166666669,6.678348214285715,24,9,5,derived_from_native_gap_count,0.014272780529371039,0.4444444444444444,0.02543116047939199,0.0,True
rome,rome:60:329-0-s55:p0,1.0,12.0,12.0,16128.0,16128.0,0.0,0,13.771577380952381,7.441964285714286,24,9,5,derived_from_native_gap_count,0.014272780529371039,0.4444444444444444,0.02543116047939199,0.0,True
rome,rome:60:329-0-s55:p0,1.1,13.200000000000001,12.0,16128.0,16128.0,0.0,0,15.168675595238097,8.205580357142857,24,9,5,derived_from_native_gap_count,0.014272780529371039,0.4444444444444444,0.02543116047939199,0.0,True
rome,rome:60:329-0-s55:p0,1.2,14.399999999999999,12.0,16128.0,16128.0,0.0,0,16.565773809523805,8.969196428571427,24,9,5,derived_from_native_gap_count,0.014272780529371039,0.4444444444444444,0.02543116047939199,0.0,True
rome,rome:60:329-0-s55:p1,0.1,1.2000000000000002,12.0,2472.0,2443.2,0.011650485436893277,1,12.886893203883496,5.3854368932038845,24,9,2,derived_from_native_gap_count,0.0029608509705011513,0.7777777777777778,0.006094464195022855,0.0,True
rome,rome:60:329-0-s55:p1,0.2,2.4000000000000004,12.0,2472.0,2472.0,0.0,0,26.166990291262138,11.120388349514565,24,9,2,derived_from_native_gap_count,0.0029608509705011513,0.7777777777777778,0.006094464195022855,0.0,True
rome,rome:60:329-0-s55:p1,0.3,3.5999999999999996,12.0,2472.0,2472.0,0.0,0,39.44708737864078,16.855339805825242,24,9,2,derived_from_native_gap_count,0.0029608509705011513,0.7777777777777778,0.006094464195022855,0.0,True
rome,rome:60:329-0-s55:p1,0.4,4.800000000000001,12.0,2472.0,2472.0,0.0,0,52.72718446601942,22.590291262135928,24,9,2,derived_from_native_gap_count,0.0029608509705011513,0.7777777777777778,0.006094464195022855,0.0,True
rome,rome:60:329-0-s55:p1,0.5,6.0,12.0,2472.0,2472.0,0.0,0,66.00728155339806,28.325242718446603,24,9,2,derived_from_native_gap_count,0.0029608509705011513,0.7777777777777778,0.006094464195022855,0.0,True
rome,rome:60:329-0-s55:p1,0.6,7.199999999999999,12.0,2472.0,2472.0,0.0,0,79.28737864077671,34.06019417475728,24,9,2,derived_from_native_gap_count,0.0029608509705011513,0.7777777777777778,0.006094464195022855,0.0,True
rome,rome:60:329-0-s55:p1,0.7,8.399999999999999,12.0,2472.0,2472.0,0.0,0,92.56747572815533,39.79514563106795,24,9,2,derived_from_native_gap_count,0.0029608509705011513,0.7777777777777778,0.006094464195022855,0.0,True
rome,rome:60:329-0-s55:p1,0.8,9.600000000000001,12.0,2472.0,2472.0,0.0,0,105.84757281553398,45.53009708737865,24,9,2,derived_from_native_gap_count,0.0029608509705011513,0.7777777777777778,0.006094464195022855,0.0,True
rome,rome:60:329-0-s55:p1,0.9,10.8,12.0,2472.0,2472.0,0.0,0,119.12766990291263,51.265048543689325,24,9,2,derived_from_native_gap_count,0.0029608509705011513,0.7777777777777778,0.006094464195022855,0.0,True
rome,rome:60:329-0-s55:p1,1.0,12.0,12.0,2472.0,2472.0,0.0,0,132.40776699029126,57.0,24,9,2,derived_from_native_gap_count,0.0029608509705011513,0.7777777777777778,0.006094464195022855,0.0,True
rome,rome:60:329-0-s55:p1,1.1,13.200000000000001,12.0,2472.0,2472.0,0.0,0,145.6878640776699,62.73495145631069,24,9,2,derived_from_native_gap_count,0.0029608509705011513,0.7777777777777778,0.006094464195022855,0.0,True
rome,rome:60:329-0-s55:p1,1.2,14.399999999999999,12.0,2472.0,2472.0,0.0,0,158.96796116504856,68.46990291262135,24,9,2,derived_from_native_gap_count,0.0029608509705011513,0.7777777777777778,0.006094464195022855,0.0,True
rome,rome:60:336-0-s227:p0,0.1,1.2000000000000002,12.0,8030.0,6806.0,0.15242839352428394,1,2.331307596513076,1.1454545454545457,24,9,5,derived_from_native_gap_count,0.01666942650549208,0.4444444444444444,0.028614008941877794,0.0,True
rome,rome:60:336-0-s227:p0,0.2,2.4000000000000004,12.0,8030.0,8030.0,0.0,0,5.0387048567870485,2.649564134495642,24,9,5,derived_from_native_gap_count,0.01666942650549208,0.4444444444444444,0.028614008941877794,0.0,True
rome,rome:60:336-0-s227:p0,0.3,3.5999999999999996,12.0,8030.0,8030.0,0.0,0,7.746102117061023,4.153673723536738,24,9,5,derived_from_native_gap_count,0.01666942650549208,0.4444444444444444,0.028614008941877794,0.0,True
rome,rome:60:336-0-s227:p0,0.4,4.800000000000001,12.0,8030.0,8030.0,0.0,0,10.453499377334994,5.657783312577834,24,9,5,derived_from_native_gap_count,0.01666942650549208,0.4444444444444444,0.028614008941877794,0.0,True
rome,rome:60:336-0-s227:p0,0.5,6.0,12.0,8030.0,8030.0,0.0,0,13.160896637608966,7.161892901618929,24,9,5,derived_from_native_gap_count,0.01666942650549208,0.4444444444444444,0.028614008941877794,0.0,True
rome,rome:60:336-0-s227:p0,0.6,7.199999999999999,12.0,8030.0,8030.0,0.0,0,15.868293897882943,8.666002490660025,24,9,5,derived_from_native_gap_count,0.01666942650549208,0.4444444444444444,0.028614008941877794,0.0,True
rome,rome:60:336-0-s227:p0,0.7,8.399999999999999,12.0,8030.0,8030.0,0.0,0,18.57569115815691,10.170112079701118,24,9,5,derived_from_native_gap_count,0.01666942650549208,0.4444444444444444,0.028614008941877794,0.0,True
rome,rome:60:336-0-s227:p0,0.8,9.600000000000001,12.0,8030.0,8030.0,0.0,0,21.283088418430886,11.674221668742218,24,9,5,derived_from_native_gap_count,0.01666942650549208,0.4444444444444444,0.028614008941877794,0.0,True
rome,rome:60:336-0-s227:p0,0.9,10.8,12.0,8030.0,8030.0,0.0,0,23.990485678704854,13.178331257783313,24,9,5,derived_from_native_gap_count,0.01666942650549208,0.4444444444444444,0.028614008941877794,0.0,True
rome,rome:60:336-0-s227:p0,1.0,12.0,12.0,8030.0,8030.0,0.0,0,26.69788293897883,14.682440846824408,24,9,5,derived_from_native_gap_count,0.01666942650549208,0.4444444444444444,0.028614008941877794,0.0,True
rome,rome:60:336-0-s227:p0,1.1,13.200000000000001,12.0,8030.0,8030.0,0.0,0,29.405280199252804,16.186550435865506,24,9,5,derived_from_native_gap_count,0.01666942650549208,0.4444444444444444,0.028614008941877794,0.0,True
rome,rome:60:336-0-s227:p0,1.2,14.399999999999999,12.0,8030.0,8030.0,0.0,0,32.11267745952678,17.6906600249066,24,9,5,derived_from_native_gap_count,0.01666942650549208,0.4444444444444444,0.028614008941877794,0.0,True
rome,rome:60:336-0-s227:p1,0.1,1.2000000000000002,12.0,2880.0,2880.0,0.0,0,8.064583333333333,3.080694444444445,24,10,4,derived_from_native_gap_count,0.004619970193740686,0.6,0.009811227024341779,0.0,True
rome,rome:60:336-0-s227:p1,0.2,2.4000000000000004,12.0,2880.0,2880.0,0.0,0,16.452083333333334,6.4356944444444455,24,10,4,derived_from_native_gap_count,0.004619970193740686,0.6,0.009811227024341779,0.0,True
rome,rome:60:336-0-s227:p1,0.3,3.5999999999999996,12.0,2880.0,2880.0,0.0,0,24.839583333333337,9.790694444444444,24,10,4,derived_from_native_gap_count,0.004619970193740686,0.6,0.009811227024341779,0.0,True
rome,rome:60:336-0-s227:p1,0.4,4.800000000000001,12.0,2880.0,2880.0,0.0,0,33.22708333333333,13.145694444444446,24,10,4,derived_from_native_gap_count,0.004619970193740686,0.6,0.009811227024341779,0.0,True
rome,rome:60:336-0-s227:p1,0.5,6.0,12.0,2880.0,2880.0,0.0,0,41.614583333333336,16.500694444444445,24,10,4,derived_from_native_gap_count,0.004619970193740686,0.6,0.009811227024341779,0.0,True
rome,rome:60:336-0-s227:p1,0.6,7.199999999999999,12.0,2880.0,2880.0,0.0,0,50.002083333333346,19.855694444444442,24,10,4,derived_from_native_gap_count,0.004619970193740686,0.6,0.009811227024341779,0.0,True
rome,rome:60:336-0-s227:p1,0.7,8.399999999999999,12.0,2880.0,2880.0,0.0,0,58.389583333333334,23.21069444444444,24,10,4,derived_from_native_gap_count,0.004619970193740686,0.6,0.009811227024341779,0.0,True
rome,rome:60:336-0-s227:p1,0.8,9.600000000000001,12.0,2880.0,2880.0,0.0,0,66.77708333333334,26.56569444444445,24,10,4,derived_from_native_gap_count,0.004619970193740686,0.6,0.009811227024341779,0.0,True
rome,rome:60:336-0-s227:p1,0.9,10.8,12.0,2880.0,2880.0,0.0,0,75.16458333333333,29.920694444444447,24,10,4,derived_from_native_gap_count,0.004619970193740686,0.6,0.009811227024341779,0.0,True
rome,rome:60:336-0-s227:p1,1.0,12.0,12.0,2880.0,2880.0,0.0,0,83.55208333333333,33.27569444444445,24,10,4,derived_from_native_gap_count,0.004619970193740686,0.6,0.009811227024341779,0.0,True
rome,rome:60:336-0-s227:p1,1.1,13.200000000000001,12.0,2880.0,2880.0,0.0,0,91.93958333333333,36.630694444444444,24,10,4,derived_from_native_gap_count,0.004619970193740686,0.6,0.009811227024341779,0.0,True
rome,rome:60:336-0-s227:p1,1.2,14.399999999999999,12.0,2880.0,2880.0,0.0,0,100.32708333333335,39.98569444444444,24,10,4,derived_from_native_gap_count,0.004619970193740686,0.6,0.009811227024341779,0.0,True
rome,rome:60:353-0-s131:p0,0.1,1.2000000000000002,12.0,10392.0,5109.6,0.5083140877598152,2,2.401270207852194,0.23383371824480373,24,10,1,derived_from_native_gap_count,0.000763540921021236,0.9,0.005594405594405594,0.0,True
rome,rome:60:353-0-s131:p0,0.2,2.4000000000000004,12.0,10392.0,9436.800000000001,0.09191685912240175,1,4.821016166281755,0.4815242494226329,24,10,1,derived_from_native_gap_count,0.000763540921021236,0.9,0.005594405594405594,0.0,True
rome,rome:60:353-0-s131:p0,0.3,3.5999999999999996,12.0,10392.0,10392.0,0.0,0,7.240762124711316,0.7292147806004619,24,10,1,derived_from_native_gap_count,0.000763540921021236,0.9,0.005594405594405594,0.0,True
rome,rome:60:353-0-s131:p0,0.4,4.800000000000001,12.0,10392.0,10392.0,0.0,0,9.660508083140877,0.9769053117782912,24,10,1,derived_from_native_gap_count,0.000763540921021236,0.9,0.005594405594405594,0.0,True
rome,rome:60:353-0-s131:p0,0.5,6.0,12.0,10392.0,10392.0,0.0,0,12.08025404157044,1.2245958429561201,24,10,1,derived_from_native_gap_count,0.000763540921021236,0.9,0.005594405594405594,0.0,True
rome,rome:60:353-0-s131:p0,0.6,7.199999999999999,12.0,10392.0,10392.0,0.0,0,14.5,1.472286374133949,24,10,1,derived_from_native_gap_count,0.000763540921021236,0.9,0.005594405594405594,0.0,True
rome,rome:60:353-0-s131:p0,0.7,8.399999999999999,12.0,10392.0,10392.0,0.0,0,16.919745958429562,1.719976905311778,24,10,1,derived_from_native_gap_count,0.000763540921021236,0.9,0.005594405594405594,0.0,True
rome,rome:60:353-0-s131:p0,0.8,9.600000000000001,12.0,10392.0,10392.0,0.0,0,19.33949191685912,1.9676674364896078,24,10,1,derived_from_native_gap_count,0.000763540921021236,0.9,0.005594405594405594,0.0,True
rome,rome:60:353-0-s131:p0,0.9,10.8,12.0,10392.0,10392.0,0.0,0,21.759237875288687,2.2153579676674364,24,10,1,derived_from_native_gap_count,0.000763540921021236,0.9,0.005594405594405594,0.0,True
rome,rome:60:353-0-s131:p0,1.0,12.0,12.0,10392.0,10392.0,0.0,0,24.178983833718245,2.4630484988452657,24,10,1,derived_from_native_gap_count,0.000763540921021236,0.9,0.005594405594405594,0.0,True
rome,rome:60:353-0-s131:p0,1.1,13.200000000000001,12.0,10392.0,10392.0,0.0,0,26.598729792147807,2.710739030023095,24,10,1,derived_from_native_gap_count,0.000763540921021236,0.9,0.005594405594405594,0.0,True
rome,rome:60:353-0-s131:p0,1.2,14.399999999999999,12.0,10392.0,10392.0,0.0,0,29.018475750577366,2.9584295612009233,24,10,1,derived_from_native_gap_count,0.000763540921021236,0.9,0.005594405594405594,0.0,True
rome,rome:60:353-0-s219:p0,0.1,1.2000000000000002,12.0,9420.0,5305.200000000001,0.43681528662420377,1,2.7667515923566883,0.6266242038216562,24,11,3,derived_from_native_gap_count,0.006379585326953748,0.7272727272727273,0.022766525357198933,0.0,True
rome,rome:60:353-0-s219:p0,0.2,2.4000000000000004,12.0,9420.0,7562.400000000001,0.1971974522292993,1,5.722038216560511,1.4379617834394907,24,11,3,derived_from_native_gap_count,0.006379585326953748,0.7272727272727273,0.022766525357198933,0.0,True
rome,rome:60:353-0-s219:p0,0.3,3.5999999999999996,12.0,9420.0,9420.0,0.0,0,8.67732484076433,2.249299363057325,24,11,3,derived_from_native_gap_count,0.006379585326953748,0.7272727272727273,0.022766525357198933,0.0,True
rome,rome:60:353-0-s219:p0,0.4,4.800000000000001,12.0,9420.0,9420.0,0.0,0,11.632611464968155,3.06063694267516,24,11,3,derived_from_native_gap_count,0.006379585326953748,0.7272727272727273,0.022766525357198933,0.0,True
rome,rome:60:353-0-s219:p0,0.5,6.0,12.0,9420.0,9420.0,0.0,0,14.587898089171974,3.8719745222929935,24,11,3,derived_from_native_gap_count,0.006379585326953748,0.7272727272727273,0.022766525357198933,0.0,True
rome,rome:60:353-0-s219:p0,0.6,7.199999999999999,12.0,9420.0,9420.0,0.0,0,17.543184713375794,4.683312101910827,24,11,3,derived_from_native_gap_count,0.006379585326953748,0.7272727272727273,0.022766525357198933,0.0,True
rome,rome:60:353-0-s219:p0,0.7,8.399999999999999,12.0,9420.0,9420.0,0.0,0,20.498471337579616,5.494649681528662,24,11,3,derived_from_native_gap_count,0.006379585326953748,0.7272727272727273,0.022766525357198933,0.0,True
rome,rome:60:353-0-s219:p0,0.8,9.600000000000001,12.0,9420.0,9420.0,0.0,0,23.453757961783445,6.305987261146497,24,11,3,derived_from_native_gap_count,0.006379585326953748,0.7272727272727273,0.022766525357198933,0.0,True
rome,rome:60:353-0-s219:p0,0.9,10.8,12.0,9420.0,9420.0,0.0,0,26.409044585987264,7.117324840764333,24,11,3,derived_from_native_gap_count,0.006379585326953748,0.7272727272727273,0.022766525357198933,0.0,True
rome,rome:60:353-0-s219:p0,1.0,12.0,12.0,9420.0,9420.0,0.0,0,29.364331210191082,7.928662420382166,24,11,3,derived_from_native_gap_count,0.006379585326953748,0.7272727272727273,0.022766525357198933,0.0,True
rome,rome:60:353-0-s219:p0,1.1,13.200000000000001,12.0,9420.0,9420.0,0.0,0,32.319617834394904,8.74,24,11,3,derived_from_native_gap_count,0.006379585326953748,0.7272727272727273,0.022766525357198933,0.0,True
rome,rome:60:353-0-s219:p0,1.2,14.399999999999999,12.0,9420.0,9420.0,0.0,0,35.274904458598726,9.551337579617833,24,11,3,derived_from_native_gap_count,0.006379585326953748,0.7272727272727273,0.022766525357198933,0.0,True
rome,rome:60:360-0-s126:p0,0.1,1.2000000000000002,12.0,14280.0,8856.0,0.3798319327731092,2,0.51109243697479,0.003613445378151286,24,4,1,derived_from_native_gap_count,0.02446597118728266,0.75,0.09786388474913064,0.0,True
rome,rome:60:360-0-s126:p0,0.2,2.4000000000000004,12.0,14280.0,12516.0,0.12352941176470589,1,1.187731092436975,0.17277310924369754,24,4,1,derived_from_native_gap_count,0.02446597118728266,0.75,0.09786388474913064,0.0,True
rome,rome:60:360-0-s126:p0,0.3,3.5999999999999996,12.0,14280.0,14280.0,0.0,0,1.8643697478991594,0.34193277310924364,24,4,1,derived_from_native_gap_count,0.02446597118728266,0.75,0.09786388474913064,0.0,True
rome,rome:60:360-0-s126:p0,0.4,4.800000000000001,12.0,14280.0,14280.0,0.0,0,2.541008403361345,0.51109243697479,24,4,1,derived_from_native_gap_count,0.02446597118728266,0.75,0.09786388474913064,0.0,True
rome,rome:60:360-0-s126:p0,0.5,6.0,12.0,14280.0,14280.0,0.0,0,3.2176470588235295,0.6802521008403362,24,4,1,derived_from_native_gap_count,0.02446597118728266,0.75,0.09786388474913064,0.0,True
rome,rome:60:360-0-s126:p0,0.6,7.199999999999999,12.0,14280.0,14280.0,0.0,0,3.8942857142857137,0.8494117647058822,24,4,1,derived_from_native_gap_count,0.02446597118728266,0.75,0.09786388474913064,0.0,True
rome,rome:60:360-0-s126:p0,0.7,8.399999999999999,12.0,14280.0,14280.0,0.0,0,4.570924369747899,1.0185714285714285,24,4,1,derived_from_native_gap_count,0.02446597118728266,0.75,0.09786388474913064,0.0,True
rome,rome:60:360-0-s126:p0,0.8,9.600000000000001,12.0,14280.0,14280.0,0.0,0,5.247563025210085,1.187731092436975,24,4,1,derived_from_native_gap_count,0.02446597118728266,0.75,0.09786388474913064,0.0,True
rome,rome:60:360-0-s126:p0,0.9,10.8,12.0,14280.0,14280.0,0.0,0,5.92420168067227,1.3568907563025212,24,4,1,derived_from_native_gap_count,0.02446597118728266,0.75,0.09786388474913064,0.0,True
rome,rome:60:360-0-s126:p0,1.0,12.0,12.0,14280.0,14280.0,0.0,0,6.600840336134453,1.5260504201680671,24,4,1,derived_from_native_gap_count,0.02446597118728266,0.75,0.09786388474913064,0.0,True
rome,rome:60:360-0-s126:p0,1.1,13.200000000000001,12.0,14280.0,14280.0,0.0,0,7.277478991596639,1.6952100840336135,24,4,1,derived_from_native_gap_count,0.02446597118728266,0.75,0.09786388474913064,0.0,True
rome,rome:60:360-0-s126:p0,1.2,14.399999999999999,12.0,14280.0,14280.0,0.0,0,7.954117647058823,1.8643697478991594,24,4,1,derived_from_native_gap_count,0.02446597118728266,0.75,0.09786388474913064,0.0,True
rome,rome:60:366-0-s105:p0,0.1,1.2000000000000002,12.0,3750.0,3750.0,0.0,0,4.830613333333334,2.3019733333333336,24,8,4,derived_from_native_gap_count,0.007513661202185792,0.5,0.012791852955787383,0.0,True
rome,rome:60:366-0-s105:p0,0.2,2.4000000000000004,12.0,3750.0,3750.0,0.0,0,9.983893333333334,4.878613333333334,24,8,4,derived_from_native_gap_count,0.007513661202185792,0.5,0.012791852955787383,0.0,True
rome,rome:60:366-0-s105:p0,0.3,3.5999999999999996,12.0,3750.0,3750.0,0.0,0,15.137173333333335,7.455253333333332,24,8,4,derived_from_native_gap_count,0.007513661202185792,0.5,0.012791852955787383,0.0,True
rome,rome:60:366-0-s105:p0,0.4,4.800000000000001,12.0,3750.0,3750.0,0.0,0,20.290453333333335,10.031893333333334,24,8,4,derived_from_native_gap_count,0.007513661202185792,0.5,0.012791852955787383,0.0,True
rome,rome:60:366-0-s105:p0,0.5,6.0,12.0,3750.0,3750.0,0.0,0,25.443733333333334,12.608533333333334,24,8,4,derived_from_native_gap_count,0.007513661202185792,0.5,0.012791852955787383,0.0,True
rome,rome:60:366-0-s105:p0,0.6,7.199999999999999,12.0,3750.0,3750.0,0.0,0,30.597013333333337,15.185173333333331,24,8,4,derived_from_native_gap_count,0.007513661202185792,0.5,0.012791852955787383,0.0,True
rome,rome:60:366-0-s105:p0,0.7,8.399999999999999,12.0,3750.0,3750.0,0.0,0,35.750293333333325,17.76181333333333,24,8,4,derived_from_native_gap_count,0.007513661202185792,0.5,0.012791852955787383,0.0,True
rome,rome:60:366-0-s105:p0,0.8,9.600000000000001,12.0,3750.0,3750.0,0.0,0,40.90357333333334,20.338453333333337,24,8,4,derived_from_native_gap_count,0.007513661202185792,0.5,0.012791852955787383,0.0,True
rome,rome:60:366-0-s105:p0,0.9,10.8,12.0,3750.0,3750.0,0.0,0,46.05685333333333,22.915093333333335,24,8,4,derived_from_native_gap_count,0.007513661202185792,0.5,0.012791852955787383,0.0,True
rome,rome:60:366-0-s105:p0,1.0,12.0,12.0,3750.0,3750.0,0.0,0,51.21013333333333,25.491733333333332,24,8,4,derived_from_native_gap_count,0.007513661202185792,0.5,0.012791852955787383,0.0,True
rome,rome:60:366-0-s105:p0,1.1,13.200000000000001,12.0,3750.0,3750.0,0.0,0,56.36341333333334,28.068373333333337,24,8,4,derived_from_native_gap_count,0.007513661202185792,0.5,0.012791852955787383,0.0,True
rome,rome:60:366-0-s105:p0,1.2,14.399999999999999,12.0,3750.0,3750.0,0.0,0,61.51669333333334,30.64501333333333,24,8,4,derived_from_native_gap_count,0.007513661202185792,0.5,0.012791852955787383,0.0,True
rome,rome:60:43-1-s109:p0,0.1,1.2000000000000002,12.0,10224.0,8638.800000000001,0.1550469483568074,2,2.0235915492957752,0.7028169014084508,24,9,4,derived_from_native_gap_count,0.015323412406070429,0.5555555555555556,0.034255599472990776,0.0,True
rome,rome:60:43-1-s109:p0,0.2,2.4000000000000004,12.0,10224.0,10224.0,0.0,0,4.413380281690141,1.771830985915493,24,9,4,derived_from_native_gap_count,0.015323412406070429,0.5555555555555556,0.034255599472990776,0.0,True
rome,rome:60:43-1-s109:p0,0.3,3.5999999999999996,12.0,10224.0,10224.0,0.0,0,6.803169014084507,2.840845070422535,24,9,4,derived_from_native_gap_count,0.015323412406070429,0.5555555555555556,0.034255599472990776,0.0,True
rome,rome:60:43-1-s109:p0,0.4,4.800000000000001,12.0,10224.0,10224.0,0.0,0,9.192957746478873,3.9098591549295776,24,9,4,derived_from_native_gap_count,0.015323412406070429,0.5555555555555556,0.034255599472990776,0.0,True
rome,rome:60:43-1-s109:p0,0.5,6.0,12.0,10224.0,10224.0,0.0,0,11.58274647887324,4.97887323943662,24,9,4,derived_from_native_gap_count,0.015323412406070429,0.5555555555555556,0.034255599472990776,0.0,True
rome,rome:60:43-1-s109:p0,0.6,7.199999999999999,12.0,10224.0,10224.0,0.0,0,13.972535211267607,6.0478873239436615,24,9,4,derived_from_native_gap_count,0.015323412406070429,0.5555555555555556,0.034255599472990776,0.0,True
rome,rome:60:43-1-s109:p0,0.7,8.399999999999999,12.0,10224.0,10224.0,0.0,0,16.36232394366197,7.116901408450704,24,9,4,derived_from_native_gap_count,0.015323412406070429,0.5555555555555556,0.034255599472990776,0.0,True
rome,rome:60:43-1-s109:p0,0.8,9.600000000000001,12.0,10224.0,10224.0,0.0,0,18.75211267605634,8.185915492957747,24,9,4,derived_from_native_gap_count,0.015323412406070429,0.5555555555555556,0.034255599472990776,0.0,True
rome,rome:60:43-1-s109:p0,0.9,10.8,12.0,10224.0,10224.0,0.0,0,21.141901408450703,9.254929577464788,24,9,4,derived_from_native_gap_count,0.015323412406070429,0.5555555555555556,0.034255599472990776,0.0,True
rome,rome:60:43-1-s109:p0,1.0,12.0,12.0,10224.0,10224.0,0.0,0,23.531690140845072,10.32394366197183,24,9,4,derived_from_native_gap_count,0.015323412406070429,0.5555555555555556,0.034255599472990776,0.0,True
rome,rome:60:43-1-s109:p0,1.1,13.200000000000001,12.0,10224.0,10224.0,0.0,0,25.921478873239437,11.392957746478874,24,9,4,derived_from_native_gap_count,0.015323412406070429,0.5555555555555556,0.034255599472990776,0.0,True
rome,rome:60:43-1-s109:p0,1.2,14.399999999999999,12.0,10224.0,10224.0,0.0,0,28.311267605633805,12.461971830985915,24,9,4,derived_from_native_gap_count,0.015323412406070429,0.5555555555555556,0.034255599472990776,0.0,True
rome,rome:60:43-1-s80:p0,0.1,1.2000000000000002,12.0,5190.0,3456.0000000000005,0.33410404624277446,1,2.897341040462428,,24,6,0,derived_from_native_gap_count,0.0007139457401237506,1.0,,,True
rome,rome:60:43-1-s80:p0,0.2,2.4000000000000004,12.0,5190.0,5190.0,0.0,0,5.812023121387284,,24,6,0,derived_from_native_gap_count,0.0007139457401237506,1.0,,,True
rome,rome:60:43-1-s80:p0,0.3,3.5999999999999996,12.0,5190.0,5190.0,0.0,0,8.726705202312138,,24,6,0,derived_from_native_gap_count,0.0007139457401237506,1.0,,,True
rome,rome:60:43-1-s80:p0,0.4,4.800000000000001,12.0,5190.0,5190.0,0.0,0,11.641387283236996,,24,6,0,derived_from_native_gap_count,0.0007139457401237506,1.0,,,True
rome,rome:60:43-1-s80:p0,0.5,6.0,12.0,5190.0,5190.0,0.0,0,14.55606936416185,,24,6,0,derived_from_native_gap_count,0.0007139457401237506,1.0,,,True
rome,rome:60:43-1-s80:p0,0.6,7.199999999999999,12.0,5190.0,5190.0,0.0,0,17.4707514450867,,24,6,0,derived_from_native_gap_count,0.0007139457401237506,1.0,,,True
rome,rome:60:43-1-s80:p0,0.7,8.399999999999999,12.0,5190.0,5190.0,0.0,0,20.385433526011557,,24,6,0,derived_from_native_gap_count,0.0007139457401237506,1.0,,,True
rome,rome:60:43-1-s80:p0,0.8,9.600000000000001,12.0,5190.0,5190.0,0.0,0,23.30011560693642,,24,6,0,derived_from_native_gap_count,0.0007139457401237506,1.0,,,True
rome,rome:60:43-1-s80:p0,0.9,10.8,12.0,5190.0,5190.0,0.0,0,26.214797687861275,,24,6,0,derived_from_native_gap_count,0.0007139457401237506,1.0,,,True
rome,rome:60:43-1-s80:p0,1.0,12.0,12.0,5190.0,5190.0,0.0,0,29.129479768786126,,24,6,0,derived_from_native_gap_count,0.0007139457401237506,1.0,,,True
rome,rome:60:43-1-s80:p0,1.1,13.200000000000001,12.0,5190.0,5190.0,0.0,0,32.04416184971098,,24,6,0,derived_from_native_gap_count,0.0007139457401237506,1.0,,,True
rome,rome:60:43-1-s80:p0,1.2,14.399999999999999,12.0,5190.0,5190.0,0.0,0,34.95884393063583,,24,6,0,derived_from_native_gap_count,0.0007139457401237506,1.0,,,True
rome,rome:60:45-0-s4:p0,0.1,1.2000000000000002,12.0,7212.0,5725.200000000001,0.20615640599001653,1,2.5242928452579037,1.5046589018302832,24,8,5,derived_from_native_gap_count,0.0074995427108103165,0.375,0.011887362369677482,0.0,True
rome,rome:60:45-0-s4:p0,0.2,2.4000000000000004,12.0,7212.0,7212.0,0.0,0,5.25324459234609,3.2123128119800337,24,8,5,derived_from_native_gap_count,0.0074995427108103165,0.375,0.011887362369677482,0.0,True
rome,rome:60:45-0-s4:p0,0.3,3.5999999999999996,12.0,7212.0,7212.0,0.0,0,7.982196339434276,4.919966722129783,24,8,5,derived_from_native_gap_count,0.0074995427108103165,0.375,0.011887362369677482,0.0,True
rome,rome:60:45-0-s4:p0,0.4,4.800000000000001,12.0,7212.0,7212.0,0.0,0,10.711148086522464,6.627620632279536,24,8,5,derived_from_native_gap_count,0.0074995427108103165,0.375,0.011887362369677482,0.0,True
rome,rome:60:45-0-s4:p0,0.5,6.0,12.0,7212.0,7212.0,0.0,0,13.440099833610649,8.335274542429284,24,8,5,derived_from_native_gap_count,0.0074995427108103165,0.375,0.011887362369677482,0.0,True
rome,rome:60:45-0-s4:p0,0.6,7.199999999999999,12.0,7212.0,7212.0,0.0,0,16.169051580698834,10.042928452579034,24,8,5,derived_from_native_gap_count,0.0074995427108103165,0.375,0.011887362369677482,0.0,True
rome,rome:60:45-0-s4:p0,0.7,8.399999999999999,12.0,7212.0,7212.0,0.0,0,18.89800332778702,11.750582362728784,24,8,5,derived_from_native_gap_count,0.0074995427108103165,0.375,0.011887362369677482,0.0,True
rome,rome:60:45-0-s4:p0,0.8,9.600000000000001,12.0,7212.0,7212.0,0.0,0,21.62695507487521,13.458236272878539,24,8,5,derived_from_native_gap_count,0.0074995427108103165,0.375,0.011887362369677482,0.0,True
rome,rome:60:45-0-s4:p0,0.9,10.8,12.0,7212.0,7212.0,0.0,0,24.3559068219634,15.165890183028287,24,8,5,derived_from_native_gap_count,0.0074995427108103165,0.375,0.011887362369677482,0.0,True
rome,rome:60:45-0-s4:p0,1.0,12.0,12.0,7212.0,7212.0,0.0,0,27.08485856905158,16.873544093178037,24,8,5,derived_from_native_gap_count,0.0074995427108103165,0.375,0.011887362369677482,0.0,True
rome,rome:60:45-0-s4:p0,1.1,13.200000000000001,12.0,7212.0,7212.0,0.0,0,29.81381031613977,18.58119800332779,24,8,5,derived_from_native_gap_count,0.0074995427108103165,0.375,0.011887362369677482,0.0,True
rome,rome:60:45-0-s4:p0,1.2,14.399999999999999,12.0,7212.0,7212.0,0.0,0,32.542762063227954,20.288851913477536,24,8,5,derived_from_native_gap_count,0.0074995427108103165,0.375,0.011887362369677482,0.0,True
rome,rome:60:45-0-s4:p1,0.1,1.2000000000000002,12.0,408.0,408.0,0.0,0,54.35,,24,9,0,derived_from_native_gap_count,0.0005382421012971634,1.0,,,True
rome,rome:60:45-0-s4:p1,0.2,2.4000000000000004,12.0,408.0,408.0,0.0,0,108.99411764705881,,24,9,0,derived_from_native_gap_count,0.0005382421012971634,1.0,,,True
rome,rome:60:45-0-s4:p1,0.3,3.5999999999999996,12.0,408.0,408.0,0.0,0,163.63823529411764,,24,9,0,derived_from_native_gap_count,0.0005382421012971634,1.0,,,True
rome,rome:60:45-0-s4:p1,0.4,4.800000000000001,12.0,408.0,408.0,0.0,0,218.28235294117647,,24,9,0,derived_from_native_gap_count,0.0005382421012971634,1.0,,,True
rome,rome:60:45-0-s4:p1,0.5,6.0,12.0,408.0,408.0,0.0,0,272.9264705882353,,24,9,0,derived_from_native_gap_count,0.0005382421012971634,1.0,,,True
rome,rome:60:45-0-s4:p1,0.6,7.199999999999999,12.0,408.0,408.0,0.0,0,327.5705882352941,,24,9,0,derived_from_native_gap_count,0.0005382421012971634,1.0,,,True
rome,rome:60:45-0-s4:p1,0.7,8.399999999999999,12.0,408.0,408.0,0.0,0,382.214705882353,,24,9,0,derived_from_native_gap_count,0.0005382421012971634,1.0,,,True
rome,rome:60:45-0-s4:p1,0.8,9.600000000000001,12.0,408.0,408.0,0.0,0,436.8588235294117,,24,9,0,derived_from_native_gap_count,0.0005382421012971634,1.0,,,True
rome,rome:60:45-0-s4:p1,0.9,10.8,12.0,408.0,408.0,0.0,0,491.50294117647076,,24,9,0,derived_from_native_gap_count,0.0005382421012971634,1.0,,,True
rome,rome:60:45-0-s4:p1,1.0,12.0,12.0,408.0,408.0,0.0,0,546.1470588235294,,24,9,0,derived_from_native_gap_count,0.0005382421012971634,1.0,,,True
rome,rome:60:45-0-s4:p1,1.1,13.200000000000001,12.0,408.0,408.0,0.0,0,600.7911764705882,,24,9,0,derived_from_native_gap_count,0.0005382421012971634,1.0,,,True
rome,rome:60:45-0-s4:p1,1.2,14.399999999999999,12.0,408.0,408.0,0.0,0,655.435294117647,,24,9,0,derived_from_native_gap_count,0.0005382421012971634,1.0,,,True
rome,rome:60:46-0-s41:p0,0.1,1.2000000000000002,12.0,1788.0,1788.0,0.0,0,12.084563758389264,1.2234899328859064,24,9,1,derived_from_native_gap_count,0.001152832674571805,0.8888888888888888,0.009438648782911079,0.0,True
rome,rome:60:46-0-s41:p0,0.2,2.4000000000000004,12.0,1788.0,1788.0,0.0,0,24.310067114093965,2.5744966442953023,24,9,1,derived_from_native_gap_count,0.001152832674571805,0.8888888888888888,0.009438648782911079,0.0,True
rome,rome:60:46-0-s41:p0,0.3,3.5999999999999996,12.0,1788.0,1788.0,0.0,0,36.53557046979865,3.9255033557046977,24,9,1,derived_from_native_gap_count,0.001152832674571805,0.8888888888888888,0.009438648782911079,0.0,True
rome,rome:60:46-0-s41:p0,0.4,4.800000000000001,12.0,1788.0,1788.0,0.0,0,48.76107382550337,5.276510067114095,24,9,1,derived_from_native_gap_count,0.001152832674571805,0.8888888888888888,0.009438648782911079,0.0,True
rome,rome:60:46-0-s41:p0,0.5,6.0,12.0,1788.0,1788.0,0.0,0,60.986577181208055,6.62751677852349,24,9,1,derived_from_native_gap_count,0.001152832674571805,0.8888888888888888,0.009438648782911079,0.0,True
rome,rome:60:46-0-s41:p0,0.6,7.199999999999999,12.0,1788.0,1788.0,0.0,0,73.21208053691274,7.978523489932885,24,9,1,derived_from_native_gap_count,0.001152832674571805,0.8888888888888888,0.009438648782911079,0.0,True
rome,rome:60:46-0-s41:p0,0.7,8.399999999999999,12.0,1788.0,1788.0,0.0,0,85.43758389261743,9.32953020134228,24,9,1,derived_from_native_gap_count,0.001152832674571805,0.8888888888888888,0.009438648782911079,0.0,True
rome,rome:60:46-0-s41:p0,0.8,9.600000000000001,12.0,1788.0,1788.0,0.0,0,97.66308724832217,10.680536912751679,24,9,1,derived_from_native_gap_count,0.001152832674571805,0.8888888888888888,0.009438648782911079,0.0,True
rome,rome:60:46-0-s41:p0,0.9,10.8,12.0,1788.0,1788.0,0.0,0,109.88859060402686,12.031543624161074,24,9,1,derived_from_native_gap_count,0.001152832674571805,0.8888888888888888,0.009438648782911079,0.0,True
rome,rome:60:46-0-s41:p0,1.0,12.0,12.0,1788.0,1788.0,0.0,0,122.11409395973155,13.38255033557047,24,9,1,derived_from_native_gap_count,0.001152832674571805,0.8888888888888888,0.009438648782911079,0.0,True
rome,rome:60:46-0-s41:p0,1.1,13.200000000000001,12.0,1788.0,1788.0,0.0,0,134.33959731543624,14.733557046979866,24,9,1,derived_from_native_gap_count,0.001152832674571805,0.8888888888888888,0.009438648782911079,0.0,True
rome,rome:60:46-0-s41:p0,1.2,14.399999999999999,12.0,1788.0,1788.0,0.0,0,146.56510067114093,16.084563758389262,24,9,1,derived_from_native_gap_count,0.001152832674571805,0.8888888888888888,0.009438648782911079,0.0,True
rome,rome:60:46-0-s41:p1,0.1,1.2000000000000002,12.0,1428.0,1428.0,0.0,0,16.906722689075632,1.4563025210084035,24,10,1,derived_from_native_gap_count,0.002140181915462814,0.9,0.013909587680079483,0.0,True
rome,rome:60:46-0-s41:p1,0.2,2.4000000000000004,12.0,1428.0,1428.0,0.0,0,34.18319327731093,3.147899159663866,24,10,1,derived_from_native_gap_count,0.002140181915462814,0.9,0.013909587680079483,0.0,True
rome,rome:60:46-0-s41:p1,0.3,3.5999999999999996,12.0,1428.0,1428.0,0.0,0,51.45966386554621,4.839495798319327,24,10,1,derived_from_native_gap_count,0.002140181915462814,0.9,0.013909587680079483,0.0,True
rome,rome:60:46-0-s41:p1,0.4,4.800000000000001,12.0,1428.0,1428.0,0.0,0,68.73613445378152,6.531092436974791,24,10,1,derived_from_native_gap_count,0.002140181915462814,0.9,0.013909587680079483,0.0,True
rome,rome:60:46-0-s41:p1,0.5,6.0,12.0,1428.0,1428.0,0.0,0,86.0126050420168,8.222689075630251,24,10,1,derived_from_native_gap_count,0.002140181915462814,0.9,0.013909587680079483,0.0,True
rome,rome:60:46-0-s41:p1,0.6,7.199999999999999,12.0,1428.0,1428.0,0.0,0,103.28907563025209,9.914285714285713,24,10,1,derived_from_native_gap_count,0.002140181915462814,0.9,0.013909587680079483,0.0,True
rome,rome:60:46-0-s41:p1,0.7,8.399999999999999,12.0,1428.0,1428.0,0.0,0,120.56554621848738,11.605882352941174,24,10,1,derived_from_native_gap_count,0.002140181915462814,0.9,0.013909587680079483,0.0,True
rome,rome:60:46-0-s41:p1,0.8,9.600000000000001,12.0,1428.0,1428.0,0.0,0,137.8420168067227,13.297478991596641,24,10,1,derived_from_native_gap_count,0.002140181915462814,0.9,0.013909587680079483,0.0,True
rome,rome:60:46-0-s41:p1,0.9,10.8,12.0,1428.0,1428.0,0.0,0,155.11848739495798,14.989075630252103,24,10,1,derived_from_native_gap_count,0.002140181915462814,0.9,0.013909587680079483,0.0,True
rome,rome:60:46-0-s41:p1,1.0,12.0,12.0,1428.0,1428.0,0.0,0,172.39495798319328,16.680672268907564,24,10,1,derived_from_native_gap_count,0.002140181915462814,0.9,0.013909587680079483,0.0,True
rome,rome:60:46-0-s41:p1,1.1,13.200000000000001,12.0,1428.0,1428.0,0.0,0,189.6714285714286,18.372268907563026,24,10,1,derived_from_native_gap_count,0.002140181915462814,0.9,0.013909587680079483,0.0,True
rome,rome:60:46-0-s41:p1,1.2,14.399999999999999,12.0,1428.0,1428.0,0.0,0,206.94789915966385,20.063865546218484,24,10,1,derived_from_native_gap_count,0.002140181915462814,0.9,0.013909587680079483,0.0,True
rome,rome:60:46-0-s49:p0,0.1,1.2000000000000002,12.0,11352.0,5064.000000000001,0.5539112050739957,2,2.113107822410148,0.20116279069767445,24,10,1,derived_from_native_gap_count,0.0006954793840039742,0.9,0.00546448087431694,0.0,True
rome,rome:60:46-0-s49:p0,0.2,2.4000000000000004,12.0,11352.0,8208.0,0.2769556025369979,1,4.241014799154334,0.4139534883720931,24,10,1,derived_from_native_gap_count,0.0006954793840039742,0.9,0.00546448087431694,0.0,True
rome,rome:60:46-0-s49:p0,0.3,3.5999999999999996,12.0,11352.0,10584.0,0.06765327695560254,1,6.368921775898522,0.6267441860465116,24,10,1,derived_from_native_gap_count,0.0006954793840039742,0.9,0.00546448087431694,0.0,True
rome,rome:60:46-0-s49:p0,0.4,4.800000000000001,12.0,11352.0,11352.0,0.0,0,8.496828752642706,0.8395348837209303,24,10,1,derived_from_native_gap_count,0.0006954793840039742,0.9,0.00546448087431694,0.0,True
rome,rome:60:46-0-s49:p0,0.5,6.0,12.0,11352.0,11352.0,0.0,0,10.624735729386892,1.052325581395349,24,10,1,derived_from_native_gap_count,0.0006954793840039742,0.9,0.00546448087431694,0.0,True
rome,rome:60:46-0-s49:p0,0.6,7.199999999999999,12.0,11352.0,11352.0,0.0,0,12.75264270613108,1.2651162790697674,24,10,1,derived_from_native_gap_count,0.0006954793840039742,0.9,0.00546448087431694,0.0,True
rome,rome:60:46-0-s49:p0,0.7,8.399999999999999,12.0,11352.0,11352.0,0.0,0,14.880549682875264,1.4779069767441857,24,10,1,derived_from_native_gap_count,0.0006954793840039742,0.9,0.00546448087431694,0.0,True
rome,rome:60:46-0-s49:p0,0.8,9.600000000000001,12.0,11352.0,11352.0,0.0,0,17.00845665961945,1.6906976744186049,24,10,1,derived_from_native_gap_count,0.0006954793840039742,0.9,0.00546448087431694,0.0,True
rome,rome:60:46-0-s49:p0,0.9,10.8,12.0,11352.0,11352.0,0.0,0,19.136363636363633,1.9034883720930234,24,10,1,derived_from_native_gap_count,0.0006954793840039742,0.9,0.00546448087431694,0.0,True
rome,rome:60:46-0-s49:p0,1.0,12.0,12.0,11352.0,11352.0,0.0,0,21.264270613107822,2.116279069767442,24,10,1,derived_from_native_gap_count,0.0006954793840039742,0.9,0.00546448087431694,0.0,True
rome,rome:60:46-0-s49:p0,1.1,13.200000000000001,12.0,11352.0,11352.0,0.0,0,23.392177589852007,2.329069767441861,24,10,1,derived_from_native_gap_count,0.0006954793840039742,0.9,0.00546448087431694,0.0,True
rome,rome:60:46-0-s49:p0,1.2,14.399999999999999,12.0,11352.0,11352.0,0.0,0,25.5200845665962,2.5418604651162786,24,10,1,derived_from_native_gap_count,0.0006954793840039742,0.9,0.00546448087431694,0.0,True
rome,rome:60:46-0-s56:p0,0.1,1.2000000000000002,12.0,2352.0,2352.0,0.0,0,7.239795918367347,,24,7,0,derived_from_native_gap_count,0.0,1.0,,,True
rome,rome:60:46-0-s56:p0,0.2,2.4000000000000004,12.0,2352.0,2352.0,0.0,0,14.479591836734693,,24,7,0,derived_from_native_gap_count,0.0,1.0,,,True
rome,rome:60:46-0-s56:p0,0.3,3.5999999999999996,12.0,2352.0,2352.0,0.0,0,21.71938775510204,,24,7,0,derived_from_native_gap_count,0.0,1.0,,,True
rome,rome:60:46-0-s56:p0,0.4,4.800000000000001,12.0,2352.0,2352.0,0.0,0,28.959183673469386,,24,7,0,derived_from_native_gap_count,0.0,1.0,,,True
rome,rome:60:46-0-s56:p0,0.5,6.0,12.0,2352.0,2352.0,0.0,0,36.19897959183673,,24,7,0,derived_from_native_gap_count,0.0,1.0,,,True
rome,rome:60:46-0-s56:p0,0.6,7.199999999999999,12.0,2352.0,2352.0,0.0,0,43.43877551020408,,24,7,0,derived_from_native_gap_count,0.0,1.0,,,True
rome,rome:60:46-0-s56:p0,0.7,8.399999999999999,12.0,2352.0,2352.0,0.0,0,50.67857142857142,,24,7,0,derived_from_native_gap_count,0.0,1.0,,,True
rome,rome:60:46-0-s56:p0,0.8,9.600000000000001,12.0,2352.0,2352.0,0.0,0,57.91836734693877,,24,7,0,derived_from_native_gap_count,0.0,1.0,,,True
rome,rome:60:46-0-s56:p0,0.9,10.8,12.0,2352.0,2352.0,0.0,0,65.15816326530613,,24,7,0,derived_from_native_gap_count,0.0,1.0,,,True
rome,rome:60:46-0-s56:p0,1.0,12.0,12.0,2352.0,2352.0,0.0,0,72.39795918367346,,24,7,0,derived_from_native_gap_count,0.0,1.0,,,True
rome,rome:60:46-0-s56:p0,1.1,13.200000000000001,12.0,2352.0,2352.0,0.0,0,79.63775510204083,,24,7,0,derived_from_native_gap_count,0.0,1.0,,,True
rome,rome:60:46-0-s56:p0,1.2,14.399999999999999,12.0,2352.0,2352.0,0.0,0,86.87755102040816,,24,7,0,derived_from_native_gap_count,0.0,1.0,,,True
rome,rome:60:46-0-s56:p1,0.1,1.2000000000000002,12.0,288.0,288.0,0.0,0,66.60000000000001,,24,8,0,derived_from_native_gap_count,0.0007451564828614009,1.0,,,True
rome,rome:60:46-0-s56:p1,0.2,2.4000000000000004,12.0,288.0,288.0,0.0,0,133.70000000000002,,24,8,0,derived_from_native_gap_count,0.0007451564828614009,1.0,,,True
rome,rome:60:46-0-s56:p1,0.3,3.5999999999999996,12.0,288.0,288.0,0.0,0,200.80000000000004,,24,8,0,derived_from_native_gap_count,0.0007451564828614009,1.0,,,True
rome,rome:60:46-0-s56:p1,0.4,4.800000000000001,12.0,288.0,288.0,0.0,0,267.90000000000003,,24,8,0,derived_from_native_gap_count,0.0007451564828614009,1.0,,,True
rome,rome:60:46-0-s56:p1,0.5,6.0,12.0,288.0,288.0,0.0,0,335.0,,24,8,0,derived_from_native_gap_count,0.0007451564828614009,1.0,,,True
rome,rome:60:46-0-s56:p1,0.6,7.199999999999999,12.0,288.0,288.0,0.0,0,402.1000000000001,,24,8,0,derived_from_native_gap_count,0.0007451564828614009,1.0,,,True
rome,rome:60:46-0-s56:p1,0.7,8.399999999999999,12.0,288.0,288.0,0.0,0,469.19999999999993,,24,8,0,derived_from_native_gap_count,0.0007451564828614009,1.0,,,True
rome,rome:60:46-0-s56:p1,0.8,9.600000000000001,12.0,288.0,288.0,0.0,0,536.3000000000001,,24,8,0,derived_from_native_gap_count,0.0007451564828614009,1.0,,,True
rome,rome:60:46-0-s56:p1,0.9,10.8,12.0,288.0,288.0,0.0,0,603.4,,24,8,0,derived_from_native_gap_count,0.0007451564828614009,1.0,,,True
rome,rome:60:46-0-s56:p1,1.0,12.0,12.0,288.0,288.0,0.0,0,670.5,,24,8,0,derived_from_native_gap_count,0.0007451564828614009,1.0,,,True
rome,rome:60:46-0-s56:p1,1.1,13.200000000000001,12.0,288.0,288.0,0.0,0,737.6,,24,8,0,derived_from_native_gap_count,0.0007451564828614009,1.0,,,True
rome,rome:60:46-0-s56:p1,1.2,14.399999999999999,12.0,288.0,288.0,0.0,0,804.7000000000002,,24,8,0,derived_from_native_gap_count,0.0007451564828614009,1.0,,,True
rome,rome:60:46-0-s56:p2,0.1,1.2000000000000002,12.0,1752.0,1752.0,0.0,0,9.545890410958904,1.2280821917808222,24,7,1,derived_from_native_gap_count,0.001554001554001554,0.8571428571428571,0.01092896174863388,0.0,True
rome,rome:60:46-0-s56:p2,0.2,2.4000000000000004,12.0,1752.0,1752.0,0.0,0,19.24246575342466,2.6068493150684935,24,7,1,derived_from_native_gap_count,0.001554001554001554,0.8571428571428571,0.01092896174863388,0.0,True
rome,rome:60:46-0-s56:p2,0.3,3.5999999999999996,12.0,1752.0,1752.0,0.0,0,28.93904109589041,3.985616438356164,24,7,1,derived_from_native_gap_count,0.001554001554001554,0.8571428571428571,0.01092896174863388,0.0,True
rome,rome:60:46-0-s56:p2,0.4,4.800000000000001,12.0,1752.0,1752.0,0.0,0,38.635616438356166,5.3643835616438365,24,7,1,derived_from_native_gap_count,0.001554001554001554,0.8571428571428571,0.01092896174863388,0.0,True
rome,rome:60:46-0-s56:p2,0.5,6.0,12.0,1752.0,1752.0,0.0,0,48.332191780821915,6.743150684931507,24,7,1,derived_from_native_gap_count,0.001554001554001554,0.8571428571428571,0.01092896174863388,0.0,True
rome,rome:60:46-0-s56:p2,0.6,7.199999999999999,12.0,1752.0,1752.0,0.0,0,58.028767123287665,8.121917808219177,24,7,1,derived_from_native_gap_count,0.001554001554001554,0.8571428571428571,0.01092896174863388,0.0,True
rome,rome:60:46-0-s56:p2,0.7,8.399999999999999,12.0,1752.0,1752.0,0.0,0,67.72534246575341,9.500684931506848,24,7,1,derived_from_native_gap_count,0.001554001554001554,0.8571428571428571,0.01092896174863388,0.0,True
rome,rome:60:46-0-s56:p2,0.8,9.600000000000001,12.0,1752.0,1752.0,0.0,0,77.42191780821919,10.879452054794521,24,7,1,derived_from_native_gap_count,0.001554001554001554,0.8571428571428571,0.01092896174863388,0.0,True
rome,rome:60:46-0-s56:p2,0.9,10.8,12.0,1752.0,1752.0,0.0,0,87.11849315068494,12.258219178082193,24,7,1,derived_from_native_gap_count,0.001554001554001554,0.8571428571428571,0.01092896174863388,0.0,True
rome,rome:60:46-0-s56:p2,1.0,12.0,12.0,1752.0,1752.0,0.0,0,96.81506849315069,13.636986301369863,24,7,1,derived_from_native_gap_count,0.001554001554001554,0.8571428571428571,0.01092896174863388,0.0,True
rome,rome:60:46-0-s56:p2,1.1,13.200000000000001,12.0,1752.0,1752.0,0.0,0,106.51164383561645,15.015753424657536,24,7,1,derived_from_native_gap_count,0.001554001554001554,0.8571428571428571,0.01092896174863388,0.0,True
rome,rome:60:46-0-s56:p2,1.2,14.399999999999999,12.0,1752.0,1752.0,0.0,0,116.20821917808219,16.394520547945202,24,7,1,derived_from_native_gap_count,0.001554001554001554,0.8571428571428571,0.01092896174863388,0.0,True
rome,rome:60:46-0-s56:p3,0.1,1.2000000000000002,12.0,660.0,660.0,0.0,0,28.92181818181819,3.3690909090909096,24,8,1,derived_from_native_gap_count,0.0014252959038235113,0.875,0.007948335817188276,0.0,True
rome,rome:60:46-0-s56:p3,0.2,2.4000000000000004,12.0,660.0,660.0,0.0,0,58.2618181818182,7.02909090909091,24,8,1,derived_from_native_gap_count,0.0014252959038235113,0.875,0.007948335817188276,0.0,True
rome,rome:60:46-0-s56:p3,0.3,3.5999999999999996,12.0,660.0,660.0,0.0,0,87.60181818181819,10.689090909090908,24,8,1,derived_from_native_gap_count,0.0014252959038235113,0.875,0.007948335817188276,0.0,True
rome,rome:60:46-0-s56:p3,0.4,4.800000000000001,12.0,660.0,660.0,0.0,0,116.9418181818182,14.349090909090911,24,8,1,derived_from_native_gap_count,0.0014252959038235113,0.875,0.007948335817188276,0.0,True
rome,rome:60:46-0-s56:p3,0.5,6.0,12.0,660.0,660.0,0.0,0,146.28181818181818,18.009090909090908,24,8,1,derived_from_native_gap_count,0.0014252959038235113,0.875,0.007948335817188276,0.0,True
rome,rome:60:46-0-s56:p3,0.6,7.199999999999999,12.0,660.0,660.0,0.0,0,175.62181818181818,21.669090909090908,24,8,1,derived_from_native_gap_count,0.0014252959038235113,0.875,0.007948335817188276,0.0,True
rome,rome:60:46-0-s56:p3,0.7,8.399999999999999,12.0,660.0,660.0,0.0,0,204.96181818181816,25.329090909090905,24,8,1,derived_from_native_gap_count,0.0014252959038235113,0.875,0.007948335817188276,0.0,True
rome,rome:60:46-0-s56:p3,0.8,9.600000000000001,12.0,660.0,660.0,0.0,0,234.30181818181825,28.989090909090912,24,8,1,derived_from_native_gap_count,0.0014252959038235113,0.875,0.007948335817188276,0.0,True
rome,rome:60:46-0-s56:p3,0.9,10.8,12.0,660.0,660.0,0.0,0,263.64181818181817,32.64909090909091,24,8,1,derived_from_native_gap_count,0.0014252959038235113,0.875,0.007948335817188276,0.0,True
rome,rome:60:46-0-s56:p3,1.0,12.0,12.0,660.0,660.0,0.0,0,292.9818181818182,36.30909090909091,24,8,1,derived_from_native_gap_count,0.0014252959038235113,0.875,0.007948335817188276,0.0,True
rome,rome:60:46-0-s56:p3,1.1,13.200000000000001,12.0,660.0,660.0,0.0,0,322.32181818181823,39.969090909090916,24,8,1,derived_from_native_gap_count,0.0014252959038235113,0.875,0.007948335817188276,0.0,True
rome,rome:60:46-0-s56:p3,1.2,14.399999999999999,12.0,660.0,660.0,0.0,0,351.6618181818182,43.629090909090905,24,8,1,derived_from_native_gap_count,0.0014252959038235113,0.875,0.007948335817188276,0.0,True
rome,rome:60:46-0-s65:p0,0.1,1.2000000000000002,12.0,14100.0,8412.0,0.4034042553191489,1,0.8319148936170214,0.15429787234042555,24,5,1,derived_from_native_gap_count,0.00288127173373075,0.8,0.009935419771485345,0.0,True
rome,rome:60:46-0-s65:p0,0.2,2.4000000000000004,12.0,14100.0,10788.0,0.2348936170212766,1,1.6885106382978725,0.3256170212765958,24,5,1,derived_from_native_gap_count,0.00288127173373075,0.8,0.009935419771485345,0.0,True
rome,rome:60:46-0-s65:p0,0.3,3.5999999999999996,12.0,14100.0,13164.0,0.06638297872340425,1,2.5451063829787235,0.4969361702127659,24,5,1,derived_from_native_gap_count,0.00288127173373075,0.8,0.009935419771485345,0.0,True
rome,rome:60:46-0-s65:p0,0.4,4.800000000000001,12.0,14100.0,14100.0,0.0,0,3.401702127659575,0.6682553191489363,24,5,1,derived_from_native_gap_count,0.00288127173373075,0.8,0.009935419771485345,0.0,True
rome,rome:60:46-0-s65:p0,0.5,6.0,12.0,14100.0,14100.0,0.0,0,4.2582978723404254,0.8395744680851064,24,5,1,derived_from_native_gap_count,0.00288127173373075,0.8,0.009935419771485345,0.0,True
rome,rome:60:46-0-s65:p0,0.6,7.199999999999999,12.0,14100.0,14100.0,0.0,0,5.114893617021276,1.0108936170212766,24,5,1,derived_from_native_gap_count,0.00288127173373075,0.8,0.009935419771485345,0.0,True
rome,rome:60:46-0-s65:p0,0.7,8.399999999999999,12.0,14100.0,14100.0,0.0,0,5.971489361702127,1.1822127659574466,24,5,1,derived_from_native_gap_count,0.00288127173373075,0.8,0.009935419771485345,0.0,True
rome,rome:60:46-0-s65:p0,0.8,9.600000000000001,12.0,14100.0,14100.0,0.0,0,6.8280851063829795,1.3535319148936171,24,5,1,derived_from_native_gap_count,0.00288127173373075,0.8,0.009935419771485345,0.0,True
rome,rome:60:46-0-s65:p0,0.9,10.8,12.0,14100.0,14100.0,0.0,0,7.684680851063829,1.5248510638297874,24,5,1,derived_from_native_gap_count,0.00288127173373075,0.8,0.009935419771485345,0.0,True
rome,rome:60:46-0-s65:p0,1.0,12.0,12.0,14100.0,14100.0,0.0,0,8.54127659574468,1.6961702127659575,24,5,1,derived_from_native_gap_count,0.00288127173373075,0.8,0.009935419771485345,0.0,True
rome,rome:60:46-0-s65:p0,1.1,13.200000000000001,12.0,14100.0,14100.0,0.0,0,9.397872340425533,1.8674893617021278,24,5,1,derived_from_native_gap_count,0.00288127173373075,0.8,0.009935419771485345,0.0,True
rome,rome:60:46-0-s65:p0,1.2,14.399999999999999,12.0,14100.0,14100.0,0.0,0,10.254468085106383,2.038808510638298,24,5,1,derived_from_native_gap_count,0.00288127173373075,0.8,0.009935419771485345,0.0,True
rome,rome:60:46-0-s89:p0,0.1,1.2000000000000002,12.0,2040.0,2040.0,0.0,0,9.019411764705884,4.355882352941177,24,8,4,derived_from_native_gap_count,0.005369376041473801,0.5,0.008410636982065553,0.0,True
rome,rome:60:46-0-s89:p0,0.2,2.4000000000000004,12.0,2040.0,2040.0,0.0,0,18.55058823529412,9.111764705882354,24,8,4,derived_from_native_gap_count,0.005369376041473801,0.5,0.008410636982065553,0.0,True
rome,rome:60:46-0-s89:p0,0.3,3.5999999999999996,12.0,2040.0,2040.0,0.0,0,28.081764705882346,13.867647058823527,24,8,4,derived_from_native_gap_count,0.005369376041473801,0.5,0.008410636982065553,0.0,True
rome,rome:60:46-0-s89:p0,0.4,4.800000000000001,12.0,2040.0,2040.0,0.0,0,37.61294117647059,18.62352941176471,24,8,4,derived_from_native_gap_count,0.005369376041473801,0.5,0.008410636982065553,0.0,True
rome,rome:60:46-0-s89:p0,0.5,6.0,12.0,2040.0,2040.0,0.0,0,47.14411764705882,23.379411764705882,24,8,4,derived_from_native_gap_count,0.005369376041473801,0.5,0.008410636982065553,0.0,True
rome,rome:60:46-0-s89:p0,0.6,7.199999999999999,12.0,2040.0,2040.0,0.0,0,56.67529411764705,28.135294117647057,24,8,4,derived_from_native_gap_count,0.005369376041473801,0.5,0.008410636982065553,0.0,True
rome,rome:60:46-0-s89:p0,0.7,8.399999999999999,12.0,2040.0,2040.0,0.0,0,66.20647058823529,32.89117647058823,24,8,4,derived_from_native_gap_count,0.005369376041473801,0.5,0.008410636982065553,0.0,True
rome,rome:60:46-0-s89:p0,0.8,9.600000000000001,12.0,2040.0,2040.0,0.0,0,75.73764705882354,37.64705882352942,24,8,4,derived_from_native_gap_count,0.005369376041473801,0.5,0.008410636982065553,0.0,True
rome,rome:60:46-0-s89:p0,0.9,10.8,12.0,2040.0,2040.0,0.0,0,85.26882352941175,42.40294117647059,24,8,4,derived_from_native_gap_count,0.005369376041473801,0.5,0.008410636982065553,0.0,True
rome,rome:60:46-0-s89:p0,1.0,12.0,12.0,2040.0,2040.0,0.0,0,94.8,47.15882352941176,24,8,4,derived_from_native_gap_count,0.005369376041473801,0.5,0.008410636982065553,0.0,True
rome,rome:60:46-0-s89:p0,1.1,13.200000000000001,12.0,2040.0,2040.0,0.0,0,104.33117647058825,51.91470588235295,24,8,4,derived_from_native_gap_count,0.005369376041473801,0.5,0.008410636982065553,0.0,True
rome,rome:60:46-0-s89:p0,1.2,14.399999999999999,12.0,2040.0,2040.0,0.0,0,113.86235294117645,56.67058823529411,24,8,4,derived_from_native_gap_count,0.005369376041473801,0.5,0.008410636982065553,0.0,True
rome,rome:60:47-0-s268:p0,0.1,1.2000000000000002,12.0,4416.0,4416.0,0.0,0,3.984782608695653,2.1222826086956528,24,7,4,derived_from_native_gap_count,0.00703689615823507,0.42857142857142855,0.012345679012345678,0.0,True
rome,rome:60:47-0-s268:p0,0.2,2.4000000000000004,12.0,4416.0,4416.0,0.0,0,8.271195652173914,4.543478260869566,24,7,4,derived_from_native_gap_count,0.00703689615823507,0.42857142857142855,0.012345679012345678,0.0,True
rome,rome:60:47-0-s268:p0,0.3,3.5999999999999996,12.0,4416.0,4416.0,0.0,0,12.557608695652172,6.964673913043477,24,7,4,derived_from_native_gap_count,0.00703689615823507,0.42857142857142855,0.012345679012345678,0.0,True
rome,rome:60:47-0-s268:p0,0.4,4.800000000000001,12.0,4416.0,4416.0,0.0,0,16.844021739130437,9.385869565217392,24,7,4,derived_from_native_gap_count,0.00703689615823507,0.42857142857142855,0.012345679012345678,0.0,True
rome,rome:60:47-0-s268:p0,0.5,6.0,12.0,4416.0,4416.0,0.0,0,21.130434782608695,11.807065217391305,24,7,4,derived_from_native_gap_count,0.00703689615823507,0.42857142857142855,0.012345679012345678,0.0,True
rome,rome:60:47-0-s268:p0,0.6,7.199999999999999,12.0,4416.0,4416.0,0.0,0,25.416847826086954,14.228260869565213,24,7,4,derived_from_native_gap_count,0.00703689615823507,0.42857142857142855,0.012345679012345678,0.0,True
rome,rome:60:47-0-s268:p0,0.7,8.399999999999999,12.0,4416.0,4416.0,0.0,0,29.703260869565213,16.649456521739125,24,7,4,derived_from_native_gap_count,0.00703689615823507,0.42857142857142855,0.012345679012345678,0.0,True
rome,rome:60:47-0-s268:p0,0.8,9.600000000000001,12.0,4416.0,4416.0,0.0,0,33.98967391304348,19.070652173913047,24,7,4,derived_from_native_gap_count,0.00703689615823507,0.42857142857142855,0.012345679012345678,0.0,True
rome,rome:60:47-0-s268:p0,0.9,10.8,12.0,4416.0,4416.0,0.0,0,38.276086956521745,21.49184782608696,24,7,4,derived_from_native_gap_count,0.00703689615823507,0.42857142857142855,0.012345679012345678,0.0,True
rome,rome:60:47-0-s268:p0,1.0,12.0,12.0,4416.0,4416.0,0.0,0,42.5625,23.91304347826087,24,7,4,derived_from_native_gap_count,0.00703689615823507,0.42857142857142855,0.012345679012345678,0.0,True
rome,rome:60:47-0-s268:p0,1.1,13.200000000000001,12.0,4416.0,4416.0,0.0,0,46.84891304347826,26.33423913043478,24,7,4,derived_from_native_gap_count,0.00703689615823507,0.42857142857142855,0.012345679012345678,0.0,True
rome,rome:60:47-0-s268:p0,1.2,14.399999999999999,12.0,4416.0,4416.0,0.0,0,51.13532608695652,28.75543478260869,24,7,4,derived_from_native_gap_count,0.00703689615823507,0.42857142857142855,0.012345679012345678,0.0,True
rome,rome:60:51-1-s193:p0,0.1,1.2000000000000002,12.0,17402.0,13140.000000000002,0.24491437765774038,4,0.34396046431444666,0.05951040110332148,24,3,1,derived_from_native_gap_count,0.018735744542196155,0.6666666666666666,0.057128663686040734,0.0,True
rome,rome:60:51-1-s193:p0,0.2,2.4000000000000004,12.0,17402.0,17402.0,0.0,0,0.767222158372601,0.19832203195035059,24,3,1,derived_from_native_gap_count,0.018735744542196155,0.6666666666666666,0.057128663686040734,0.0,True
rome,rome:60:51-1-s193:p0,0.3,3.5999999999999996,12.0,17402.0,17402.0,0.0,0,1.1904838524307548,0.33713366279737955,24,3,1,derived_from_native_gap_count,0.018735744542196155,0.6666666666666666,0.057128663686040734,0.0,True
rome,rome:60:51-1-s193:p0,0.4,4.800000000000001,12.0,17402.0,17402.0,0.0,0,1.6137455464889097,0.4759452936444088,24,3,1,derived_from_native_gap_count,0.018735744542196155,0.6666666666666666,0.057128663686040734,0.0,True
rome,rome:60:51-1-s193:p0,0.5,6.0,12.0,17402.0,17402.0,0.0,0,2.0370072405470636,0.6147569244914378,24,3,1,derived_from_native_gap_count,0.018735744542196155,0.6666666666666666,0.057128663686040734,0.0,True
rome,rome:60:51-1-s193:p0,0.6,7.199999999999999,12.0,17402.0,17402.0,0.0,0,2.4602689346052173,0.7535685553384668,24,3,1,derived_from_native_gap_count,0.018735744542196155,0.6666666666666666,0.057128663686040734,0.0,True
rome,rome:60:51-1-s193:p0,0.7,8.399999999999999,12.0,17402.0,17402.0,0.0,0,2.883530628663372,0.8923801861854957,24,3,1,derived_from_native_gap_count,0.018735744542196155,0.6666666666666666,0.057128663686040734,0.0,True
rome,rome:60:51-1-s193:p0,0.8,9.600000000000001,12.0,17402.0,17402.0,0.0,0,3.306792322721527,1.0311918170325252,24,3,1,derived_from_native_gap_count,0.018735744542196155,0.6666666666666666,0.057128663686040734,0.0,True
rome,rome:60:51-1-s193:p0,0.9,10.8,12.0,17402.0,17402.0,0.0,0,3.730054016779681,1.1700034478795542,24,3,1,derived_from_native_gap_count,0.018735744542196155,0.6666666666666666,0.057128663686040734,0.0,True
rome,rome:60:51-1-s193:p0,1.0,12.0,12.0,17402.0,17402.0,0.0,0,4.153315710837835,1.308815078726583,24,3,1,derived_from_native_gap_count,0.018735744542196155,0.6666666666666666,0.057128663686040734,0.0,True
rome,rome:60:51-1-s193:p0,1.1,13.200000000000001,12.0,17402.0,17402.0,0.0,0,4.576577404895989,1.4476267095736124,24,3,1,derived_from_native_gap_count,0.018735744542196155,0.6666666666666666,0.057128663686040734,0.0,True
rome,rome:60:51-1-s193:p0,1.2,14.399999999999999,12.0,17402.0,17402.0,0.0,0,4.999839098954142,1.5864383404206412,24,3,1,derived_from_native_gap_count,0.018735744542196155,0.6666666666666666,0.057128663686040734,0.0,True
rome,rome:60:53-0-s98:p0,0.1,1.2000000000000002,12.0,1640.0,1640.0,0.0,0,14.37560975609756,2.7324390243902443,24,10,2,derived_from_native_gap_count,0.00288127173373075,0.8,0.008693492300049677,0.0,True
rome,rome:60:53-0-s98:p0,0.2,2.4000000000000004,12.0,1640.0,1640.0,0.0,0,29.10487804878049,5.6782926829268305,24,10,2,derived_from_native_gap_count,0.00288127173373075,0.8,0.008693492300049677,0.0,True
rome,rome:60:53-0-s98:p0,0.3,3.5999999999999996,12.0,1640.0,1640.0,0.0,0,43.83414634146342,8.624146341463414,24,10,2,derived_from_native_gap_count,0.00288127173373075,0.8,0.008693492300049677,0.0,True
rome,rome:60:53-0-s98:p0,0.4,4.800000000000001,12.0,1640.0,1640.0,0.0,0,58.56341463414634,11.570000000000002,24,10,2,derived_from_native_gap_count,0.00288127173373075,0.8,0.008693492300049677,0.0,True
rome,rome:60:53-0-s98:p0,0.5,6.0,12.0,1640.0,1640.0,0.0,0,73.29268292682927,14.515853658536585,24,10,2,derived_from_native_gap_count,0.00288127173373075,0.8,0.008693492300049677,0.0,True
rome,rome:60:53-0-s98:p0,0.6,7.199999999999999,12.0,1640.0,1640.0,0.0,0,88.02195121951222,17.46170731707317,24,10,2,derived_from_native_gap_count,0.00288127173373075,0.8,0.008693492300049677,0.0,True
rome,rome:60:53-0-s98:p0,0.7,8.399999999999999,12.0,1640.0,1640.0,0.0,0,102.75121951219512,20.40756097560975,24,10,2,derived_from_native_gap_count,0.00288127173373075,0.8,0.008693492300049677,0.0,True
rome,rome:60:53-0-s98:p0,0.8,9.600000000000001,12.0,1640.0,1640.0,0.0,0,117.48048780487805,23.353414634146343,24,10,2,derived_from_native_gap_count,0.00288127173373075,0.8,0.008693492300049677,0.0,True
rome,rome:60:53-0-s98:p0,0.9,10.8,12.0,1640.0,1640.0,0.0,0,132.20975609756096,26.299268292682928,24,10,2,derived_from_native_gap_count,0.00288127173373075,0.8,0.008693492300049677,0.0,True
rome,rome:60:53-0-s98:p0,1.0,12.0,12.0,1640.0,1640.0,0.0,0,146.9390243902439,29.245121951219513,24,10,2,derived_from_native_gap_count,0.00288127173373075,0.8,0.008693492300049677,0.0,True
rome,rome:60:53-0-s98:p0,1.1,13.200000000000001,12.0,1640.0,1640.0,0.0,0,161.66829268292682,32.1909756097561,24,10,2,derived_from_native_gap_count,0.00288127173373075,0.8,0.008693492300049677,0.0,True
rome,rome:60:53-0-s98:p0,1.2,14.399999999999999,12.0,1640.0,1640.0,0.0,0,176.3975609756098,35.13682926829268,24,10,2,derived_from_native_gap_count,0.00288127173373075,0.8,0.008693492300049677,0.0,True
rome,rome:60:58-0-s2:p0,0.1,1.2000000000000002,12.0,8112.0,4447.200000000001,0.451775147928994,1,1.159467455621302,0.26819526627218937,24,4,1,derived_from_native_gap_count,0.0034491254003449125,0.75,0.009935419771485345,0.0,True
rome,rome:60:58-0-s2:p0,0.2,2.4000000000000004,12.0,8112.0,6506.400000000001,0.19792899408284018,1,2.3603550295857993,0.5659763313609468,24,4,1,derived_from_native_gap_count,0.0034491254003449125,0.75,0.009935419771485345,0.0,True
rome,rome:60:58-0-s2:p0,0.3,3.5999999999999996,12.0,8112.0,8112.0,0.0,0,3.561242603550296,0.8637573964497041,24,4,1,derived_from_native_gap_count,0.0034491254003449125,0.75,0.009935419771485345,0.0,True
rome,rome:60:58-0-s2:p0,0.4,4.800000000000001,12.0,8112.0,8112.0,0.0,0,4.762130177514794,1.1615384615384616,24,4,1,derived_from_native_gap_count,0.0034491254003449125,0.75,0.009935419771485345,0.0,True
rome,rome:60:58-0-s2:p0,0.5,6.0,12.0,8112.0,8112.0,0.0,0,5.96301775147929,1.459319526627219,24,4,1,derived_from_native_gap_count,0.0034491254003449125,0.75,0.009935419771485345,0.0,True
rome,rome:60:58-0-s2:p0,0.6,7.199999999999999,12.0,8112.0,8112.0,0.0,0,7.163905325443787,1.757100591715976,24,4,1,derived_from_native_gap_count,0.0034491254003449125,0.75,0.009935419771485345,0.0,True
rome,rome:60:58-0-s2:p0,0.7,8.399999999999999,12.0,8112.0,8112.0,0.0,0,8.364792899408283,2.0548816568047332,24,4,1,derived_from_native_gap_count,0.0034491254003449125,0.75,0.009935419771485345,0.0,True
rome,rome:60:58-0-s2:p0,0.8,9.600000000000001,12.0,8112.0,8112.0,0.0,0,9.565680473372783,2.3526627218934917,24,4,1,derived_from_native_gap_count,0.0034491254003449125,0.75,0.009935419771485345,0.0,True
rome,rome:60:58-0-s2:p0,0.9,10.8,12.0,8112.0,8112.0,0.0,0,10.766568047337277,2.650443786982249,24,4,1,derived_from_native_gap_count,0.0034491254003449125,0.75,0.009935419771485345,0.0,True
rome,rome:60:58-0-s2:p0,1.0,12.0,12.0,8112.0,8112.0,0.0,0,11.967455621301776,2.948224852071006,24,4,1,derived_from_native_gap_count,0.0034491254003449125,0.75,0.009935419771485345,0.0,True
rome,rome:60:58-0-s2:p0,1.1,13.200000000000001,12.0,8112.0,8112.0,0.0,0,13.168343195266274,3.2460059171597635,24,4,1,derived_from_native_gap_count,0.0034491254003449125,0.75,0.009935419771485345,0.0,True
rome,rome:60:58-0-s2:p0,1.2,14.399999999999999,12.0,8112.0,8112.0,0.0,0,14.36923076923077,3.54378698224852,24,4,1,derived_from_native_gap_count,0.0034491254003449125,0.75,0.009935419771485345,0.0,True
rome,rome:60:58-0-s8:p0,0.1,1.2000000000000002,12.0,4788.0,4788.0,0.0,0,1.9453634085213036,0.4669172932330828,24,4,1,derived_from_native_gap_count,0.003601589667163438,0.75,0.007451564828614009,0.0,True
rome,rome:60:58-0-s8:p0,0.2,2.4000000000000004,12.0,4788.0,4788.0,0.0,0,3.9634085213032586,0.9714285714285715,24,4,1,derived_from_native_gap_count,0.003601589667163438,0.75,0.007451564828614009,0.0,True
rome,rome:60:58-0-s8:p0,0.3,3.5999999999999996,12.0,4788.0,4788.0,0.0,0,5.981453634085212,1.47593984962406,24,4,1,derived_from_native_gap_count,0.003601589667163438,0.75,0.007451564828614009,0.0,True
rome,rome:60:58-0-s8:p0,0.4,4.800000000000001,12.0,4788.0,4788.0,0.0,0,7.999498746867169,1.9804511278195491,24,4,1,derived_from_native_gap_count,0.003601589667163438,0.75,0.007451564828614009,0.0,True
rome,rome:60:58-0-s8:p0,0.5,6.0,12.0,4788.0,4788.0,0.0,0,10.017543859649123,2.4849624060150375,24,4,1,derived_from_native_gap_count,0.003601589667163438,0.75,0.007451564828614009,0.0,True
rome,rome:60:58-0-s8:p0,0.6,7.199999999999999,12.0,4788.0,4788.0,0.0,0,12.035588972431077,2.989473684210526,24,4,1,derived_from_native_gap_count,0.003601589667163438,0.75,0.007451564828614009,0.0,True
rome,rome:60:58-0-s8:p0,0.7,8.399999999999999,12.0,4788.0,4788.0,0.0,0,14.05363408521303,3.4939849624060146,24,4,1,derived_from_native_gap_count,0.003601589667163438,0.75,0.007451564828614009,0.0,True
rome,rome:60:58-0-s8:p0,0.8,9.600000000000001,12.0,4788.0,4788.0,0.0,0,16.07167919799499,3.9984962406015043,24,4,1,derived_from_native_gap_count,0.003601589667163438,0.75,0.007451564828614009,0.0,True
rome,rome:60:58-0-s8:p0,0.9,10.8,12.0,4788.0,4788.0,0.0,0,18.089724310776944,4.503007518796993,24,4,1,derived_from_native_gap_count,0.003601589667163438,0.75,0.007451564828614009,0.0,True
rome,rome:60:58-0-s8:p0,1.0,12.0,12.0,4788.0,4788.0,0.0,0,20.107769423558896,5.007518796992481,24,4,1,derived_from_native_gap_count,0.003601589667163438,0.75,0.007451564828614009,0.0,True
rome,rome:60:58-0-s8:p0,1.1,13.200000000000001,12.0,4788.0,4788.0,0.0,0,22.125814536340854,5.512030075187971,24,4,1,derived_from_native_gap_count,0.003601589667163438,0.75,0.007451564828614009,0.0,True
rome,rome:60:58-0-s8:p0,1.2,14.399999999999999,12.0,4788.0,4788.0,0.0,0,24.143859649122806,6.016541353383458,24,4,1,derived_from_native_gap_count,0.003601589667163438,0.75,0.007451564828614009,0.0,True
rome,rome:60:58-1-s27:p0,0.1,1.2000000000000002,12.0,3340.0,3340.0,0.0,0,1.404550898203593,,24,2,0,derived_from_native_gap_count,0.003477396920019871,1.0,,,True
rome,rome:60:58-1-s27:p0,0.2,2.4000000000000004,12.0,3340.0,3340.0,0.0,0,2.8510179640718567,,24,2,0,derived_from_native_gap_count,0.003477396920019871,1.0,,,True
rome,rome:60:58-1-s27:p0,0.3,3.5999999999999996,12.0,3340.0,3340.0,0.0,0,4.29748502994012,,24,2,0,derived_from_native_gap_count,0.003477396920019871,1.0,,,True
rome,rome:60:58-1-s27:p0,0.4,4.800000000000001,12.0,3340.0,3340.0,0.0,0,5.7439520958083845,,24,2,0,derived_from_native_gap_count,0.003477396920019871,1.0,,,True
rome,rome:60:58-1-s27:p0,0.5,6.0,12.0,3340.0,3340.0,0.0,0,7.190419161676647,,24,2,0,derived_from_native_gap_count,0.003477396920019871,1.0,,,True
rome,rome:60:58-1-s27:p0,0.6,7.199999999999999,12.0,3340.0,3340.0,0.0,0,8.63688622754491,,24,2,0,derived_from_native_gap_count,0.003477396920019871,1.0,,,True
rome,rome:60:58-1-s27:p0,0.7,8.399999999999999,12.0,3340.0,3340.0,0.0,0,10.083353293413172,,24,2,0,derived_from_native_gap_count,0.003477396920019871,1.0,,,True
rome,rome:60:58-1-s27:p0,0.8,9.600000000000001,12.0,3340.0,3340.0,0.0,0,11.52982035928144,,24,2,0,derived_from_native_gap_count,0.003477396920019871,1.0,,,True
rome,rome:60:58-1-s27:p0,0.9,10.8,12.0,3340.0,3340.0,0.0,0,12.976287425149701,,24,2,0,derived_from_native_gap_count,0.003477396920019871,1.0,,,True
rome,rome:60:58-1-s27:p0,1.0,12.0,12.0,3340.0,3340.0,0.0,0,14.422754491017963,,24,2,0,derived_from_native_gap_count,0.003477396920019871,1.0,,,True
rome,rome:60:58-1-s27:p0,1.1,13.200000000000001,12.0,3340.0,3340.0,0.0,0,15.86922155688623,,24,2,0,derived_from_native_gap_count,0.003477396920019871,1.0,,,True
rome,rome:60:58-1-s27:p0,1.2,14.399999999999999,12.0,3340.0,3340.0,0.0,0,17.31568862275449,,24,2,0,derived_from_native_gap_count,0.003477396920019871,1.0,,,True
rome,rome:60:66-0-s9:p0,0.1,1.2000000000000002,12.0,10176.0,4508.400000000001,0.5569575471698113,1,1.92311320754717,,24,8,0,derived_from_native_gap_count,0.00036656891495601173,1.0,,,True
rome,rome:60:66-0-s9:p0,0.2,2.4000000000000004,12.0,10176.0,6844.800000000001,0.3273584905660376,1,3.8533018867924533,,24,8,0,derived_from_native_gap_count,0.00036656891495601173,1.0,,,True
rome,rome:60:66-0-s9:p0,0.3,3.5999999999999996,12.0,10176.0,9181.199999999999,0.09775943396226426,1,5.783490566037735,,24,8,0,derived_from_native_gap_count,0.00036656891495601173,1.0,,,True
rome,rome:60:66-0-s9:p0,0.4,4.800000000000001,12.0,10176.0,10176.0,0.0,0,7.71367924528302,,24,8,0,derived_from_native_gap_count,0.00036656891495601173,1.0,,,True
rome,rome:60:66-0-s9:p0,0.5,6.0,12.0,10176.0,10176.0,0.0,0,9.643867924528301,,24,8,0,derived_from_native_gap_count,0.00036656891495601173,1.0,,,True
rome,rome:60:66-0-s9:p0,0.6,7.199999999999999,12.0,10176.0,10176.0,0.0,0,11.574056603773585,,24,8,0,derived_from_native_gap_count,0.00036656891495601173,1.0,,,True
rome,rome:60:66-0-s9:p0,0.7,8.399999999999999,12.0,10176.0,10176.0,0.0,0,13.504245283018866,,24,8,0,derived_from_native_gap_count,0.00036656891495601173,1.0,,,True
rome,rome:60:66-0-s9:p0,0.8,9.600000000000001,12.0,10176.0,10176.0,0.0,0,15.434433962264153,,24,8,0,derived_from_native_gap_count,0.00036656891495601173,1.0,,,True
rome,rome:60:66-0-s9:p0,0.9,10.8,12.0,10176.0,10176.0,0.0,0,17.364622641509435,,24,8,0,derived_from_native_gap_count,0.00036656891495601173,1.0,,,True
rome,rome:60:66-0-s9:p0,1.0,12.0,12.0,10176.0,10176.0,0.0,0,19.294811320754718,,24,8,0,derived_from_native_gap_count,0.00036656891495601173,1.0,,,True
rome,rome:60:66-0-s9:p0,1.1,13.200000000000001,12.0,10176.0,10176.0,0.0,0,21.224999999999998,,24,8,0,derived_from_native_gap_count,0.00036656891495601173,1.0,,,True
rome,rome:60:66-0-s9:p0,1.2,14.399999999999999,12.0,10176.0,10176.0,0.0,0,23.15518867924528,,24,8,0,derived_from_native_gap_count,0.00036656891495601173,1.0,,,True
rome,rome:60:67-1-s1:p0,0.1,1.2000000000000002,12.0,7776.0,6636.0,0.14660493827160495,1,3.00570987654321,0.33533950617283953,24,9,1,derived_from_native_gap_count,0.0014670916173420347,0.8888888888888888,0.007255655142979087,0.0,True
rome,rome:60:67-1-s1:p0,0.2,2.4000000000000004,12.0,7776.0,7776.0,0.0,0,6.056172839506173,0.6969135802469136,24,9,1,derived_from_native_gap_count,0.0014670916173420347,0.8888888888888888,0.007255655142979087,0.0,True
rome,rome:60:67-1-s1:p0,0.3,3.5999999999999996,12.0,7776.0,7776.0,0.0,0,9.106635802469135,1.0584876543209876,24,9,1,derived_from_native_gap_count,0.0014670916173420347,0.8888888888888888,0.007255655142979087,0.0,True
rome,rome:60:67-1-s1:p0,0.4,4.800000000000001,12.0,7776.0,7776.0,0.0,0,12.1570987654321,1.4200617283950618,24,9,1,derived_from_native_gap_count,0.0014670916173420347,0.8888888888888888,0.007255655142979087,0.0,True
rome,rome:60:67-1-s1:p0,0.5,6.0,12.0,7776.0,7776.0,0.0,0,15.207561728395062,1.7816358024691359,24,9,1,derived_from_native_gap_count,0.0014670916173420347,0.8888888888888888,0.007255655142979087,0.0,True
rome,rome:60:67-1-s1:p0,0.6,7.199999999999999,12.0,7776.0,7776.0,0.0,0,18.258024691358024,2.1432098765432097,24,9,1,derived_from_native_gap_count,0.0014670916173420347,0.8888888888888888,0.007255655142979087,0.0,True
rome,rome:60:67-1-s1:p0,0.7,8.399999999999999,12.0,7776.0,7776.0,0.0,0,21.308487654320984,2.5047839506172838,24,9,1,derived_from_native_gap_count,0.0014670916173420347,0.8888888888888888,0.007255655142979087,0.0,True
rome,rome:60:67-1-s1:p0,0.8,9.600000000000001,12.0,7776.0,7776.0,0.0,0,24.358950617283952,2.8663580246913583,24,9,1,derived_from_native_gap_count,0.0014670916173420347,0.8888888888888888,0.007255655142979087,0.0,True
rome,rome:60:67-1-s1:p0,0.9,10.8,12.0,7776.0,7776.0,0.0,0,27.40941358024691,3.2279320987654323,24,9,1,derived_from_native_gap_count,0.0014670916173420347,0.8888888888888888,0.007255655142979087,0.0,True
rome,rome:60:67-1-s1:p0,1.0,12.0,12.0,7776.0,7776.0,0.0,0,30.459876543209877,3.5895061728395063,24,9,1,derived_from_native_gap_count,0.0014670916173420347,0.8888888888888888,0.007255655142979087,0.0,True
rome,rome:60:67-1-s1:p0,1.1,13.200000000000001,12.0,7776.0,7776.0,0.0,0,33.51033950617284,3.9510802469135804,24,9,1,derived_from_native_gap_count,0.0014670916173420347,0.8888888888888888,0.007255655142979087,0.0,True
rome,rome:60:67-1-s1:p0,1.2,14.399999999999999,12.0,7776.0,7776.0,0.0,0,36.5608024691358,4.3126543209876536,24,9,1,derived_from_native_gap_count,0.0014670916173420347,0.8888888888888888,0.007255655142979087,0.0,True
rome,rome:60:68-0-s112:p0,0.1,1.2000000000000002,12.0,540.0,540.0,0.0,0,13.345185185185187,,24,3,0,derived_from_native_gap_count,0.0013175230566534915,1.0,,,True
rome,rome:60:68-0-s112:p0,0.2,2.4000000000000004,12.0,540.0,540.0,0.0,0,26.838518518518523,,24,3,0,derived_from_native_gap_count,0.0013175230566534915,1.0,,,True
rome,rome:60:68-0-s112:p0,0.3,3.5999999999999996,12.0,540.0,540.0,0.0,0,40.331851851851845,,24,3,0,derived_from_native_gap_count,0.0013175230566534915,1.0,,,True
rome,rome:60:68-0-s112:p0,0.4,4.800000000000001,12.0,540.0,540.0,0.0,0,53.8251851851852,,24,3,0,derived_from_native_gap_count,0.0013175230566534915,1.0,,,True
rome,rome:60:68-0-s112:p0,0.5,6.0,12.0,540.0,540.0,0.0,0,67.31851851851852,,24,3,0,derived_from_native_gap_count,0.0013175230566534915,1.0,,,True
rome,rome:60:68-0-s112:p0,0.6,7.199999999999999,12.0,540.0,540.0,0.0,0,80.81185185185184,,24,3,0,derived_from_native_gap_count,0.0013175230566534915,1.0,,,True
rome,rome:60:68-0-s112:p0,0.7,8.399999999999999,12.0,540.0,540.0,0.0,0,94.30518518518517,,24,3,0,derived_from_native_gap_count,0.0013175230566534915,1.0,,,True
rome,rome:60:68-0-s112:p0,0.8,9.600000000000001,12.0,540.0,540.0,0.0,0,107.79851851851853,,24,3,0,derived_from_native_gap_count,0.0013175230566534915,1.0,,,True
rome,rome:60:68-0-s112:p0,0.9,10.8,12.0,540.0,540.0,0.0,0,121.29185185185186,,24,3,0,derived_from_native_gap_count,0.0013175230566534915,1.0,,,True
rome,rome:60:68-0-s112:p0,1.0,12.0,12.0,540.0,540.0,0.0,0,134.78518518518518,,24,3,0,derived_from_native_gap_count,0.0013175230566534915,1.0,,,True
rome,rome:60:68-0-s112:p0,1.1,13.200000000000001,12.0,540.0,540.0,0.0,0,148.27851851851852,,24,3,0,derived_from_native_gap_count,0.0013175230566534915,1.0,,,True
rome,rome:60:68-0-s112:p0,1.2,14.399999999999999,12.0,540.0,540.0,0.0,0,161.77185185185184,,24,3,0,derived_from_native_gap_count,0.0013175230566534915,1.0,,,True
rome,rome:60:68-0-s234:p0,0.1,1.2000000000000002,12.0,3640.0,3526.0000000000005,0.031318681318681194,1,3.8608791208791216,1.2201098901098903,24,6,2,derived_from_native_gap_count,0.0036429872495446266,0.6666666666666666,0.009687034277198211,0.0,True
rome,rome:60:68-0-s234:p0,0.2,2.4000000000000004,12.0,3640.0,3640.0,0.0,0,7.8426373626373636,2.547362637362638,24,6,2,derived_from_native_gap_count,0.0036429872495446266,0.6666666666666666,0.009687034277198211,0.0,True
rome,rome:60:68-0-s234:p0,0.3,3.5999999999999996,12.0,3640.0,3640.0,0.0,0,11.824395604395605,3.8746153846153844,24,6,2,derived_from_native_gap_count,0.0036429872495446266,0.6666666666666666,0.009687034277198211,0.0,True
rome,rome:60:68-0-s234:p0,0.4,4.800000000000001,12.0,3640.0,3640.0,0.0,0,15.80615384615385,5.201868131868133,24,6,2,derived_from_native_gap_count,0.0036429872495446266,0.6666666666666666,0.009687034277198211,0.0,True
rome,rome:60:68-0-s234:p0,0.5,6.0,12.0,3640.0,3640.0,0.0,0,19.787912087912087,6.529120879120879,24,6,2,derived_from_native_gap_count,0.0036429872495446266,0.6666666666666666,0.009687034277198211,0.0,True
rome,rome:60:68-0-s234:p0,0.6,7.199999999999999,12.0,3640.0,3640.0,0.0,0,23.76967032967033,7.8563736263736255,24,6,2,derived_from_native_gap_count,0.0036429872495446266,0.6666666666666666,0.009687034277198211,0.0,True
rome,rome:60:68-0-s234:p0,0.7,8.399999999999999,12.0,3640.0,3640.0,0.0,0,27.751428571428566,9.183626373626373,24,6,2,derived_from_native_gap_count,0.0036429872495446266,0.6666666666666666,0.009687034277198211,0.0,True
rome,rome:60:68-0-s234:p0,0.8,9.600000000000001,12.0,3640.0,3640.0,0.0,0,31.73318681318682,10.510879120879123,24,6,2,derived_from_native_gap_count,0.0036429872495446266,0.6666666666666666,0.009687034277198211,0.0,True
rome,rome:60:68-0-s234:p0,0.9,10.8,12.0,3640.0,3640.0,0.0,0,35.714945054945055,11.83813186813187,24,6,2,derived_from_native_gap_count,0.0036429872495446266,0.6666666666666666,0.009687034277198211,0.0,True
rome,rome:60:68-0-s234:p0,1.0,12.0,12.0,3640.0,3640.0,0.0,0,39.6967032967033,13.165384615384616,24,6,2,derived_from_native_gap_count,0.0036429872495446266,0.6666666666666666,0.009687034277198211,0.0,True
rome,rome:60:68-0-s234:p0,1.1,13.200000000000001,12.0,3640.0,3640.0,0.0,0,43.67846153846154,14.492637362637364,24,6,2,derived_from_native_gap_count,0.0036429872495446266,0.6666666666666666,0.009687034277198211,0.0,True
rome,rome:60:68-0-s234:p0,1.2,14.399999999999999,12.0,3640.0,3640.0,0.0,0,47.660219780219784,15.819890109890109,24,6,2,derived_from_native_gap_count,0.0036429872495446266,0.6666666666666666,0.009687034277198211,0.0,True
rome,rome:60:70-0-s118:p0,0.1,1.2000000000000002,12.0,5570.0,5497.6,0.01299820466786349,1,2.5244524236983845,1.2252064631956914,24,6,3,derived_from_native_gap_count,0.005457803844900619,0.5,0.010582010582010581,0.0,True
rome,rome:60:70-0-s118:p0,0.2,2.4000000000000004,12.0,5570.0,5570.0,0.0,0,5.1691921005386,2.568904847396769,24,6,3,derived_from_native_gap_count,0.005457803844900619,0.5,0.010582010582010581,0.0,True
rome,rome:60:70-0-s118:p0,0.3,3.5999999999999996,12.0,5570.0,5570.0,0.0,0,7.813931777378814,3.912603231597845,24,6,3,derived_from_native_gap_count,0.005457803844900619,0.5,0.010582010582010581,0.0,True
rome,rome:60:70-0-s118:p0,0.4,4.800000000000001,12.0,5570.0,5570.0,0.0,0,10.458671454219033,5.2563016157989235,24,6,3,derived_from_native_gap_count,0.005457803844900619,0.5,0.010582010582010581,0.0,True
rome,rome:60:70-0-s118:p0,0.5,6.0,12.0,5570.0,5570.0,0.0,0,13.103411131059246,6.6,24,6,3,derived_from_native_gap_count,0.005457803844900619,0.5,0.010582010582010581,0.0,True
rome,rome:60:70-0-s118:p0,0.6,7.199999999999999,12.0,5570.0,5570.0,0.0,0,15.748150807899458,7.943698384201076,24,6,3,derived_from_native_gap_count,0.005457803844900619,0.5,0.010582010582010581,0.0,True
rome,rome:60:70-0-s118:p0,0.7,8.399999999999999,12.0,5570.0,5570.0,0.0,0,18.392890484739674,9.287396768402152,24,6,3,derived_from_native_gap_count,0.005457803844900619,0.5,0.010582010582010581,0.0,True
rome,rome:60:70-0-s118:p0,0.8,9.600000000000001,12.0,5570.0,5570.0,0.0,0,21.037630161579894,10.631095152603233,24,6,3,derived_from_native_gap_count,0.005457803844900619,0.5,0.010582010582010581,0.0,True
rome,rome:60:70-0-s118:p0,0.9,10.8,12.0,5570.0,5570.0,0.0,0,23.682369838420104,11.97479353680431,24,6,3,derived_from_native_gap_count,0.005457803844900619,0.5,0.010582010582010581,0.0,True
rome,rome:60:70-0-s118:p0,1.0,12.0,12.0,5570.0,5570.0,0.0,0,26.32710951526032,13.318491921005386,24,6,3,derived_from_native_gap_count,0.005457803844900619,0.5,0.010582010582010581,0.0,True
rome,rome:60:70-0-s118:p0,1.1,13.200000000000001,12.0,5570.0,5570.0,0.0,0,28.971849192100542,14.662190305206465,24,6,3,derived_from_native_gap_count,0.005457803844900619,0.5,0.010582010582010581,0.0,True
rome,rome:60:70-0-s118:p0,1.2,14.399999999999999,12.0,5570.0,5570.0,0.0,0,31.61658886894075,16.005888689407538,24,6,3,derived_from_native_gap_count,0.005457803844900619,0.5,0.010582010582010581,0.0,True
rome,rome:60:70-0-s141:p0,0.1,1.2000000000000002,12.0,20102.0,12338.000000000002,0.38623022584817424,3,0.5157695751666502,0.28040990946174515,24,5,3,derived_from_native_gap_count,0.01698956780923994,0.4,0.026660043053485676,0.0,True
rome,rome:60:70-0-s141:p0,0.2,2.4000000000000004,12.0,20102.0,17282.0,0.14028454880111432,2,1.1166053129041889,0.6409113521042683,24,5,3,derived_from_native_gap_count,0.01698956780923994,0.4,0.026660043053485676,0.0,True
rome,rome:60:70-0-s141:p0,0.3,3.5999999999999996,12.0,20102.0,20102.0,0.0,0,1.7174410506417273,1.0014127947467912,24,5,3,derived_from_native_gap_count,0.01698956780923994,0.4,0.026660043053485676,0.0,True
rome,rome:60:70-0-s141:p0,0.4,4.800000000000001,12.0,20102.0,20102.0,0.0,0,2.3182767883792663,1.3619142373893147,24,5,3,derived_from_native_gap_count,0.01698956780923994,0.4,0.026660043053485676,0.0,True
rome,rome:60:70-0-s141:p0,0.5,6.0,12.0,20102.0,20102.0,0.0,0,2.9191125261168045,1.7224156800318375,24,5,3,derived_from_native_gap_count,0.01698956780923994,0.4,0.026660043053485676,0.0,True
rome,rome:60:70-0-s141:p0,0.6,7.199999999999999,12.0,20102.0,20102.0,0.0,0,3.5199482638543427,2.0829171226743606,24,5,3,derived_from_native_gap_count,0.01698956780923994,0.4,0.026660043053485676,0.0,True
rome,rome:60:70-0-s141:p0,0.7,8.399999999999999,12.0,20102.0,20102.0,0.0,0,4.120784001591881,2.4434185653168834,24,5,3,derived_from_native_gap_count,0.01698956780923994,0.4,0.026660043053485676,0.0,True
rome,rome:60:70-0-s141:p0,0.8,9.600000000000001,12.0,20102.0,20102.0,0.0,0,4.72161973932942,2.8039200079594075,24,5,3,derived_from_native_gap_count,0.01698956780923994,0.4,0.026660043053485676,0.0,True
rome,rome:60:70-0-s141:p0,0.9,10.8,12.0,20102.0,20102.0,0.0,0,5.322455477066958,3.1644214506019304,24,5,3,derived_from_native_gap_count,0.01698956780923994,0.4,0.026660043053485676,0.0,True
rome,rome:60:70-0-s141:p0,1.0,12.0,12.0,20102.0,20102.0,0.0,0,5.923291214804497,3.524922893244453,24,5,3,derived_from_native_gap_count,0.01698956780923994,0.4,0.026660043053485676,0.0,True
rome,rome:60:70-0-s141:p0,1.1,13.200000000000001,12.0,20102.0,20102.0,0.0,0,6.524126952542035,3.8854243358869764,24,5,3,derived_from_native_gap_count,0.01698956780923994,0.4,0.026660043053485676,0.0,True
rome,rome:60:70-0-s141:p0,1.2,14.399999999999999,12.0,20102.0,20102.0,0.0,0,7.124962690279574,4.245925778529499,24,5,3,derived_from_native_gap_count,0.01698956780923994,0.4,0.026660043053485676,0.0,True
rome,rome:60:70-0-s152:p0,0.1,1.2000000000000002,12.0,2370.0,2370.0,0.0,0,5.992742616033756,1.886582278481013,24,6,2,derived_from_native_gap_count,0.003046772068511199,0.6666666666666666,0.00894187779433681,0.0,True
rome,rome:60:70-0-s152:p0,0.2,2.4000000000000004,12.0,2370.0,2370.0,0.0,0,12.141603375527428,3.925063291139241,24,6,2,derived_from_native_gap_count,0.003046772068511199,0.6666666666666666,0.00894187779433681,0.0,True
rome,rome:60:70-0-s152:p0,0.3,3.5999999999999996,12.0,2370.0,2370.0,0.0,0,18.290464135021097,5.963544303797468,24,6,2,derived_from_native_gap_count,0.003046772068511199,0.6666666666666666,0.00894187779433681,0.0,True
rome,rome:60:70-0-s152:p0,0.4,4.800000000000001,12.0,2370.0,2370.0,0.0,0,24.439324894514773,8.002025316455697,24,6,2,derived_from_native_gap_count,0.003046772068511199,0.6666666666666666,0.00894187779433681,0.0,True
rome,rome:60:70-0-s152:p0,0.5,6.0,12.0,2370.0,2370.0,0.0,0,30.588185654008438,10.040506329113924,24,6,2,derived_from_native_gap_count,0.003046772068511199,0.6666666666666666,0.00894187779433681,0.0,True
rome,rome:60:70-0-s152:p0,0.6,7.199999999999999,12.0,2370.0,2370.0,0.0,0,36.737046413502114,12.07898734177215,24,6,2,derived_from_native_gap_count,0.003046772068511199,0.6666666666666666,0.00894187779433681,0.0,True
rome,rome:60:70-0-s152:p0,0.7,8.399999999999999,12.0,2370.0,2370.0,0.0,0,42.88590717299577,14.117468354430377,24,6,2,derived_from_native_gap_count,0.003046772068511199,0.6666666666666666,0.00894187779433681,0.0,True
rome,rome:60:70-0-s152:p0,0.8,9.600000000000001,12.0,2370.0,2370.0,0.0,0,49.03476793248946,16.15594936708861,24,6,2,derived_from_native_gap_count,0.003046772068511199,0.6666666666666666,0.00894187779433681,0.0,True
rome,rome:60:70-0-s152:p0,0.9,10.8,12.0,2370.0,2370.0,0.0,0,55.183628691983124,18.194430379746837,24,6,2,derived_from_native_gap_count,0.003046772068511199,0.6666666666666666,0.00894187779433681,0.0,True
rome,rome:60:70-0-s152:p0,1.0,12.0,12.0,2370.0,2370.0,0.0,0,61.332489451476796,20.232911392405065,24,6,2,derived_from_native_gap_count,0.003046772068511199,0.6666666666666666,0.00894187779433681,0.0,True
rome,rome:60:70-0-s152:p0,1.1,13.200000000000001,12.0,2370.0,2370.0,0.0,0,67.48135021097046,22.271392405063292,24,6,2,derived_from_native_gap_count,0.003046772068511199,0.6666666666666666,0.00894187779433681,0.0,True
rome,rome:60:70-0-s152:p0,1.2,14.399999999999999,12.0,2370.0,2370.0,0.0,0,73.63021097046413,24.309873417721516,24,6,2,derived_from_native_gap_count,0.003046772068511199,0.6666666666666666,0.00894187779433681,0.0,True
rome,rome:60:70-0-s162:p0,0.1,1.2000000000000002,12.0,1940.0,1940.0,0.0,0,9.89917525773196,,24,8,0,derived_from_native_gap_count,0.0009915101939641817,1.0,,,True
rome,rome:60:70-0-s162:p0,0.2,2.4000000000000004,12.0,1940.0,1940.0,0.0,0,19.880824742268043,,24,8,0,derived_from_native_gap_count,0.0009915101939641817,1.0,,,True
rome,rome:60:70-0-s162:p0,0.3,3.5999999999999996,12.0,1940.0,1940.0,0.0,0,29.86247422680412,,24,8,0,derived_from_native_gap_count,0.0009915101939641817,1.0,,,True
rome,rome:60:70-0-s162:p0,0.4,4.800000000000001,12.0,1940.0,1940.0,0.0,0,39.84412371134021,,24,8,0,derived_from_native_gap_count,0.0009915101939641817,1.0,,,True
rome,rome:60:70-0-s162:p0,0.5,6.0,12.0,1940.0,1940.0,0.0,0,49.82577319587629,,24,8,0,derived_from_native_gap_count,0.0009915101939641817,1.0,,,True
rome,rome:60:70-0-s162:p0,0.6,7.199999999999999,12.0,1940.0,1940.0,0.0,0,59.807422680412365,,24,8,0,derived_from_native_gap_count,0.0009915101939641817,1.0,,,True
rome,rome:60:70-0-s162:p0,0.7,8.399999999999999,12.0,1940.0,1940.0,0.0,0,69.78907216494845,,24,8,0,derived_from_native_gap_count,0.0009915101939641817,1.0,,,True
rome,rome:60:70-0-s162:p0,0.8,9.600000000000001,12.0,1940.0,1940.0,0.0,0,79.77072164948454,,24,8,0,derived_from_native_gap_count,0.0009915101939641817,1.0,,,True
rome,rome:60:70-0-s162:p0,0.9,10.8,12.0,1940.0,1940.0,0.0,0,89.7523711340206,,24,8,0,derived_from_native_gap_count,0.0009915101939641817,1.0,,,True
rome,rome:60:70-0-s162:p0,1.0,12.0,12.0,1940.0,1940.0,0.0,0,99.7340206185567,,24,8,0,derived_from_native_gap_count,0.0009915101939641817,1.0,,,True
rome,rome:60:70-0-s162:p0,1.1,13.200000000000001,12.0,1940.0,1940.0,0.0,0,109.71567010309279,,24,8,0,derived_from_native_gap_count,0.0009915101939641817,1.0,,,True
rome,rome:60:70-0-s162:p0,1.2,14.399999999999999,12.0,1940.0,1940.0,0.0,0,119.69731958762885,,24,8,0,derived_from_native_gap_count,0.0009915101939641817,1.0,,,True
rome,rome:60:70-0-s172:p0,0.1,1.2000000000000002,12.0,3450.0,3450.0,0.0,0,5.42736231884058,1.9613913043478264,24,8,3,derived_from_native_gap_count,0.003966040775856727,0.625,0.007948335817188276,0.0,True
rome,rome:60:70-0-s172:p0,0.2,2.4000000000000004,12.0,3450.0,3450.0,0.0,0,11.040231884057972,4.0619130434782615,24,8,3,derived_from_native_gap_count,0.003966040775856727,0.625,0.007948335817188276,0.0,True
rome,rome:60:70-0-s172:p0,0.3,3.5999999999999996,12.0,3450.0,3450.0,0.0,0,16.65310144927536,6.162434782608695,24,8,3,derived_from_native_gap_count,0.003966040775856727,0.625,0.007948335817188276,0.0,True
rome,rome:60:70-0-s172:p0,0.4,4.800000000000001,12.0,3450.0,3450.0,0.0,0,22.265971014492756,8.262956521739131,24,8,3,derived_from_native_gap_count,0.003966040775856727,0.625,0.007948335817188276,0.0,True
rome,rome:60:70-0-s172:p0,0.5,6.0,12.0,3450.0,3450.0,0.0,0,27.878840579710143,10.363478260869565,24,8,3,derived_from_native_gap_count,0.003966040775856727,0.625,0.007948335817188276,0.0,True
rome,rome:60:70-0-s172:p0,0.6,7.199999999999999,12.0,3450.0,3450.0,0.0,0,33.49171014492754,12.463999999999999,24,8,3,derived_from_native_gap_count,0.003966040775856727,0.625,0.007948335817188276,0.0,True
rome,rome:60:70-0-s172:p0,0.7,8.399999999999999,12.0,3450.0,3450.0,0.0,0,39.104579710144925,14.564521739130432,24,8,3,derived_from_native_gap_count,0.003966040775856727,0.625,0.007948335817188276,0.0,True
rome,rome:60:70-0-s172:p0,0.8,9.600000000000001,12.0,3450.0,3450.0,0.0,0,44.71744927536232,16.665043478260873,24,8,3,derived_from_native_gap_count,0.003966040775856727,0.625,0.007948335817188276,0.0,True
rome,rome:60:70-0-s172:p0,0.9,10.8,12.0,3450.0,3450.0,0.0,0,50.3303188405797,18.765565217391305,24,8,3,derived_from_native_gap_count,0.003966040775856727,0.625,0.007948335817188276,0.0,True
rome,rome:60:70-0-s172:p0,1.0,12.0,12.0,3450.0,3450.0,0.0,0,55.9431884057971,20.866086956521738,24,8,3,derived_from_native_gap_count,0.003966040775856727,0.625,0.007948335817188276,0.0,True
rome,rome:60:70-0-s172:p0,1.1,13.200000000000001,12.0,3450.0,3450.0,0.0,0,61.556057971014496,22.966608695652173,24,8,3,derived_from_native_gap_count,0.003966040775856727,0.625,0.007948335817188276,0.0,True
rome,rome:60:70-0-s172:p0,1.2,14.399999999999999,12.0,3450.0,3450.0,0.0,0,67.16892753623188,25.067130434782605,24,8,3,derived_from_native_gap_count,0.003966040775856727,0.625,0.007948335817188276,0.0,True
rome,rome:60:70-0-s57:p0,0.1,1.2000000000000002,12.0,3230.0,3230.0,0.0,0,2.088792569659443,1.3409287925696596,24,3,2,derived_from_native_gap_count,0.008279516476237788,0.3333333333333333,0.012419274714356682,0.0,True
rome,rome:60:70-0-s57:p0,0.2,2.4000000000000004,12.0,3230.0,3230.0,0.0,0,4.332383900928793,2.8366563467492263,24,3,2,derived_from_native_gap_count,0.008279516476237788,0.3333333333333333,0.012419274714356682,0.0,True
rome,rome:60:70-0-s57:p0,0.3,3.5999999999999996,12.0,3230.0,3230.0,0.0,0,6.575975232198142,4.332383900928792,24,3,2,derived_from_native_gap_count,0.008279516476237788,0.3333333333333333,0.012419274714356682,0.0,True
rome,rome:60:70-0-s57:p0,0.4,4.800000000000001,12.0,3230.0,3230.0,0.0,0,8.819566563467493,5.82811145510836,24,3,2,derived_from_native_gap_count,0.008279516476237788,0.3333333333333333,0.012419274714356682,0.0,True
rome,rome:60:70-0-s57:p0,0.5,6.0,12.0,3230.0,3230.0,0.0,0,11.063157894736841,7.3238390092879255,24,3,2,derived_from_native_gap_count,0.008279516476237788,0.3333333333333333,0.012419274714356682,0.0,True
rome,rome:60:70-0-s57:p0,0.6,7.199999999999999,12.0,3230.0,3230.0,0.0,0,13.306749226006191,8.819566563467491,24,3,2,derived_from_native_gap_count,0.008279516476237788,0.3333333333333333,0.012419274714356682,0.0,True
rome,rome:60:70-0-s57:p0,0.7,8.399999999999999,12.0,3230.0,3230.0,0.0,0,15.55034055727554,10.315294117647056,24,3,2,derived_from_native_gap_count,0.008279516476237788,0.3333333333333333,0.012419274714356682,0.0,True
rome,rome:60:70-0-s57:p0,0.8,9.600000000000001,12.0,3230.0,3230.0,0.0,0,17.793931888544893,11.811021671826627,24,3,2,derived_from_native_gap_count,0.008279516476237788,0.3333333333333333,0.012419274714356682,0.0,True
rome,rome:60:70-0-s57:p0,0.9,10.8,12.0,3230.0,3230.0,0.0,0,20.037523219814243,13.306749226006193,24,3,2,derived_from_native_gap_count,0.008279516476237788,0.3333333333333333,0.012419274714356682,0.0,True
rome,rome:60:70-0-s57:p0,1.0,12.0,12.0,3230.0,3230.0,0.0,0,22.28111455108359,14.802476780185758,24,3,2,derived_from_native_gap_count,0.008279516476237788,0.3333333333333333,0.012419274714356682,0.0,True
rome,rome:60:70-0-s57:p0,1.1,13.200000000000001,12.0,3230.0,3230.0,0.0,0,24.524705882352944,16.298204334365327,24,3,2,derived_from_native_gap_count,0.008279516476237788,0.3333333333333333,0.012419274714356682,0.0,True
rome,rome:60:70-0-s57:p0,1.2,14.399999999999999,12.0,3230.0,3230.0,0.0,0,26.76829721362229,17.79393188854489,24,3,2,derived_from_native_gap_count,0.008279516476237788,0.3333333333333333,0.012419274714356682,0.0,True
rome,rome:60:70-0-s57:p1,0.1,1.2000000000000002,12.0,3900.0,3900.0,0.0,0,4.086974358974359,2.89948717948718,24,7,5,derived_from_native_gap_count,0.0068838265559577035,0.2857142857142857,0.007650273224043716,0.0,True
rome,rome:60:70-0-s57:p1,0.2,2.4000000000000004,12.0,3900.0,3900.0,0.0,0,8.422666666666668,5.9964102564102575,24,7,5,derived_from_native_gap_count,0.0068838265559577035,0.2857142857142857,0.007650273224043716,0.0,True
rome,rome:60:70-0-s57:p1,0.3,3.5999999999999996,12.0,3900.0,3900.0,0.0,0,12.758358974358975,9.093333333333334,24,7,5,derived_from_native_gap_count,0.0068838265559577035,0.2857142857142857,0.007650273224043716,0.0,True
rome,rome:60:70-0-s57:p1,0.4,4.800000000000001,12.0,3900.0,3900.0,0.0,0,17.094051282051286,12.190256410256412,24,7,5,derived_from_native_gap_count,0.0068838265559577035,0.2857142857142857,0.007650273224043716,0.0,True
rome,rome:60:70-0-s57:p1,0.5,6.0,12.0,3900.0,3900.0,0.0,0,21.42974358974359,15.287179487179488,24,7,5,derived_from_native_gap_count,0.0068838265559577035,0.2857142857142857,0.007650273224043716,0.0,True
rome,rome:60:70-0-s57:p1,0.6,7.199999999999999,12.0,3900.0,3900.0,0.0,0,25.7654358974359,18.384102564102562,24,7,5,derived_from_native_gap_count,0.0068838265559577035,0.2857142857142857,0.007650273224043716,0.0,True
rome,rome:60:70-0-s57:p1,0.7,8.399999999999999,12.0,3900.0,3900.0,0.0,0,30.1011282051282,21.48102564102564,24,7,5,derived_from_native_gap_count,0.0068838265559577035,0.2857142857142857,0.007650273224043716,0.0,True
rome,rome:60:70-0-s57:p1,0.8,9.600000000000001,12.0,3900.0,3900.0,0.0,0,34.436820512820525,24.577948717948722,24,7,5,derived_from_native_gap_count,0.0068838265559577035,0.2857142857142857,0.007650273224043716,0.0,True
rome,rome:60:70-0-s57:p1,0.9,10.8,12.0,3900.0,3900.0,0.0,0,38.772512820512816,27.674871794871795,24,7,5,derived_from_native_gap_count,0.0068838265559577035,0.2857142857142857,0.007650273224043716,0.0,True
rome,rome:60:70-0-s57:p1,1.0,12.0,12.0,3900.0,3900.0,0.0,0,43.10820512820513,30.77179487179487,24,7,5,derived_from_native_gap_count,0.0068838265559577035,0.2857142857142857,0.007650273224043716,0.0,True
rome,rome:60:70-0-s57:p1,1.1,13.200000000000001,12.0,3900.0,3900.0,0.0,0,47.44389743589744,33.86871794871795,24,7,5,derived_from_native_gap_count,0.0068838265559577035,0.2857142857142857,0.007650273224043716,0.0,True
rome,rome:60:70-0-s57:p1,1.2,14.399999999999999,12.0,3900.0,3900.0,0.0,0,51.77958974358975,36.96564102564103,24,7,5,derived_from_native_gap_count,0.0068838265559577035,0.2857142857142857,0.007650273224043716,0.0,True
rome,rome:60:70-0-s57:p2,0.1,1.2000000000000002,12.0,3460.0,3460.0,0.0,0,6.649132947976879,3.242196531791908,24,10,5,derived_from_native_gap_count,0.005712866368604074,0.5,0.008544461003477397,0.0,True
rome,rome:60:70-0-s57:p2,0.2,2.4000000000000004,12.0,3460.0,3460.0,0.0,0,13.630635838150289,6.732947976878614,24,10,5,derived_from_native_gap_count,0.005712866368604074,0.5,0.008544461003477397,0.0,True
rome,rome:60:70-0-s57:p2,0.3,3.5999999999999996,12.0,3460.0,3460.0,0.0,0,20.612138728323703,10.223699421965318,24,10,5,derived_from_native_gap_count,0.005712866368604074,0.5,0.008544461003477397,0.0,True
rome,rome:60:70-0-s57:p2,0.4,4.800000000000001,12.0,3460.0,3460.0,0.0,0,27.59364161849711,13.714450867052026,24,10,5,derived_from_native_gap_count,0.005712866368604074,0.5,0.008544461003477397,0.0,True
rome,rome:60:70-0-s57:p2,0.5,6.0,12.0,3460.0,3460.0,0.0,0,34.57514450867052,17.205202312138727,24,10,5,derived_from_native_gap_count,0.005712866368604074,0.5,0.008544461003477397,0.0,True
rome,rome:60:70-0-s57:p2,0.6,7.199999999999999,12.0,3460.0,3460.0,0.0,0,41.556647398843936,20.695953757225432,24,10,5,derived_from_native_gap_count,0.005712866368604074,0.5,0.008544461003477397,0.0,True
rome,rome:60:70-0-s57:p2,0.7,8.399999999999999,12.0,3460.0,3460.0,0.0,0,48.53815028901734,24.186705202312133,24,10,5,derived_from_native_gap_count,0.005712866368604074,0.5,0.008544461003477397,0.0,True
rome,rome:60:70-0-s57:p2,0.8,9.600000000000001,12.0,3460.0,3460.0,0.0,0,55.519653179190755,27.67745664739885,24,10,5,derived_from_native_gap_count,0.005712866368604074,0.5,0.008544461003477397,0.0,True
rome,rome:60:70-0-s57:p2,0.9,10.8,12.0,3460.0,3460.0,0.0,0,62.50115606936415,31.16820809248555,24,10,5,derived_from_native_gap_count,0.005712866368604074,0.5,0.008544461003477397,0.0,True
rome,rome:60:70-0-s57:p2,1.0,12.0,12.0,3460.0,3460.0,0.0,0,69.48265895953757,34.65895953757225,24,10,5,derived_from_native_gap_count,0.005712866368604074,0.5,0.008544461003477397,0.0,True
rome,rome:60:70-0-s57:p2,1.1,13.200000000000001,12.0,3460.0,3460.0,0.0,0,76.46416184971098,38.14971098265896,24,10,5,derived_from_native_gap_count,0.005712866368604074,0.5,0.008544461003477397,0.0,True
rome,rome:60:70-0-s57:p2,1.2,14.399999999999999,12.0,3460.0,3460.0,0.0,0,83.4456647398844,41.64046242774567,24,10,5,derived_from_native_gap_count,0.005712866368604074,0.5,0.008544461003477397,0.0,True
rome,rome:60:70-0-s78:p0,0.1,1.2000000000000002,12.0,3420.0,3420.0,0.0,0,5.249590643274855,3.159883040935673,24,8,5,derived_from_native_gap_count,0.009195827933098808,0.375,0.013675718221172766,0.0,True
rome,rome:60:70-0-s78:p0,0.2,2.4000000000000004,12.0,3420.0,3420.0,0.0,0,10.934853801169593,6.726198830409357,24,8,5,derived_from_native_gap_count,0.009195827933098808,0.375,0.013675718221172766,0.0,True
rome,rome:60:70-0-s78:p0,0.3,3.5999999999999996,12.0,3420.0,3420.0,0.0,0,16.62011695906433,10.29251461988304,24,8,5,derived_from_native_gap_count,0.009195827933098808,0.375,0.013675718221172766,0.0,True
rome,rome:60:70-0-s78:p0,0.4,4.800000000000001,12.0,3420.0,3420.0,0.0,0,22.30538011695907,13.858830409356726,24,8,5,derived_from_native_gap_count,0.009195827933098808,0.375,0.013675718221172766,0.0,True
rome,rome:60:70-0-s78:p0,0.5,6.0,12.0,3420.0,3420.0,0.0,0,27.990643274853802,17.425146198830408,24,8,5,derived_from_native_gap_count,0.009195827933098808,0.375,0.013675718221172766,0.0,True
rome,rome:60:70-0-s78:p0,0.6,7.199999999999999,12.0,3420.0,3420.0,0.0,0,33.67590643274854,20.99146198830409,24,8,5,derived_from_native_gap_count,0.009195827933098808,0.375,0.013675718221172766,0.0,True
rome,rome:60:70-0-s78:p0,0.7,8.399999999999999,12.0,3420.0,3420.0,0.0,0,39.361169590643264,24.557777777777776,24,8,5,derived_from_native_gap_count,0.009195827933098808,0.375,0.013675718221172766,0.0,True
rome,rome:60:70-0-s78:p0,0.8,9.600000000000001,12.0,3420.0,3420.0,0.0,0,45.046432748538024,28.124093567251464,24,8,5,derived_from_native_gap_count,0.009195827933098808,0.375,0.013675718221172766,0.0,True
rome,rome:60:70-0-s78:p0,0.9,10.8,12.0,3420.0,3420.0,0.0,0,50.73169590643275,31.690409356725148,24,8,5,derived_from_native_gap_count,0.009195827933098808,0.375,0.013675718221172766,0.0,True
rome,rome:60:70-0-s78:p0,1.0,12.0,12.0,3420.0,3420.0,0.0,0,56.416959064327486,35.25672514619883,24,8,5,derived_from_native_gap_count,0.009195827933098808,0.375,0.013675718221172766,0.0,True
rome,rome:60:70-0-s78:p0,1.1,13.200000000000001,12.0,3420.0,3420.0,0.0,0,62.10222222222223,38.82304093567252,24,8,5,derived_from_native_gap_count,0.009195827933098808,0.375,0.013675718221172766,0.0,True
rome,rome:60:70-0-s78:p0,1.2,14.399999999999999,12.0,3420.0,3420.0,0.0,0,67.78748538011696,42.38935672514619,24,8,5,derived_from_native_gap_count,0.009195827933098808,0.375,0.013675718221172766,0.0,True
rome,rome:60:72-0-s234:p0,0.1,1.2000000000000002,12.0,4320.0,4320.0,0.0,0,1.5570370370370374,1.5570370370370374,24,3,3,derived_from_native_gap_count,0.00922266139657444,0.0,0.00922266139657444,0.0,True
rome,rome:60:72-0-s234:p0,0.2,2.4000000000000004,12.0,4320.0,4320.0,0.0,0,3.243703703703704,3.243703703703704,24,3,3,derived_from_native_gap_count,0.00922266139657444,0.0,0.00922266139657444,0.0,True
rome,rome:60:72-0-s234:p0,0.3,3.5999999999999996,12.0,4320.0,4320.0,0.0,0,4.93037037037037,4.93037037037037,24,3,3,derived_from_native_gap_count,0.00922266139657444,0.0,0.00922266139657444,0.0,True
rome,rome:60:72-0-s234:p0,0.4,4.800000000000001,12.0,4320.0,4320.0,0.0,0,6.617037037037038,6.617037037037038,24,3,3,derived_from_native_gap_count,0.00922266139657444,0.0,0.00922266139657444,0.0,True
rome,rome:60:72-0-s234:p0,0.5,6.0,12.0,4320.0,4320.0,0.0,0,8.303703703703704,8.303703703703704,24,3,3,derived_from_native_gap_count,0.00922266139657444,0.0,0.00922266139657444,0.0,True
rome,rome:60:72-0-s234:p0,0.6,7.199999999999999,12.0,4320.0,4320.0,0.0,0,9.99037037037037,9.99037037037037,24,3,3,derived_from_native_gap_count,0.00922266139657444,0.0,0.00922266139657444,0.0,True
rome,rome:60:72-0-s234:p0,0.7,8.399999999999999,12.0,4320.0,4320.0,0.0,0,11.677037037037035,11.677037037037035,24,3,3,derived_from_native_gap_count,0.00922266139657444,0.0,0.00922266139657444,0.0,True
rome,rome:60:72-0-s234:p0,0.8,9.600000000000001,12.0,4320.0,4320.0,0.0,0,13.363703703703706,13.363703703703706,24,3,3,derived_from_native_gap_count,0.00922266139657444,0.0,0.00922266139657444,0.0,True
rome,rome:60:72-0-s234:p0,0.9,10.8,12.0,4320.0,4320.0,0.0,0,15.050370370370372,15.050370370370372,24,3,3,derived_from_native_gap_count,0.00922266139657444,0.0,0.00922266139657444,0.0,True
rome,rome:60:72-0-s234:p0,1.0,12.0,12.0,4320.0,4320.0,0.0,0,16.737037037037037,16.737037037037037,24,3,3,derived_from_native_gap_count,0.00922266139657444,0.0,0.00922266139657444,0.0,True
rome,rome:60:72-0-s234:p0,1.1,13.200000000000001,12.0,4320.0,4320.0,0.0,0,18.423703703703705,18.423703703703705,24,3,3,derived_from_native_gap_count,0.00922266139657444,0.0,0.00922266139657444,0.0,True
rome,rome:60:72-0-s234:p0,1.2,14.399999999999999,12.0,4320.0,4320.0,0.0,0,20.11037037037037,20.11037037037037,24,3,3,derived_from_native_gap_count,0.00922266139657444,0.0,0.00922266139657444,0.0,True
rome,rome:60:78-0-s44:p0,0.1,1.2000000000000002,12.0,168.0,168.0,0.0,0,70.95000000000002,,24,4,0,derived_from_native_gap_count,0.0,1.0,,,True
rome,rome:60:78-0-s44:p0,0.2,2.4000000000000004,12.0,168.0,168.0,0.0,0,141.90000000000003,,24,4,0,derived_from_native_gap_count,0.0,1.0,,,True
rome,rome:60:78-0-s44:p0,0.3,3.5999999999999996,12.0,168.0,168.0,0.0,0,212.85000000000002,,24,4,0,derived_from_native_gap_count,0.0,1.0,,,True
rome,rome:60:78-0-s44:p0,0.4,4.800000000000001,12.0,168.0,168.0,0.0,0,283.80000000000007,,24,4,0,derived_from_native_gap_count,0.0,1.0,,,True
rome,rome:60:78-0-s44:p0,0.5,6.0,12.0,168.0,168.0,0.0,0,354.75,,24,4,0,derived_from_native_gap_count,0.0,1.0,,,True
rome,rome:60:78-0-s44:p0,0.6,7.199999999999999,12.0,168.0,168.0,0.0,0,425.70000000000005,,24,4,0,derived_from_native_gap_count,0.0,1.0,,,True
rome,rome:60:78-0-s44:p0,0.7,8.399999999999999,12.0,168.0,168.0,0.0,0,496.6499999999999,,24,4,0,derived_from_native_gap_count,0.0,1.0,,,True
rome,rome:60:78-0-s44:p0,0.8,9.600000000000001,12.0,168.0,168.0,0.0,0,567.6000000000001,,24,4,0,derived_from_native_gap_count,0.0,1.0,,,True
rome,rome:60:78-0-s44:p0,0.9,10.8,12.0,168.0,168.0,0.0,0,638.55,,24,4,0,derived_from_native_gap_count,0.0,1.0,,,True
rome,rome:60:78-0-s44:p0,1.0,12.0,12.0,168.0,168.0,0.0,0,709.5,,24,4,0,derived_from_native_gap_count,0.0,1.0,,,True
rome,rome:60:78-0-s44:p0,1.1,13.200000000000001,12.0,168.0,168.0,0.0,0,780.45,,24,4,0,derived_from_native_gap_count,0.0,1.0,,,True
rome,rome:60:78-0-s44:p0,1.2,14.399999999999999,12.0,168.0,168.0,0.0,0,851.4000000000001,,24,4,0,derived_from_native_gap_count,0.0,1.0,,,True
rome,rome:60:83-0-s152:p0,0.1,1.2000000000000002,12.0,1960.0,1960.0,0.0,0,7.0579591836734705,3.3861224489795925,24,6,3,derived_from_native_gap_count,0.00546448087431694,0.5,0.010101010101010102,0.0,True
rome,rome:60:83-0-s152:p0,0.2,2.4000000000000004,12.0,1960.0,1960.0,0.0,0,14.452653061224492,7.083469387755104,24,6,3,derived_from_native_gap_count,0.00546448087431694,0.5,0.010101010101010102,0.0,True
rome,rome:60:83-0-s152:p0,0.3,3.5999999999999996,12.0,1960.0,1960.0,0.0,0,21.847346938775512,10.78081632653061,24,6,3,derived_from_native_gap_count,0.00546448087431694,0.5,0.010101010101010102,0.0,True
rome,rome:60:83-0-s152:p0,0.4,4.800000000000001,12.0,1960.0,1960.0,0.0,0,29.242040816326536,14.478163265306124,24,6,3,derived_from_native_gap_count,0.00546448087431694,0.5,0.010101010101010102,0.0,True
rome,rome:60:83-0-s152:p0,0.5,6.0,12.0,1960.0,1960.0,0.0,0,36.63673469387755,18.175510204081633,24,6,3,derived_from_native_gap_count,0.00546448087431694,0.5,0.010101010101010102,0.0,True
rome,rome:60:83-0-s152:p0,0.6,7.199999999999999,12.0,1960.0,1960.0,0.0,0,44.03142857142858,21.87285714285714,24,6,3,derived_from_native_gap_count,0.00546448087431694,0.5,0.010101010101010102,0.0,True
rome,rome:60:83-0-s152:p0,0.7,8.399999999999999,12.0,1960.0,1960.0,0.0,0,51.426122448979584,25.57020408163265,24,6,3,derived_from_native_gap_count,0.00546448087431694,0.5,0.010101010101010102,0.0,True
rome,rome:60:83-0-s152:p0,0.8,9.600000000000001,12.0,1960.0,1960.0,0.0,0,58.82081632653062,29.267551020408167,24,6,3,derived_from_native_gap_count,0.00546448087431694,0.5,0.010101010101010102,0.0,True
rome,rome:60:83-0-s152:p0,0.9,10.8,12.0,1960.0,1960.0,0.0,0,66.21551020408162,32.96489795918367,24,6,3,derived_from_native_gap_count,0.00546448087431694,0.5,0.010101010101010102,0.0,True
rome,rome:60:83-0-s152:p0,1.0,12.0,12.0,1960.0,1960.0,0.0,0,73.61020408163266,36.662244897959184,24,6,3,derived_from_native_gap_count,0.00546448087431694,0.5,0.010101010101010102,0.0,True
rome,rome:60:83-0-s152:p0,1.1,13.200000000000001,12.0,1960.0,1960.0,0.0,0,81.00489795918368,40.359591836734694,24,6,3,derived_from_native_gap_count,0.00546448087431694,0.5,0.010101010101010102,0.0,True
rome,rome:60:83-0-s152:p0,1.2,14.399999999999999,12.0,1960.0,1960.0,0.0,0,88.3995918367347,44.0569387755102,24,6,3,derived_from_native_gap_count,0.00546448087431694,0.5,0.010101010101010102,0.0,True
rome,rome:60:83-0-s41:p0,0.1,1.2000000000000002,12.0,4872.0,3732.0000000000005,0.23399014778325114,1,1.9610837438423647,,24,4,0,derived_from_native_gap_count,0.0011177347242921013,1.0,,,True
rome,rome:60:83-0-s41:p0,0.2,2.4000000000000004,12.0,4872.0,4872.0,0.0,0,3.9443349753694585,,24,4,0,derived_from_native_gap_count,0.0011177347242921013,1.0,,,True
rome,rome:60:83-0-s41:p0,0.3,3.5999999999999996,12.0,4872.0,4872.0,0.0,0,5.927586206896551,,24,4,0,derived_from_native_gap_count,0.0011177347242921013,1.0,,,True
rome,rome:60:83-0-s41:p0,0.4,4.800000000000001,12.0,4872.0,4872.0,0.0,0,7.910837438423647,,24,4,0,derived_from_native_gap_count,0.0011177347242921013,1.0,,,True
rome,rome:60:83-0-s41:p0,0.5,6.0,12.0,4872.0,4872.0,0.0,0,9.894088669950738,,24,4,0,derived_from_native_gap_count,0.0011177347242921013,1.0,,,True
rome,rome:60:83-0-s41:p0,0.6,7.199999999999999,12.0,4872.0,4872.0,0.0,0,11.877339901477832,,24,4,0,derived_from_native_gap_count,0.0011177347242921013,1.0,,,True
rome,rome:60:83-0-s41:p0,0.7,8.399999999999999,12.0,4872.0,4872.0,0.0,0,13.860591133004924,,24,4,0,derived_from_native_gap_count,0.0011177347242921013,1.0,,,True
rome,rome:60:83-0-s41:p0,0.8,9.600000000000001,12.0,4872.0,4872.0,0.0,0,15.843842364532023,,24,4,0,derived_from_native_gap_count,0.0011177347242921013,1.0,,,True
rome,rome:60:83-0-s41:p0,0.9,10.8,12.0,4872.0,4872.0,0.0,0,17.827093596059115,,24,4,0,derived_from_native_gap_count,0.0011177347242921013,1.0,,,True
rome,rome:60:83-0-s41:p0,1.0,12.0,12.0,4872.0,4872.0,0.0,0,19.810344827586206,,24,4,0,derived_from_native_gap_count,0.0011177347242921013,1.0,,,True
rome,rome:60:83-0-s41:p0,1.1,13.200000000000001,12.0,4872.0,4872.0,0.0,0,21.793596059113302,,24,4,0,derived_from_native_gap_count,0.0011177347242921013,1.0,,,True
rome,rome:60:83-0-s41:p0,1.2,14.399999999999999,12.0,4872.0,4872.0,0.0,0,23.77684729064039,,24,4,0,derived_from_native_gap_count,0.0011177347242921013,1.0,,,True
rome,rome:60:83-0-s59:p0,0.1,1.2000000000000002,12.0,6744.0,6744.0,0.0,0,2.038078291814947,2.038078291814947,24,7,7,derived_from_native_gap_count,0.018903993203058623,0.0,0.018903993203058623,0.0,True
rome,rome:60:83-0-s59:p0,0.2,2.4000000000000004,12.0,6744.0,6744.0,0.0,0,4.551245551601425,4.551245551601425,24,7,7,derived_from_native_gap_count,0.018903993203058623,0.0,0.018903993203058623,0.0,True
rome,rome:60:83-0-s59:p0,0.3,3.5999999999999996,12.0,6744.0,6744.0,0.0,0,7.0644128113879,7.0644128113879,24,7,7,derived_from_native_gap_count,0.018903993203058623,0.0,0.018903993203058623,0.0,True
rome,rome:60:83-0-s59:p0,0.4,4.800000000000001,12.0,6744.0,6744.0,0.0,0,9.57758007117438,9.57758007117438,24,7,7,derived_from_native_gap_count,0.018903993203058623,0.0,0.018903993203058623,0.0,True
rome,rome:60:83-0-s59:p0,0.5,6.0,12.0,6744.0,6744.0,0.0,0,12.090747330960854,12.090747330960854,24,7,7,derived_from_native_gap_count,0.018903993203058623,0.0,0.018903993203058623,0.0,True
rome,rome:60:83-0-s59:p0,0.6,7.199999999999999,12.0,6744.0,6744.0,0.0,0,14.60391459074733,14.60391459074733,24,7,7,derived_from_native_gap_count,0.018903993203058623,0.0,0.018903993203058623,0.0,True
rome,rome:60:83-0-s59:p0,0.7,8.399999999999999,12.0,6744.0,6744.0,0.0,0,17.117081850533804,17.117081850533804,24,7,7,derived_from_native_gap_count,0.018903993203058623,0.0,0.018903993203058623,0.0,True
rome,rome:60:83-0-s59:p0,0.8,9.600000000000001,12.0,6744.0,6744.0,0.0,0,19.63024911032029,19.63024911032029,24,7,7,derived_from_native_gap_count,0.018903993203058623,0.0,0.018903993203058623,0.0,True
rome,rome:60:83-0-s59:p0,0.9,10.8,12.0,6744.0,6744.0,0.0,0,22.14341637010676,22.14341637010676,24,7,7,derived_from_native_gap_count,0.018903993203058623,0.0,0.018903993203058623,0.0,True
rome,rome:60:83-0-s59:p0,1.0,12.0,12.0,6744.0,6744.0,0.0,0,24.656583629893237,24.656583629893237,24,7,7,derived_from_native_gap_count,0.018903993203058623,0.0,0.018903993203058623,0.0,True
rome,rome:60:83-0-s59:p0,1.1,13.200000000000001,12.0,6744.0,6744.0,0.0,0,27.16975088967972,27.16975088967972,24,7,7,derived_from_native_gap_count,0.018903993203058623,0.0,0.018903993203058623,0.0,True
rome,rome:60:83-0-s59:p0,1.2,14.399999999999999,12.0,6744.0,6744.0,0.0,0,29.68291814946619,29.68291814946619,24,7,7,derived_from_native_gap_count,0.018903993203058623,0.0,0.018903993203058623,0.0,True
rome,rome:60:83-0-s95:p0,0.1,1.2000000000000002,12.0,2940.0,2940.0,0.0,0,4.864489795918368,,24,6,0,derived_from_native_gap_count,0.001324722636198046,1.0,,,True
rome,rome:60:83-0-s95:p0,0.2,2.4000000000000004,12.0,2940.0,2940.0,0.0,0,9.794285714285715,,24,6,0,derived_from_native_gap_count,0.001324722636198046,1.0,,,True
rome,rome:60:83-0-s95:p0,0.3,3.5999999999999996,12.0,2940.0,2940.0,0.0,0,14.724081632653062,,24,6,0,derived_from_native_gap_count,0.001324722636198046,1.0,,,True
rome,rome:60:83-0-s95:p0,0.4,4.800000000000001,12.0,2940.0,2940.0,0.0,0,19.65387755102041,,24,6,0,derived_from_native_gap_count,0.001324722636198046,1.0,,,True
rome,rome:60:83-0-s95:p0,0.5,6.0,12.0,2940.0,2940.0,0.0,0,24.583673469387755,,24,6,0,derived_from_native_gap_count,0.001324722636198046,1.0,,,True
rome,rome:60:83-0-s95:p0,0.6,7.199999999999999,12.0,2940.0,2940.0,0.0,0,29.513469387755105,,24,6,0,derived_from_native_gap_count,0.001324722636198046,1.0,,,True
rome,rome:60:83-0-s95:p0,0.7,8.399999999999999,12.0,2940.0,2940.0,0.0,0,34.44326530612244,,24,6,0,derived_from_native_gap_count,0.001324722636198046,1.0,,,True
rome,rome:60:83-0-s95:p0,0.8,9.600000000000001,12.0,2940.0,2940.0,0.0,0,39.3730612244898,,24,6,0,derived_from_native_gap_count,0.001324722636198046,1.0,,,True
rome,rome:60:83-0-s95:p0,0.9,10.8,12.0,2940.0,2940.0,0.0,0,44.30285714285714,,24,6,0,derived_from_native_gap_count,0.001324722636198046,1.0,,,True
rome,rome:60:83-0-s95:p0,1.0,12.0,12.0,2940.0,2940.0,0.0,0,49.23265306122449,,24,6,0,derived_from_native_gap_count,0.001324722636198046,1.0,,,True
rome,rome:60:83-0-s95:p0,1.1,13.200000000000001,12.0,2940.0,2940.0,0.0,0,54.16244897959184,,24,6,0,derived_from_native_gap_count,0.001324722636198046,1.0,,,True
rome,rome:60:83-0-s95:p0,1.2,14.399999999999999,12.0,2940.0,2940.0,0.0,0,59.09224489795919,,24,6,0,derived_from_native_gap_count,0.001324722636198046,1.0,,,True
rome,rome:60:83-0-s95:p1,0.1,1.2000000000000002,12.0,756.0,756.0,0.0,0,15.833333333333336,,24,5,0,derived_from_native_gap_count,0.0008941877794336811,1.0,,,True
rome,rome:60:83-0-s95:p1,0.2,2.4000000000000004,12.0,756.0,756.0,0.0,0,31.809523809523814,,24,5,0,derived_from_native_gap_count,0.0008941877794336811,1.0,,,True
rome,rome:60:83-0-s95:p1,0.3,3.5999999999999996,12.0,756.0,756.0,0.0,0,47.785714285714285,,24,5,0,derived_from_native_gap_count,0.0008941877794336811,1.0,,,True
rome,rome:60:83-0-s95:p1,0.4,4.800000000000001,12.0,756.0,756.0,0.0,0,63.76190476190477,,24,5,0,derived_from_native_gap_count,0.0008941877794336811,1.0,,,True
rome,rome:60:83-0-s95:p1,0.5,6.0,12.0,756.0,756.0,0.0,0,79.73809523809524,,24,5,0,derived_from_native_gap_count,0.0008941877794336811,1.0,,,True
rome,rome:60:83-0-s95:p1,0.6,7.199999999999999,12.0,756.0,756.0,0.0,0,95.71428571428571,,24,5,0,derived_from_native_gap_count,0.0008941877794336811,1.0,,,True
rome,rome:60:83-0-s95:p1,0.7,8.399999999999999,12.0,756.0,756.0,0.0,0,111.69047619047618,,24,5,0,derived_from_native_gap_count,0.0008941877794336811,1.0,,,True
rome,rome:60:83-0-s95:p1,0.8,9.600000000000001,12.0,756.0,756.0,0.0,0,127.66666666666669,,24,5,0,derived_from_native_gap_count,0.0008941877794336811,1.0,,,True
rome,rome:60:83-0-s95:p1,0.9,10.8,12.0,756.0,756.0,0.0,0,143.64285714285714,,24,5,0,derived_from_native_gap_count,0.0008941877794336811,1.0,,,True
rome,rome:60:83-0-s95:p1,1.0,12.0,12.0,756.0,756.0,0.0,0,159.61904761904762,,24,5,0,derived_from_native_gap_count,0.0008941877794336811,1.0,,,True
rome,rome:60:83-0-s95:p1,1.1,13.200000000000001,12.0,756.0,756.0,0.0,0,175.5952380952381,,24,5,0,derived_from_native_gap_count,0.0008941877794336811,1.0,,,True
rome,rome:60:83-0-s95:p1,1.2,14.399999999999999,12.0,756.0,756.0,0.0,0,191.57142857142858,,24,5,0,derived_from_native_gap_count,0.0008941877794336811,1.0,,,True
rome,rome:60:95-0-s137:p0,0.1,1.2000000000000002,12.0,2844.0,2844.0,0.0,0,7.8586497890295375,,24,9,0,derived_from_native_gap_count,0.00010726736390453205,1.0,,,True
rome,rome:60:95-0-s137:p0,0.2,2.4000000000000004,12.0,2844.0,2844.0,0.0,0,15.725738396624475,,24,9,0,derived_from_native_gap_count,0.00010726736390453205,1.0,,,True
rome,rome:60:95-0-s137:p0,0.3,3.5999999999999996,12.0,2844.0,2844.0,0.0,0,23.59282700421941,,24,9,0,derived_from_native_gap_count,0.00010726736390453205,1.0,,,True
rome,rome:60:95-0-s137:p0,0.4,4.800000000000001,12.0,2844.0,2844.0,0.0,0,31.459915611814353,,24,9,0,derived_from_native_gap_count,0.00010726736390453205,1.0,,,True
rome,rome:60:95-0-s137:p0,0.5,6.0,12.0,2844.0,2844.0,0.0,0,39.32700421940928,,24,9,0,derived_from_native_gap_count,0.00010726736390453205,1.0,,,True
rome,rome:60:95-0-s137:p0,0.6,7.199999999999999,12.0,2844.0,2844.0,0.0,0,47.19409282700422,,24,9,0,derived_from_native_gap_count,0.00010726736390453205,1.0,,,True
rome,rome:60:95-0-s137:p0,0.7,8.399999999999999,12.0,2844.0,2844.0,0.0,0,55.06118143459915,,24,9,0,derived_from_native_gap_count,0.00010726736390453205,1.0,,,True
rome,rome:60:95-0-s137:p0,0.8,9.600000000000001,12.0,2844.0,2844.0,0.0,0,62.9282700421941,,24,9,0,derived_from_native_gap_count,0.00010726736390453205,1.0,,,True
rome,rome:60:95-0-s137:p0,0.9,10.8,12.0,2844.0,2844.0,0.0,0,70.79535864978902,,24,9,0,derived_from_native_gap_count,0.00010726736390453205,1.0,,,True
rome,rome:60:95-0-s137:p0,1.0,12.0,12.0,2844.0,2844.0,0.0,0,78.66244725738396,,24,9,0,derived_from_native_gap_count,0.00010726736390453205,1.0,,,True
rome,rome:60:95-0-s137:p0,1.1,13.200000000000001,12.0,2844.0,2844.0,0.0,0,86.52953586497893,,24,9,0,derived_from_native_gap_count,0.00010726736390453205,1.0,,,True
rome,rome:60:95-0-s137:p0,1.2,14.399999999999999,12.0,2844.0,2844.0,0.0,0,94.39662447257383,,24,9,0,derived_from_native_gap_count,0.00010726736390453205,1.0,,,True
rome,rome:60:96-0-s156:p0,0.1,1.2000000000000002,12.0,3612.0,3612.0,0.0,0,5.579069767441862,2.2873754152823924,24,9,4,derived_from_native_gap_count,0.007644503107298026,0.5555555555555556,0.014842300556586271,0.0,True
rome,rome:60:96-0-s156:p0,0.2,2.4000000000000004,12.0,3612.0,3612.0,0.0,0,11.619933554817274,4.9734219269103,24,9,4,derived_from_native_gap_count,0.007644503107298026,0.5555555555555556,0.014842300556586271,0.0,True
rome,rome:60:96-0-s156:p0,0.3,3.5999999999999996,12.0,3612.0,3612.0,0.0,0,17.66079734219269,7.659468438538205,24,9,4,derived_from_native_gap_count,0.007644503107298026,0.5555555555555556,0.014842300556586271,0.0,True
rome,rome:60:96-0-s156:p0,0.4,4.800000000000001,12.0,3612.0,3612.0,0.0,0,23.701661129568105,10.345514950166114,24,9,4,derived_from_native_gap_count,0.007644503107298026,0.5555555555555556,0.014842300556586271,0.0,True
rome,rome:60:96-0-s156:p0,0.5,6.0,12.0,3612.0,3612.0,0.0,0,29.742524916943523,13.03156146179402,24,9,4,derived_from_native_gap_count,0.007644503107298026,0.5555555555555556,0.014842300556586271,0.0,True
rome,rome:60:96-0-s156:p0,0.6,7.199999999999999,12.0,3612.0,3612.0,0.0,0,35.78338870431894,15.717607973421925,24,9,4,derived_from_native_gap_count,0.007644503107298026,0.5555555555555556,0.014842300556586271,0.0,True
rome,rome:60:96-0-s156:p0,0.7,8.399999999999999,12.0,3612.0,3612.0,0.0,0,41.82425249169434,18.40365448504983,24,9,4,derived_from_native_gap_count,0.007644503107298026,0.5555555555555556,0.014842300556586271,0.0,True
rome,rome:60:96-0-s156:p0,0.8,9.600000000000001,12.0,3612.0,3612.0,0.0,0,47.86511627906977,21.089700996677745,24,9,4,derived_from_native_gap_count,0.007644503107298026,0.5555555555555556,0.014842300556586271,0.0,True
rome,rome:60:96-0-s156:p0,0.9,10.8,12.0,3612.0,3612.0,0.0,0,53.90598006644518,23.77574750830565,24,9,4,derived_from_native_gap_count,0.007644503107298026,0.5555555555555556,0.014842300556586271,0.0,True
rome,rome:60:96-0-s156:p0,1.0,12.0,12.0,3612.0,3612.0,0.0,0,59.946843853820596,26.461794019933556,24,9,4,derived_from_native_gap_count,0.007644503107298026,0.5555555555555556,0.014842300556586271,0.0,True
rome,rome:60:96-0-s156:p0,1.1,13.200000000000001,12.0,3612.0,3612.0,0.0,0,65.98770764119602,29.147840531561467,24,9,4,derived_from_native_gap_count,0.007644503107298026,0.5555555555555556,0.014842300556586271,0.0,True
rome,rome:60:96-0-s156:p0,1.2,14.399999999999999,12.0,3612.0,3612.0,0.0,0,72.02857142857142,31.833887043189364,24,9,4,derived_from_native_gap_count,0.007644503107298026,0.5555555555555556,0.014842300556586271,0.0,True
porto,porto:60:20000038-2-s7:p0,0.1,0.5,5.0,11215.0,8915.0,0.2050824788230049,4,,,24,0,0,none,,,,,True
porto,porto:60:20000038-2-s7:p0,0.2,1.0,5.0,11215.0,10990.0,0.020062416406598307,1,,,24,0,0,none,,,,,True
porto,porto:60:20000038-2-s7:p0,0.3,1.5,5.0,11215.0,11215.0,0.0,0,,,24,0,0,none,,,,,True
porto,porto:60:20000038-2-s7:p0,0.4,2.0,5.0,11215.0,11215.0,0.0,0,,,24,0,0,none,,,,,True
porto,porto:60:20000038-2-s7:p0,0.5,2.5,5.0,11215.0,11215.0,0.0,0,,,24,0,0,none,,,,,True
porto,porto:60:20000038-2-s7:p0,0.6,3.0,5.0,11215.0,11215.0,0.0,0,,,24,0,0,none,,,,,True
porto,porto:60:20000038-2-s7:p0,0.7,3.5,5.0,11215.0,11215.0,0.0,0,,,24,0,0,none,,,,,True
porto,porto:60:20000038-2-s7:p0,0.8,4.0,5.0,11215.0,11215.0,0.0,0,,,24,0,0,none,,,,,True
porto,porto:60:20000038-2-s7:p0,0.9,4.5,5.0,11215.0,11215.0,0.0,0,,,24,0,0,none,,,,,True
porto,porto:60:20000038-2-s7:p0,1.0,5.0,5.0,11215.0,11215.0,0.0,0,,,24,0,0,none,,,,,True
porto,porto:60:20000038-2-s7:p0,1.1,5.5,5.0,11215.0,11215.0,0.0,0,,,24,0,0,none,,,,,True
porto,porto:60:20000038-2-s7:p0,1.2,6.0,5.0,11215.0,11215.0,0.0,0,,,24,0,0,none,,,,,True
porto,porto:60:20000100-6-s13:p0,0.1,0.5,5.0,5345.0,3895.0,0.27128157156220767,2,,,24,0,0,none,,,,,True
porto,porto:60:20000100-6-s13:p0,0.2,1.0,5.0,5345.0,5330.0,0.002806361085126286,1,,,24,0,0,none,,,,,True
porto,porto:60:20000100-6-s13:p0,0.3,1.5,5.0,5345.0,5345.0,0.0,0,,,24,0,0,none,,,,,True
porto,porto:60:20000100-6-s13:p0,0.4,2.0,5.0,5345.0,5345.0,0.0,0,,,24,0,0,none,,,,,True
porto,porto:60:20000100-6-s13:p0,0.5,2.5,5.0,5345.0,5345.0,0.0,0,,,24,0,0,none,,,,,True
porto,porto:60:20000100-6-s13:p0,0.6,3.0,5.0,5345.0,5345.0,0.0,0,,,24,0,0,none,,,,,True
porto,porto:60:20000100-6-s13:p0,0.7,3.5,5.0,5345.0,5345.0,0.0,0,,,24,0,0,none,,,,,True
porto,porto:60:20000100-6-s13:p0,0.8,4.0,5.0,5345.0,5345.0,0.0,0,,,24,0,0,none,,,,,True
porto,porto:60:20000100-6-s13:p0,0.9,4.5,5.0,5345.0,5345.0,0.0,0,,,24,0,0,none,,,,,True
porto,porto:60:20000100-6-s13:p0,1.0,5.0,5.0,5345.0,5345.0,0.0,0,,,24,0,0,none,,,,,True
porto,porto:60:20000100-6-s13:p0,1.1,5.5,5.0,5345.0,5345.0,0.0,0,,,24,0,0,none,,,,,True
porto,porto:60:20000100-6-s13:p0,1.2,6.0,5.0,5345.0,5345.0,0.0,0,,,24,0,0,none,,,,,True
porto,porto:60:20000100-6-s13:p1,0.1,0.5,5.0,2035.0,2035.0,0.0,0,,,24,0,0,none,,,,,True
porto,porto:60:20000100-6-s13:p1,0.2,1.0,5.0,2035.0,2035.0,0.0,0,,,24,0,0,none,,,,,True
porto,porto:60:20000100-6-s13:p1,0.3,1.5,5.0,2035.0,2035.0,0.0,0,,,24,0,0,none,,,,,True
porto,porto:60:20000100-6-s13:p1,0.4,2.0,5.0,2035.0,2035.0,0.0,0,,,24,0,0,none,,,,,True
porto,porto:60:20000100-6-s13:p1,0.5,2.5,5.0,2035.0,2035.0,0.0,0,,,24,0,0,none,,,,,True
porto,porto:60:20000100-6-s13:p1,0.6,3.0,5.0,2035.0,2035.0,0.0,0,,,24,0,0,none,,,,,True
porto,porto:60:20000100-6-s13:p1,0.7,3.5,5.0,2035.0,2035.0,0.0,0,,,24,0,0,none,,,,,True
porto,porto:60:20000100-6-s13:p1,0.8,4.0,5.0,2035.0,2035.0,0.0,0,,,24,0,0,none,,,,,True
porto,porto:60:20000100-6-s13:p1,0.9,4.5,5.0,2035.0,2035.0,0.0,0,,,24,0,0,none,,,,,True
porto,porto:60:20000100-6-s13:p1,1.0,5.0,5.0,2035.0,2035.0,0.0,0,,,24,0,0,none,,,,,True
porto,porto:60:20000100-6-s13:p1,1.1,5.5,5.0,2035.0,2035.0,0.0,0,,,24,0,0,none,,,,,True
porto,porto:60:20000100-6-s13:p1,1.2,6.0,5.0,2035.0,2035.0,0.0,0,,,24,0,0,none,,,,,True
porto,porto:60:20000257-2-s24:p0,0.1,0.5,5.0,9965.0,6270.0,0.37079779227295534,4,,,24,0,0,none,,,,,True
porto,porto:60:20000257-2-s24:p0,0.2,1.0,5.0,9965.0,8755.0,0.12142498745609634,1,,,24,0,0,none,,,,,True
porto,porto:60:20000257-2-s24:p0,0.3,1.5,5.0,9965.0,9745.0,0.02207727044656297,1,,,24,0,0,none,,,,,True
porto,porto:60:20000257-2-s24:p0,0.4,2.0,5.0,9965.0,9965.0,0.0,0,,,24,0,0,none,,,,,True
porto,porto:60:20000257-2-s24:p0,0.5,2.5,5.0,9965.0,9965.0,0.0,0,,,24,0,0,none,,,,,True
porto,porto:60:20000257-2-s24:p0,0.6,3.0,5.0,9965.0,9965.0,0.0,0,,,24,0,0,none,,,,,True
porto,porto:60:20000257-2-s24:p0,0.7,3.5,5.0,9965.0,9965.0,0.0,0,,,24,0,0,none,,,,,True
porto,porto:60:20000257-2-s24:p0,0.8,4.0,5.0,9965.0,9965.0,0.0,0,,,24,0,0,none,,,,,True
porto,porto:60:20000257-2-s24:p0,0.9,4.5,5.0,9965.0,9965.0,0.0,0,,,24,0,0,none,,,,,True
porto,porto:60:20000257-2-s24:p0,1.0,5.0,5.0,9965.0,9965.0,0.0,0,,,24,0,0,none,,,,,True
porto,porto:60:20000257-2-s24:p0,1.1,5.5,5.0,9965.0,9965.0,0.0,0,,,24,0,0,none,,,,,True
porto,porto:60:20000257-2-s24:p0,1.2,6.0,5.0,9965.0,9965.0,0.0,0,,,24,0,0,none,,,,,True
porto,porto:60:20000305-0-s17:p0,0.1,0.5,5.0,5010.0,2100.0,0.5808383233532934,1,,,24,0,0,none,,,,,True
porto,porto:60:20000305-0-s17:p0,0.2,1.0,5.0,5010.0,3090.0,0.38323353293413176,1,,,24,0,0,none,,,,,True
porto,porto:60:20000305-0-s17:p0,0.3,1.5,5.0,5010.0,4080.0,0.18562874251497005,1,,,24,0,0,none,,,,,True
porto,porto:60:20000305-0-s17:p0,0.4,2.0,5.0,5010.0,5010.0,0.0,0,,,24,0,0,none,,,,,True
porto,porto:60:20000305-0-s17:p0,0.5,2.5,5.0,5010.0,5010.0,0.0,0,,,24,0,0,none,,,,,True
porto,porto:60:20000305-0-s17:p0,0.6,3.0,5.0,5010.0,5010.0,0.0,0,,,24,0,0,none,,,,,True
porto,porto:60:20000305-0-s17:p0,0.7,3.5,5.0,5010.0,5010.0,0.0,0,,,24,0,0,none,,,,,True
porto,porto:60:20000305-0-s17:p0,0.8,4.0,5.0,5010.0,5010.0,0.0,0,,,24,0,0,none,,,,,True
porto,porto:60:20000305-0-s17:p0,0.9,4.5,5.0,5010.0,5010.0,0.0,0,,,24,0,0,none,,,,,True
porto,porto:60:20000305-0-s17:p0,1.0,5.0,5.0,5010.0,5010.0,0.0,0,,,24,0,0,none,,,,,True
porto,porto:60:20000305-0-s17:p0,1.1,5.5,5.0,5010.0,5010.0,0.0,0,,,24,0,0,none,,,,,True
porto,porto:60:20000305-0-s17:p0,1.2,6.0,5.0,5010.0,5010.0,0.0,0,,,24,0,0,none,,,,,True
porto,porto:60:20000305-0-s17:p1,0.1,0.5,5.0,2390.0,2390.0,0.0,0,0.40292887029288704,0.40292887029288704,24,1,1,derived_from_native_gap_count,0.005865102639296188,0.0,0.005865102639296188,0.0,True
porto,porto:60:20000305-0-s17:p1,0.2,1.0,5.0,2390.0,2390.0,0.0,0,0.8309623430962343,0.8309623430962343,24,1,1,derived_from_native_gap_count,0.005865102639296188,0.0,0.005865102639296188,0.0,True
porto,porto:60:20000305-0-s17:p1,0.3,1.5,5.0,2390.0,2390.0,0.0,0,1.2589958158995815,1.2589958158995815,24,1,1,derived_from_native_gap_count,0.005865102639296188,0.0,0.005865102639296188,0.0,True
porto,porto:60:20000305-0-s17:p1,0.4,2.0,5.0,2390.0,2390.0,0.0,0,1.6870292887029288,1.6870292887029288,24,1,1,derived_from_native_gap_count,0.005865102639296188,0.0,0.005865102639296188,0.0,True
porto,porto:60:20000305-0-s17:p1,0.5,2.5,5.0,2390.0,2390.0,0.0,0,2.1150627615062763,2.1150627615062763,24,1,1,derived_from_native_gap_count,0.005865102639296188,0.0,0.005865102639296188,0.0,True
porto,porto:60:20000305-0-s17:p1,0.6,3.0,5.0,2390.0,2390.0,0.0,0,2.5430962343096235,2.5430962343096235,24,1,1,derived_from_native_gap_count,0.005865102639296188,0.0,0.005865102639296188,0.0,True
porto,porto:60:20000305-0-s17:p1,0.7,3.5,5.0,2390.0,2390.0,0.0,0,2.9711297071129708,2.9711297071129708,24,1,1,derived_from_native_gap_count,0.005865102639296188,0.0,0.005865102639296188,0.0,True
porto,porto:60:20000305-0-s17:p1,0.8,4.0,5.0,2390.0,2390.0,0.0,0,3.399163179916318,3.399163179916318,24,1,1,derived_from_native_gap_count,0.005865102639296188,0.0,0.005865102639296188,0.0,True
porto,porto:60:20000305-0-s17:p1,0.9,4.5,5.0,2390.0,2390.0,0.0,0,3.8271966527196652,3.8271966527196652,24,1,1,derived_from_native_gap_count,0.005865102639296188,0.0,0.005865102639296188,0.0,True
porto,porto:60:20000305-0-s17:p1,1.0,5.0,5.0,2390.0,2390.0,0.0,0,4.2552301255230125,4.2552301255230125,24,1,1,derived_from_native_gap_count,0.005865102639296188,0.0,0.005865102639296188,0.0,True
porto,porto:60:20000305-0-s17:p1,1.1,5.5,5.0,2390.0,2390.0,0.0,0,4.68326359832636,4.68326359832636,24,1,1,derived_from_native_gap_count,0.005865102639296188,0.0,0.005865102639296188,0.0,True
porto,porto:60:20000305-0-s17:p1,1.2,6.0,5.0,2390.0,2390.0,0.0,0,5.111297071129707,5.111297071129707,24,1,1,derived_from_native_gap_count,0.005865102639296188,0.0,0.005865102639296188,0.0,True
porto,porto:60:20000338-1-s40:p0,0.1,0.5,5.0,8320.0,6005.0,0.2782451923076923,3,,,24,0,0,none,,,,,True
porto,porto:60:20000338-1-s40:p0,0.2,1.0,5.0,8320.0,7920.0,0.04807692307692308,1,,,24,0,0,none,,,,,True
porto,porto:60:20000338-1-s40:p0,0.3,1.5,5.0,8320.0,8320.0,0.0,0,,,24,0,0,none,,,,,True
porto,porto:60:20000338-1-s40:p0,0.4,2.0,5.0,8320.0,8320.0,0.0,0,,,24,0,0,none,,,,,True
porto,porto:60:20000338-1-s40:p0,0.5,2.5,5.0,8320.0,8320.0,0.0,0,,,24,0,0,none,,,,,True
porto,porto:60:20000338-1-s40:p0,0.6,3.0,5.0,8320.0,8320.0,0.0,0,,,24,0,0,none,,,,,True
porto,porto:60:20000338-1-s40:p0,0.7,3.5,5.0,8320.0,8320.0,0.0,0,,,24,0,0,none,,,,,True
porto,porto:60:20000338-1-s40:p0,0.8,4.0,5.0,8320.0,8320.0,0.0,0,,,24,0,0,none,,,,,True
porto,porto:60:20000338-1-s40:p0,0.9,4.5,5.0,8320.0,8320.0,0.0,0,,,24,0,0,none,,,,,True
porto,porto:60:20000338-1-s40:p0,1.0,5.0,5.0,8320.0,8320.0,0.0,0,,,24,0,0,none,,,,,True
porto,porto:60:20000338-1-s40:p0,1.1,5.5,5.0,8320.0,8320.0,0.0,0,,,24,0,0,none,,,,,True
porto,porto:60:20000338-1-s40:p0,1.2,6.0,5.0,8320.0,8320.0,0.0,0,,,24,0,0,none,,,,,True
porto,porto:60:20000455-2-s144:p0,0.1,0.5,5.0,4955.0,4220.0,0.14833501513622604,2,,,24,0,0,none,,,,,True
porto,porto:60:20000455-2-s144:p0,0.2,1.0,5.0,4955.0,4955.0,0.0,0,,,24,0,0,none,,,,,True
porto,porto:60:20000455-2-s144:p0,0.3,1.5,5.0,4955.0,4955.0,0.0,0,,,24,0,0,none,,,,,True
porto,porto:60:20000455-2-s144:p0,0.4,2.0,5.0,4955.0,4955.0,0.0,0,,,24,0,0,none,,,,,True
porto,porto:60:20000455-2-s144:p0,0.5,2.5,5.0,4955.0,4955.0,0.0,0,,,24,0,0,none,,,,,True
porto,porto:60:20000455-2-s144:p0,0.6,3.0,5.0,4955.0,4955.0,0.0,0,,,24,0,0,none,,,,,True
porto,porto:60:20000455-2-s144:p0,0.7,3.5,5.0,4955.0,4955.0,0.0,0,,,24,0,0,none,,,,,True
porto,porto:60:20000455-2-s144:p0,0.8,4.0,5.0,4955.0,4955.0,0.0,0,,,24,0,0,none,,,,,True
porto,porto:60:20000455-2-s144:p0,0.9,4.5,5.0,4955.0,4955.0,0.0,0,,,24,0,0,none,,,,,True
porto,porto:60:20000455-2-s144:p0,1.0,5.0,5.0,4955.0,4955.0,0.0,0,,,24,0,0,none,,,,,True
porto,porto:60:20000455-2-s144:p0,1.1,5.5,5.0,4955.0,4955.0,0.0,0,,,24,0,0,none,,,,,True
porto,porto:60:20000455-2-s144:p0,1.2,6.0,5.0,4955.0,4955.0,0.0,0,,,24,0,0,none,,,,,True
porto,porto:60:20000496-3-s20:p0,0.1,0.5,5.0,11135.0,6545.0,0.4122137404580153,5,,,24,0,0,none,,,,,True
porto,porto:60:20000496-3-s20:p0,0.2,1.0,5.0,11135.0,9855.0,0.11495285136955545,3,,,24,0,0,none,,,,,True
porto,porto:60:20000496-3-s20:p0,0.3,1.5,5.0,11135.0,10520.0,0.0552312528064661,1,,,24,0,0,none,,,,,True
porto,porto:60:20000496-3-s20:p0,0.4,2.0,5.0,11135.0,11015.0,0.010776829815895825,1,,,24,0,0,none,,,,,True
porto,porto:60:20000496-3-s20:p0,0.5,2.5,5.0,11135.0,11135.0,0.0,0,,,24,0,0,none,,,,,True
porto,porto:60:20000496-3-s20:p0,0.6,3.0,5.0,11135.0,11135.0,0.0,0,,,24,0,0,none,,,,,True
porto,porto:60:20000496-3-s20:p0,0.7,3.5,5.0,11135.0,11135.0,0.0,0,,,24,0,0,none,,,,,True
porto,porto:60:20000496-3-s20:p0,0.8,4.0,5.0,11135.0,11135.0,0.0,0,,,24,0,0,none,,,,,True
porto,porto:60:20000496-3-s20:p0,0.9,4.5,5.0,11135.0,11135.0,0.0,0,,,24,0,0,none,,,,,True
porto,porto:60:20000496-3-s20:p0,1.0,5.0,5.0,11135.0,11135.0,0.0,0,,,24,0,0,none,,,,,True
porto,porto:60:20000496-3-s20:p0,1.1,5.5,5.0,11135.0,11135.0,0.0,0,,,24,0,0,none,,,,,True
porto,porto:60:20000496-3-s20:p0,1.2,6.0,5.0,11135.0,11135.0,0.0,0,,,24,0,0,none,,,,,True
porto,porto:60:20000541-4-s20:p0,0.1,0.5,5.0,5910.0,4945.0,0.16328257191201354,3,,,24,0,0,none,,,,,True
porto,porto:60:20000541-4-s20:p0,0.2,1.0,5.0,5910.0,5910.0,0.0,0,,,24,0,0,none,,,,,True
porto,porto:60:20000541-4-s20:p0,0.3,1.5,5.0,5910.0,5910.0,0.0,0,,,24,0,0,none,,,,,True
porto,porto:60:20000541-4-s20:p0,0.4,2.0,5.0,5910.0,5910.0,0.0,0,,,24,0,0,none,,,,,True
porto,porto:60:20000541-4-s20:p0,0.5,2.5,5.0,5910.0,5910.0,0.0,0,,,24,0,0,none,,,,,True
porto,porto:60:20000541-4-s20:p0,0.6,3.0,5.0,5910.0,5910.0,0.0,0,,,24,0,0,none,,,,,True
porto,porto:60:20000541-4-s20:p0,0.7,3.5,5.0,5910.0,5910.0,0.0,0,,,24,0,0,none,,,,,True
porto,porto:60:20000541-4-s20:p0,0.8,4.0,5.0,5910.0,5910.0,0.0,0,,,24,0,0,none,,,,,True
porto,porto:60:20000541-4-s20:p0,0.9,4.5,5.0,5910.0,5910.0,0.0,0,,,24,0,0,none,,,,,True
porto,porto:60:20000541-4-s20:p0,1.0,5.0,5.0,5910.0,5910.0,0.0,0,,,24,0,0,none,,,,,True
porto,porto:60:20000541-4-s20:p0,1.1,5.5,5.0,5910.0,5910.0,0.0,0,,,24,0,0,none,,,,,True
porto,porto:60:20000541-4-s20:p0,1.2,6.0,5.0,5910.0,5910.0,0.0,0,,,24,0,0,none,,,,,True
tdrive,tdrive:300:5860-0-s515:p0,0.1,0.5,5.0,2175.0,2175.0,0.0,0,53.613103448275865,1.2758620689655173,24,24,1,derived_from_native_gap,0.0018310623950296126,0.9583333333333334,0.04393939393939394,0.0,True
tdrive,tdrive:300:5860-0-s515:p0,0.2,1.0,5.0,2175.0,2175.0,0.0,0,108.22620689655173,3.5517241379310347,24,24,1,derived_from_native_gap,0.0018310623950296126,0.9583333333333334,0.04393939393939394,0.0,True
tdrive,tdrive:300:5860-0-s515:p0,0.3,1.5,5.0,2175.0,2175.0,0.0,0,162.8393103448276,5.827586206896552,24,24,1,derived_from_native_gap,0.0018310623950296126,0.9583333333333334,0.04393939393939394,0.0,True
tdrive,tdrive:300:5860-0-s515:p0,0.4,2.0,5.0,2175.0,2175.0,0.0,0,217.45241379310346,8.10344827586207,24,24,1,derived_from_native_gap,0.0018310623950296126,0.9583333333333334,0.04393939393939394,0.0,True
tdrive,tdrive:300:5860-0-s515:p0,0.5,2.5,5.0,2175.0,2175.0,0.0,0,272.0655172413793,10.379310344827585,24,24,1,derived_from_native_gap,0.0018310623950296126,0.9583333333333334,0.04393939393939394,0.0,True
tdrive,tdrive:300:5860-0-s515:p0,0.6,3.0,5.0,2175.0,2175.0,0.0,0,326.6786206896552,12.655172413793103,24,24,1,derived_from_native_gap,0.0018310623950296126,0.9583333333333334,0.04393939393939394,0.0,True
tdrive,tdrive:300:5860-0-s515:p0,0.7,3.5,5.0,2175.0,2175.0,0.0,0,381.29172413793106,14.931034482758621,24,24,1,derived_from_native_gap,0.0018310623950296126,0.9583333333333334,0.04393939393939394,0.0,True
tdrive,tdrive:300:5860-0-s515:p0,0.8,4.0,5.0,2175.0,2175.0,0.0,0,435.9048275862069,17.20689655172414,24,24,1,derived_from_native_gap,0.0018310623950296126,0.9583333333333334,0.04393939393939394,0.0,True
tdrive,tdrive:300:5860-0-s515:p0,0.9,4.5,5.0,2175.0,2175.0,0.0,0,490.5179310344828,19.482758620689655,24,24,1,derived_from_native_gap,0.0018310623950296126,0.9583333333333334,0.04393939393939394,0.0,True
tdrive,tdrive:300:5860-0-s515:p0,1.0,5.0,5.0,2175.0,2175.0,0.0,0,545.1310344827587,21.75862068965517,24,24,1,derived_from_native_gap,0.0018310623950296126,0.9583333333333334,0.04393939393939394,0.0,True
tdrive,tdrive:300:5860-0-s515:p0,1.1,5.5,5.0,2175.0,2175.0,0.0,0,599.7441379310345,24.03448275862069,24,24,1,derived_from_native_gap,0.0018310623950296126,0.9583333333333334,0.04393939393939394,0.0,True
tdrive,tdrive:300:5860-0-s515:p0,1.2,6.0,5.0,2175.0,2175.0,0.0,0,654.3572413793104,26.310344827586206,24,24,1,derived_from_native_gap,0.0018310623950296126,0.9583333333333334,0.04393939393939394,0.0,True
