[run 1]
1) run client
shuffler is ready: {'ok': True, 'queuedA': 0, 'queuedR': 0, 'aggA_url': 'http://aggregator_a:8002/forward', 'aggR_url': 'http://aggregator_r:8003/forward'}
new round: 1034848310
[WARN] PRP domain is small: 10000 recommended >= 1000000
sent 0 A_ok= True R_ok= True malicious= False A_resp= {'ok': True, 'queuedA': 1, 'round_id': 1034848310} R_resp= {'ok': True, 'queuedR': 1, 'round_id': 1034848310}
sent 20 A_ok= True R_ok= True malicious= False A_resp= {'ok': True, 'queuedA': 2, 'round_id': 1034848310} R_resp= {'ok': True, 'queuedR': 2, 'round_id': 1034848310}
sent 40 A_ok= True R_ok= True malicious= False A_resp= {'ok': True, 'queuedA': 1, 'round_id': 1034848310} R_resp= {'ok': True, 'queuedR': 1, 'round_id': 1034848310}
sent 60 A_ok= True R_ok= True malicious= False A_resp= {'ok': True, 'queuedA': 2, 'round_id': 1034848310} R_resp= {'ok': True, 'queuedR': 3, 'round_id': 1034848310}
sent 80 A_ok= False R_ok= False malicious= True A_resp= {'detail': 'invalid zk_step proof'} R_resp= {'detail': 'invalid zk_step proof'}
sent 100 A_ok= True R_ok= True malicious= False A_resp= {'ok': True, 'queuedA': 3, 'round_id': 1034848310} R_resp= {'ok': True, 'queuedR': 3, 'round_id': 1034848310}
sent 120 A_ok= True R_ok= True malicious= False A_resp= {'ok': True, 'queuedA': 1, 'round_id': 1034848310} R_resp= {'ok': True, 'queuedR': 1, 'round_id': 1034848310}
sent 140 A_ok= True R_ok= True malicious= False A_resp= {'ok': True, 'queuedA': 1, 'round_id': 1034848310} R_resp= {'ok': True, 'queuedR': 1, 'round_id': 1034848310}
sent 160 A_ok= True R_ok= True malicious= False A_resp= {'ok': True, 'queuedA': 3, 'round_id': 1034848310} R_resp= {'ok': True, 'queuedR': 3, 'round_id': 1034848310}
sent 180 A_ok= True R_ok= True malicious= False A_resp= {'ok': True, 'queuedA': 4, 'round_id': 1034848310} R_resp= {'ok': True, 'queuedR': 1, 'round_id': 1034848310}
summary total= 200 valid_clients= 182 rejected= 18 malicious_total= 18 malicious_reject_rate= 1.0 false_reject_rate= 0.0
2) status
{
  "ok": true,
  "round_id": 1034848310,
  "received_A": 182,
  "unique_submissions_A": 182,
  "cells_in_A_map": 8209,
  "r_fetch_ok": true,
  "r_url": "http://aggregator_r:8003/dump_share?round_id=1034848310",
  "r_http_status": 200,
  "received_R": 182,
  "cells_in_R_map": 8209,
  "aggR_sample_keys": [
    "5044",
    "4977",
    "2828"
  ],
  "r_error": null,
  "reconstructed": false,
  "cells_in_final_map": 0
}
reconstruct expected=182
3) reconstruct
{
  "ok": true,
  "round_id": 1034848310,
  "received_A": 182,
  "received_R": 182,
  "cells_in_A_map": 8209,
  "cells_in_R_map": 8209,
  "cells_in_final_map": 8209
}
4) baseline corrected+threshold
{
  "mode": "final_corrected_thresholded",
  "round_id": 1034848310,
  "received_total": 182,
  "E_dummy_per_cell": 0.91,
  "tau": 3.0,
  "cells_kept": 1126,
  "top_cells": [
    [
      2642,
      31.09
    ],
    [
      8255,
      31.09
    ],
    [
      7302,
      30.09
    ],
    [
      8289,
      24.09
    ],
    [
      4887,
      21.09
    ],
    [
      8771,
      21.09
    ],
    [
      6289,
      20.09
    ],
    [
      410,
      19.09
    ],
    [
      1279,
      19.09
    ],
    [
      3051,
      19.09
    ],
    [
      5127,
      19.09
    ],
    [
      5325,
      19.09
    ],
    [
      5961,
      19.09
    ],
    [
      5989,
      19.09
    ],
    [
      7682,
      19.09
    ],
    [
      9785,
      19.09
    ],
    [
      1759,
      18.09
    ],
    [
      1827,
      18.09
    ],
    [
      3013,
      18.09
    ],
    [
      3087,
      18.09
    ],
    [
      5050,
      18.09
    ],
    [
      6376,
      18.09
    ],
    [
      6760,
      18.09
    ],
    [
      6808,
      18.09
    ],
    [
      7072,
      18.09
    ],
    [
      8508,
      18.09
    ],
    [
      9607,
      18.09
    ],
    [
      48,
      17.09
    ],
    [
      142,
      17.09
    ],
    [
      2168,
      17.09
    ],
    [
      2320,
      17.09
    ],
    [
      2524,
      17.09
    ],
    [
      2689,
      17.09
    ],
    [
      3609,
      17.09
    ],
    [
      3690,
      17.09
    ],
    [
      3826,
      17.09
    ],
    [
      4894,
      17.09
    ],
    [
      4977,
      17.09
    ],
    [
      5415,
      17.09
    ],
    [
      5767,
      17.09
    ],
    [
      6992,
      17.09
    ],
    [
      7023,
      17.09
    ],
    [
      7831,
      17.09
    ],
    [
      7857,
      17.09
    ],
    [
      7902,
      17.09
    ],
    [
      8299,
      17.09
    ],
    [
      8665,
      17.09
    ],
    [
      8872,
      17.09
    ],
    [
      9150,
      17.09
    ],
    [
      9471,
      17.09
    ]
  ]
}
5) dp laplace eps=0.5
{
  "mode": "dp_laplace_post_threshold",
  "round_id": 1034848310,
  "received_total": 182,
  "E_dummy_per_cell": 0.91,
  "tau": 3.0,
  "tau2": 3.0,
  "epsilon": 0.5,
  "laplace_scale": 2.0,
  "cells_kept_pre": 1126,
  "cells_kept_post": 874,
  "N_acc": 182,
  "K": 50,
  "KD": 50,
  "DOMAIN": 10000,
  "top_cells": [
    [
      4362,
      30.662644955066895
    ],
    [
      2138,
      30.467917172875506
    ],
    [
      2992,
      28.63581598186492
    ],
    [
      321,
      28.201139788159395
    ],
    [
      2821,
      25.495643756850907
    ],
    [
      9247,
      24.24208746369458
    ],
    [
      9711,
      23.108448189099914
    ],
    [
      112,
      22.659683609797774
    ],
    [
      7161,
      22.614711229479656
    ],
    [
      3873,
      22.274186663645672
    ],
    [
      3017,
      22.09076153548324
    ],
    [
      7311,
      21.98888462735941
    ],
    [
      874,
      21.59883523045942
    ],
    [
      5358,
      21.513574731386782
    ],
    [
      9453,
      21.399173157643457
    ],
    [
      955,
      21.388757996396603
    ],
    [
      1707,
      21.357461858708636
    ],
    [
      3121,
      21.32889516878468
    ],
    [
      1326,
      21.1120101737806
    ],
    [
      9676,
      21.049979286777212
    ],
    [
      2240,
      20.621112070090057
    ],
    [
      7261,
      20.606960553380958
    ],
    [
      8450,
      20.47103766083329
    ],
    [
      2835,
      20.29550751452366
    ],
    [
      8946,
      20.23693117044029
    ],
    [
      8974,
      19.643335383466287
    ],
    [
      4027,
      19.592433075232513
    ],
    [
      1140,
      19.533302514621006
    ],
    [
      1869,
      19.499603748206198
    ],
    [
      5216,
      19.294294114216285
    ],
    [
      5705,
      19.284440814128907
    ],
    [
      5338,
      19.03707854769226
    ],
    [
      4026,
      19.02552711966665
    ],
    [
      2753,
      19.02009159065411
    ],
    [
      3517,
      18.98207559878398
    ],
    [
      4544,
      18.930560827605706
    ],
    [
      2332,
      18.896848247529995
    ],
    [
      1623,
      18.881121165346187
    ],
    [
      3335,
      18.804659617437782
    ],
    [
      9574,
      18.770671024919228
    ],
    [
      9863,
      18.732641436342128
    ],
    [
      7336,
      18.633029311582366
    ],
    [
      8108,
      18.521983686869408
    ],
    [
      7021,
      18.428016947545036
    ],
    [
      6627,
      18.392781769791615
    ],
    [
      212,
      18.30952746542488
    ],
    [
      8538,
      18.279561414298723
    ],
    [
      2665,
      18.260881483955824
    ],
    [
      7041,
      18.20707743908695
    ],
    [
      243,
      18.119372287489156
    ]
  ],
  "top_tokens": [
    [
      2642,
      30.662644955066895
    ],
    [
      7302,
      30.467917172875506
    ],
    [
      8255,
      28.63581598186492
    ],
    [
      3682,
      28.201139788159395
    ],
    [
      6273,
      25.495643756850907
    ],
    [
      8665,
      24.24208746369458
    ],
    [
      9304,
      23.108448189099914
    ],
    [
      8771,
      22.659683609797774
    ],
    [
      1992,
      22.614711229479656
    ],
    [
      8289,
      22.274186663645672
    ],
    [
      5258,
      22.09076153548324
    ],
    [
      3826,
      21.98888462735941
    ],
    [
      8508,
      21.59883523045942
    ],
    [
      327,
      21.513574731386782
    ],
    [
      9721,
      21.399173157643457
    ],
    [
      6384,
      21.388757996396603
    ],
    [
      2156,
      21.357461858708636
    ],
    [
      6289,
      21.32889516878468
    ],
    [
      9737,
      21.1120101737806
    ],
    [
      3690,
      21.049979286777212
    ],
    [
      4496,
      20.621112070090057
    ],
    [
      6376,
      20.606960553380958
    ],
    [
      9213,
      20.47103766083329
    ],
    [
      984,
      20.29550751452366
    ],
    [
      1279,
      20.23693117044029
    ],
    [
      9283,
      19.643335383466287
    ],
    [
      910,
      19.592433075232513
    ],
    [
      2216,
      19.533302514621006
    ],
    [
      1842,
      19.499603748206198
    ],
    [
      7072,
      19.294294114216285
    ],
    [
      2085,
      19.284440814128907
    ],
    [
      4887,
      19.03707854769226
    ],
    [
      4877,
      19.02552711966665
    ],
    [
      3072,
      19.02009159065411
    ],
    [
      2413,
      18.98207559878398
    ],
    [
      2689,
      18.930560827605706
    ],
    [
      7948,
      18.896848247529995
    ],
    [
      9823,
      18.881121165346187
    ],
    [
      9150,
      18.804659617437782
    ],
    [
      5932,
      18.770671024919228
    ],
    [
      2554,
      18.732641436342128
    ],
    [
      7617,
      18.633029311582366
    ],
    [
      2953,
      18.521983686869408
    ],
    [
      1702,
      18.428016947545036
    ],
    [
      5185,
      18.392781769791615
    ],
    [
      3087,
      18.30952746542488
    ],
    [
      5989,
      18.279561414298723
    ],
    [
      1827,
      18.260881483955824
    ],
    [
      6410,
      18.20707743908695
    ],
    [
      107,
      18.119372287489156
    ]
  ],
  "decoded_count": 50,
  "decoded_limit": 50,
  "decode_error": null
}
6) dp laplace eps=1.0
{
  "mode": "dp_laplace_post_threshold",
  "round_id": 1034848310,
  "received_total": 182,
  "E_dummy_per_cell": 0.91,
  "tau": 3.0,
  "tau2": 3.0,
  "epsilon": 1.0,
  "laplace_scale": 1.0,
  "cells_kept_pre": 1126,
  "cells_kept_post": 957,
  "N_acc": 182,
  "K": 50,
  "KD": 50,
  "DOMAIN": 10000,
  "top_cells": [
    [
      2642,
      32.31715693185499
    ],
    [
      7302,
      30.56242651169326
    ],
    [
      8255,
      26.50008873765927
    ],
    [
      8289,
      23.849029476349
    ],
    [
      5961,
      20.250287280406983
    ],
    [
      4887,
      20.21832219315607
    ],
    [
      9471,
      19.71039876573472
    ],
    [
      6289,
      19.697466990262026
    ],
    [
      2148,
      19.665867349285346
    ],
    [
      2320,
      19.51721695300167
    ],
    [
      3051,
      19.49004956915527
    ],
    [
      5325,
      19.274029995287982
    ],
    [
      1279,
      19.26128335984568
    ],
    [
      6677,
      19.122743529411874
    ],
    [
      6376,
      19.115729157883546
    ],
    [
      5989,
      18.92958052406528
    ],
    [
      4238,
      18.80037236071272
    ],
    [
      410,
      18.70737002607395
    ],
    [
      8771,
      18.572728916080287
    ],
    [
      5127,
      18.484681105394213
    ],
    [
      9785,
      18.432678919591957
    ],
    [
      3533,
      18.427820336181327
    ],
    [
      6337,
      18.42022654660936
    ],
    [
      8299,
      18.371434030167457
    ],
    [
      7902,
      18.351517672735323
    ],
    [
      8665,
      18.292395267406185
    ],
    [
      4809,
      18.254135924865576
    ],
    [
      125,
      18.222209944709384
    ],
    [
      7016,
      18.21499343914503
    ],
    [
      1827,
      18.14210812161344
    ],
    [
      6273,
      18.09001274503404
    ],
    [
      9158,
      18.036217987739022
    ],
    [
      7682,
      17.883341725840644
    ],
    [
      8872,
      17.825460948450928
    ],
    [
      9150,
      17.691039055739736
    ],
    [
      8129,
      17.651098020622683
    ],
    [
      8508,
      17.64657243656272
    ],
    [
      1759,
      17.63363473409163
    ],
    [
      9607,
      17.616543744870167
    ],
    [
      7525,
      17.573602658520738
    ],
    [
      2085,
      17.56038712861693
    ],
    [
      3013,
      17.55333692206426
    ],
    [
      3237,
      17.541216671706742
    ],
    [
      9622,
      17.539314318064918
    ],
    [
      3690,
      17.52634227069947
    ],
    [
      4977,
      17.522461790876655
    ],
    [
      7072,
      17.468257628780417
    ],
    [
      5415,
      17.45791177356896
    ],
    [
      48,
      17.36601546722686
    ],
    [
      4894,
      17.361805281023603
    ]
  ],
  "top_tokens": [
    [
      2642,
      32.31715693185499
    ],
    [
      7302,
      30.56242651169326
    ],
    [
      8255,
      26.50008873765927
    ],
    [
      8289,
      23.849029476349
    ],
    [
      5961,
      20.250287280406983
    ],
    [
      4887,
      20.21832219315607
    ],
    [
      9471,
      19.71039876573472
    ],
    [
      6289,
      19.697466990262026
    ],
    [
      2148,
      19.665867349285346
    ],
    [
      2320,
      19.51721695300167
    ],
    [
      3051,
      19.49004956915527
    ],
    [
      5325,
      19.274029995287982
    ],
    [
      1279,
      19.26128335984568
    ],
    [
      6677,
      19.122743529411874
    ],
    [
      6376,
      19.115729157883546
    ],
    [
      5989,
      18.92958052406528
    ],
    [
      4238,
      18.80037236071272
    ],
    [
      410,
      18.70737002607395
    ],
    [
      8771,
      18.572728916080287
    ],
    [
      5127,
      18.484681105394213
    ],
    [
      9785,
      18.432678919591957
    ],
    [
      3533,
      18.427820336181327
    ],
    [
      6337,
      18.42022654660936
    ],
    [
      8299,
      18.371434030167457
    ],
    [
      7902,
      18.351517672735323
    ],
    [
      8665,
      18.292395267406185
    ],
    [
      4809,
      18.254135924865576
    ],
    [
      125,
      18.222209944709384
    ],
    [
      7016,
      18.21499343914503
    ],
    [
      1827,
      18.14210812161344
    ],
    [
      6273,
      18.09001274503404
    ],
    [
      9158,
      18.036217987739022
    ],
    [
      7682,
      17.883341725840644
    ],
    [
      8872,
      17.825460948450928
    ],
    [
      9150,
      17.691039055739736
    ],
    [
      8129,
      17.651098020622683
    ],
    [
      8508,
      17.64657243656272
    ],
    [
      1759,
      17.63363473409163
    ],
    [
      9607,
      17.616543744870167
    ],
    [
      7525,
      17.573602658520738
    ],
    [
      2085,
      17.56038712861693
    ],
    [
      3013,
      17.55333692206426
    ],
    [
      3237,
      17.541216671706742
    ],
    [
      9622,
      17.539314318064918
    ],
    [
      3690,
      17.52634227069947
    ],
    [
      4977,
      17.522461790876655
    ],
    [
      7072,
      17.468257628780417
    ],
    [
      5415,
      17.45791177356896
    ],
    [
      48,
      17.36601546722686
    ],
    [
      4894,
      17.361805281023603
    ]
  ],
  "decoded_count": 0,
  "decoded_limit": 50,
  "decode_error": "decode quota exceeded"
}
7) dp laplace eps=3.0
{
  "mode": "dp_laplace_post_threshold",
  "round_id": 1034848310,
  "received_total": 182,
  "E_dummy_per_cell": 0.91,
  "tau": 3.0,
  "tau2": 3.0,
  "epsilon": 3.0,
  "laplace_scale": 0.3333333333333333,
  "cells_kept_pre": 1126,
  "cells_kept_post": 1016,
  "N_acc": 182,
  "K": 50,
  "KD": 50,
  "DOMAIN": 10000,
  "top_cells": [
    [
      2642,
      31.31774197603633
    ],
    [
      8255,
      31.21798701933731
    ],
    [
      7302,
      29.587537523506235
    ],
    [
      8289,
      24.389644155831625
    ],
    [
      4887,
      21.059042142389785
    ],
    [
      8771,
      20.69112477710423
    ],
    [
      3051,
      19.628532782174474
    ],
    [
      9785,
      19.59623611037396
    ],
    [
      6289,
      19.501136891476364
    ],
    [
      5961,
      19.31964975330365
    ],
    [
      5127,
      19.12935378089934
    ],
    [
      5989,
      19.08523987974816
    ],
    [
      7682,
      19.067651783201562
    ],
    [
      5325,
      18.98976169849753
    ],
    [
      1279,
      18.944044947732024
    ],
    [
      410,
      18.917447374386096
    ],
    [
      9607,
      18.297079495035014
    ],
    [
      7023,
      18.282414269180514
    ],
    [
      6376,
      18.23155005039779
    ],
    [
      7072,
      18.224400318353663
    ],
    [
      5050,
      18.18215478005072
    ],
    [
      5878,
      18.13128574793899
    ],
    [
      8508,
      18.11467796699861
    ],
    [
      1827,
      18.056945315559638
    ],
    [
      3013,
      18.04968298122478
    ],
    [
      6808,
      18.044498447909664
    ],
    [
      6760,
      18.029979470724786
    ],
    [
      1759,
      17.965799069568334
    ],
    [
      7902,
      17.86938522315705
    ],
    [
      8299,
      17.867895962281544
    ],
    [
      3087,
      17.860693946719724
    ],
    [
      9347,
      17.817788366695986
    ],
    [
      5767,
      17.588270365319225
    ],
    [
      142,
      17.519415859098533
    ],
    [
      3609,
      17.498701454661422
    ],
    [
      2689,
      17.453355049765946
    ],
    [
      7857,
      17.418189305514417
    ],
    [
      2320,
      17.348306423194753
    ],
    [
      8872,
      17.273891270491404
    ],
    [
      6992,
      17.230902324466793
    ],
    [
      9150,
      17.18620684934355
    ],
    [
      7831,
      17.116768637471825
    ],
    [
      3690,
      17.09486569552555
    ],
    [
      48,
      17.06755795212589
    ],
    [
      910,
      17.02100607902204
    ],
    [
      4977,
      17.00882715480625
    ],
    [
      3826,
      16.989763760558773
    ],
    [
      8665,
      16.98899872509111
    ],
    [
      5415,
      16.895442939785738
    ],
    [
      9304,
      16.80080646502301
    ]
  ],
  "top_tokens": [
    [
      2642,
      31.31774197603633
    ],
    [
      8255,
      31.21798701933731
    ],
    [
      7302,
      29.587537523506235
    ],
    [
      8289,
      24.389644155831625
    ],
    [
      4887,
      21.059042142389785
    ],
    [
      8771,
      20.69112477710423
    ],
    [
      3051,
      19.628532782174474
    ],
    [
      9785,
      19.59623611037396
    ],
    [
      6289,
      19.501136891476364
    ],
    [
      5961,
      19.31964975330365
    ],
    [
      5127,
      19.12935378089934
    ],
    [
      5989,
      19.08523987974816
    ],
    [
      7682,
      19.067651783201562
    ],
    [
      5325,
      18.98976169849753
    ],
    [
      1279,
      18.944044947732024
    ],
    [
      410,
      18.917447374386096
    ],
    [
      9607,
      18.297079495035014
    ],
    [
      7023,
      18.282414269180514
    ],
    [
      6376,
      18.23155005039779
    ],
    [
      7072,
      18.224400318353663
    ],
    [
      5050,
      18.18215478005072
    ],
    [
      5878,
      18.13128574793899
    ],
    [
      8508,
      18.11467796699861
    ],
    [
      1827,
      18.056945315559638
    ],
    [
      3013,
      18.04968298122478
    ],
    [
      6808,
      18.044498447909664
    ],
    [
      6760,
      18.029979470724786
    ],
    [
      1759,
      17.965799069568334
    ],
    [
      7902,
      17.86938522315705
    ],
    [
      8299,
      17.867895962281544
    ],
    [
      3087,
      17.860693946719724
    ],
    [
      9347,
      17.817788366695986
    ],
    [
      5767,
      17.588270365319225
    ],
    [
      142,
      17.519415859098533
    ],
    [
      3609,
      17.498701454661422
    ],
    [
      2689,
      17.453355049765946
    ],
    [
      7857,
      17.418189305514417
    ],
    [
      2320,
      17.348306423194753
    ],
    [
      8872,
      17.273891270491404
    ],
    [
      6992,
      17.230902324466793
    ],
    [
      9150,
      17.18620684934355
    ],
    [
      7831,
      17.116768637471825
    ],
    [
      3690,
      17.09486569552555
    ],
    [
      48,
      17.06755795212589
    ],
    [
      910,
      17.02100607902204
    ],
    [
      4977,
      17.00882715480625
    ],
    [
      3826,
      16.989763760558773
    ],
    [
      8665,
      16.98899872509111
    ],
    [
      5415,
      16.895442939785738
    ],
    [
      9304,
      16.80080646502301
    ]
  ],
  "decoded_count": 0,
  "decoded_limit": 50,
  "decode_error": "decode quota exceeded"
}
[run 2]
1) run client
shuffler is ready: {'ok': True, 'queuedA': 0, 'queuedR': 0, 'aggA_url': 'http://aggregator_a:8002/forward', 'aggR_url': 'http://aggregator_r:8003/forward'}
new round: 1034961200
[WARN] PRP domain is small: 10000 recommended >= 1000000
sent 0 A_ok= True R_ok= True malicious= False A_resp= {'ok': True, 'queuedA': 1, 'round_id': 1034961200} R_resp= {'ok': True, 'queuedR': 1, 'round_id': 1034961200}
sent 20 A_ok= True R_ok= True malicious= False A_resp= {'ok': True, 'queuedA': 2, 'round_id': 1034961200} R_resp= {'ok': True, 'queuedR': 3, 'round_id': 1034961200}
sent 40 A_ok= True R_ok= True malicious= False A_resp= {'ok': True, 'queuedA': 3, 'round_id': 1034961200} R_resp= {'ok': True, 'queuedR': 3, 'round_id': 1034961200}
sent 60 A_ok= True R_ok= True malicious= False A_resp= {'ok': True, 'queuedA': 3, 'round_id': 1034961200} R_resp= {'ok': True, 'queuedR': 4, 'round_id': 1034961200}
sent 80 A_ok= True R_ok= True malicious= False A_resp= {'ok': True, 'queuedA': 1, 'round_id': 1034961200} R_resp= {'ok': True, 'queuedR': 2, 'round_id': 1034961200}
sent 100 A_ok= True R_ok= True malicious= False A_resp= {'ok': True, 'queuedA': 3, 'round_id': 1034961200} R_resp= {'ok': True, 'queuedR': 3, 'round_id': 1034961200}
sent 120 A_ok= True R_ok= True malicious= False A_resp= {'ok': True, 'queuedA': 1, 'round_id': 1034961200} R_resp= {'ok': True, 'queuedR': 1, 'round_id': 1034961200}
sent 140 A_ok= True R_ok= True malicious= False A_resp= {'ok': True, 'queuedA': 1, 'round_id': 1034961200} R_resp= {'ok': True, 'queuedR': 1, 'round_id': 1034961200}
sent 160 A_ok= True R_ok= True malicious= False A_resp= {'ok': True, 'queuedA': 3, 'round_id': 1034961200} R_resp= {'ok': True, 'queuedR': 4, 'round_id': 1034961200}
sent 180 A_ok= False R_ok= False malicious= True A_resp= {'detail': 'invalid zk_step proof'} R_resp= {'detail': 'invalid zk_step proof'}
summary total= 200 valid_clients= 185 rejected= 15 malicious_total= 15 malicious_reject_rate= 1.0 false_reject_rate= 0.0
2) status
{
  "ok": true,
  "round_id": 1034961200,
  "received_A": 185,
  "unique_submissions_A": 185,
  "cells_in_A_map": 8341,
  "r_fetch_ok": true,
  "r_url": "http://aggregator_r:8003/dump_share?round_id=1034961200",
  "r_http_status": 200,
  "received_R": 185,
  "cells_in_R_map": 8341,
  "aggR_sample_keys": [
    "8934",
    "3833",
    "6723"
  ],
  "r_error": null,
  "reconstructed": false,
  "cells_in_final_map": 0
}
reconstruct expected=185
3) reconstruct
{
  "ok": true,
  "round_id": 1034961200,
  "received_A": 185,
  "received_R": 185,
  "cells_in_A_map": 8341,
  "cells_in_R_map": 8341,
  "cells_in_final_map": 8341
}
4) baseline corrected+threshold
{
  "mode": "final_corrected_thresholded",
  "round_id": 1034961200,
  "received_total": 185,
  "E_dummy_per_cell": 0.925,
  "tau": 3.0,
  "cells_kept": 1144,
  "top_cells": [
    [
      5666,
      45.075
    ],
    [
      5661,
      30.075
    ],
    [
      8538,
      30.075
    ],
    [
      1588,
      29.075
    ],
    [
      2133,
      29.075
    ],
    [
      2624,
      28.075
    ],
    [
      5381,
      28.075
    ],
    [
      7396,
      28.075
    ],
    [
      4675,
      26.075
    ],
    [
      9835,
      26.075
    ],
    [
      1117,
      23.075
    ],
    [
      2392,
      22.075
    ],
    [
      5197,
      22.075
    ],
    [
      179,
      21.075
    ],
    [
      1270,
      21.075
    ],
    [
      2801,
      21.075
    ],
    [
      1621,
      19.075
    ],
    [
      2074,
      19.075
    ],
    [
      3980,
      19.075
    ],
    [
      6852,
      19.075
    ],
    [
      7312,
      19.075
    ],
    [
      1533,
      18.075
    ],
    [
      2398,
      18.075
    ],
    [
      3090,
      18.075
    ],
    [
      3505,
      18.075
    ],
    [
      8934,
      18.075
    ],
    [
      8972,
      18.075
    ],
    [
      300,
      17.075
    ],
    [
      469,
      17.075
    ],
    [
      1236,
      17.075
    ],
    [
      3849,
      17.075
    ],
    [
      3957,
      17.075
    ],
    [
      3987,
      17.075
    ],
    [
      4348,
      17.075
    ],
    [
      4686,
      17.075
    ],
    [
      4727,
      17.075
    ],
    [
      5254,
      17.075
    ],
    [
      5434,
      17.075
    ],
    [
      5680,
      17.075
    ],
    [
      6011,
      17.075
    ],
    [
      6054,
      17.075
    ],
    [
      7131,
      17.075
    ],
    [
      7692,
      17.075
    ],
    [
      8670,
      17.075
    ],
    [
      8692,
      17.075
    ],
    [
      9097,
      17.075
    ],
    [
      9924,
      17.075
    ],
    [
      248,
      16.075
    ],
    [
      262,
      16.075
    ],
    [
      422,
      16.075
    ]
  ]
}
5) dp laplace eps=0.5
{
  "mode": "dp_laplace_post_threshold",
  "round_id": 1034961200,
  "received_total": 185,
  "E_dummy_per_cell": 0.925,
  "tau": 3.0,
  "tau2": 3.0,
  "epsilon": 0.5,
  "laplace_scale": 2.0,
  "cells_kept_pre": 1144,
  "cells_kept_post": 900,
  "N_acc": 185,
  "K": 50,
  "KD": 50,
  "DOMAIN": 10000,
  "top_cells": [
    [
      5619,
      44.29073699578941
    ],
    [
      7580,
      29.59157084160982
    ],
    [
      5167,
      29.28125480766419
    ],
    [
      7634,
      29.098079773713792
    ],
    [
      8092,
      29.076603128460317
    ],
    [
      2007,
      28.01402702561535
    ],
    [
      543,
      27.94769252470044
    ],
    [
      7117,
      27.81566794567757
    ],
    [
      9808,
      26.97282865599945
    ],
    [
      5779,
      26.11703283311687
    ],
    [
      3324,
      25.2273967180996
    ],
    [
      7529,
      25.113277928711085
    ],
    [
      2877,
      25.091839380745007
    ],
    [
      1853,
      23.325986068636766
    ],
    [
      8054,
      23.28168005686529
    ],
    [
      599,
      23.214732415031882
    ],
    [
      3199,
      23.12823912824407
    ],
    [
      3217,
      22.95447679741125
    ],
    [
      7417,
      22.92542147401884
    ],
    [
      6880,
      22.84060149011521
    ],
    [
      6151,
      22.39960819969998
    ],
    [
      8278,
      22.211167465791224
    ],
    [
      5482,
      21.543650838838794
    ],
    [
      3928,
      21.43771213700805
    ],
    [
      8556,
      21.294204912599664
    ],
    [
      5310,
      21.224760360687203
    ],
    [
      940,
      20.997131724579145
    ],
    [
      4638,
      20.995421567867353
    ],
    [
      4483,
      20.979564959083643
    ],
    [
      4437,
      20.86728570452412
    ],
    [
      3829,
      20.82813346750385
    ],
    [
      710,
      20.637392421924822
    ],
    [
      6051,
      20.34583558884925
    ],
    [
      9437,
      20.25905551416028
    ],
    [
      9655,
      20.196514282090714
    ],
    [
      4873,
      19.772827615190348
    ],
    [
      1418,
      19.69872252245988
    ],
    [
      3896,
      19.689381953308583
    ],
    [
      5132,
      19.65710562836876
    ],
    [
      151,
      19.605271153669637
    ],
    [
      3725,
      19.569901839527226
    ],
    [
      7733,
      19.402389248825138
    ],
    [
      5360,
      19.373628533497037
    ],
    [
      1955,
      19.35594265596926
    ],
    [
      2153,
      19.297353497198063
    ],
    [
      7744,
      19.144776118227153
    ],
    [
      7716,
      19.065657548213203
    ],
    [
      690,
      19.040307719928148
    ],
    [
      6857,
      19.012176850927652
    ],
    [
      6048,
      18.80879200444687
    ]
  ],
  "top_tokens": [
    [
      5666,
      44.29073699578941
    ],
    [
      8538,
      29.59157084160982
    ],
    [
      5381,
      29.28125480766419
    ],
    [
      1588,
      29.098079773713792
    ],
    [
      7396,
      29.076603128460317
    ],
    [
      5661,
      28.01402702561535
    ],
    [
      9835,
      27.94769252470044
    ],
    [
      2624,
      27.81566794567757
    ],
    [
      1277,
      26.97282865599945
    ],
    [
      2133,
      26.11703283311687
    ],
    [
      4512,
      25.2273967180996
    ],
    [
      1868,
      25.113277928711085
    ],
    [
      1621,
      25.091839380745007
    ],
    [
      9528,
      23.325986068636766
    ],
    [
      4686,
      23.28168005686529
    ],
    [
      1117,
      23.214732415031882
    ],
    [
      283,
      23.12823912824407
    ],
    [
      2317,
      22.95447679741125
    ],
    [
      9398,
      22.92542147401884
    ],
    [
      2801,
      22.84060149011521
    ],
    [
      5197,
      22.39960819969998
    ],
    [
      9924,
      22.211167465791224
    ],
    [
      5434,
      21.543650838838794
    ],
    [
      6975,
      21.43771213700805
    ],
    [
      3343,
      21.294204912599664
    ],
    [
      7400,
      21.224760360687203
    ],
    [
      4330,
      20.997131724579145
    ],
    [
      4784,
      20.995421567867353
    ],
    [
      3693,
      20.979564959083643
    ],
    [
      3090,
      20.86728570452412
    ],
    [
      6852,
      20.82813346750385
    ],
    [
      300,
      20.637392421924822
    ],
    [
      3980,
      20.34583558884925
    ],
    [
      6490,
      20.25905551416028
    ],
    [
      8658,
      20.196514282090714
    ],
    [
      7312,
      19.772827615190348
    ],
    [
      9879,
      19.69872252245988
    ],
    [
      1270,
      19.689381953308583
    ],
    [
      9530,
      19.65710562836876
    ],
    [
      9231,
      19.605271153669637
    ],
    [
      6054,
      19.569901839527226
    ],
    [
      179,
      19.402389248825138
    ],
    [
      3303,
      19.373628533497037
    ],
    [
      5425,
      19.35594265596926
    ],
    [
      2830,
      19.297353497198063
    ],
    [
      6050,
      19.144776118227153
    ],
    [
      2342,
      19.065657548213203
    ],
    [
      7319,
      19.040307719928148
    ],
    [
      5606,
      19.012176850927652
    ],
    [
      953,
      18.80879200444687
    ]
  ],
  "decoded_count": 50,
  "decoded_limit": 50,
  "decode_error": null
}
6) dp laplace eps=1.0
{
  "mode": "dp_laplace_post_threshold",
  "round_id": 1034961200,
  "received_total": 185,
  "E_dummy_per_cell": 0.925,
  "tau": 3.0,
  "tau2": 3.0,
  "epsilon": 1.0,
  "laplace_scale": 1.0,
  "cells_kept_pre": 1144,
  "cells_kept_post": 942,
  "N_acc": 185,
  "K": 50,
  "KD": 50,
  "DOMAIN": 10000,
  "top_cells": [
    [
      5666,
      44.38576563929122
    ],
    [
      1588,
      31.76192110260906
    ],
    [
      8538,
      31.29870856733329
    ],
    [
      5661,
      29.917430090743963
    ],
    [
      2133,
      29.033156780006223
    ],
    [
      2624,
      28.21536479750399
    ],
    [
      5381,
      27.11964105477123
    ],
    [
      9835,
      26.483916242759285
    ],
    [
      7396,
      25.870395104515758
    ],
    [
      179,
      23.97981475018638
    ],
    [
      4675,
      23.38507065313497
    ],
    [
      5197,
      23.169550974906354
    ],
    [
      1117,
      22.960187066228897
    ],
    [
      2801,
      22.40304831159774
    ],
    [
      6852,
      22.182491140905874
    ],
    [
      5680,
      21.109278114454664
    ],
    [
      2392,
      20.293215450700774
    ],
    [
      3233,
      20.268920370621842
    ],
    [
      21,
      20.095830629435785
    ],
    [
      3987,
      19.899602438540295
    ],
    [
      5434,
      19.845299819673702
    ],
    [
      7312,
      19.6315937684485
    ],
    [
      1270,
      19.61496362694927
    ],
    [
      3505,
      19.137416136745795
    ],
    [
      3980,
      19.027534594996794
    ],
    [
      8934,
      18.943953605815487
    ],
    [
      1626,
      18.769942269129167
    ],
    [
      2074,
      18.731757896549293
    ],
    [
      5254,
      18.65632114142599
    ],
    [
      3957,
      18.581139488744363
    ],
    [
      1621,
      18.513425541827345
    ],
    [
      9097,
      18.483105159955937
    ],
    [
      8972,
      18.387705652214954
    ],
    [
      1533,
      18.24500744492725
    ],
    [
      9831,
      17.92794866851994
    ],
    [
      7692,
      17.896148438689238
    ],
    [
      9924,
      17.750461573896757
    ],
    [
      8692,
      17.669806689457953
    ],
    [
      2830,
      17.595464106972486
    ],
    [
      248,
      17.536975291471165
    ],
    [
      5606,
      17.49584761267083
    ],
    [
      4683,
      17.48539962797209
    ],
    [
      6522,
      17.307638863275045
    ],
    [
      4727,
      17.280531136789143
    ],
    [
      1617,
      17.274764509739235
    ],
    [
      262,
      17.203024681572977
    ],
    [
      2884,
      17.116465710091333
    ],
    [
      9530,
      17.114546687717834
    ],
    [
      300,
      17.107684290524798
    ],
    [
      9281,
      17.052682726166946
    ]
  ],
  "top_tokens": [
    [
      5666,
      44.38576563929122
    ],
    [
      1588,
      31.76192110260906
    ],
    [
      8538,
      31.29870856733329
    ],
    [
      5661,
      29.917430090743963
    ],
    [
      2133,
      29.033156780006223
    ],
    [
      2624,
      28.21536479750399
    ],
    [
      5381,
      27.11964105477123
    ],
    [
      9835,
      26.483916242759285
    ],
    [
      7396,
      25.870395104515758
    ],
    [
      179,
      23.97981475018638
    ],
    [
      4675,
      23.38507065313497
    ],
    [
      5197,
      23.169550974906354
    ],
    [
      1117,
      22.960187066228897
    ],
    [
      2801,
      22.40304831159774
    ],
    [
      6852,
      22.182491140905874
    ],
    [
      5680,
      21.109278114454664
    ],
    [
      2392,
      20.293215450700774
    ],
    [
      3233,
      20.268920370621842
    ],
    [
      21,
      20.095830629435785
    ],
    [
      3987,
      19.899602438540295
    ],
    [
      5434,
      19.845299819673702
    ],
    [
      7312,
      19.6315937684485
    ],
    [
      1270,
      19.61496362694927
    ],
    [
      3505,
      19.137416136745795
    ],
    [
      3980,
      19.027534594996794
    ],
    [
      8934,
      18.943953605815487
    ],
    [
      1626,
      18.769942269129167
    ],
    [
      2074,
      18.731757896549293
    ],
    [
      5254,
      18.65632114142599
    ],
    [
      3957,
      18.581139488744363
    ],
    [
      1621,
      18.513425541827345
    ],
    [
      9097,
      18.483105159955937
    ],
    [
      8972,
      18.387705652214954
    ],
    [
      1533,
      18.24500744492725
    ],
    [
      9831,
      17.92794866851994
    ],
    [
      7692,
      17.896148438689238
    ],
    [
      9924,
      17.750461573896757
    ],
    [
      8692,
      17.669806689457953
    ],
    [
      2830,
      17.595464106972486
    ],
    [
      248,
      17.536975291471165
    ],
    [
      5606,
      17.49584761267083
    ],
    [
      4683,
      17.48539962797209
    ],
    [
      6522,
      17.307638863275045
    ],
    [
      4727,
      17.280531136789143
    ],
    [
      1617,
      17.274764509739235
    ],
    [
      262,
      17.203024681572977
    ],
    [
      2884,
      17.116465710091333
    ],
    [
      9530,
      17.114546687717834
    ],
    [
      300,
      17.107684290524798
    ],
    [
      9281,
      17.052682726166946
    ]
  ],
  "decoded_count": 0,
  "decoded_limit": 50,
  "decode_error": "decode quota exceeded"
}
7) dp laplace eps=3.0
{
  "mode": "dp_laplace_post_threshold",
  "round_id": 1034961200,
  "received_total": 185,
  "E_dummy_per_cell": 0.925,
  "tau": 3.0,
  "tau2": 3.0,
  "epsilon": 3.0,
  "laplace_scale": 0.3333333333333333,
  "cells_kept_pre": 1144,
  "cells_kept_post": 1008,
  "N_acc": 185,
  "K": 50,
  "KD": 50,
  "DOMAIN": 10000,
  "top_cells": [
    [
      5666,
      45.09479614683203
    ],
    [
      5661,
      30.12152527719947
    ],
    [
      8538,
      30.055867584131978
    ],
    [
      2133,
      29.331719580820536
    ],
    [
      1588,
      28.862882636682148
    ],
    [
      5381,
      28.24656209535777
    ],
    [
      2624,
      27.95408077971885
    ],
    [
      7396,
      26.862426597761868
    ],
    [
      4675,
      25.886808928027367
    ],
    [
      9835,
      24.937625885280873
    ],
    [
      5197,
      22.090876982886858
    ],
    [
      1117,
      21.876297622973205
    ],
    [
      2392,
      21.833494699015752
    ],
    [
      179,
      21.2091262498006
    ],
    [
      2801,
      21.009373868508746
    ],
    [
      1270,
      20.8551783603117
    ],
    [
      1621,
      20.235419044744585
    ],
    [
      2074,
      19.71388532470892
    ],
    [
      3980,
      19.154308649996672
    ],
    [
      2398,
      19.058173614843263
    ],
    [
      9140,
      18.85304816578539
    ],
    [
      6852,
      18.78742130305118
    ],
    [
      1533,
      18.679045283157883
    ],
    [
      7312,
      18.57827897460534
    ],
    [
      3505,
      18.350953212259878
    ],
    [
      8972,
      18.117051636078862
    ],
    [
      8934,
      18.005462739857595
    ],
    [
      3957,
      17.66903729841525
    ],
    [
      3090,
      17.636265122677145
    ],
    [
      8746,
      17.600663505795083
    ],
    [
      6847,
      17.473767076284528
    ],
    [
      4686,
      17.47232850270434
    ],
    [
      9924,
      17.427993903707748
    ],
    [
      6054,
      17.328051540619995
    ],
    [
      8692,
      17.27571001205677
    ],
    [
      5434,
      17.24735307478011
    ],
    [
      6011,
      17.0382826464348
    ],
    [
      8670,
      16.993608613008345
    ],
    [
      7131,
      16.97274741257995
    ],
    [
      5680,
      16.930553900531674
    ],
    [
      469,
      16.886047101562156
    ],
    [
      4980,
      16.884398849980972
    ],
    [
      4727,
      16.807087269650356
    ],
    [
      1236,
      16.79709088610591
    ],
    [
      2117,
      16.793813937196866
    ],
    [
      9097,
      16.746747769494924
    ],
    [
      300,
      16.733142311875543
    ],
    [
      7692,
      16.732040883749463
    ],
    [
      3987,
      16.725606021351304
    ],
    [
      3849,
      16.601633207031025
    ]
  ],
  "top_tokens": [
    [
      5666,
      45.09479614683203
    ],
    [
      5661,
      30.12152527719947
    ],
    [
      8538,
      30.055867584131978
    ],
    [
      2133,
      29.331719580820536
    ],
    [
      1588,
      28.862882636682148
    ],
    [
      5381,
      28.24656209535777
    ],
    [
      2624,
      27.95408077971885
    ],
    [
      7396,
      26.862426597761868
    ],
    [
      4675,
      25.886808928027367
    ],
    [
      9835,
      24.937625885280873
    ],
    [
      5197,
      22.090876982886858
    ],
    [
      1117,
      21.876297622973205
    ],
    [
      2392,
      21.833494699015752
    ],
    [
      179,
      21.2091262498006
    ],
    [
      2801,
      21.009373868508746
    ],
    [
      1270,
      20.8551783603117
    ],
    [
      1621,
      20.235419044744585
    ],
    [
      2074,
      19.71388532470892
    ],
    [
      3980,
      19.154308649996672
    ],
    [
      2398,
      19.058173614843263
    ],
    [
      9140,
      18.85304816578539
    ],
    [
      6852,
      18.78742130305118
    ],
    [
      1533,
      18.679045283157883
    ],
    [
      7312,
      18.57827897460534
    ],
    [
      3505,
      18.350953212259878
    ],
    [
      8972,
      18.117051636078862
    ],
    [
      8934,
      18.005462739857595
    ],
    [
      3957,
      17.66903729841525
    ],
    [
      3090,
      17.636265122677145
    ],
    [
      8746,
      17.600663505795083
    ],
    [
      6847,
      17.473767076284528
    ],
    [
      4686,
      17.47232850270434
    ],
    [
      9924,
      17.427993903707748
    ],
    [
      6054,
      17.328051540619995
    ],
    [
      8692,
      17.27571001205677
    ],
    [
      5434,
      17.24735307478011
    ],
    [
      6011,
      17.0382826464348
    ],
    [
      8670,
      16.993608613008345
    ],
    [
      7131,
      16.97274741257995
    ],
    [
      5680,
      16.930553900531674
    ],
    [
      469,
      16.886047101562156
    ],
    [
      4980,
      16.884398849980972
    ],
    [
      4727,
      16.807087269650356
    ],
    [
      1236,
      16.79709088610591
    ],
    [
      2117,
      16.793813937196866
    ],
    [
      9097,
      16.746747769494924
    ],
    [
      300,
      16.733142311875543
    ],
    [
      7692,
      16.732040883749463
    ],
    [
      3987,
      16.725606021351304
    ],
    [
      3849,
      16.601633207031025
    ]
  ],
  "decoded_count": 0,
  "decoded_limit": 50,
  "decode_error": "decode quota exceeded"
}
[run 3]
1) run client
shuffler is ready: {'ok': True, 'queuedA': 0, 'queuedR': 0, 'aggA_url': 'http://aggregator_a:8002/forward', 'aggR_url': 'http://aggregator_r:8003/forward'}
new round: 1035075083
[WARN] PRP domain is small: 10000 recommended >= 1000000
sent 0 A_ok= True R_ok= True malicious= False A_resp= {'ok': True, 'queuedA': 1, 'round_id': 1035075083} R_resp= {'ok': True, 'queuedR': 1, 'round_id': 1035075083}
sent 20 A_ok= True R_ok= True malicious= False A_resp= {'ok': True, 'queuedA': 3, 'round_id': 1035075083} R_resp= {'ok': True, 'queuedR': 3, 'round_id': 1035075083}
sent 40 A_ok= True R_ok= True malicious= False A_resp= {'ok': True, 'queuedA': 3, 'round_id': 1035075083} R_resp= {'ok': True, 'queuedR': 3, 'round_id': 1035075083}
sent 60 A_ok= True R_ok= True malicious= False A_resp= {'ok': True, 'queuedA': 3, 'round_id': 1035075083} R_resp= {'ok': True, 'queuedR': 3, 'round_id': 1035075083}
sent 80 A_ok= True R_ok= True malicious= False A_resp= {'ok': True, 'queuedA': 2, 'round_id': 1035075083} R_resp= {'ok': True, 'queuedR': 2, 'round_id': 1035075083}
sent 100 A_ok= True R_ok= True malicious= False A_resp= {'ok': True, 'queuedA': 2, 'round_id': 1035075083} R_resp= {'ok': True, 'queuedR': 3, 'round_id': 1035075083}
sent 120 A_ok= True R_ok= True malicious= False A_resp= {'ok': True, 'queuedA': 1, 'round_id': 1035075083} R_resp= {'ok': True, 'queuedR': 1, 'round_id': 1035075083}
sent 140 A_ok= True R_ok= True malicious= False A_resp= {'ok': True, 'queuedA': 1, 'round_id': 1035075083} R_resp= {'ok': True, 'queuedR': 1, 'round_id': 1035075083}
sent 160 A_ok= True R_ok= True malicious= False A_resp= {'ok': True, 'queuedA': 3, 'round_id': 1035075083} R_resp= {'ok': True, 'queuedR': 4, 'round_id': 1035075083}
sent 180 A_ok= True R_ok= True malicious= False A_resp= {'ok': True, 'queuedA': 2, 'round_id': 1035075083} R_resp= {'ok': True, 'queuedR': 2, 'round_id': 1035075083}
summary total= 200 valid_clients= 183 rejected= 17 malicious_total= 17 malicious_reject_rate= 1.0 false_reject_rate= 0.0
2) status
{
  "ok": true,
  "round_id": 1035075083,
  "received_A": 183,
  "unique_submissions_A": 183,
  "cells_in_A_map": 8340,
  "r_fetch_ok": true,
  "r_url": "http://aggregator_r:8003/dump_share?round_id=1035075083",
  "r_http_status": 200,
  "received_R": 183,
  "cells_in_R_map": 8340,
  "aggR_sample_keys": [
    "9435",
    "9356",
    "2200"
  ],
  "r_error": null,
  "reconstructed": false,
  "cells_in_final_map": 0
}
reconstruct expected=183
3) reconstruct
{
  "ok": true,
  "round_id": 1035075083,
  "received_A": 183,
  "received_R": 183,
  "cells_in_A_map": 8340,
  "cells_in_R_map": 8340,
  "cells_in_final_map": 8340
}
4) baseline corrected+threshold
{
  "mode": "final_corrected_thresholded",
  "round_id": 1035075083,
  "received_total": 183,
  "E_dummy_per_cell": 0.915,
  "tau": 3.0,
  "cells_kept": 1184,
  "top_cells": [
    [
      372,
      33.085
    ],
    [
      8303,
      32.085
    ],
    [
      2815,
      31.085
    ],
    [
      5329,
      31.085
    ],
    [
      7641,
      25.085
    ],
    [
      9597,
      25.085
    ],
    [
      4201,
      23.085
    ],
    [
      4678,
      23.085
    ],
    [
      46,
      22.085
    ],
    [
      2672,
      22.085
    ],
    [
      4720,
      22.085
    ],
    [
      6236,
      22.085
    ],
    [
      6554,
      21.085
    ],
    [
      2695,
      20.085
    ],
    [
      3519,
      20.085
    ],
    [
      4682,
      19.085
    ],
    [
      1174,
      18.085
    ],
    [
      3781,
      18.085
    ],
    [
      3922,
      18.085
    ],
    [
      4220,
      18.085
    ],
    [
      5757,
      18.085
    ],
    [
      6036,
      18.085
    ],
    [
      6787,
      18.085
    ],
    [
      7236,
      18.085
    ],
    [
      164,
      17.085
    ],
    [
      702,
      17.085
    ],
    [
      1194,
      17.085
    ],
    [
      1341,
      17.085
    ],
    [
      2214,
      17.085
    ],
    [
      3156,
      17.085
    ],
    [
      3324,
      17.085
    ],
    [
      4206,
      17.085
    ],
    [
      4900,
      17.085
    ],
    [
      5021,
      17.085
    ],
    [
      6801,
      17.085
    ],
    [
      6963,
      17.085
    ],
    [
      7232,
      17.085
    ],
    [
      7285,
      17.085
    ],
    [
      7557,
      17.085
    ],
    [
      7744,
      17.085
    ],
    [
      7817,
      17.085
    ],
    [
      7990,
      17.085
    ],
    [
      8160,
      17.085
    ],
    [
      9289,
      17.085
    ],
    [
      9821,
      17.085
    ],
    [
      115,
      16.085
    ],
    [
      882,
      16.085
    ],
    [
      966,
      16.085
    ],
    [
      1017,
      16.085
    ],
    [
      1033,
      16.085
    ]
  ]
}
5) dp laplace eps=0.5
{
  "mode": "dp_laplace_post_threshold",
  "round_id": 1035075083,
  "received_total": 183,
  "E_dummy_per_cell": 0.915,
  "tau": 3.0,
  "tau2": 3.0,
  "epsilon": 0.5,
  "laplace_scale": 2.0,
  "cells_kept_pre": 1184,
  "cells_kept_post": 916,
  "N_acc": 183,
  "K": 50,
  "KD": 50,
  "DOMAIN": 10000,
  "top_cells": [
    [
      9533,
      32.84235966837632
    ],
    [
      3145,
      31.85520676296305
    ],
    [
      6532,
      31.461242837504685
    ],
    [
      8207,
      29.439264698087857
    ],
    [
      8848,
      27.175773646895927
    ],
    [
      1327,
      26.947765750112204
    ],
    [
      3920,
      25.290700540540065
    ],
    [
      4146,
      24.684592885142255
    ],
    [
      5533,
      24.579176142105663
    ],
    [
      8739,
      24.08719686097782
    ],
    [
      1071,
      24.026311248557157
    ],
    [
      4020,
      23.999115489032814
    ],
    [
      6546,
      23.0135150225414
    ],
    [
      5160,
      23.001187973628614
    ],
    [
      8201,
      22.901904628450687
    ],
    [
      9103,
      22.283752534842098
    ],
    [
      8964,
      21.77754957151211
    ],
    [
      4924,
      21.70371847301528
    ],
    [
      1007,
      21.65222020091464
    ],
    [
      1313,
      21.402500007675364
    ],
    [
      33,
      21.168556613060556
    ],
    [
      6079,
      20.962356501919302
    ],
    [
      5125,
      20.952859283743337
    ],
    [
      2151,
      20.905777318999274
    ],
    [
      7391,
      20.833183223001914
    ],
    [
      2670,
      20.660661226742963
    ],
    [
      3654,
      20.364271120815502
    ],
    [
      4921,
      20.225511722255835
    ],
    [
      8918,
      19.908293142919888
    ],
    [
      4235,
      19.841363315028513
    ],
    [
      8110,
      19.797503334414973
    ],
    [
      8031,
      19.73414794140977
    ],
    [
      9196,
      19.71504442397537
    ],
    [
      9059,
      19.708568128048523
    ],
    [
      7825,
      19.59926722460858
    ],
    [
      8908,
      19.515139927026084
    ],
    [
      1432,
      19.28634994021521
    ],
    [
      8855,
      19.275027897054922
    ],
    [
      1121,
      19.26388593253599
    ],
    [
      5619,
      18.94154767331928
    ],
    [
      6632,
      18.89582044753562
    ],
    [
      8746,
      18.72353363557826
    ],
    [
      1326,
      18.68222391126267
    ],
    [
      5656,
      18.627864549123327
    ],
    [
      5054,
      18.60998736647032
    ],
    [
      4626,
      18.392484028570095
    ],
    [
      6278,
      18.16437307699149
    ],
    [
      9178,
      18.108999673371887
    ],
    [
      7935,
      18.106146061727305
    ],
    [
      4963,
      18.063248598725313
    ]
  ],
  "top_tokens": [
    [
      372,
      32.84235966837632
    ],
    [
      5329,
      31.85520676296305
    ],
    [
      8303,
      31.461242837504685
    ],
    [
      2815,
      29.439264698087857
    ],
    [
      5241,
      27.175773646895927
    ],
    [
      46,
      26.947765750112204
    ],
    [
      7641,
      25.290700540540065
    ],
    [
      4720,
      24.684592885142255
    ],
    [
      6554,
      24.579176142105663
    ],
    [
      4435,
      24.08719686097782
    ],
    [
      6763,
      24.026311248557157
    ],
    [
      9597,
      23.999115489032814
    ],
    [
      1674,
      23.0135150225414
    ],
    [
      6236,
      23.001187973628614
    ],
    [
      6613,
      22.901904628450687
    ],
    [
      7294,
      22.283752534842098
    ],
    [
      4201,
      21.77754957151211
    ],
    [
      164,
      21.70371847301528
    ],
    [
      9140,
      21.65222020091464
    ],
    [
      1369,
      21.402500007675364
    ],
    [
      4682,
      21.168556613060556
    ],
    [
      6787,
      20.962356501919302
    ],
    [
      3519,
      20.952859283743337
    ],
    [
      8797,
      20.905777318999274
    ],
    [
      2672,
      20.833183223001914
    ],
    [
      6387,
      20.660661226742963
    ],
    [
      1540,
      20.364271120815502
    ],
    [
      3963,
      20.225511722255835
    ],
    [
      7557,
      19.908293142919888
    ],
    [
      9855,
      19.841363315028513
    ],
    [
      2437,
      19.797503334414973
    ],
    [
      2638,
      19.73414794140977
    ],
    [
      9289,
      19.71504442397537
    ],
    [
      9555,
      19.708568128048523
    ],
    [
      2695,
      19.59926722460858
    ],
    [
      471,
      19.515139927026084
    ],
    [
      6036,
      19.28634994021521
    ],
    [
      980,
      19.275027897054922
    ],
    [
      650,
      19.26388593253599
    ],
    [
      4919,
      18.94154767331928
    ],
    [
      7236,
      18.89582044753562
    ],
    [
      1174,
      18.72353363557826
    ],
    [
      3781,
      18.68222391126267
    ],
    [
      428,
      18.627864549123327
    ],
    [
      8726,
      18.60998736647032
    ],
    [
      9435,
      18.392484028570095
    ],
    [
      1341,
      18.16437307699149
    ],
    [
      8058,
      18.108999673371887
    ],
    [
      8160,
      18.106146061727305
    ],
    [
      7744,
      18.063248598725313
    ]
  ],
  "decoded_count": 50,
  "decoded_limit": 50,
  "decode_error": null
}
6) dp laplace eps=1.0
{
  "mode": "dp_laplace_post_threshold",
  "round_id": 1035075083,
  "received_total": 183,
  "E_dummy_per_cell": 0.915,
  "tau": 3.0,
  "tau2": 3.0,
  "epsilon": 1.0,
  "laplace_scale": 1.0,
  "cells_kept_pre": 1184,
  "cells_kept_post": 975,
  "N_acc": 183,
  "K": 50,
  "KD": 50,
  "DOMAIN": 10000,
  "top_cells": [
    [
      8303,
      32.3077773171465
    ],
    [
      5329,
      31.18134405170518
    ],
    [
      2815,
      30.957992085026895
    ],
    [
      372,
      30.86586929023491
    ],
    [
      4720,
      27.4968292551537
    ],
    [
      7641,
      25.103999351546012
    ],
    [
      4678,
      25.06454243978786
    ],
    [
      9597,
      23.80999878773629
    ],
    [
      2672,
      23.251747969073737
    ],
    [
      4201,
      22.78726053853263
    ],
    [
      6236,
      22.29479522912728
    ],
    [
      46,
      22.13061188021467
    ],
    [
      6554,
      21.77002968044644
    ],
    [
      5021,
      20.927826335567584
    ],
    [
      4206,
      20.48294471090125
    ],
    [
      3519,
      20.35667110463143
    ],
    [
      9843,
      20.2840564933218
    ],
    [
      2229,
      19.797246722013938
    ],
    [
      1174,
      19.655743412684384
    ],
    [
      6991,
      19.480504919862934
    ],
    [
      6267,
      19.15983243020854
    ],
    [
      2695,
      19.081393812571743
    ],
    [
      5757,
      19.063343229800775
    ],
    [
      6036,
      19.006833869061655
    ],
    [
      4682,
      18.91521693517305
    ],
    [
      4881,
      18.853400919320798
    ],
    [
      6840,
      18.815214732322982
    ],
    [
      2319,
      18.703428898352144
    ],
    [
      6613,
      18.498882691611414
    ],
    [
      1976,
      18.450528492314987
    ],
    [
      8612,
      18.383774521571198
    ],
    [
      6787,
      18.375465477325328
    ],
    [
      3781,
      18.014669932142095
    ],
    [
      7878,
      18.006633950570095
    ],
    [
      4900,
      17.927876650412852
    ],
    [
      8992,
      17.84928487146111
    ],
    [
      8160,
      17.833190843523997
    ],
    [
      281,
      17.80130270218294
    ],
    [
      3324,
      17.754373081250044
    ],
    [
      9503,
      17.710779320477755
    ],
    [
      1405,
      17.661666215200558
    ],
    [
      8319,
      17.601614529431934
    ],
    [
      6638,
      17.601506424564384
    ],
    [
      7429,
      17.595360114247715
    ],
    [
      6801,
      17.44789584965592
    ],
    [
      7285,
      17.291952371411867
    ],
    [
      7557,
      17.206624045633006
    ],
    [
      7236,
      17.20410567147168
    ],
    [
      2266,
      17.175517450105833
    ],
    [
      9289,
      17.147783523850357
    ]
  ],
  "top_tokens": [
    [
      8303,
      32.3077773171465
    ],
    [
      5329,
      31.18134405170518
    ],
    [
      2815,
      30.957992085026895
    ],
    [
      372,
      30.86586929023491
    ],
    [
      4720,
      27.4968292551537
    ],
    [
      7641,
      25.103999351546012
    ],
    [
      4678,
      25.06454243978786
    ],
    [
      9597,
      23.80999878773629
    ],
    [
      2672,
      23.251747969073737
    ],
    [
      4201,
      22.78726053853263
    ],
    [
      6236,
      22.29479522912728
    ],
    [
      46,
      22.13061188021467
    ],
    [
      6554,
      21.77002968044644
    ],
    [
      5021,
      20.927826335567584
    ],
    [
      4206,
      20.48294471090125
    ],
    [
      3519,
      20.35667110463143
    ],
    [
      9843,
      20.2840564933218
    ],
    [
      2229,
      19.797246722013938
    ],
    [
      1174,
      19.655743412684384
    ],
    [
      6991,
      19.480504919862934
    ],
    [
      6267,
      19.15983243020854
    ],
    [
      2695,
      19.081393812571743
    ],
    [
      5757,
      19.063343229800775
    ],
    [
      6036,
      19.006833869061655
    ],
    [
      4682,
      18.91521693517305
    ],
    [
      4881,
      18.853400919320798
    ],
    [
      6840,
      18.815214732322982
    ],
    [
      2319,
      18.703428898352144
    ],
    [
      6613,
      18.498882691611414
    ],
    [
      1976,
      18.450528492314987
    ],
    [
      8612,
      18.383774521571198
    ],
    [
      6787,
      18.375465477325328
    ],
    [
      3781,
      18.014669932142095
    ],
    [
      7878,
      18.006633950570095
    ],
    [
      4900,
      17.927876650412852
    ],
    [
      8992,
      17.84928487146111
    ],
    [
      8160,
      17.833190843523997
    ],
    [
      281,
      17.80130270218294
    ],
    [
      3324,
      17.754373081250044
    ],
    [
      9503,
      17.710779320477755
    ],
    [
      1405,
      17.661666215200558
    ],
    [
      8319,
      17.601614529431934
    ],
    [
      6638,
      17.601506424564384
    ],
    [
      7429,
      17.595360114247715
    ],
    [
      6801,
      17.44789584965592
    ],
    [
      7285,
      17.291952371411867
    ],
    [
      7557,
      17.206624045633006
    ],
    [
      7236,
      17.20410567147168
    ],
    [
      2266,
      17.175517450105833
    ],
    [
      9289,
      17.147783523850357
    ]
  ],
  "decoded_count": 0,
  "decoded_limit": 50,
  "decode_error": "decode quota exceeded"
}
7) dp laplace eps=3.0
{
  "mode": "dp_laplace_post_threshold",
  "round_id": 1035075083,
  "received_total": 183,
  "E_dummy_per_cell": 0.915,
  "tau": 3.0,
  "tau2": 3.0,
  "epsilon": 3.0,
  "laplace_scale": 0.3333333333333333,
  "cells_kept_pre": 1184,
  "cells_kept_post": 1041,
  "N_acc": 183,
  "K": 50,
  "KD": 50,
  "DOMAIN": 10000,
  "top_cells": [
    [
      372,
      32.69887126455764
    ],
    [
      8303,
      31.48998583117858
    ],
    [
      5329,
      31.217529615646036
    ],
    [
      2815,
      30.851920731986954
    ],
    [
      7641,
      25.116716895062037
    ],
    [
      9597,
      25.000031850629863
    ],
    [
      4678,
      22.958285851267632
    ],
    [
      4201,
      22.638940010519516
    ],
    [
      46,
      22.384467169772844
    ],
    [
      4720,
      22.237850382492073
    ],
    [
      6236,
      22.158066805038892
    ],
    [
      2672,
      21.407560304451458
    ],
    [
      6554,
      21.0513997518067
    ],
    [
      2695,
      20.271002340886437
    ],
    [
      3519,
      19.99964489898359
    ],
    [
      4682,
      18.602579849969267
    ],
    [
      7236,
      18.28999481746153
    ],
    [
      1174,
      18.205266666065505
    ],
    [
      3922,
      18.158994163242806
    ],
    [
      5757,
      18.01559339520628
    ],
    [
      164,
      17.926520425120728
    ],
    [
      4220,
      17.812357463601707
    ],
    [
      6036,
      17.72374685302107
    ],
    [
      7285,
      17.70739652109988
    ],
    [
      8160,
      17.59956795303018
    ],
    [
      6787,
      17.533033859824393
    ],
    [
      9289,
      17.359952814758365
    ],
    [
      7817,
      17.304837369066192
    ],
    [
      9821,
      17.281525324590028
    ],
    [
      7557,
      17.209103785507583
    ],
    [
      3781,
      17.103705291321262
    ],
    [
      5021,
      17.062933032116455
    ],
    [
      6963,
      17.030409386538523
    ],
    [
      1194,
      17.01100642183828
    ],
    [
      702,
      16.99261844632339
    ],
    [
      6801,
      16.983265171503206
    ],
    [
      7744,
      16.96171677106328
    ],
    [
      4275,
      16.94631472853394
    ],
    [
      2214,
      16.94086058306055
    ],
    [
      1341,
      16.90284633086146
    ],
    [
      4206,
      16.836945149299677
    ],
    [
      7990,
      16.80625363970461
    ],
    [
      3401,
      16.783483305067005
    ],
    [
      7232,
      16.682579712089478
    ],
    [
      3636,
      16.624403119360068
    ],
    [
      8231,
      16.6159258926151
    ],
    [
      3690,
      16.545697744989642
    ],
    [
      5151,
      16.492538477815426
    ],
    [
      7864,
      16.491749020678654
    ],
    [
      7373,
      16.486884383084902
    ]
  ],
  "top_tokens": [
    [
      372,
      32.69887126455764
    ],
    [
      8303,
      31.48998583117858
    ],
    [
      5329,
      31.217529615646036
    ],
    [
      2815,
      30.851920731986954
    ],
    [
      7641,
      25.116716895062037
    ],
    [
      9597,
      25.000031850629863
    ],
    [
      4678,
      22.958285851267632
    ],
    [
      4201,
      22.638940010519516
    ],
    [
      46,
      22.384467169772844
    ],
    [
      4720,
      22.237850382492073
    ],
    [
      6236,
      22.158066805038892
    ],
    [
      2672,
      21.407560304451458
    ],
    [
      6554,
      21.0513997518067
    ],
    [
      2695,
      20.271002340886437
    ],
    [
      3519,
      19.99964489898359
    ],
    [
      4682,
      18.602579849969267
    ],
    [
      7236,
      18.28999481746153
    ],
    [
      1174,
      18.205266666065505
    ],
    [
      3922,
      18.158994163242806
    ],
    [
      5757,
      18.01559339520628
    ],
    [
      164,
      17.926520425120728
    ],
    [
      4220,
      17.812357463601707
    ],
    [
      6036,
      17.72374685302107
    ],
    [
      7285,
      17.70739652109988
    ],
    [
      8160,
      17.59956795303018
    ],
    [
      6787,
      17.533033859824393
    ],
    [
      9289,
      17.359952814758365
    ],
    [
      7817,
      17.304837369066192
    ],
    [
      9821,
      17.281525324590028
    ],
    [
      7557,
      17.209103785507583
    ],
    [
      3781,
      17.103705291321262
    ],
    [
      5021,
      17.062933032116455
    ],
    [
      6963,
      17.030409386538523
    ],
    [
      1194,
      17.01100642183828
    ],
    [
      702,
      16.99261844632339
    ],
    [
      6801,
      16.983265171503206
    ],
    [
      7744,
      16.96171677106328
    ],
    [
      4275,
      16.94631472853394
    ],
    [
      2214,
      16.94086058306055
    ],
    [
      1341,
      16.90284633086146
    ],
    [
      4206,
      16.836945149299677
    ],
    [
      7990,
      16.80625363970461
    ],
    [
      3401,
      16.783483305067005
    ],
    [
      7232,
      16.682579712089478
    ],
    [
      3636,
      16.624403119360068
    ],
    [
      8231,
      16.6159258926151
    ],
    [
      3690,
      16.545697744989642
    ],
    [
      5151,
      16.492538477815426
    ],
    [
      7864,
      16.491749020678654
    ],
    [
      7373,
      16.486884383084902
    ]
  ],
  "decoded_count": 0,
  "decoded_limit": 50,
  "decode_error": "decode quota exceeded"
}
[run 4]
1) run client
shuffler is ready: {'ok': True, 'queuedA': 0, 'queuedR': 0, 'aggA_url': 'http://aggregator_a:8002/forward', 'aggR_url': 'http://aggregator_r:8003/forward'}
new round: 1035193568
[WARN] PRP domain is small: 10000 recommended >= 1000000
sent 0 A_ok= True R_ok= True malicious= False A_resp= {'ok': True, 'queuedA': 1, 'round_id': 1035193568} R_resp= {'ok': True, 'queuedR': 1, 'round_id': 1035193568}
sent 20 A_ok= True R_ok= True malicious= False A_resp= {'ok': True, 'queuedA': 2, 'round_id': 1035193568} R_resp= {'ok': True, 'queuedR': 2, 'round_id': 1035193568}
sent 40 A_ok= True R_ok= True malicious= False A_resp= {'ok': True, 'queuedA': 3, 'round_id': 1035193568} R_resp= {'ok': True, 'queuedR': 3, 'round_id': 1035193568}
sent 60 A_ok= True R_ok= True malicious= False A_resp= {'ok': True, 'queuedA': 1, 'round_id': 1035193568} R_resp= {'ok': True, 'queuedR': 1, 'round_id': 1035193568}
sent 80 A_ok= True R_ok= True malicious= False A_resp= {'ok': True, 'queuedA': 2, 'round_id': 1035193568} R_resp= {'ok': True, 'queuedR': 2, 'round_id': 1035193568}
sent 100 A_ok= True R_ok= True malicious= False A_resp= {'ok': True, 'queuedA': 3, 'round_id': 1035193568} R_resp= {'ok': True, 'queuedR': 4, 'round_id': 1035193568}
sent 120 A_ok= True R_ok= True malicious= False A_resp= {'ok': True, 'queuedA': 1, 'round_id': 1035193568} R_resp= {'ok': True, 'queuedR': 1, 'round_id': 1035193568}
sent 140 A_ok= True R_ok= True malicious= False A_resp= {'ok': True, 'queuedA': 3, 'round_id': 1035193568} R_resp= {'ok': True, 'queuedR': 3, 'round_id': 1035193568}
sent 160 A_ok= True R_ok= True malicious= False A_resp= {'ok': True, 'queuedA': 2, 'round_id': 1035193568} R_resp= {'ok': True, 'queuedR': 2, 'round_id': 1035193568}
sent 180 A_ok= True R_ok= True malicious= False A_resp= {'ok': True, 'queuedA': 1, 'round_id': 1035193568} R_resp= {'ok': True, 'queuedR': 2, 'round_id': 1035193568}
summary total= 200 valid_clients= 181 rejected= 19 malicious_total= 19 malicious_reject_rate= 1.0 false_reject_rate= 0.0
2) status
{
  "ok": true,
  "round_id": 1035193568,
  "received_A": 181,
  "unique_submissions_A": 181,
  "cells_in_A_map": 8225,
  "r_fetch_ok": true,
  "r_url": "http://aggregator_r:8003/dump_share?round_id=1035193568",
  "r_http_status": 200,
  "received_R": 181,
  "cells_in_R_map": 8225,
  "aggR_sample_keys": [
    "1831",
    "9037",
    "9810"
  ],
  "r_error": null,
  "reconstructed": false,
  "cells_in_final_map": 0
}
reconstruct expected=181
3) reconstruct
{
  "ok": true,
  "round_id": 1035193568,
  "received_A": 181,
  "received_R": 181,
  "cells_in_A_map": 8225,
  "cells_in_R_map": 8225,
  "cells_in_final_map": 8225
}
4) baseline corrected+threshold
{
  "mode": "final_corrected_thresholded",
  "round_id": 1035193568,
  "received_total": 181,
  "E_dummy_per_cell": 0.905,
  "tau": 3.0,
  "cells_kept": 1107,
  "top_cells": [
    [
      5491,
      31.095
    ],
    [
      9764,
      30.095
    ],
    [
      6255,
      28.095
    ],
    [
      6947,
      28.095
    ],
    [
      8467,
      24.095
    ],
    [
      2409,
      22.095
    ],
    [
      6786,
      22.095
    ],
    [
      668,
      21.095
    ],
    [
      1802,
      21.095
    ],
    [
      5782,
      21.095
    ],
    [
      2,
      20.095
    ],
    [
      993,
      19.095
    ],
    [
      2109,
      19.095
    ],
    [
      2617,
      19.095
    ],
    [
      2735,
      19.095
    ],
    [
      3649,
      19.095
    ],
    [
      9922,
      19.095
    ],
    [
      639,
      18.095
    ],
    [
      2795,
      18.095
    ],
    [
      4909,
      18.095
    ],
    [
      6392,
      18.095
    ],
    [
      7325,
      18.095
    ],
    [
      7451,
      18.095
    ],
    [
      8606,
      18.095
    ],
    [
      198,
      17.095
    ],
    [
      403,
      17.095
    ],
    [
      592,
      17.095
    ],
    [
      1119,
      17.095
    ],
    [
      1452,
      17.095
    ],
    [
      1468,
      17.095
    ],
    [
      2338,
      17.095
    ],
    [
      2714,
      17.095
    ],
    [
      3359,
      17.095
    ],
    [
      4050,
      17.095
    ],
    [
      4639,
      17.095
    ],
    [
      4671,
      17.095
    ],
    [
      5087,
      17.095
    ],
    [
      5780,
      17.095
    ],
    [
      5916,
      17.095
    ],
    [
      6581,
      17.095
    ],
    [
      7124,
      17.095
    ],
    [
      7569,
      17.095
    ],
    [
      7806,
      17.095
    ],
    [
      8405,
      17.095
    ],
    [
      8714,
      17.095
    ],
    [
      9179,
      17.095
    ],
    [
      9355,
      17.095
    ],
    [
      9638,
      17.095
    ],
    [
      9887,
      17.095
    ],
    [
      9914,
      17.095
    ]
  ]
}
5) dp laplace eps=0.5
{
  "mode": "dp_laplace_post_threshold",
  "round_id": 1035193568,
  "received_total": 181,
  "E_dummy_per_cell": 0.905,
  "tau": 3.0,
  "tau2": 3.0,
  "epsilon": 0.5,
  "laplace_scale": 2.0,
  "cells_kept_pre": 1107,
  "cells_kept_post": 887,
  "N_acc": 181,
  "K": 50,
  "KD": 50,
  "DOMAIN": 10000,
  "top_cells": [
    [
      4500,
      33.45130701726382
    ],
    [
      5346,
      28.490413006651828
    ],
    [
      1811,
      27.88235314596207
    ],
    [
      8965,
      26.951194455218754
    ],
    [
      8195,
      26.722627481831065
    ],
    [
      7605,
      24.765023922612514
    ],
    [
      5345,
      23.28229536386069
    ],
    [
      3781,
      23.03400403711248
    ],
    [
      4616,
      22.894925595791
    ],
    [
      5574,
      22.724501927632414
    ],
    [
      4715,
      22.057769166188624
    ],
    [
      4111,
      22.020330397724816
    ],
    [
      4585,
      21.959195252289117
    ],
    [
      6073,
      21.924120062453078
    ],
    [
      9065,
      21.76132475134445
    ],
    [
      2277,
      21.75729069754098
    ],
    [
      7572,
      21.66262592030012
    ],
    [
      8764,
      21.420869663979932
    ],
    [
      3693,
      21.396283669102736
    ],
    [
      9733,
      21.291612175299967
    ],
    [
      9745,
      21.13822977690257
    ],
    [
      6465,
      21.083928259335664
    ],
    [
      450,
      20.89126688615489
    ],
    [
      2841,
      20.863303394329545
    ],
    [
      5291,
      20.799414584034952
    ],
    [
      7078,
      20.77513961498748
    ],
    [
      2078,
      20.712751294639013
    ],
    [
      7576,
      20.6001829908075
    ],
    [
      5770,
      20.564816293966913
    ],
    [
      5844,
      20.347862779831566
    ],
    [
      5916,
      20.280093161875644
    ],
    [
      9633,
      19.965307822846157
    ],
    [
      5644,
      19.776976776353465
    ],
    [
      7339,
      19.775267388389118
    ],
    [
      3316,
      19.745175213499643
    ],
    [
      8178,
      19.74457415958986
    ],
    [
      3518,
      19.398932399750933
    ],
    [
      1964,
      19.118895551769462
    ],
    [
      40,
      19.016749213665264
    ],
    [
      4584,
      18.96099283186509
    ],
    [
      2565,
      18.933675582316933
    ],
    [
      4520,
      18.927648528236148
    ],
    [
      6972,
      18.804314551773068
    ],
    [
      3311,
      18.77519607706535
    ],
    [
      3961,
      18.3273884844559
    ],
    [
      2609,
      18.29971867582485
    ],
    [
      8644,
      18.29393451826415
    ],
    [
      6547,
      18.27481786470372
    ],
    [
      5977,
      18.100607128964093
    ],
    [
      4821,
      18.09116772269858
    ]
  ],
  "top_tokens": [
    [
      5491,
      33.45130701726382
    ],
    [
      9764,
      28.490413006651828
    ],
    [
      6786,
      27.88235314596207
    ],
    [
      6255,
      26.951194455218754
    ],
    [
      6947,
      26.722627481831065
    ],
    [
      6557,
      24.765023922612514
    ],
    [
      8467,
      23.28229536386069
    ],
    [
      7325,
      23.03400403711248
    ],
    [
      9657,
      22.894925595791
    ],
    [
      7806,
      22.724501927632414
    ],
    [
      2338,
      22.057769166188624
    ],
    [
      2409,
      22.020330397724816
    ],
    [
      4909,
      21.959195252289117
    ],
    [
      6409,
      21.924120062453078
    ],
    [
      668,
      21.76132475134445
    ],
    [
      9914,
      21.75729069754098
    ],
    [
      8405,
      21.66262592030012
    ],
    [
      2617,
      21.420869663979932
    ],
    [
      2117,
      21.396283669102736
    ],
    [
      2735,
      21.291612175299967
    ],
    [
      4379,
      21.13822977690257
    ],
    [
      5593,
      21.083928259335664
    ],
    [
      1288,
      20.89126688615489
    ],
    [
      1452,
      20.863303394329545
    ],
    [
      5782,
      20.799414584034952
    ],
    [
      8971,
      20.77513961498748
    ],
    [
      1802,
      20.712751294639013
    ],
    [
      2375,
      20.6001829908075
    ],
    [
      9922,
      20.564816293966913
    ],
    [
      2795,
      20.347862779831566
    ],
    [
      2,
      20.280093161875644
    ],
    [
      7451,
      19.965307822846157
    ],
    [
      9611,
      19.776976776353465
    ],
    [
      2043,
      19.775267388389118
    ],
    [
      6233,
      19.745175213499643
    ],
    [
      5531,
      19.74457415958986
    ],
    [
      2109,
      19.398932399750933
    ],
    [
      3963,
      19.118895551769462
    ],
    [
      7569,
      19.016749213665264
    ],
    [
      6393,
      18.96099283186509
    ],
    [
      8709,
      18.933675582316933
    ],
    [
      8606,
      18.927648528236148
    ],
    [
      5594,
      18.804314551773068
    ],
    [
      9042,
      18.77519607706535
    ],
    [
      7905,
      18.3273884844559
    ],
    [
      1006,
      18.29971867582485
    ],
    [
      5780,
      18.29393451826415
    ],
    [
      3359,
      18.27481786470372
    ],
    [
      9970,
      18.100607128964093
    ],
    [
      592,
      18.09116772269858
    ]
  ],
  "decoded_count": 50,
  "decoded_limit": 50,
  "decode_error": null
}
6) dp laplace eps=1.0
{
  "mode": "dp_laplace_post_threshold",
  "round_id": 1035193568,
  "received_total": 181,
  "E_dummy_per_cell": 0.905,
  "tau": 3.0,
  "tau2": 3.0,
  "epsilon": 1.0,
  "laplace_scale": 1.0,
  "cells_kept_pre": 1107,
  "cells_kept_post": 936,
  "N_acc": 181,
  "K": 50,
  "KD": 50,
  "DOMAIN": 10000,
  "top_cells": [
    [
      5491,
      30.39765449278047
    ],
    [
      9764,
      29.4219259761255
    ],
    [
      6947,
      28.42982542335702
    ],
    [
      6255,
      28.069772019265006
    ],
    [
      668,
      24.43297172534714
    ],
    [
      6786,
      23.122974196138887
    ],
    [
      2109,
      21.107546383580633
    ],
    [
      2409,
      21.10733867543818
    ],
    [
      2,
      20.906788738544066
    ],
    [
      2714,
      20.286891417643503
    ],
    [
      5782,
      20.151623825708967
    ],
    [
      993,
      19.923876319522453
    ],
    [
      2735,
      19.849088515263947
    ],
    [
      8847,
      19.778996212640347
    ],
    [
      5916,
      19.671602242819194
    ],
    [
      4837,
      19.571547119938664
    ],
    [
      3688,
      19.533890426794652
    ],
    [
      3649,
      19.5188698997534
    ],
    [
      8467,
      19.423359311100445
    ],
    [
      7806,
      19.411085828339566
    ],
    [
      5780,
      19.214642745265664
    ],
    [
      2795,
      19.20125614570798
    ],
    [
      198,
      19.025556363278852
    ],
    [
      6719,
      19.02481837414017
    ],
    [
      6395,
      18.88478673837161
    ],
    [
      3804,
      18.85672707033945
    ],
    [
      1802,
      18.83362357820714
    ],
    [
      2043,
      18.629117942082882
    ],
    [
      9922,
      18.62419301734171
    ],
    [
      2617,
      18.619794549728745
    ],
    [
      8925,
      18.475907770562934
    ],
    [
      1119,
      18.456369408435986
    ],
    [
      639,
      18.37711601129039
    ],
    [
      2226,
      18.27320123672336
    ],
    [
      5972,
      18.21188353493981
    ],
    [
      7569,
      18.02342359361809
    ],
    [
      4909,
      17.972542116958735
    ],
    [
      5242,
      17.96091507353078
    ],
    [
      5518,
      17.860421852819755
    ],
    [
      4050,
      17.85696071109542
    ],
    [
      312,
      17.574940140387703
    ],
    [
      3697,
      17.45074979714692
    ],
    [
      6581,
      17.41396167777607
    ],
    [
      8359,
      17.403310229368714
    ],
    [
      7451,
      17.374910805889776
    ],
    [
      2338,
      17.261331967979732
    ],
    [
      5087,
      17.254540584516935
    ],
    [
      9914,
      17.249251606520474
    ],
    [
      1468,
      17.223494068595944
    ],
    [
      9638,
      17.17916973158224
    ]
  ],
  "top_tokens": [
    [
      5491,
      30.39765449278047
    ],
    [
      9764,
      29.4219259761255
    ],
    [
      6947,
      28.42982542335702
    ],
    [
      6255,
      28.069772019265006
    ],
    [
      668,
      24.43297172534714
    ],
    [
      6786,
      23.122974196138887
    ],
    [
      2109,
      21.107546383580633
    ],
    [
      2409,
      21.10733867543818
    ],
    [
      2,
      20.906788738544066
    ],
    [
      2714,
      20.286891417643503
    ],
    [
      5782,
      20.151623825708967
    ],
    [
      993,
      19.923876319522453
    ],
    [
      2735,
      19.849088515263947
    ],
    [
      8847,
      19.778996212640347
    ],
    [
      5916,
      19.671602242819194
    ],
    [
      4837,
      19.571547119938664
    ],
    [
      3688,
      19.533890426794652
    ],
    [
      3649,
      19.5188698997534
    ],
    [
      8467,
      19.423359311100445
    ],
    [
      7806,
      19.411085828339566
    ],
    [
      5780,
      19.214642745265664
    ],
    [
      2795,
      19.20125614570798
    ],
    [
      198,
      19.025556363278852
    ],
    [
      6719,
      19.02481837414017
    ],
    [
      6395,
      18.88478673837161
    ],
    [
      3804,
      18.85672707033945
    ],
    [
      1802,
      18.83362357820714
    ],
    [
      2043,
      18.629117942082882
    ],
    [
      9922,
      18.62419301734171
    ],
    [
      2617,
      18.619794549728745
    ],
    [
      8925,
      18.475907770562934
    ],
    [
      1119,
      18.456369408435986
    ],
    [
      639,
      18.37711601129039
    ],
    [
      2226,
      18.27320123672336
    ],
    [
      5972,
      18.21188353493981
    ],
    [
      7569,
      18.02342359361809
    ],
    [
      4909,
      17.972542116958735
    ],
    [
      5242,
      17.96091507353078
    ],
    [
      5518,
      17.860421852819755
    ],
    [
      4050,
      17.85696071109542
    ],
    [
      312,
      17.574940140387703
    ],
    [
      3697,
      17.45074979714692
    ],
    [
      6581,
      17.41396167777607
    ],
    [
      8359,
      17.403310229368714
    ],
    [
      7451,
      17.374910805889776
    ],
    [
      2338,
      17.261331967979732
    ],
    [
      5087,
      17.254540584516935
    ],
    [
      9914,
      17.249251606520474
    ],
    [
      1468,
      17.223494068595944
    ],
    [
      9638,
      17.17916973158224
    ]
  ],
  "decoded_count": 0,
  "decoded_limit": 50,
  "decode_error": "decode quota exceeded"
}
7) dp laplace eps=3.0
{
  "mode": "dp_laplace_post_threshold",
  "round_id": 1035193568,
  "received_total": 181,
  "E_dummy_per_cell": 0.905,
  "tau": 3.0,
  "tau2": 3.0,
  "epsilon": 3.0,
  "laplace_scale": 0.3333333333333333,
  "cells_kept_pre": 1107,
  "cells_kept_post": 991,
  "N_acc": 181,
  "K": 50,
  "KD": 50,
  "DOMAIN": 10000,
  "top_cells": [
    [
      5491,
      30.860309074689788
    ],
    [
      9764,
      30.07975831161595
    ],
    [
      6947,
      28.136888774094064
    ],
    [
      6255,
      27.575812896425102
    ],
    [
      8467,
      23.95648712492905
    ],
    [
      6786,
      22.26467446218533
    ],
    [
      2409,
      21.83075466905627
    ],
    [
      1802,
      20.994036268804738
    ],
    [
      668,
      20.991588769546627
    ],
    [
      2,
      20.407533775319823
    ],
    [
      5782,
      20.287165918249578
    ],
    [
      2617,
      19.328123670460908
    ],
    [
      9922,
      19.06436303854075
    ],
    [
      2735,
      19.05379623585025
    ],
    [
      993,
      18.86196534544829
    ],
    [
      2109,
      18.773355376387386
    ],
    [
      2795,
      18.543645226109124
    ],
    [
      3649,
      18.413223046534156
    ],
    [
      7325,
      18.3988312257949
    ],
    [
      4909,
      18.236585170945638
    ],
    [
      639,
      18.01730629813055
    ],
    [
      7451,
      18.015618406018895
    ],
    [
      8606,
      17.987843646720084
    ],
    [
      4814,
      17.902210698336482
    ],
    [
      6392,
      17.755118359295135
    ],
    [
      9179,
      17.725439549837166
    ],
    [
      2714,
      17.54956490362256
    ],
    [
      4671,
      17.51615451000396
    ],
    [
      6395,
      17.48569683828577
    ],
    [
      1468,
      17.473142957190916
    ],
    [
      5780,
      17.4212432655612
    ],
    [
      5087,
      17.205022120718578
    ],
    [
      1452,
      17.154074966785636
    ],
    [
      403,
      17.13863042703894
    ],
    [
      3359,
      17.13851174147289
    ],
    [
      6581,
      17.135810834391094
    ],
    [
      4639,
      17.125756131744005
    ],
    [
      5110,
      17.11748393482175
    ],
    [
      8405,
      17.085130389592706
    ],
    [
      9887,
      17.081778925390733
    ],
    [
      4942,
      17.064530190341557
    ],
    [
      592,
      17.06444253448482
    ],
    [
      7569,
      17.043221921524857
    ],
    [
      9970,
      17.017064013693656
    ],
    [
      7806,
      17.011370498625663
    ],
    [
      9638,
      17.001065164472717
    ],
    [
      8714,
      16.95804088896667
    ],
    [
      5916,
      16.95299971796856
    ],
    [
      198,
      16.946053860080298
    ],
    [
      9914,
      16.918033747163268
    ]
  ],
  "top_tokens": [
    [
      5491,
      30.860309074689788
    ],
    [
      9764,
      30.07975831161595
    ],
    [
      6947,
      28.136888774094064
    ],
    [
      6255,
      27.575812896425102
    ],
    [
      8467,
      23.95648712492905
    ],
    [
      6786,
      22.26467446218533
    ],
    [
      2409,
      21.83075466905627
    ],
    [
      1802,
      20.994036268804738
    ],
    [
      668,
      20.991588769546627
    ],
    [
      2,
      20.407533775319823
    ],
    [
      5782,
      20.287165918249578
    ],
    [
      2617,
      19.328123670460908
    ],
    [
      9922,
      19.06436303854075
    ],
    [
      2735,
      19.05379623585025
    ],
    [
      993,
      18.86196534544829
    ],
    [
      2109,
      18.773355376387386
    ],
    [
      2795,
      18.543645226109124
    ],
    [
      3649,
      18.413223046534156
    ],
    [
      7325,
      18.3988312257949
    ],
    [
      4909,
      18.236585170945638
    ],
    [
      639,
      18.01730629813055
    ],
    [
      7451,
      18.015618406018895
    ],
    [
      8606,
      17.987843646720084
    ],
    [
      4814,
      17.902210698336482
    ],
    [
      6392,
      17.755118359295135
    ],
    [
      9179,
      17.725439549837166
    ],
    [
      2714,
      17.54956490362256
    ],
    [
      4671,
      17.51615451000396
    ],
    [
      6395,
      17.48569683828577
    ],
    [
      1468,
      17.473142957190916
    ],
    [
      5780,
      17.4212432655612
    ],
    [
      5087,
      17.205022120718578
    ],
    [
      1452,
      17.154074966785636
    ],
    [
      403,
      17.13863042703894
    ],
    [
      3359,
      17.13851174147289
    ],
    [
      6581,
      17.135810834391094
    ],
    [
      4639,
      17.125756131744005
    ],
    [
      5110,
      17.11748393482175
    ],
    [
      8405,
      17.085130389592706
    ],
    [
      9887,
      17.081778925390733
    ],
    [
      4942,
      17.064530190341557
    ],
    [
      592,
      17.06444253448482
    ],
    [
      7569,
      17.043221921524857
    ],
    [
      9970,
      17.017064013693656
    ],
    [
      7806,
      17.011370498625663
    ],
    [
      9638,
      17.001065164472717
    ],
    [
      8714,
      16.95804088896667
    ],
    [
      5916,
      16.95299971796856
    ],
    [
      198,
      16.946053860080298
    ],
    [
      9914,
      16.918033747163268
    ]
  ],
  "decoded_count": 0,
  "decoded_limit": 50,
  "decode_error": "decode quota exceeded"
}
[run 5]
1) run client
shuffler is ready: {'ok': True, 'queuedA': 0, 'queuedR': 0, 'aggA_url': 'http://aggregator_a:8002/forward', 'aggR_url': 'http://aggregator_r:8003/forward'}
new round: 1035310942
[WARN] PRP domain is small: 10000 recommended >= 1000000
sent 0 A_ok= True R_ok= True malicious= False A_resp= {'ok': True, 'queuedA': 1, 'round_id': 1035310942} R_resp= {'ok': True, 'queuedR': 1, 'round_id': 1035310942}
sent 20 A_ok= True R_ok= True malicious= False A_resp= {'ok': True, 'queuedA': 1, 'round_id': 1035310942} R_resp= {'ok': True, 'queuedR': 2, 'round_id': 1035310942}
sent 40 A_ok= True R_ok= True malicious= False A_resp= {'ok': True, 'queuedA': 3, 'round_id': 1035310942} R_resp= {'ok': True, 'queuedR': 3, 'round_id': 1035310942}
sent 60 A_ok= True R_ok= True malicious= False A_resp= {'ok': True, 'queuedA': 2, 'round_id': 1035310942} R_resp= {'ok': True, 'queuedR': 2, 'round_id': 1035310942}
sent 80 A_ok= True R_ok= True malicious= False A_resp= {'ok': True, 'queuedA': 1, 'round_id': 1035310942} R_resp= {'ok': True, 'queuedR': 1, 'round_id': 1035310942}
sent 100 A_ok= True R_ok= True malicious= False A_resp= {'ok': True, 'queuedA': 1, 'round_id': 1035310942} R_resp= {'ok': True, 'queuedR': 1, 'round_id': 1035310942}
sent 120 A_ok= False R_ok= False malicious= True A_resp= {'detail': 'invalid zk_step proof'} R_resp= {'detail': 'invalid zk_step proof'}
sent 140 A_ok= True R_ok= True malicious= False A_resp= {'ok': True, 'queuedA': 2, 'round_id': 1035310942} R_resp= {'ok': True, 'queuedR': 2, 'round_id': 1035310942}
sent 160 A_ok= True R_ok= True malicious= False A_resp= {'ok': True, 'queuedA': 2, 'round_id': 1035310942} R_resp= {'ok': True, 'queuedR': 2, 'round_id': 1035310942}
sent 180 A_ok= True R_ok= True malicious= False A_resp= {'ok': True, 'queuedA': 1, 'round_id': 1035310942} R_resp= {'ok': True, 'queuedR': 2, 'round_id': 1035310942}
summary total= 200 valid_clients= 183 rejected= 17 malicious_total= 17 malicious_reject_rate= 1.0 false_reject_rate= 0.0
2) status
{
  "ok": true,
  "round_id": 1035310942,
  "received_A": 183,
  "unique_submissions_A": 183,
  "cells_in_A_map": 8306,
  "r_fetch_ok": true,
  "r_url": "http://aggregator_r:8003/dump_share?round_id=1035310942",
  "r_http_status": 200,
  "received_R": 183,
  "cells_in_R_map": 8306,
  "aggR_sample_keys": [
    "87",
    "6264",
    "1010"
  ],
  "r_error": null,
  "reconstructed": false,
  "cells_in_final_map": 0
}
reconstruct expected=183
3) reconstruct
{
  "ok": true,
  "round_id": 1035310942,
  "received_A": 183,
  "received_R": 183,
  "cells_in_A_map": 8306,
  "cells_in_R_map": 8306,
  "cells_in_final_map": 8306
}
4) baseline corrected+threshold
{
  "mode": "final_corrected_thresholded",
  "round_id": 1035310942,
  "received_total": 183,
  "E_dummy_per_cell": 0.915,
  "tau": 3.0,
  "cells_kept": 1123,
  "top_cells": [
    [
      8164,
      29.085
    ],
    [
      1131,
      27.085
    ],
    [
      3576,
      27.085
    ],
    [
      5028,
      25.085
    ],
    [
      1200,
      22.085
    ],
    [
      4909,
      22.085
    ],
    [
      1543,
      20.085
    ],
    [
      1196,
      19.085
    ],
    [
      3315,
      19.085
    ],
    [
      7154,
      19.085
    ],
    [
      9336,
      19.085
    ],
    [
      2112,
      18.085
    ],
    [
      3366,
      18.085
    ],
    [
      5149,
      18.085
    ],
    [
      5215,
      18.085
    ],
    [
      5582,
      18.085
    ],
    [
      6347,
      18.085
    ],
    [
      6466,
      18.085
    ],
    [
      7432,
      18.085
    ],
    [
      9050,
      18.085
    ],
    [
      697,
      17.085
    ],
    [
      703,
      17.085
    ],
    [
      1296,
      17.085
    ],
    [
      1776,
      17.085
    ],
    [
      1986,
      17.085
    ],
    [
      2061,
      17.085
    ],
    [
      2291,
      17.085
    ],
    [
      2389,
      17.085
    ],
    [
      2628,
      17.085
    ],
    [
      2832,
      17.085
    ],
    [
      2985,
      17.085
    ],
    [
      3319,
      17.085
    ],
    [
      4043,
      17.085
    ],
    [
      4156,
      17.085
    ],
    [
      4452,
      17.085
    ],
    [
      4695,
      17.085
    ],
    [
      4845,
      17.085
    ],
    [
      4973,
      17.085
    ],
    [
      5954,
      17.085
    ],
    [
      6122,
      17.085
    ],
    [
      6330,
      17.085
    ],
    [
      6346,
      17.085
    ],
    [
      7920,
      17.085
    ],
    [
      8356,
      17.085
    ],
    [
      8493,
      17.085
    ],
    [
      9641,
      17.085
    ],
    [
      170,
      16.085
    ],
    [
      949,
      16.085
    ],
    [
      1024,
      16.085
    ],
    [
      1135,
      16.085
    ]
  ]
}
5) dp laplace eps=0.5
{
  "mode": "dp_laplace_post_threshold",
  "round_id": 1035310942,
  "received_total": 183,
  "E_dummy_per_cell": 0.915,
  "tau": 3.0,
  "tau2": 3.0,
  "epsilon": 0.5,
  "laplace_scale": 2.0,
  "cells_kept_pre": 1123,
  "cells_kept_post": 896,
  "N_acc": 183,
  "K": 50,
  "KD": 50,
  "DOMAIN": 10000,
  "top_cells": [
    [
      8916,
      31.20241129149212
    ],
    [
      2952,
      25.943062585094452
    ],
    [
      743,
      25.727141025063933
    ],
    [
      6246,
      24.097467390299926
    ],
    [
      3150,
      23.93702493014451
    ],
    [
      6048,
      23.371268222639667
    ],
    [
      8260,
      23.341517103494226
    ],
    [
      545,
      23.317205258312956
    ],
    [
      9434,
      22.69006616939904
    ],
    [
      144,
      22.52691171480413
    ],
    [
      2599,
      22.276580347975514
    ],
    [
      8277,
      22.026091164391328
    ],
    [
      6881,
      21.94601757130307
    ],
    [
      1644,
      21.680305003254368
    ],
    [
      1130,
      21.64064942209636
    ],
    [
      1703,
      21.62083435113362
    ],
    [
      5184,
      21.608741976826664
    ],
    [
      5708,
      21.59141640031835
    ],
    [
      6065,
      21.519850347032396
    ],
    [
      2519,
      21.391502526336065
    ],
    [
      8841,
      21.377821402846873
    ],
    [
      9794,
      21.29812870985974
    ],
    [
      2345,
      21.285420137342484
    ],
    [
      4843,
      21.208269342813384
    ],
    [
      2235,
      20.7303954868909
    ],
    [
      8461,
      20.65566379901474
    ],
    [
      4439,
      20.315770053550096
    ],
    [
      678,
      20.04950374433185
    ],
    [
      6269,
      19.976831025770394
    ],
    [
      1424,
      19.916218664333663
    ],
    [
      4679,
      19.83481218963254
    ],
    [
      966,
      19.73358272502328
    ],
    [
      3498,
      19.668416215189755
    ],
    [
      9988,
      19.4744236778486
    ],
    [
      4794,
      19.47191955625668
    ],
    [
      6204,
      19.46572204576072
    ],
    [
      8569,
      19.3689497029349
    ],
    [
      7569,
      19.23179412379955
    ],
    [
      1850,
      19.19023641490006
    ],
    [
      1653,
      19.174543738446935
    ],
    [
      1232,
      19.153804469938997
    ],
    [
      8845,
      19.122187492265514
    ],
    [
      4329,
      19.11624435475465
    ],
    [
      322,
      19.11203451426065
    ],
    [
      1480,
      19.054141718865736
    ],
    [
      8123,
      19.05166292818263
    ],
    [
      9237,
      19.030369213086647
    ],
    [
      2059,
      19.01636134877348
    ],
    [
      9972,
      18.95709203399576
    ],
    [
      3508,
      18.94742464191937
    ]
  ],
  "top_tokens": [
    [
      8164,
      31.20241129149212
    ],
    [
      3576,
      25.943062585094452
    ],
    [
      1131,
      25.727141025063933
    ],
    [
      834,
      24.097467390299926
    ],
    [
      5028,
      23.93702493014451
    ],
    [
      9836,
      23.371268222639667
    ],
    [
      3893,
      23.341517103494226
    ],
    [
      9641,
      23.317205258312956
    ],
    [
      1823,
      22.69006616939904
    ],
    [
      5682,
      22.52691171480413
    ],
    [
      7051,
      22.276580347975514
    ],
    [
      5582,
      22.026091164391328
    ],
    [
      6639,
      21.94601757130307
    ],
    [
      2061,
      21.680305003254368
    ],
    [
      4117,
      21.64064942209636
    ],
    [
      9336,
      21.62083435113362
    ],
    [
      3366,
      21.608741976826664
    ],
    [
      9219,
      21.59141640031835
    ],
    [
      2270,
      21.519850347032396
    ],
    [
      6347,
      21.391502526336065
    ],
    [
      6976,
      21.377821402846873
    ],
    [
      8221,
      21.29812870985974
    ],
    [
      2291,
      21.285420137342484
    ],
    [
      1986,
      21.208269342813384
    ],
    [
      1200,
      20.7303954868909
    ],
    [
      2676,
      20.65566379901474
    ],
    [
      715,
      20.315770053550096
    ],
    [
      5536,
      20.04950374433185
    ],
    [
      6466,
      19.976831025770394
    ],
    [
      4909,
      19.916218664333663
    ],
    [
      2628,
      19.83481218963254
    ],
    [
      8129,
      19.73358272502328
    ],
    [
      2590,
      19.668416215189755
    ],
    [
      7180,
      19.4744236778486
    ],
    [
      4664,
      19.47191955625668
    ],
    [
      6812,
      19.46572204576072
    ],
    [
      5335,
      19.3689497029349
    ],
    [
      4973,
      19.23179412379955
    ],
    [
      6868,
      19.19023641490006
    ],
    [
      6330,
      19.174543738446935
    ],
    [
      7920,
      19.153804469938997
    ],
    [
      2725,
      19.122187492265514
    ],
    [
      9611,
      19.11624435475465
    ],
    [
      9295,
      19.11203451426065
    ],
    [
      9782,
      19.054141718865736
    ],
    [
      1135,
      19.05166292818263
    ],
    [
      7432,
      19.030369213086647
    ],
    [
      8341,
      19.01636134877348
    ],
    [
      2832,
      18.95709203399576
    ],
    [
      6328,
      18.94742464191937
    ]
  ],
  "decoded_count": 50,
  "decoded_limit": 50,
  "decode_error": null
}
6) dp laplace eps=1.0
{
  "mode": "dp_laplace_post_threshold",
  "round_id": 1035310942,
  "received_total": 183,
  "E_dummy_per_cell": 0.915,
  "tau": 3.0,
  "tau2": 3.0,
  "epsilon": 1.0,
  "laplace_scale": 1.0,
  "cells_kept_pre": 1123,
  "cells_kept_post": 940,
  "N_acc": 183,
  "K": 50,
  "KD": 50,
  "DOMAIN": 10000,
  "top_cells": [
    [
      8164,
      26.732172011184954
    ],
    [
      3576,
      26.216806115686037
    ],
    [
      1131,
      24.86065591906112
    ],
    [
      5028,
      24.545710427854157
    ],
    [
      1200,
      23.010420799411825
    ],
    [
      4909,
      22.775558420243893
    ],
    [
      1543,
      22.297967832390267
    ],
    [
      1196,
      21.87618333838378
    ],
    [
      5172,
      21.083262153471452
    ],
    [
      3315,
      20.1259335571252
    ],
    [
      4156,
      20.107110521841893
    ],
    [
      4620,
      19.893114342736578
    ],
    [
      9336,
      19.755861041111995
    ],
    [
      6466,
      19.687442302111375
    ],
    [
      5149,
      19.606771024904194
    ],
    [
      9836,
      19.588559805152514
    ],
    [
      4106,
      19.251013233828886
    ],
    [
      7154,
      19.194996173536296
    ],
    [
      5582,
      19.12146844040398
    ],
    [
      5954,
      18.642837520207355
    ],
    [
      2590,
      18.635111441266133
    ],
    [
      1301,
      18.597761350526607
    ],
    [
      4695,
      18.34575687389964
    ],
    [
      5215,
      18.340053956947003
    ],
    [
      8493,
      18.306329645413495
    ],
    [
      7362,
      18.297837170395997
    ],
    [
      2832,
      18.25965695460701
    ],
    [
      2112,
      18.112783926721008
    ],
    [
      4549,
      18.082928914803315
    ],
    [
      8364,
      17.99911257474373
    ],
    [
      715,
      17.952419129032936
    ],
    [
      7051,
      17.88786938809978
    ],
    [
      3929,
      17.77097460130373
    ],
    [
      6330,
      17.741961025094042
    ],
    [
      7432,
      17.71043616598598
    ],
    [
      2628,
      17.636753094015386
    ],
    [
      3366,
      17.580415259259293
    ],
    [
      6346,
      17.477684088233698
    ],
    [
      8176,
      17.477544109441315
    ],
    [
      7629,
      17.470745986843916
    ],
    [
      7920,
      17.45896213259349
    ],
    [
      3637,
      17.437613947915068
    ],
    [
      4043,
      17.41065110618829
    ],
    [
      4895,
      17.410288866078254
    ],
    [
      2291,
      17.33064352321676
    ],
    [
      9730,
      17.33012425383168
    ],
    [
      6639,
      17.32600779306896
    ],
    [
      6530,
      17.318427618618152
    ],
    [
      4973,
      17.312766357016145
    ],
    [
      2985,
      17.282386509327292
    ]
  ],
  "top_tokens": [
    [
      8164,
      26.732172011184954
    ],
    [
      3576,
      26.216806115686037
    ],
    [
      1131,
      24.86065591906112
    ],
    [
      5028,
      24.545710427854157
    ],
    [
      1200,
      23.010420799411825
    ],
    [
      4909,
      22.775558420243893
    ],
    [
      1543,
      22.297967832390267
    ],
    [
      1196,
      21.87618333838378
    ],
    [
      5172,
      21.083262153471452
    ],
    [
      3315,
      20.1259335571252
    ],
    [
      4156,
      20.107110521841893
    ],
    [
      4620,
      19.893114342736578
    ],
    [
      9336,
      19.755861041111995
    ],
    [
      6466,
      19.687442302111375
    ],
    [
      5149,
      19.606771024904194
    ],
    [
      9836,
      19.588559805152514
    ],
    [
      4106,
      19.251013233828886
    ],
    [
      7154,
      19.194996173536296
    ],
    [
      5582,
      19.12146844040398
    ],
    [
      5954,
      18.642837520207355
    ],
    [
      2590,
      18.635111441266133
    ],
    [
      1301,
      18.597761350526607
    ],
    [
      4695,
      18.34575687389964
    ],
    [
      5215,
      18.340053956947003
    ],
    [
      8493,
      18.306329645413495
    ],
    [
      7362,
      18.297837170395997
    ],
    [
      2832,
      18.25965695460701
    ],
    [
      2112,
      18.112783926721008
    ],
    [
      4549,
      18.082928914803315
    ],
    [
      8364,
      17.99911257474373
    ],
    [
      715,
      17.952419129032936
    ],
    [
      7051,
      17.88786938809978
    ],
    [
      3929,
      17.77097460130373
    ],
    [
      6330,
      17.741961025094042
    ],
    [
      7432,
      17.71043616598598
    ],
    [
      2628,
      17.636753094015386
    ],
    [
      3366,
      17.580415259259293
    ],
    [
      6346,
      17.477684088233698
    ],
    [
      8176,
      17.477544109441315
    ],
    [
      7629,
      17.470745986843916
    ],
    [
      7920,
      17.45896213259349
    ],
    [
      3637,
      17.437613947915068
    ],
    [
      4043,
      17.41065110618829
    ],
    [
      4895,
      17.410288866078254
    ],
    [
      2291,
      17.33064352321676
    ],
    [
      9730,
      17.33012425383168
    ],
    [
      6639,
      17.32600779306896
    ],
    [
      6530,
      17.318427618618152
    ],
    [
      4973,
      17.312766357016145
    ],
    [
      2985,
      17.282386509327292
    ]
  ],
  "decoded_count": 0,
  "decoded_limit": 50,
  "decode_error": "decode quota exceeded"
}
7) dp laplace eps=3.0
{
  "mode": "dp_laplace_post_threshold",
  "round_id": 1035310942,
  "received_total": 183,
  "E_dummy_per_cell": 0.915,
  "tau": 3.0,
  "tau2": 3.0,
  "epsilon": 3.0,
  "laplace_scale": 0.3333333333333333,
  "cells_kept_pre": 1123,
  "cells_kept_post": 987,
  "N_acc": 183,
  "K": 50,
  "KD": 50,
  "DOMAIN": 10000,
  "top_cells": [
    [
      8164,
      29.539511051727132
    ],
    [
      1131,
      27.0153810352204
    ],
    [
      3576,
      26.906051114791218
    ],
    [
      5028,
      25.224475692823827
    ],
    [
      4909,
      22.39135563644797
    ],
    [
      1200,
      22.088680002899995
    ],
    [
      3315,
      19.566334951624697
    ],
    [
      1543,
      19.531877941183517
    ],
    [
      9336,
      19.091011830708855
    ],
    [
      7154,
      19.07010436662275
    ],
    [
      1196,
      19.04344984016757
    ],
    [
      697,
      18.91190891098728
    ],
    [
      5149,
      18.707548624982252
    ],
    [
      7432,
      18.37123875478254
    ],
    [
      5215,
      18.240969181513915
    ],
    [
      6466,
      18.160362708933004
    ],
    [
      4043,
      18.159571429269835
    ],
    [
      6347,
      18.097234612563913
    ],
    [
      3366,
      18.046888491685273
    ],
    [
      9050,
      17.874706198137442
    ],
    [
      4695,
      17.85745367277901
    ],
    [
      5582,
      17.839890827094422
    ],
    [
      2832,
      17.825494587409302
    ],
    [
      2628,
      17.649864075241155
    ],
    [
      4452,
      17.60848563369263
    ],
    [
      703,
      17.566871667474132
    ],
    [
      2112,
      17.539688888363344
    ],
    [
      4156,
      17.425320151199905
    ],
    [
      6122,
      17.39189619326703
    ],
    [
      2299,
      17.373914391752518
    ],
    [
      6328,
      17.28346824214807
    ],
    [
      1296,
      17.27507149911482
    ],
    [
      9836,
      17.22527877711057
    ],
    [
      1986,
      17.194529858296573
    ],
    [
      2389,
      17.161058321569495
    ],
    [
      2291,
      17.140108563665358
    ],
    [
      6346,
      17.12877885679792
    ],
    [
      2985,
      17.10476245053744
    ],
    [
      2061,
      17.073420310884607
    ],
    [
      8356,
      17.0580805293966
    ],
    [
      8027,
      17.0046145581643
    ],
    [
      6330,
      16.951970609243766
    ],
    [
      8493,
      16.726304060514718
    ],
    [
      3880,
      16.680822699194223
    ],
    [
      9890,
      16.672301186374433
    ],
    [
      4845,
      16.653984689998197
    ],
    [
      3929,
      16.64542185273334
    ],
    [
      4973,
      16.62381774473913
    ],
    [
      170,
      16.606306916485266
    ],
    [
      5218,
      16.57973157108925
    ]
  ],
  "top_tokens": [
    [
      8164,
      29.539511051727132
    ],
    [
      1131,
      27.0153810352204
    ],
    [
      3576,
      26.906051114791218
    ],
    [
      5028,
      25.224475692823827
    ],
    [
      4909,
      22.39135563644797
    ],
    [
      1200,
      22.088680002899995
    ],
    [
      3315,
      19.566334951624697
    ],
    [
      1543,
      19.531877941183517
    ],
    [
      9336,
      19.091011830708855
    ],
    [
      7154,
      19.07010436662275
    ],
    [
      1196,
      19.04344984016757
    ],
    [
      697,
      18.91190891098728
    ],
    [
      5149,
      18.707548624982252
    ],
    [
      7432,
      18.37123875478254
    ],
    [
      5215,
      18.240969181513915
    ],
    [
      6466,
      18.160362708933004
    ],
    [
      4043,
      18.159571429269835
    ],
    [
      6347,
      18.097234612563913
    ],
    [
      3366,
      18.046888491685273
    ],
    [
      9050,
      17.874706198137442
    ],
    [
      4695,
      17.85745367277901
    ],
    [
      5582,
      17.839890827094422
    ],
    [
      2832,
      17.825494587409302
    ],
    [
      2628,
      17.649864075241155
    ],
    [
      4452,
      17.60848563369263
    ],
    [
      703,
      17.566871667474132
    ],
    [
      2112,
      17.539688888363344
    ],
    [
      4156,
      17.425320151199905
    ],
    [
      6122,
      17.39189619326703
    ],
    [
      2299,
      17.373914391752518
    ],
    [
      6328,
      17.28346824214807
    ],
    [
      1296,
      17.27507149911482
    ],
    [
      9836,
      17.22527877711057
    ],
    [
      1986,
      17.194529858296573
    ],
    [
      2389,
      17.161058321569495
    ],
    [
      2291,
      17.140108563665358
    ],
    [
      6346,
      17.12877885679792
    ],
    [
      2985,
      17.10476245053744
    ],
    [
      2061,
      17.073420310884607
    ],
    [
      8356,
      17.0580805293966
    ],
    [
      8027,
      17.0046145581643
    ],
    [
      6330,
      16.951970609243766
    ],
    [
      8493,
      16.726304060514718
    ],
    [
      3880,
      16.680822699194223
    ],
    [
      9890,
      16.672301186374433
    ],
    [
      4845,
      16.653984689998197
    ],
    [
      3929,
      16.64542185273334
    ],
    [
      4973,
      16.62381774473913
    ],
    [
      170,
      16.606306916485266
    ],
    [
      5218,
      16.57973157108925
    ]
  ],
  "decoded_count": 0,
  "decoded_limit": 50,
  "decode_error": "decode quota exceeded"
}
[run 6]
1) run client
shuffler is ready: {'ok': True, 'queuedA': 0, 'queuedR': 0, 'aggA_url': 'http://aggregator_a:8002/forward', 'aggR_url': 'http://aggregator_r:8003/forward'}
new round: 1035430295
[WARN] PRP domain is small: 10000 recommended >= 1000000
sent 0 A_ok= True R_ok= True malicious= False A_resp= {'ok': True, 'queuedA': 1, 'round_id': 1035430295} R_resp= {'ok': True, 'queuedR': 1, 'round_id': 1035430295}
sent 20 A_ok= False R_ok= False malicious= True A_resp= {'detail': 'invalid zk_step proof'} R_resp= {'detail': 'invalid zk_step proof'}
sent 40 A_ok= True R_ok= True malicious= False A_resp= {'ok': True, 'queuedA': 2, 'round_id': 1035430295} R_resp= {'ok': True, 'queuedR': 2, 'round_id': 1035430295}
sent 60 A_ok= True R_ok= True malicious= False A_resp= {'ok': True, 'queuedA': 2, 'round_id': 1035430295} R_resp= {'ok': True, 'queuedR': 2, 'round_id': 1035430295}
sent 80 A_ok= True R_ok= True malicious= False A_resp= {'ok': True, 'queuedA': 2, 'round_id': 1035430295} R_resp= {'ok': True, 'queuedR': 2, 'round_id': 1035430295}
sent 100 A_ok= True R_ok= True malicious= False A_resp= {'ok': True, 'queuedA': 2, 'round_id': 1035430295} R_resp= {'ok': True, 'queuedR': 2, 'round_id': 1035430295}
sent 120 A_ok= True R_ok= True malicious= False A_resp= {'ok': True, 'queuedA': 1, 'round_id': 1035430295} R_resp= {'ok': True, 'queuedR': 2, 'round_id': 1035430295}
sent 140 A_ok= True R_ok= True malicious= False A_resp= {'ok': True, 'queuedA': 2, 'round_id': 1035430295} R_resp= {'ok': True, 'queuedR': 2, 'round_id': 1035430295}
sent 160 A_ok= True R_ok= True malicious= False A_resp= {'ok': True, 'queuedA': 3, 'round_id': 1035430295} R_resp= {'ok': True, 'queuedR': 3, 'round_id': 1035430295}
sent 180 A_ok= True R_ok= True malicious= False A_resp= {'ok': True, 'queuedA': 3, 'round_id': 1035430295} R_resp= {'ok': True, 'queuedR': 4, 'round_id': 1035430295}
summary total= 200 valid_clients= 174 rejected= 26 malicious_total= 26 malicious_reject_rate= 1.0 false_reject_rate= 0.0
2) status
{
  "ok": true,
  "round_id": 1035430295,
  "received_A": 174,
  "unique_submissions_A": 174,
  "cells_in_A_map": 8192,
  "r_fetch_ok": true,
  "r_url": "http://aggregator_r:8003/dump_share?round_id=1035430295",
  "r_http_status": 200,
  "received_R": 174,
  "cells_in_R_map": 8192,
  "aggR_sample_keys": [
    "8251",
    "2050",
    "4771"
  ],
  "r_error": null,
  "reconstructed": false,
  "cells_in_final_map": 0
}
reconstruct expected=174
3) reconstruct
{
  "ok": true,
  "round_id": 1035430295,
  "received_A": 174,
  "received_R": 174,
  "cells_in_A_map": 8192,
  "cells_in_R_map": 8192,
  "cells_in_final_map": 8192
}
4) baseline corrected+threshold
{
  "mode": "final_corrected_thresholded",
  "round_id": 1035430295,
  "received_total": 174,
  "E_dummy_per_cell": 0.87,
  "tau": 3.0,
  "cells_kept": 1030,
  "top_cells": [
    [
      1170,
      31.13
    ],
    [
      1753,
      30.13
    ],
    [
      2952,
      30.13
    ],
    [
      1368,
      27.13
    ],
    [
      1017,
      24.13
    ],
    [
      1852,
      23.13
    ],
    [
      1700,
      22.13
    ],
    [
      7844,
      21.13
    ],
    [
      2461,
      20.13
    ],
    [
      2550,
      20.13
    ],
    [
      2956,
      20.13
    ],
    [
      6652,
      20.13
    ],
    [
      8240,
      20.13
    ],
    [
      4368,
      19.13
    ],
    [
      8368,
      19.13
    ],
    [
      8826,
      19.13
    ],
    [
      9224,
      19.13
    ],
    [
      23,
      18.13
    ],
    [
      1321,
      18.13
    ],
    [
      3908,
      18.13
    ],
    [
      6850,
      18.13
    ],
    [
      9115,
      18.13
    ],
    [
      9247,
      18.13
    ],
    [
      9842,
      18.13
    ],
    [
      9962,
      18.13
    ],
    [
      1447,
      17.13
    ],
    [
      1454,
      17.13
    ],
    [
      1679,
      17.13
    ],
    [
      2451,
      17.13
    ],
    [
      2927,
      17.13
    ],
    [
      4196,
      17.13
    ],
    [
      4465,
      17.13
    ],
    [
      4695,
      17.13
    ],
    [
      5314,
      17.13
    ],
    [
      5393,
      17.13
    ],
    [
      5409,
      17.13
    ],
    [
      5575,
      17.13
    ],
    [
      6469,
      17.13
    ],
    [
      6811,
      17.13
    ],
    [
      7105,
      17.13
    ],
    [
      7175,
      17.13
    ],
    [
      7357,
      17.13
    ],
    [
      7826,
      17.13
    ],
    [
      9329,
      17.13
    ],
    [
      9895,
      17.13
    ],
    [
      207,
      16.13
    ],
    [
      465,
      16.13
    ],
    [
      787,
      16.13
    ],
    [
      855,
      16.13
    ],
    [
      1000,
      16.13
    ]
  ]
}
5) dp laplace eps=0.5
{
  "mode": "dp_laplace_post_threshold",
  "round_id": 1035430295,
  "received_total": 174,
  "E_dummy_per_cell": 0.87,
  "tau": 3.0,
  "tau2": 3.0,
  "epsilon": 0.5,
  "laplace_scale": 2.0,
  "cells_kept_pre": 1030,
  "cells_kept_post": 828,
  "N_acc": 174,
  "K": 50,
  "KD": 50,
  "DOMAIN": 10000,
  "top_cells": [
    [
      3498,
      31.558101706345102
    ],
    [
      3460,
      30.70166863008597
    ],
    [
      6273,
      30.21786497747929
    ],
    [
      5290,
      28.657751689991965
    ],
    [
      4949,
      26.67384487172292
    ],
    [
      2758,
      24.97720366546075
    ],
    [
      5049,
      24.429353141533035
    ],
    [
      2211,
      23.20264853200517
    ],
    [
      9646,
      23.145087840172796
    ],
    [
      1140,
      23.10700790357584
    ],
    [
      8120,
      22.7719337759193
    ],
    [
      9547,
      22.67047861683042
    ],
    [
      4610,
      22.66338599026665
    ],
    [
      2426,
      22.36376573700323
    ],
    [
      3106,
      21.761821666798607
    ],
    [
      8587,
      21.36101107599347
    ],
    [
      9900,
      21.327220742742284
    ],
    [
      3833,
      21.228168049410314
    ],
    [
      8764,
      20.75748798535038
    ],
    [
      4248,
      20.523158002116464
    ],
    [
      560,
      20.45187257863293
    ],
    [
      2011,
      20.12983318463821
    ],
    [
      258,
      20.078137986145666
    ],
    [
      6355,
      19.91606995410614
    ],
    [
      8604,
      19.863741126407223
    ],
    [
      3707,
      19.822314849730976
    ],
    [
      8354,
      19.821852456505614
    ],
    [
      3010,
      19.633411115634292
    ],
    [
      3595,
      19.58486257036596
    ],
    [
      5875,
      19.396359486201526
    ],
    [
      5208,
      19.384103394886637
    ],
    [
      5797,
      19.375435898550997
    ],
    [
      2078,
      19.20400488581276
    ],
    [
      5563,
      19.1993757285587
    ],
    [
      9187,
      19.164667265508797
    ],
    [
      9979,
      19.0953155321211
    ],
    [
      4437,
      18.949504899098695
    ],
    [
      7767,
      18.88836319408094
    ],
    [
      7846,
      18.716306519193388
    ],
    [
      6191,
      18.63384420681327
    ],
    [
      6603,
      18.47796785259976
    ],
    [
      398,
      18.46441865104272
    ],
    [
      2143,
      18.429772871536407
    ],
    [
      5447,
      18.420139680614334
    ],
    [
      8906,
      18.265709211447817
    ],
    [
      5289,
      18.25586222922874
    ],
    [
      4597,
      18.25445676319337
    ],
    [
      4528,
      18.125608217887923
    ],
    [
      7746,
      18.072937193619794
    ],
    [
      9982,
      18.042860845000003
    ]
  ],
  "top_tokens": [
    [
      1753,
      31.558101706345102
    ],
    [
      1170,
      30.70166863008597
    ],
    [
      2952,
      30.21786497747929
    ],
    [
      9962,
      28.657751689991965
    ],
    [
      1368,
      26.67384487172292
    ],
    [
      5775,
      24.97720366546075
    ],
    [
      1017,
      24.429353141533035
    ],
    [
      6652,
      23.20264853200517
    ],
    [
      7844,
      23.145087840172796
    ],
    [
      9329,
      23.10700790357584
    ],
    [
      2466,
      22.7719337759193
    ],
    [
      5314,
      22.67047861683042
    ],
    [
      6850,
      22.66338599026665
    ],
    [
      8240,
      22.36376573700323
    ],
    [
      1730,
      21.761821666798607
    ],
    [
      4115,
      21.36101107599347
    ],
    [
      1700,
      21.327220742742284
    ],
    [
      1932,
      21.228168049410314
    ],
    [
      1545,
      20.75748798535038
    ],
    [
      4368,
      20.523158002116464
    ],
    [
      2956,
      20.45187257863293
    ],
    [
      9224,
      20.12983318463821
    ],
    [
      2461,
      20.078137986145666
    ],
    [
      23,
      19.91606995410614
    ],
    [
      1454,
      19.863741126407223
    ],
    [
      2495,
      19.822314849730976
    ],
    [
      3122,
      19.821852456505614
    ],
    [
      3127,
      19.633411115634292
    ],
    [
      645,
      19.58486257036596
    ],
    [
      1321,
      19.396359486201526
    ],
    [
      2279,
      19.384103394886637
    ],
    [
      8060,
      19.375435898550997
    ],
    [
      5054,
      19.20400488581276
    ],
    [
      1852,
      19.1993757285587
    ],
    [
      4196,
      19.164667265508797
    ],
    [
      1586,
      19.0953155321211
    ],
    [
      829,
      18.949504899098695
    ],
    [
      7175,
      18.88836319408094
    ],
    [
      8368,
      18.716306519193388
    ],
    [
      5409,
      18.63384420681327
    ],
    [
      2451,
      18.47796785259976
    ],
    [
      8508,
      18.46441865104272
    ],
    [
      4893,
      18.429772871536407
    ],
    [
      8625,
      18.420139680614334
    ],
    [
      1952,
      18.265709211447817
    ],
    [
      9842,
      18.25586222922874
    ],
    [
      2613,
      18.25445676319337
    ],
    [
      4465,
      18.125608217887923
    ],
    [
      7105,
      18.072937193619794
    ],
    [
      465,
      18.042860845000003
    ]
  ],
  "decoded_count": 50,
  "decoded_limit": 50,
  "decode_error": null
}
6) dp laplace eps=1.0
{
  "mode": "dp_laplace_post_threshold",
  "round_id": 1035430295,
  "received_total": 174,
  "E_dummy_per_cell": 0.87,
  "tau": 3.0,
  "tau2": 3.0,
  "epsilon": 1.0,
  "laplace_scale": 1.0,
  "cells_kept_pre": 1030,
  "cells_kept_post": 867,
  "N_acc": 174,
  "K": 50,
  "KD": 50,
  "DOMAIN": 10000,
  "top_cells": [
    [
      1753,
      29.832998491464906
    ],
    [
      2952,
      29.813857210377325
    ],
    [
      1170,
      29.452356780885015
    ],
    [
      1368,
      27.136680998015805
    ],
    [
      1017,
      22.71246890964573
    ],
    [
      1700,
      22.2276192376831
    ],
    [
      8240,
      21.163912817303537
    ],
    [
      8368,
      20.81777059451335
    ],
    [
      2956,
      20.751436762680058
    ],
    [
      911,
      20.557382766805137
    ],
    [
      2550,
      20.4680475101343
    ],
    [
      2461,
      20.40385161372573
    ],
    [
      4368,
      20.042788965426325
    ],
    [
      8100,
      20.040901083537744
    ],
    [
      7844,
      20.01335377657251
    ],
    [
      3242,
      19.87690642859495
    ],
    [
      1454,
      19.809223737880124
    ],
    [
      3908,
      19.725380660456526
    ],
    [
      9842,
      19.046018561898634
    ],
    [
      1447,
      18.8903726185259
    ],
    [
      9247,
      18.82401963321815
    ],
    [
      5409,
      18.722952467215954
    ],
    [
      8826,
      18.6915790347264
    ],
    [
      7175,
      18.644197412769145
    ],
    [
      4688,
      18.576950243636233
    ],
    [
      1852,
      18.391469826253253
    ],
    [
      1480,
      18.338036214840432
    ],
    [
      9115,
      18.29829708262961
    ],
    [
      9962,
      18.205431172088975
    ],
    [
      6850,
      18.125868817090836
    ],
    [
      5144,
      18.106991790812803
    ],
    [
      4695,
      17.958537912168822
    ],
    [
      9895,
      17.75682618130203
    ],
    [
      6811,
      17.747891750190497
    ],
    [
      6652,
      17.71227198048748
    ],
    [
      3283,
      17.65880443464837
    ],
    [
      7300,
      17.618069320619664
    ],
    [
      4465,
      17.530364945127097
    ],
    [
      8546,
      17.44749254470068
    ],
    [
      5814,
      17.420204169311727
    ],
    [
      5575,
      17.31582997566941
    ],
    [
      6469,
      17.26658087117919
    ],
    [
      7357,
      17.242369261904553
    ],
    [
      1948,
      17.20117138179833
    ],
    [
      5314,
      17.156767172404514
    ],
    [
      8415,
      17.144510218686122
    ],
    [
      207,
      17.116458025341622
    ],
    [
      1321,
      17.075614268203832
    ],
    [
      5647,
      17.053003966586402
    ],
    [
      1545,
      17.0509272395793
    ]
  ],
  "top_tokens": [
    [
      1753,
      29.832998491464906
    ],
    [
      2952,
      29.813857210377325
    ],
    [
      1170,
      29.452356780885015
    ],
    [
      1368,
      27.136680998015805
    ],
    [
      1017,
      22.71246890964573
    ],
    [
      1700,
      22.2276192376831
    ],
    [
      8240,
      21.163912817303537
    ],
    [
      8368,
      20.81777059451335
    ],
    [
      2956,
      20.751436762680058
    ],
    [
      911,
      20.557382766805137
    ],
    [
      2550,
      20.4680475101343
    ],
    [
      2461,
      20.40385161372573
    ],
    [
      4368,
      20.042788965426325
    ],
    [
      8100,
      20.040901083537744
    ],
    [
      7844,
      20.01335377657251
    ],
    [
      3242,
      19.87690642859495
    ],
    [
      1454,
      19.809223737880124
    ],
    [
      3908,
      19.725380660456526
    ],
    [
      9842,
      19.046018561898634
    ],
    [
      1447,
      18.8903726185259
    ],
    [
      9247,
      18.82401963321815
    ],
    [
      5409,
      18.722952467215954
    ],
    [
      8826,
      18.6915790347264
    ],
    [
      7175,
      18.644197412769145
    ],
    [
      4688,
      18.576950243636233
    ],
    [
      1852,
      18.391469826253253
    ],
    [
      1480,
      18.338036214840432
    ],
    [
      9115,
      18.29829708262961
    ],
    [
      9962,
      18.205431172088975
    ],
    [
      6850,
      18.125868817090836
    ],
    [
      5144,
      18.106991790812803
    ],
    [
      4695,
      17.958537912168822
    ],
    [
      9895,
      17.75682618130203
    ],
    [
      6811,
      17.747891750190497
    ],
    [
      6652,
      17.71227198048748
    ],
    [
      3283,
      17.65880443464837
    ],
    [
      7300,
      17.618069320619664
    ],
    [
      4465,
      17.530364945127097
    ],
    [
      8546,
      17.44749254470068
    ],
    [
      5814,
      17.420204169311727
    ],
    [
      5575,
      17.31582997566941
    ],
    [
      6469,
      17.26658087117919
    ],
    [
      7357,
      17.242369261904553
    ],
    [
      1948,
      17.20117138179833
    ],
    [
      5314,
      17.156767172404514
    ],
    [
      8415,
      17.144510218686122
    ],
    [
      207,
      17.116458025341622
    ],
    [
      1321,
      17.075614268203832
    ],
    [
      5647,
      17.053003966586402
    ],
    [
      1545,
      17.0509272395793
    ]
  ],
  "decoded_count": 0,
  "decoded_limit": 50,
  "decode_error": "decode quota exceeded"
}
7) dp laplace eps=3.0
{
  "mode": "dp_laplace_post_threshold",
  "round_id": 1035430295,
  "received_total": 174,
  "E_dummy_per_cell": 0.87,
  "tau": 3.0,
  "tau2": 3.0,
  "epsilon": 3.0,
  "laplace_scale": 0.3333333333333333,
  "cells_kept_pre": 1030,
  "cells_kept_post": 930,
  "N_acc": 174,
  "K": 50,
  "KD": 50,
  "DOMAIN": 10000,
  "top_cells": [
    [
      1170,
      30.411311848079947
    ],
    [
      1753,
      30.251775361111772
    ],
    [
      2952,
      29.763091744108138
    ],
    [
      1368,
      26.938239920532634
    ],
    [
      1017,
      23.91515366929453
    ],
    [
      1852,
      23.396098060465096
    ],
    [
      1700,
      22.548647103119766
    ],
    [
      7844,
      21.171808959593026
    ],
    [
      6652,
      21.104330873381578
    ],
    [
      2550,
      20.181124015620977
    ],
    [
      2461,
      19.85318302924426
    ],
    [
      2956,
      19.58067073053512
    ],
    [
      8240,
      19.480844255080946
    ],
    [
      9247,
      19.363533217610502
    ],
    [
      8368,
      19.215773110247618
    ],
    [
      8826,
      19.15290327440519
    ],
    [
      9224,
      18.86469045709871
    ],
    [
      4368,
      18.61408616890948
    ],
    [
      9115,
      18.534190216156123
    ],
    [
      23,
      18.41303577641353
    ],
    [
      5314,
      18.23365572907822
    ],
    [
      9842,
      18.06506829313057
    ],
    [
      1321,
      17.968814286538578
    ],
    [
      3908,
      17.79661437627139
    ],
    [
      1447,
      17.7767827634434
    ],
    [
      7357,
      17.58074726685041
    ],
    [
      4695,
      17.536977635400508
    ],
    [
      6811,
      17.510056910088693
    ],
    [
      5393,
      17.447063779317727
    ],
    [
      6850,
      17.308583740665036
    ],
    [
      1454,
      17.25193251784715
    ],
    [
      4196,
      17.239786900047747
    ],
    [
      6103,
      17.19164330632178
    ],
    [
      1679,
      17.173117456854072
    ],
    [
      4465,
      17.168015705799924
    ],
    [
      9329,
      17.137177536744332
    ],
    [
      3190,
      17.11993444623134
    ],
    [
      7175,
      17.10704624122719
    ],
    [
      5409,
      17.090027194204744
    ],
    [
      5575,
      17.051317014352723
    ],
    [
      2279,
      17.009775693663414
    ],
    [
      6469,
      16.99913888138465
    ],
    [
      9383,
      16.92066975603938
    ],
    [
      7627,
      16.848205421917786
    ],
    [
      2451,
      16.83506724263454
    ],
    [
      855,
      16.83273012383116
    ],
    [
      8405,
      16.765790676896383
    ],
    [
      8100,
      16.76559464124442
    ],
    [
      7826,
      16.760519881019576
    ],
    [
      1545,
      16.723701113008477
    ]
  ],
  "top_tokens": [
    [
      1170,
      30.411311848079947
    ],
    [
      1753,
      30.251775361111772
    ],
    [
      2952,
      29.763091744108138
    ],
    [
      1368,
      26.938239920532634
    ],
    [
      1017,
      23.91515366929453
    ],
    [
      1852,
      23.396098060465096
    ],
    [
      1700,
      22.548647103119766
    ],
    [
      7844,
      21.171808959593026
    ],
    [
      6652,
      21.104330873381578
    ],
    [
      2550,
      20.181124015620977
    ],
    [
      2461,
      19.85318302924426
    ],
    [
      2956,
      19.58067073053512
    ],
    [
      8240,
      19.480844255080946
    ],
    [
      9247,
      19.363533217610502
    ],
    [
      8368,
      19.215773110247618
    ],
    [
      8826,
      19.15290327440519
    ],
    [
      9224,
      18.86469045709871
    ],
    [
      4368,
      18.61408616890948
    ],
    [
      9115,
      18.534190216156123
    ],
    [
      23,
      18.41303577641353
    ],
    [
      5314,
      18.23365572907822
    ],
    [
      9842,
      18.06506829313057
    ],
    [
      1321,
      17.968814286538578
    ],
    [
      3908,
      17.79661437627139
    ],
    [
      1447,
      17.7767827634434
    ],
    [
      7357,
      17.58074726685041
    ],
    [
      4695,
      17.536977635400508
    ],
    [
      6811,
      17.510056910088693
    ],
    [
      5393,
      17.447063779317727
    ],
    [
      6850,
      17.308583740665036
    ],
    [
      1454,
      17.25193251784715
    ],
    [
      4196,
      17.239786900047747
    ],
    [
      6103,
      17.19164330632178
    ],
    [
      1679,
      17.173117456854072
    ],
    [
      4465,
      17.168015705799924
    ],
    [
      9329,
      17.137177536744332
    ],
    [
      3190,
      17.11993444623134
    ],
    [
      7175,
      17.10704624122719
    ],
    [
      5409,
      17.090027194204744
    ],
    [
      5575,
      17.051317014352723
    ],
    [
      2279,
      17.009775693663414
    ],
    [
      6469,
      16.99913888138465
    ],
    [
      9383,
      16.92066975603938
    ],
    [
      7627,
      16.848205421917786
    ],
    [
      2451,
      16.83506724263454
    ],
    [
      855,
      16.83273012383116
    ],
    [
      8405,
      16.765790676896383
    ],
    [
      8100,
      16.76559464124442
    ],
    [
      7826,
      16.760519881019576
    ],
    [
      1545,
      16.723701113008477
    ]
  ],
  "decoded_count": 0,
  "decoded_limit": 50,
  "decode_error": "decode quota exceeded"
}
[run 7]
1) run client
shuffler is ready: {'ok': True, 'queuedA': 0, 'queuedR': 0, 'aggA_url': 'http://aggregator_a:8002/forward', 'aggR_url': 'http://aggregator_r:8003/forward'}
new round: 1035543219
[WARN] PRP domain is small: 10000 recommended >= 1000000
sent 0 A_ok= True R_ok= True malicious= False A_resp= {'ok': True, 'queuedA': 1, 'round_id': 1035543219} R_resp= {'ok': True, 'queuedR': 1, 'round_id': 1035543219}
sent 20 A_ok= True R_ok= True malicious= False A_resp= {'ok': True, 'queuedA': 4, 'round_id': 1035543219} R_resp= {'ok': True, 'queuedR': 1, 'round_id': 1035543219}
sent 40 A_ok= False R_ok= False malicious= True A_resp= {'detail': 'invalid zk_step proof'} R_resp= {'detail': 'invalid zk_step proof'}
sent 60 A_ok= False R_ok= False malicious= True A_resp= {'detail': 'invalid zk_step proof'} R_resp= {'detail': 'invalid zk_step proof'}
sent 80 A_ok= True R_ok= True malicious= False A_resp= {'ok': True, 'queuedA': 3, 'round_id': 1035543219} R_resp= {'ok': True, 'queuedR': 3, 'round_id': 1035543219}
sent 100 A_ok= True R_ok= True malicious= False A_resp= {'ok': True, 'queuedA': 4, 'round_id': 1035543219} R_resp= {'ok': True, 'queuedR': 4, 'round_id': 1035543219}
sent 120 A_ok= True R_ok= True malicious= False A_resp= {'ok': True, 'queuedA': 2, 'round_id': 1035543219} R_resp= {'ok': True, 'queuedR': 2, 'round_id': 1035543219}
sent 140 A_ok= True R_ok= True malicious= False A_resp= {'ok': True, 'queuedA': 2, 'round_id': 1035543219} R_resp= {'ok': True, 'queuedR': 2, 'round_id': 1035543219}
sent 160 A_ok= True R_ok= True malicious= False A_resp= {'ok': True, 'queuedA': 4, 'round_id': 1035543219} R_resp= {'ok': True, 'queuedR': 1, 'round_id': 1035543219}
sent 180 A_ok= True R_ok= True malicious= False A_resp= {'ok': True, 'queuedA': 2, 'round_id': 1035543219} R_resp= {'ok': True, 'queuedR': 2, 'round_id': 1035543219}
summary total= 200 valid_clients= 183 rejected= 17 malicious_total= 17 malicious_reject_rate= 1.0 false_reject_rate= 0.0
2) status
{
  "ok": true,
  "round_id": 1035543219,
  "received_A": 183,
  "unique_submissions_A": 183,
  "cells_in_A_map": 8267,
  "r_fetch_ok": true,
  "r_url": "http://aggregator_r:8003/dump_share?round_id=1035543219",
  "r_http_status": 200,
  "received_R": 183,
  "cells_in_R_map": 8267,
  "aggR_sample_keys": [
    "8514",
    "1203",
    "7275"
  ],
  "r_error": null,
  "reconstructed": false,
  "cells_in_final_map": 0
}
reconstruct expected=183
3) reconstruct
{
  "ok": true,
  "round_id": 1035543219,
  "received_A": 183,
  "received_R": 183,
  "cells_in_A_map": 8267,
  "cells_in_R_map": 8267,
  "cells_in_final_map": 8267
}
4) baseline corrected+threshold
{
  "mode": "final_corrected_thresholded",
  "round_id": 1035543219,
  "received_total": 183,
  "E_dummy_per_cell": 0.915,
  "tau": 3.0,
  "cells_kept": 1125,
  "top_cells": [
    [
      6994,
      30.085
    ],
    [
      4255,
      29.085
    ],
    [
      4751,
      29.085
    ],
    [
      3709,
      27.085
    ],
    [
      5126,
      25.085
    ],
    [
      8716,
      25.085
    ],
    [
      8205,
      24.085
    ],
    [
      5193,
      22.085
    ],
    [
      3160,
      21.085
    ],
    [
      642,
      20.085
    ],
    [
      1901,
      20.085
    ],
    [
      2635,
      20.085
    ],
    [
      9071,
      20.085
    ],
    [
      2714,
      19.085
    ],
    [
      3197,
      19.085
    ],
    [
      3523,
      19.085
    ],
    [
      3924,
      19.085
    ],
    [
      6029,
      19.085
    ],
    [
      6945,
      19.085
    ],
    [
      8610,
      19.085
    ],
    [
      155,
      18.085
    ],
    [
      220,
      18.085
    ],
    [
      1225,
      18.085
    ],
    [
      1407,
      18.085
    ],
    [
      3281,
      18.085
    ],
    [
      4904,
      18.085
    ],
    [
      6128,
      18.085
    ],
    [
      6564,
      18.085
    ],
    [
      7490,
      18.085
    ],
    [
      8338,
      18.085
    ],
    [
      8714,
      18.085
    ],
    [
      9908,
      18.085
    ],
    [
      575,
      17.085
    ],
    [
      790,
      17.085
    ],
    [
      1073,
      17.085
    ],
    [
      1092,
      17.085
    ],
    [
      1661,
      17.085
    ],
    [
      1704,
      17.085
    ],
    [
      3262,
      17.085
    ],
    [
      4347,
      17.085
    ],
    [
      4415,
      17.085
    ],
    [
      6278,
      17.085
    ],
    [
      6876,
      17.085
    ],
    [
      6931,
      17.085
    ],
    [
      7063,
      17.085
    ],
    [
      7530,
      17.085
    ],
    [
      9198,
      17.085
    ],
    [
      9743,
      17.085
    ],
    [
      9788,
      17.085
    ],
    [
      114,
      16.085
    ]
  ]
}
5) dp laplace eps=0.5
{
  "mode": "dp_laplace_post_threshold",
  "round_id": 1035543219,
  "received_total": 183,
  "E_dummy_per_cell": 0.915,
  "tau": 3.0,
  "tau2": 3.0,
  "epsilon": 0.5,
  "laplace_scale": 2.0,
  "cells_kept_pre": 1125,
  "cells_kept_post": 904,
  "N_acc": 183,
  "K": 50,
  "KD": 50,
  "DOMAIN": 10000,
  "top_cells": [
    [
      7873,
      30.079236011606792
    ],
    [
      5773,
      29.59971035936607
    ],
    [
      2110,
      29.25482912192809
    ],
    [
      3679,
      28.191409845706804
    ],
    [
      2503,
      27.46081078891178
    ],
    [
      9469,
      25.120452645019093
    ],
    [
      5698,
      24.48968278331062
    ],
    [
      85,
      24.211149034513372
    ],
    [
      9250,
      24.181083937482494
    ],
    [
      2226,
      24.055737187944665
    ],
    [
      5732,
      23.86991064932051
    ],
    [
      3178,
      23.716058012452343
    ],
    [
      7093,
      23.076651751740236
    ],
    [
      2826,
      23.00209776318765
    ],
    [
      7860,
      22.843683554677455
    ],
    [
      6129,
      21.890150966434774
    ],
    [
      5056,
      21.84596242009795
    ],
    [
      3879,
      21.78893712836133
    ],
    [
      7014,
      21.718756487269374
    ],
    [
      53,
      21.17925229612838
    ],
    [
      8808,
      21.03817316826405
    ],
    [
      1847,
      20.941737405470946
    ],
    [
      2541,
      20.88930664292715
    ],
    [
      4013,
      20.791410272508347
    ],
    [
      4913,
      20.759324968796346
    ],
    [
      4177,
      20.72471767728188
    ],
    [
      4907,
      20.649830311695798
    ],
    [
      9720,
      20.601560038271174
    ],
    [
      5801,
      20.4197743739389
    ],
    [
      7647,
      20.388857495204064
    ],
    [
      1770,
      20.372023318616236
    ],
    [
      7305,
      20.11140792176248
    ],
    [
      4922,
      19.86170984526564
    ],
    [
      2755,
      19.80631137768077
    ],
    [
      9251,
      19.802319610334614
    ],
    [
      2504,
      19.526713076986702
    ],
    [
      4514,
      19.21535573754069
    ],
    [
      1299,
      19.186221710433525
    ],
    [
      4698,
      19.068005642138882
    ],
    [
      50,
      19.029101401700657
    ],
    [
      8223,
      18.975973725165556
    ],
    [
      6919,
      18.894898953912907
    ],
    [
      200,
      18.886368199277364
    ],
    [
      2792,
      18.822129173331824
    ],
    [
      593,
      18.795971221301556
    ],
    [
      3227,
      18.721505995098337
    ],
    [
      5564,
      18.683090918939705
    ],
    [
      5156,
      18.53342085552981
    ],
    [
      9928,
      18.47449152341399
    ],
    [
      7108,
      18.420982538160025
    ]
  ],
  "top_tokens": [
    [
      6994,
      30.079236011606792
    ],
    [
      4255,
      29.59971035936607
    ],
    [
      575,
      29.25482912192809
    ],
    [
      3709,
      28.191409845706804
    ],
    [
      4751,
      27.46081078891178
    ],
    [
      4066,
      25.120452645019093
    ],
    [
      3160,
      24.48968278331062
    ],
    [
      5193,
      24.211149034513372
    ],
    [
      5126,
      24.181083937482494
    ],
    [
      8205,
      24.055737187944665
    ],
    [
      642,
      23.86991064932051
    ],
    [
      6128,
      23.716058012452343
    ],
    [
      8716,
      23.076651751740236
    ],
    [
      6511,
      23.00209776318765
    ],
    [
      2635,
      22.843683554677455
    ],
    [
      3858,
      21.890150966434774
    ],
    [
      1225,
      21.84596242009795
    ],
    [
      5577,
      21.78893712836133
    ],
    [
      2418,
      21.718756487269374
    ],
    [
      2323,
      21.17925229612838
    ],
    [
      2714,
      21.03817316826405
    ],
    [
      9788,
      20.941737405470946
    ],
    [
      9071,
      20.88930664292715
    ],
    [
      6945,
      20.791410272508347
    ],
    [
      826,
      20.759324968796346
    ],
    [
      4485,
      20.72471767728188
    ],
    [
      3262,
      20.649830311695798
    ],
    [
      9743,
      20.601560038271174
    ],
    [
      5458,
      20.4197743739389
    ],
    [
      1924,
      20.388857495204064
    ],
    [
      9740,
      20.372023318616236
    ],
    [
      2265,
      20.11140792176248
    ],
    [
      6029,
      19.86170984526564
    ],
    [
      6564,
      19.80631137768077
    ],
    [
      6278,
      19.802319610334614
    ],
    [
      2467,
      19.526713076986702
    ],
    [
      4904,
      19.21535573754069
    ],
    [
      3648,
      19.186221710433525
    ],
    [
      9769,
      19.068005642138882
    ],
    [
      8137,
      19.029101401700657
    ],
    [
      9803,
      18.975973725165556
    ],
    [
      6878,
      18.894898953912907
    ],
    [
      5233,
      18.886368199277364
    ],
    [
      9364,
      18.822129173331824
    ],
    [
      972,
      18.795971221301556
    ],
    [
      906,
      18.721505995098337
    ],
    [
      4052,
      18.683090918939705
    ],
    [
      7490,
      18.53342085552981
    ],
    [
      1073,
      18.47449152341399
    ],
    [
      8998,
      18.420982538160025
    ]
  ],
  "decoded_count": 50,
  "decoded_limit": 50,
  "decode_error": null
}
6) dp laplace eps=1.0
{
  "mode": "dp_laplace_post_threshold",
  "round_id": 1035543219,
  "received_total": 183,
  "E_dummy_per_cell": 0.915,
  "tau": 3.0,
  "tau2": 3.0,
  "epsilon": 1.0,
  "laplace_scale": 1.0,
  "cells_kept_pre": 1125,
  "cells_kept_post": 963,
  "N_acc": 183,
  "K": 50,
  "KD": 50,
  "DOMAIN": 10000,
  "top_cells": [
    [
      4751,
      31.220985964993186
    ],
    [
      6994,
      29.797492721551592
    ],
    [
      3709,
      27.23294790433764
    ],
    [
      4255,
      25.850144499250387
    ],
    [
      8716,
      25.417802155126843
    ],
    [
      5126,
      24.897502903689045
    ],
    [
      8205,
      23.034995543891878
    ],
    [
      3160,
      21.232330060156414
    ],
    [
      8338,
      20.735992370385215
    ],
    [
      3281,
      20.45684020266046
    ],
    [
      1225,
      20.44758813280067
    ],
    [
      5193,
      20.416274212855495
    ],
    [
      2635,
      20.185464245999786
    ],
    [
      6029,
      20.16316134943591
    ],
    [
      9752,
      20.108376736610303
    ],
    [
      6278,
      19.947999395246576
    ],
    [
      7530,
      19.6409545197899
    ],
    [
      642,
      19.63336330809298
    ],
    [
      8610,
      19.507558398898368
    ],
    [
      1092,
      19.495253514129487
    ],
    [
      3924,
      19.389405404435518
    ],
    [
      4052,
      19.230274560287288
    ],
    [
      6945,
      19.216947283290068
    ],
    [
      3327,
      19.16279174333473
    ],
    [
      9908,
      19.128673004425725
    ],
    [
      2617,
      19.02221265995401
    ],
    [
      3523,
      19.01348314605299
    ],
    [
      5862,
      18.95910908985857
    ],
    [
      3197,
      18.947647078302488
    ],
    [
      6564,
      18.379249673202448
    ],
    [
      3866,
      18.371636252984057
    ],
    [
      6128,
      18.35847642598716
    ],
    [
      5046,
      18.307324467021285
    ],
    [
      9071,
      18.300136493483787
    ],
    [
      1901,
      18.180508723388392
    ],
    [
      2714,
      18.140569898748417
    ],
    [
      1407,
      17.90043022540127
    ],
    [
      220,
      17.899065002247866
    ],
    [
      8745,
      17.77284643854489
    ],
    [
      610,
      17.716988754923396
    ],
    [
      1704,
      17.672281303364006
    ],
    [
      7348,
      17.67023833301894
    ],
    [
      9386,
      17.610166073311294
    ],
    [
      9823,
      17.60031353786009
    ],
    [
      2270,
      17.568029509151035
    ],
    [
      1073,
      17.46804842333208
    ],
    [
      1669,
      17.44548964028663
    ],
    [
      1661,
      17.43648452017147
    ],
    [
      9963,
      17.404456026035533
    ],
    [
      8449,
      17.342198667846663
    ]
  ],
  "top_tokens": [
    [
      4751,
      31.220985964993186
    ],
    [
      6994,
      29.797492721551592
    ],
    [
      3709,
      27.23294790433764
    ],
    [
      4255,
      25.850144499250387
    ],
    [
      8716,
      25.417802155126843
    ],
    [
      5126,
      24.897502903689045
    ],
    [
      8205,
      23.034995543891878
    ],
    [
      3160,
      21.232330060156414
    ],
    [
      8338,
      20.735992370385215
    ],
    [
      3281,
      20.45684020266046
    ],
    [
      1225,
      20.44758813280067
    ],
    [
      5193,
      20.416274212855495
    ],
    [
      2635,
      20.185464245999786
    ],
    [
      6029,
      20.16316134943591
    ],
    [
      9752,
      20.108376736610303
    ],
    [
      6278,
      19.947999395246576
    ],
    [
      7530,
      19.6409545197899
    ],
    [
      642,
      19.63336330809298
    ],
    [
      8610,
      19.507558398898368
    ],
    [
      1092,
      19.495253514129487
    ],
    [
      3924,
      19.389405404435518
    ],
    [
      4052,
      19.230274560287288
    ],
    [
      6945,
      19.216947283290068
    ],
    [
      3327,
      19.16279174333473
    ],
    [
      9908,
      19.128673004425725
    ],
    [
      2617,
      19.02221265995401
    ],
    [
      3523,
      19.01348314605299
    ],
    [
      5862,
      18.95910908985857
    ],
    [
      3197,
      18.947647078302488
    ],
    [
      6564,
      18.379249673202448
    ],
    [
      3866,
      18.371636252984057
    ],
    [
      6128,
      18.35847642598716
    ],
    [
      5046,
      18.307324467021285
    ],
    [
      9071,
      18.300136493483787
    ],
    [
      1901,
      18.180508723388392
    ],
    [
      2714,
      18.140569898748417
    ],
    [
      1407,
      17.90043022540127
    ],
    [
      220,
      17.899065002247866
    ],
    [
      8745,
      17.77284643854489
    ],
    [
      610,
      17.716988754923396
    ],
    [
      1704,
      17.672281303364006
    ],
    [
      7348,
      17.67023833301894
    ],
    [
      9386,
      17.610166073311294
    ],
    [
      9823,
      17.60031353786009
    ],
    [
      2270,
      17.568029509151035
    ],
    [
      1073,
      17.46804842333208
    ],
    [
      1669,
      17.44548964028663
    ],
    [
      1661,
      17.43648452017147
    ],
    [
      9963,
      17.404456026035533
    ],
    [
      8449,
      17.342198667846663
    ]
  ],
  "decoded_count": 0,
  "decoded_limit": 50,
  "decode_error": "decode quota exceeded"
}
7) dp laplace eps=3.0
{
  "mode": "dp_laplace_post_threshold",
  "round_id": 1035543219,
  "received_total": 183,
  "E_dummy_per_cell": 0.915,
  "tau": 3.0,
  "tau2": 3.0,
  "epsilon": 3.0,
  "laplace_scale": 0.3333333333333333,
  "cells_kept_pre": 1125,
  "cells_kept_post": 1004,
  "N_acc": 183,
  "K": 50,
  "KD": 50,
  "DOMAIN": 10000,
  "top_cells": [
    [
      6994,
      30.198868958755362
    ],
    [
      4751,
      29.387221466793832
    ],
    [
      4255,
      29.075087960099957
    ],
    [
      3709,
      26.931481413852044
    ],
    [
      5126,
      24.91131128409636
    ],
    [
      8205,
      24.14068839257219
    ],
    [
      8716,
      23.985822141087
    ],
    [
      5193,
      21.99920473643774
    ],
    [
      1901,
      20.877242383320198
    ],
    [
      9071,
      20.70811923360623
    ],
    [
      3160,
      20.6638939975446
    ],
    [
      642,
      20.246558950925387
    ],
    [
      2635,
      20.153025161264896
    ],
    [
      3523,
      19.538775601262607
    ],
    [
      6029,
      19.5033938448796
    ],
    [
      8610,
      19.405236174916958
    ],
    [
      6945,
      19.217087257915946
    ],
    [
      3197,
      19.055232739675002
    ],
    [
      2714,
      18.923077949227444
    ],
    [
      3924,
      18.839278157743422
    ],
    [
      1407,
      18.760635030154575
    ],
    [
      155,
      18.52068766590349
    ],
    [
      9908,
      18.465641753729876
    ],
    [
      7490,
      18.288085067008783
    ],
    [
      220,
      18.21944246470139
    ],
    [
      6564,
      18.20826702413018
    ],
    [
      9198,
      18.146537885374638
    ],
    [
      8714,
      18.12695271787824
    ],
    [
      6128,
      18.1191682691048
    ],
    [
      3281,
      18.0270474841624
    ],
    [
      1225,
      17.997183170468855
    ],
    [
      8338,
      17.996883820332442
    ],
    [
      6931,
      17.979181706600528
    ],
    [
      575,
      17.801295871574386
    ],
    [
      4904,
      17.571089878762177
    ],
    [
      1704,
      17.39089523917686
    ],
    [
      1092,
      17.236530352887183
    ],
    [
      6278,
      17.20141173457769
    ],
    [
      7530,
      17.11175878919757
    ],
    [
      6197,
      17.080828987433826
    ],
    [
      8898,
      17.06554954558775
    ],
    [
      790,
      17.059081493061417
    ],
    [
      7063,
      16.935351306899243
    ],
    [
      9743,
      16.915255476652305
    ],
    [
      3262,
      16.851338731763022
    ],
    [
      3866,
      16.761827495490397
    ],
    [
      355,
      16.754469925061056
    ],
    [
      9788,
      16.752616634401324
    ],
    [
      1970,
      16.744379969983804
    ],
    [
      4347,
      16.724968240395533
    ]
  ],
  "top_tokens": [
    [
      6994,
      30.198868958755362
    ],
    [
      4751,
      29.387221466793832
    ],
    [
      4255,
      29.075087960099957
    ],
    [
      3709,
      26.931481413852044
    ],
    [
      5126,
      24.91131128409636
    ],
    [
      8205,
      24.14068839257219
    ],
    [
      8716,
      23.985822141087
    ],
    [
      5193,
      21.99920473643774
    ],
    [
      1901,
      20.877242383320198
    ],
    [
      9071,
      20.70811923360623
    ],
    [
      3160,
      20.6638939975446
    ],
    [
      642,
      20.246558950925387
    ],
    [
      2635,
      20.153025161264896
    ],
    [
      3523,
      19.538775601262607
    ],
    [
      6029,
      19.5033938448796
    ],
    [
      8610,
      19.405236174916958
    ],
    [
      6945,
      19.217087257915946
    ],
    [
      3197,
      19.055232739675002
    ],
    [
      2714,
      18.923077949227444
    ],
    [
      3924,
      18.839278157743422
    ],
    [
      1407,
      18.760635030154575
    ],
    [
      155,
      18.52068766590349
    ],
    [
      9908,
      18.465641753729876
    ],
    [
      7490,
      18.288085067008783
    ],
    [
      220,
      18.21944246470139
    ],
    [
      6564,
      18.20826702413018
    ],
    [
      9198,
      18.146537885374638
    ],
    [
      8714,
      18.12695271787824
    ],
    [
      6128,
      18.1191682691048
    ],
    [
      3281,
      18.0270474841624
    ],
    [
      1225,
      17.997183170468855
    ],
    [
      8338,
      17.996883820332442
    ],
    [
      6931,
      17.979181706600528
    ],
    [
      575,
      17.801295871574386
    ],
    [
      4904,
      17.571089878762177
    ],
    [
      1704,
      17.39089523917686
    ],
    [
      1092,
      17.236530352887183
    ],
    [
      6278,
      17.20141173457769
    ],
    [
      7530,
      17.11175878919757
    ],
    [
      6197,
      17.080828987433826
    ],
    [
      8898,
      17.06554954558775
    ],
    [
      790,
      17.059081493061417
    ],
    [
      7063,
      16.935351306899243
    ],
    [
      9743,
      16.915255476652305
    ],
    [
      3262,
      16.851338731763022
    ],
    [
      3866,
      16.761827495490397
    ],
    [
      355,
      16.754469925061056
    ],
    [
      9788,
      16.752616634401324
    ],
    [
      1970,
      16.744379969983804
    ],
    [
      4347,
      16.724968240395533
    ]
  ],
  "decoded_count": 0,
  "decoded_limit": 50,
  "decode_error": "decode quota exceeded"
}
[run 8]
1) run client
shuffler is ready: {'ok': True, 'queuedA': 0, 'queuedR': 0, 'aggA_url': 'http://aggregator_a:8002/forward', 'aggR_url': 'http://aggregator_r:8003/forward'}
new round: 1035655535
[WARN] PRP domain is small: 10000 recommended >= 1000000
sent 0 A_ok= True R_ok= True malicious= False A_resp= {'ok': True, 'queuedA': 1, 'round_id': 1035655535} R_resp= {'ok': True, 'queuedR': 1, 'round_id': 1035655535}
sent 20 A_ok= False R_ok= False malicious= True A_resp= {'detail': 'invalid zk_step proof'} R_resp= {'detail': 'invalid zk_step proof'}
sent 40 A_ok= True R_ok= True malicious= False A_resp= {'ok': True, 'queuedA': 4, 'round_id': 1035655535} R_resp= {'ok': True, 'queuedR': 1, 'round_id': 1035655535}
sent 60 A_ok= True R_ok= True malicious= False A_resp= {'ok': True, 'queuedA': 1, 'round_id': 1035655535} R_resp= {'ok': True, 'queuedR': 1, 'round_id': 1035655535}
sent 80 A_ok= True R_ok= True malicious= False A_resp= {'ok': True, 'queuedA': 2, 'round_id': 1035655535} R_resp= {'ok': True, 'queuedR': 3, 'round_id': 1035655535}
sent 100 A_ok= True R_ok= True malicious= False A_resp= {'ok': True, 'queuedA': 3, 'round_id': 1035655535} R_resp= {'ok': True, 'queuedR': 3, 'round_id': 1035655535}
sent 120 A_ok= True R_ok= True malicious= False A_resp= {'ok': True, 'queuedA': 2, 'round_id': 1035655535} R_resp= {'ok': True, 'queuedR': 3, 'round_id': 1035655535}
sent 140 A_ok= True R_ok= True malicious= False A_resp= {'ok': True, 'queuedA': 3, 'round_id': 1035655535} R_resp= {'ok': True, 'queuedR': 4, 'round_id': 1035655535}
sent 160 A_ok= True R_ok= True malicious= False A_resp= {'ok': True, 'queuedA': 3, 'round_id': 1035655535} R_resp= {'ok': True, 'queuedR': 3, 'round_id': 1035655535}
sent 180 A_ok= True R_ok= True malicious= False A_resp= {'ok': True, 'queuedA': 3, 'round_id': 1035655535} R_resp= {'ok': True, 'queuedR': 3, 'round_id': 1035655535}
summary total= 200 valid_clients= 175 rejected= 25 malicious_total= 25 malicious_reject_rate= 1.0 false_reject_rate= 0.0
2) status
{
  "ok": true,
  "round_id": 1035655535,
  "received_A": 175,
  "unique_submissions_A": 175,
  "cells_in_A_map": 8207,
  "r_fetch_ok": true,
  "r_url": "http://aggregator_r:8003/dump_share?round_id=1035655535",
  "r_http_status": 200,
  "received_R": 175,
  "cells_in_R_map": 8207,
  "aggR_sample_keys": [
    "3762",
    "6971",
    "7423"
  ],
  "r_error": null,
  "reconstructed": false,
  "cells_in_final_map": 0
}
reconstruct expected=175
3) reconstruct
{
  "ok": true,
  "round_id": 1035655535,
  "received_A": 175,
  "received_R": 175,
  "cells_in_A_map": 8207,
  "cells_in_R_map": 8207,
  "cells_in_final_map": 8207
}
4) baseline corrected+threshold
{
  "mode": "final_corrected_thresholded",
  "round_id": 1035655535,
  "received_total": 175,
  "E_dummy_per_cell": 0.875,
  "tau": 3.0,
  "cells_kept": 1038,
  "top_cells": [
    [
      7022,
      35.125
    ],
    [
      4468,
      32.125
    ],
    [
      2116,
      30.125
    ],
    [
      2198,
      30.125
    ],
    [
      4004,
      30.125
    ],
    [
      5863,
      30.125
    ],
    [
      3048,
      29.125
    ],
    [
      8702,
      29.125
    ],
    [
      6749,
      26.125
    ],
    [
      6005,
      22.125
    ],
    [
      7505,
      21.125
    ],
    [
      2300,
      20.125
    ],
    [
      3140,
      20.125
    ],
    [
      4705,
      20.125
    ],
    [
      6207,
      20.125
    ],
    [
      7900,
      20.125
    ],
    [
      8040,
      20.125
    ],
    [
      3561,
      19.125
    ],
    [
      4424,
      19.125
    ],
    [
      6371,
      19.125
    ],
    [
      7171,
      19.125
    ],
    [
      7480,
      19.125
    ],
    [
      1641,
      18.125
    ],
    [
      4743,
      18.125
    ],
    [
      5216,
      18.125
    ],
    [
      5798,
      18.125
    ],
    [
      6708,
      18.125
    ],
    [
      7491,
      18.125
    ],
    [
      7825,
      18.125
    ],
    [
      151,
      17.125
    ],
    [
      229,
      17.125
    ],
    [
      844,
      17.125
    ],
    [
      852,
      17.125
    ],
    [
      1173,
      17.125
    ],
    [
      1840,
      17.125
    ],
    [
      2090,
      17.125
    ],
    [
      2507,
      17.125
    ],
    [
      3181,
      17.125
    ],
    [
      3604,
      17.125
    ],
    [
      3780,
      17.125
    ],
    [
      3857,
      17.125
    ],
    [
      4033,
      17.125
    ],
    [
      4065,
      17.125
    ],
    [
      4273,
      17.125
    ],
    [
      4564,
      17.125
    ],
    [
      4720,
      17.125
    ],
    [
      6105,
      17.125
    ],
    [
      6488,
      17.125
    ],
    [
      6563,
      17.125
    ],
    [
      7445,
      17.125
    ]
  ]
}
5) dp laplace eps=0.5
{
  "mode": "dp_laplace_post_threshold",
  "round_id": 1035655535,
  "received_total": 175,
  "E_dummy_per_cell": 0.875,
  "tau": 3.0,
  "tau2": 3.0,
  "epsilon": 0.5,
  "laplace_scale": 2.0,
  "cells_kept_pre": 1038,
  "cells_kept_post": 827,
  "N_acc": 175,
  "K": 50,
  "KD": 50,
  "DOMAIN": 10000,
  "top_cells": [
    [
      189,
      34.71316322992041
    ],
    [
      2582,
      33.8818605473258
    ],
    [
      2226,
      32.91996606276567
    ],
    [
      3525,
      32.061074360923676
    ],
    [
      2757,
      31.523070482591677
    ],
    [
      8287,
      29.42195157953891
    ],
    [
      9246,
      29.268511027615506
    ],
    [
      6311,
      29.226234241777156
    ],
    [
      7622,
      28.418066142705364
    ],
    [
      2551,
      26.584969062904293
    ],
    [
      4021,
      24.567483849343944
    ],
    [
      3654,
      24.264870274505
    ],
    [
      5549,
      24.036614732984262
    ],
    [
      3625,
      23.609893968895395
    ],
    [
      2605,
      23.37687949194363
    ],
    [
      3583,
      23.120510441070994
    ],
    [
      2017,
      22.95610230835424
    ],
    [
      5338,
      22.292723779759505
    ],
    [
      8217,
      21.621511887248314
    ],
    [
      8371,
      21.27187039066188
    ],
    [
      6599,
      21.048005408850788
    ],
    [
      2477,
      20.94995875008883
    ],
    [
      4349,
      20.850788138276112
    ],
    [
      3650,
      20.813012617191724
    ],
    [
      5623,
      20.810017114419406
    ],
    [
      2461,
      20.627396842758415
    ],
    [
      4340,
      20.514053502680444
    ],
    [
      4115,
      20.41450119727635
    ],
    [
      3554,
      20.275058420387328
    ],
    [
      1098,
      20.153839943108807
    ],
    [
      4014,
      20.14016406723956
    ],
    [
      91,
      20.017886792506225
    ],
    [
      9329,
      19.82267485974524
    ],
    [
      8887,
      19.645279015650072
    ],
    [
      3663,
      19.475111401890242
    ],
    [
      394,
      19.454063282471136
    ],
    [
      4893,
      19.424138422878684
    ],
    [
      5615,
      19.400675533258337
    ],
    [
      4076,
      19.28376975767307
    ],
    [
      4816,
      19.263160982596503
    ],
    [
      4047,
      19.250816304447973
    ],
    [
      652,
      19.218840300437524
    ],
    [
      5384,
      19.1492392368567
    ],
    [
      5173,
      19.14484673671167
    ],
    [
      1313,
      19.057610197891183
    ],
    [
      6490,
      18.96826444988838
    ],
    [
      4249,
      18.897322163981787
    ],
    [
      6291,
      18.884908929811107
    ],
    [
      6419,
      18.872383342508503
    ],
    [
      3500,
      18.870907320091266
    ]
  ],
  "top_tokens": [
    [
      7022,
      34.71316322992041
    ],
    [
      3048,
      33.8818605473258
    ],
    [
      4004,
      32.91996606276567
    ],
    [
      4468,
      32.061074360923676
    ],
    [
      5863,
      31.523070482591677
    ],
    [
      8702,
      29.42195157953891
    ],
    [
      2198,
      29.268511027615506
    ],
    [
      2116,
      29.226234241777156
    ],
    [
      6749,
      28.418066142705364
    ],
    [
      156,
      26.584969062904293
    ],
    [
      7491,
      24.567483849343944
    ],
    [
      4720,
      24.264870274505
    ],
    [
      1290,
      24.036614732984262
    ],
    [
      6005,
      23.609893968895395
    ],
    [
      2762,
      23.37687949194363
    ],
    [
      805,
      23.120510441070994
    ],
    [
      7505,
      22.95610230835424
    ],
    [
      9100,
      22.292723779759505
    ],
    [
      7841,
      21.621511887248314
    ],
    [
      3561,
      21.27187039066188
    ],
    [
      1774,
      21.048005408850788
    ],
    [
      8040,
      20.94995875008883
    ],
    [
      4564,
      20.850788138276112
    ],
    [
      4743,
      20.813012617191724
    ],
    [
      200,
      20.810017114419406
    ],
    [
      3140,
      20.627396842758415
    ],
    [
      6464,
      20.514053502680444
    ],
    [
      6577,
      20.41450119727635
    ],
    [
      6207,
      20.275058420387328
    ],
    [
      7900,
      20.153839943108807
    ],
    [
      3737,
      20.14016406723956
    ],
    [
      6371,
      20.017886792506225
    ],
    [
      3181,
      19.82267485974524
    ],
    [
      4694,
      19.645279015650072
    ],
    [
      1641,
      19.475111401890242
    ],
    [
      4302,
      19.454063282471136
    ],
    [
      6488,
      19.424138422878684
    ],
    [
      7171,
      19.400675533258337
    ],
    [
      8600,
      19.28376975767307
    ],
    [
      850,
      19.263160982596503
    ],
    [
      2030,
      19.250816304447973
    ],
    [
      5798,
      19.218840300437524
    ],
    [
      8978,
      19.1492392368567
    ],
    [
      2763,
      19.14484673671167
    ],
    [
      816,
      19.057610197891183
    ],
    [
      7480,
      18.96826444988838
    ],
    [
      6101,
      18.897322163981787
    ],
    [
      5133,
      18.884908929811107
    ],
    [
      858,
      18.872383342508503
    ],
    [
      5216,
      18.870907320091266
    ]
  ],
  "decoded_count": 50,
  "decoded_limit": 50,
  "decode_error": null
}
6) dp laplace eps=1.0
{
  "mode": "dp_laplace_post_threshold",
  "round_id": 1035655535,
  "received_total": 175,
  "E_dummy_per_cell": 0.875,
  "tau": 3.0,
  "tau2": 3.0,
  "epsilon": 1.0,
  "laplace_scale": 1.0,
  "cells_kept_pre": 1038,
  "cells_kept_post": 888,
  "N_acc": 175,
  "K": 50,
  "KD": 50,
  "DOMAIN": 10000,
  "top_cells": [
    [
      7022,
      33.55150816321188
    ],
    [
      4468,
      33.50421151571799
    ],
    [
      2116,
      32.18698414280798
    ],
    [
      4004,
      31.294755427850948
    ],
    [
      8702,
      29.984888564002524
    ],
    [
      3048,
      28.797945194330087
    ],
    [
      2198,
      28.666776104799823
    ],
    [
      5863,
      27.242004618018942
    ],
    [
      6749,
      24.114391898701882
    ],
    [
      7505,
      23.718363801732817
    ],
    [
      6005,
      22.961503760712215
    ],
    [
      8040,
      20.77347993420799
    ],
    [
      6207,
      20.343418609536517
    ],
    [
      7900,
      20.220554401521625
    ],
    [
      6794,
      20.21686748494488
    ],
    [
      4720,
      19.892114448272785
    ],
    [
      4705,
      19.878516968652463
    ],
    [
      4743,
      19.428352662212042
    ],
    [
      4424,
      19.24780792425228
    ],
    [
      6371,
      19.2002599264648
    ],
    [
      8408,
      19.19408951517366
    ],
    [
      3780,
      19.079666020484094
    ],
    [
      380,
      19.037142914457064
    ],
    [
      9600,
      19.000562438267607
    ],
    [
      3140,
      18.862084831435464
    ],
    [
      229,
      18.740551566997897
    ],
    [
      7171,
      18.707795848230205
    ],
    [
      2300,
      18.704119964722107
    ],
    [
      1641,
      18.68665381341776
    ],
    [
      7480,
      18.621782325836513
    ],
    [
      7456,
      18.562870388761407
    ],
    [
      3561,
      18.51483690492801
    ],
    [
      5216,
      18.403792355190884
    ],
    [
      2507,
      18.389211456548736
    ],
    [
      2030,
      18.33091333787623
    ],
    [
      7825,
      18.188011775453717
    ],
    [
      6488,
      18.16383255230693
    ],
    [
      2090,
      18.163267316039775
    ],
    [
      8894,
      17.99940837764115
    ],
    [
      3857,
      17.811954078645435
    ],
    [
      6105,
      17.771255494077693
    ],
    [
      1983,
      17.646209672475536
    ],
    [
      8956,
      17.580886145064564
    ],
    [
      844,
      17.518694353423633
    ],
    [
      7726,
      17.507761882258833
    ],
    [
      596,
      17.504060132134526
    ],
    [
      1173,
      17.46430680850092
    ],
    [
      457,
      17.366597317212985
    ],
    [
      5601,
      17.366205723599712
    ],
    [
      2931,
      17.357505392120498
    ]
  ],
  "top_tokens": [
    [
      7022,
      33.55150816321188
    ],
    [
      4468,
      33.50421151571799
    ],
    [
      2116,
      32.18698414280798
    ],
    [
      4004,
      31.294755427850948
    ],
    [
      8702,
      29.984888564002524
    ],
    [
      3048,
      28.797945194330087
    ],
    [
      2198,
      28.666776104799823
    ],
    [
      5863,
      27.242004618018942
    ],
    [
      6749,
      24.114391898701882
    ],
    [
      7505,
      23.718363801732817
    ],
    [
      6005,
      22.961503760712215
    ],
    [
      8040,
      20.77347993420799
    ],
    [
      6207,
      20.343418609536517
    ],
    [
      7900,
      20.220554401521625
    ],
    [
      6794,
      20.21686748494488
    ],
    [
      4720,
      19.892114448272785
    ],
    [
      4705,
      19.878516968652463
    ],
    [
      4743,
      19.428352662212042
    ],
    [
      4424,
      19.24780792425228
    ],
    [
      6371,
      19.2002599264648
    ],
    [
      8408,
      19.19408951517366
    ],
    [
      3780,
      19.079666020484094
    ],
    [
      380,
      19.037142914457064
    ],
    [
      9600,
      19.000562438267607
    ],
    [
      3140,
      18.862084831435464
    ],
    [
      229,
      18.740551566997897
    ],
    [
      7171,
      18.707795848230205
    ],
    [
      2300,
      18.704119964722107
    ],
    [
      1641,
      18.68665381341776
    ],
    [
      7480,
      18.621782325836513
    ],
    [
      7456,
      18.562870388761407
    ],
    [
      3561,
      18.51483690492801
    ],
    [
      5216,
      18.403792355190884
    ],
    [
      2507,
      18.389211456548736
    ],
    [
      2030,
      18.33091333787623
    ],
    [
      7825,
      18.188011775453717
    ],
    [
      6488,
      18.16383255230693
    ],
    [
      2090,
      18.163267316039775
    ],
    [
      8894,
      17.99940837764115
    ],
    [
      3857,
      17.811954078645435
    ],
    [
      6105,
      17.771255494077693
    ],
    [
      1983,
      17.646209672475536
    ],
    [
      8956,
      17.580886145064564
    ],
    [
      844,
      17.518694353423633
    ],
    [
      7726,
      17.507761882258833
    ],
    [
      596,
      17.504060132134526
    ],
    [
      1173,
      17.46430680850092
    ],
    [
      457,
      17.366597317212985
    ],
    [
      5601,
      17.366205723599712
    ],
    [
      2931,
      17.357505392120498
    ]
  ],
  "decoded_count": 0,
  "decoded_limit": 50,
  "decode_error": "decode quota exceeded"
}
7) dp laplace eps=3.0
{
  "mode": "dp_laplace_post_threshold",
  "round_id": 1035655535,
  "received_total": 175,
  "E_dummy_per_cell": 0.875,
  "tau": 3.0,
  "tau2": 3.0,
  "epsilon": 3.0,
  "laplace_scale": 0.3333333333333333,
  "cells_kept_pre": 1038,
  "cells_kept_post": 935,
  "N_acc": 175,
  "K": 50,
  "KD": 50,
  "DOMAIN": 10000,
  "top_cells": [
    [
      7022,
      35.23529691487708
    ],
    [
      4468,
      31.842453042814906
    ],
    [
      5863,
      30.764754150024558
    ],
    [
      4004,
      30.065451872356938
    ],
    [
      2198,
      29.74043276737844
    ],
    [
      3048,
      29.54677692854552
    ],
    [
      8702,
      29.086733989025277
    ],
    [
      2116,
      28.684749580734568
    ],
    [
      6749,
      25.769439446976833
    ],
    [
      6005,
      22.144476346100692
    ],
    [
      7505,
      21.049862031647606
    ],
    [
      4705,
      20.567295813313812
    ],
    [
      8040,
      20.443973430537316
    ],
    [
      7900,
      20.20882475982849
    ],
    [
      6207,
      20.109575201529157
    ],
    [
      3140,
      20.00357319455539
    ],
    [
      2300,
      19.890354488891138
    ],
    [
      1641,
      19.48470925133905
    ],
    [
      3561,
      19.461058142210895
    ],
    [
      4424,
      19.144758943871345
    ],
    [
      7480,
      19.13512782612119
    ],
    [
      7171,
      18.771377470286406
    ],
    [
      5216,
      18.428772630022678
    ],
    [
      5798,
      18.290768648977682
    ],
    [
      7491,
      18.240172092909862
    ],
    [
      4273,
      18.234539792412807
    ],
    [
      6371,
      18.212654330943472
    ],
    [
      8474,
      18.14437585341512
    ],
    [
      7825,
      17.969643455617586
    ],
    [
      6708,
      17.95843275418735
    ],
    [
      6563,
      17.711656798155406
    ],
    [
      3780,
      17.504567384012848
    ],
    [
      3857,
      17.425336767186643
    ],
    [
      852,
      17.406524907525238
    ],
    [
      9600,
      17.369571547506244
    ],
    [
      3181,
      17.364031312230214
    ],
    [
      7726,
      17.352552937849516
    ],
    [
      3604,
      17.239015874499135
    ],
    [
      4720,
      17.170073726199185
    ],
    [
      5133,
      17.151815403193694
    ],
    [
      7456,
      17.145823572042957
    ],
    [
      6488,
      17.102521600311523
    ],
    [
      6105,
      17.09900666046261
    ],
    [
      4033,
      17.089376293443202
    ],
    [
      5601,
      17.088315261163327
    ],
    [
      1840,
      17.086317407920767
    ],
    [
      8536,
      17.078707031692147
    ],
    [
      1173,
      17.070803801044423
    ],
    [
      844,
      16.99594424183794
    ],
    [
      2090,
      16.85606819687669
    ]
  ],
  "top_tokens": [
    [
      7022,
      35.23529691487708
    ],
    [
      4468,
      31.842453042814906
    ],
    [
      5863,
      30.764754150024558
    ],
    [
      4004,
      30.065451872356938
    ],
    [
      2198,
      29.74043276737844
    ],
    [
      3048,
      29.54677692854552
    ],
    [
      8702,
      29.086733989025277
    ],
    [
      2116,
      28.684749580734568
    ],
    [
      6749,
      25.769439446976833
    ],
    [
      6005,
      22.144476346100692
    ],
    [
      7505,
      21.049862031647606
    ],
    [
      4705,
      20.567295813313812
    ],
    [
      8040,
      20.443973430537316
    ],
    [
      7900,
      20.20882475982849
    ],
    [
      6207,
      20.109575201529157
    ],
    [
      3140,
      20.00357319455539
    ],
    [
      2300,
      19.890354488891138
    ],
    [
      1641,
      19.48470925133905
    ],
    [
      3561,
      19.461058142210895
    ],
    [
      4424,
      19.144758943871345
    ],
    [
      7480,
      19.13512782612119
    ],
    [
      7171,
      18.771377470286406
    ],
    [
      5216,
      18.428772630022678
    ],
    [
      5798,
      18.290768648977682
    ],
    [
      7491,
      18.240172092909862
    ],
    [
      4273,
      18.234539792412807
    ],
    [
      6371,
      18.212654330943472
    ],
    [
      8474,
      18.14437585341512
    ],
    [
      7825,
      17.969643455617586
    ],
    [
      6708,
      17.95843275418735
    ],
    [
      6563,
      17.711656798155406
    ],
    [
      3780,
      17.504567384012848
    ],
    [
      3857,
      17.425336767186643
    ],
    [
      852,
      17.406524907525238
    ],
    [
      9600,
      17.369571547506244
    ],
    [
      3181,
      17.364031312230214
    ],
    [
      7726,
      17.352552937849516
    ],
    [
      3604,
      17.239015874499135
    ],
    [
      4720,
      17.170073726199185
    ],
    [
      5133,
      17.151815403193694
    ],
    [
      7456,
      17.145823572042957
    ],
    [
      6488,
      17.102521600311523
    ],
    [
      6105,
      17.09900666046261
    ],
    [
      4033,
      17.089376293443202
    ],
    [
      5601,
      17.088315261163327
    ],
    [
      1840,
      17.086317407920767
    ],
    [
      8536,
      17.078707031692147
    ],
    [
      1173,
      17.070803801044423
    ],
    [
      844,
      16.99594424183794
    ],
    [
      2090,
      16.85606819687669
    ]
  ],
  "decoded_count": 0,
  "decoded_limit": 50,
  "decode_error": "decode quota exceeded"
}
[run 9]
1) run client
shuffler is ready: {'ok': True, 'queuedA': 0, 'queuedR': 0, 'aggA_url': 'http://aggregator_a:8002/forward', 'aggR_url': 'http://aggregator_r:8003/forward'}
new round: 1035764259
[WARN] PRP domain is small: 10000 recommended >= 1000000
sent 0 A_ok= False R_ok= False malicious= True A_resp= {'detail': 'invalid zk_step proof'} R_resp= {'detail': 'invalid zk_step proof'}
sent 20 A_ok= True R_ok= True malicious= False A_resp= {'ok': True, 'queuedA': 2, 'round_id': 1035764259} R_resp= {'ok': True, 'queuedR': 2, 'round_id': 1035764259}
sent 40 A_ok= True R_ok= True malicious= False A_resp= {'ok': True, 'queuedA': 1, 'round_id': 1035764259} R_resp= {'ok': True, 'queuedR': 1, 'round_id': 1035764259}
sent 60 A_ok= True R_ok= True malicious= False A_resp= {'ok': True, 'queuedA': 2, 'round_id': 1035764259} R_resp= {'ok': True, 'queuedR': 3, 'round_id': 1035764259}
sent 80 A_ok= True R_ok= True malicious= False A_resp= {'ok': True, 'queuedA': 2, 'round_id': 1035764259} R_resp= {'ok': True, 'queuedR': 2, 'round_id': 1035764259}
sent 100 A_ok= True R_ok= True malicious= False A_resp= {'ok': True, 'queuedA': 2, 'round_id': 1035764259} R_resp= {'ok': True, 'queuedR': 3, 'round_id': 1035764259}
sent 120 A_ok= True R_ok= True malicious= False A_resp= {'ok': True, 'queuedA': 4, 'round_id': 1035764259} R_resp= {'ok': True, 'queuedR': 1, 'round_id': 1035764259}
sent 140 A_ok= True R_ok= True malicious= False A_resp= {'ok': True, 'queuedA': 3, 'round_id': 1035764259} R_resp= {'ok': True, 'queuedR': 3, 'round_id': 1035764259}
sent 160 A_ok= True R_ok= True malicious= False A_resp= {'ok': True, 'queuedA': 1, 'round_id': 1035764259} R_resp= {'ok': True, 'queuedR': 2, 'round_id': 1035764259}
sent 180 A_ok= True R_ok= True malicious= False A_resp= {'ok': True, 'queuedA': 3, 'round_id': 1035764259} R_resp= {'ok': True, 'queuedR': 3, 'round_id': 1035764259}
summary total= 200 valid_clients= 178 rejected= 22 malicious_total= 22 malicious_reject_rate= 1.0 false_reject_rate= 0.0
2) status
{
  "ok": true,
  "round_id": 1035764259,
  "received_A": 178,
  "unique_submissions_A": 178,
  "cells_in_A_map": 8167,
  "r_fetch_ok": true,
  "r_url": "http://aggregator_r:8003/dump_share?round_id=1035764259",
  "r_http_status": 200,
  "received_R": 178,
  "cells_in_R_map": 8167,
  "aggR_sample_keys": [
    "4335",
    "6597",
    "7948"
  ],
  "r_error": null,
  "reconstructed": false,
  "cells_in_final_map": 0
}
reconstruct expected=178
3) reconstruct
{
  "ok": true,
  "round_id": 1035764259,
  "received_A": 178,
  "received_R": 178,
  "cells_in_A_map": 8167,
  "cells_in_R_map": 8167,
  "cells_in_final_map": 8167
}
4) baseline corrected+threshold
{
  "mode": "final_corrected_thresholded",
  "round_id": 1035764259,
  "received_total": 178,
  "E_dummy_per_cell": 0.89,
  "tau": 3.0,
  "cells_kept": 1087,
  "top_cells": [
    [
      951,
      31.11
    ],
    [
      7457,
      31.11
    ],
    [
      590,
      29.11
    ],
    [
      4532,
      29.11
    ],
    [
      5568,
      29.11
    ],
    [
      6516,
      29.11
    ],
    [
      2173,
      27.11
    ],
    [
      4541,
      26.11
    ],
    [
      6220,
      26.11
    ],
    [
      4886,
      23.11
    ],
    [
      6443,
      23.11
    ],
    [
      6525,
      23.11
    ],
    [
      2301,
      21.11
    ],
    [
      1134,
      20.11
    ],
    [
      3052,
      20.11
    ],
    [
      5094,
      20.11
    ],
    [
      5189,
      20.11
    ],
    [
      6594,
      20.11
    ],
    [
      8054,
      20.11
    ],
    [
      8918,
      20.11
    ],
    [
      699,
      19.11
    ],
    [
      6614,
      19.11
    ],
    [
      7694,
      19.11
    ],
    [
      8488,
      19.11
    ],
    [
      8542,
      19.11
    ],
    [
      8885,
      19.11
    ],
    [
      1327,
      18.11
    ],
    [
      1719,
      18.11
    ],
    [
      2307,
      18.11
    ],
    [
      2440,
      18.11
    ],
    [
      5985,
      18.11
    ],
    [
      8071,
      18.11
    ],
    [
      8322,
      18.11
    ],
    [
      8887,
      18.11
    ],
    [
      9229,
      18.11
    ],
    [
      245,
      17.11
    ],
    [
      285,
      17.11
    ],
    [
      374,
      17.11
    ],
    [
      510,
      17.11
    ],
    [
      1230,
      17.11
    ],
    [
      1655,
      17.11
    ],
    [
      1725,
      17.11
    ],
    [
      2239,
      17.11
    ],
    [
      2395,
      17.11
    ],
    [
      2712,
      17.11
    ],
    [
      2818,
      17.11
    ],
    [
      3945,
      17.11
    ],
    [
      4675,
      17.11
    ],
    [
      5093,
      17.11
    ],
    [
      5193,
      17.11
    ]
  ]
}
5) dp laplace eps=0.5
{
  "mode": "dp_laplace_post_threshold",
  "round_id": 1035764259,
  "received_total": 178,
  "E_dummy_per_cell": 0.89,
  "tau": 3.0,
  "tau2": 3.0,
  "epsilon": 0.5,
  "laplace_scale": 2.0,
  "cells_kept_pre": 1087,
  "cells_kept_post": 854,
  "N_acc": 178,
  "K": 50,
  "KD": 50,
  "DOMAIN": 10000,
  "top_cells": [
    [
      7398,
      37.66766205886445
    ],
    [
      5975,
      31.16691303397912
    ],
    [
      5023,
      30.210936640837016
    ],
    [
      6159,
      29.861652441014005
    ],
    [
      809,
      29.334780401750596
    ],
    [
      3708,
      28.935439663058542
    ],
    [
      8945,
      28.460489098837296
    ],
    [
      1083,
      27.629636776766652
    ],
    [
      1845,
      27.25850102109347
    ],
    [
      3998,
      26.2052376312709
    ],
    [
      6052,
      25.027768355461205
    ],
    [
      5729,
      24.80029692043152
    ],
    [
      7676,
      24.63204285064153
    ],
    [
      8978,
      24.554691915553363
    ],
    [
      4729,
      24.500037454141825
    ],
    [
      5564,
      24.181371914842362
    ],
    [
      9910,
      23.863401218228745
    ],
    [
      3327,
      23.682194176283247
    ],
    [
      7354,
      22.388224217908824
    ],
    [
      1701,
      22.375560135492876
    ],
    [
      6258,
      22.127424711622204
    ],
    [
      4656,
      21.21231514761582
    ],
    [
      3003,
      21.167422983450592
    ],
    [
      4041,
      20.958211571664055
    ],
    [
      6940,
      20.9031354584007
    ],
    [
      6228,
      20.794979744724465
    ],
    [
      1213,
      20.74265654098539
    ],
    [
      9972,
      20.739996922454527
    ],
    [
      7566,
      20.630422263010907
    ],
    [
      1661,
      20.624661333043118
    ],
    [
      3228,
      20.61171332690212
    ],
    [
      8931,
      20.35021731159949
    ],
    [
      9012,
      20.123746761112884
    ],
    [
      1526,
      19.920694814482864
    ],
    [
      1912,
      19.832798551276397
    ],
    [
      1860,
      19.814209692790495
    ],
    [
      1826,
      19.770937059464387
    ],
    [
      6054,
      19.730941360691077
    ],
    [
      9741,
      19.662196927139323
    ],
    [
      5180,
      19.490368094201727
    ],
    [
      1243,
      19.400244438109915
    ],
    [
      8494,
      19.359472813641453
    ],
    [
      5176,
      19.340303368208914
    ],
    [
      1487,
      19.263556217134045
    ],
    [
      2193,
      19.1816393814852
    ],
    [
      7259,
      19.0945420616563
    ],
    [
      1707,
      19.090082743252278
    ],
    [
      844,
      19.040732527296196
    ],
    [
      2020,
      19.01325859300884
    ],
    [
      6689,
      18.940915726026144
    ]
  ],
  "top_tokens": [
    [
      951,
      37.66766205886445
    ],
    [
      7457,
      31.16691303397912
    ],
    [
      5568,
      30.210936640837016
    ],
    [
      4886,
      29.861652441014005
    ],
    [
      4532,
      29.334780401750596
    ],
    [
      590,
      28.935439663058542
    ],
    [
      2173,
      28.460489098837296
    ],
    [
      4541,
      27.629636776766652
    ],
    [
      6516,
      27.25850102109347
    ],
    [
      6220,
      26.2052376312709
    ],
    [
      1732,
      25.027768355461205
    ],
    [
      8356,
      24.80029692043152
    ],
    [
      6443,
      24.63204285064153
    ],
    [
      7175,
      24.554691915553363
    ],
    [
      6578,
      24.500037454141825
    ],
    [
      2301,
      24.181371914842362
    ],
    [
      2719,
      23.863401218228745
    ],
    [
      9229,
      23.682194176283247
    ],
    [
      8542,
      22.388224217908824
    ],
    [
      9342,
      22.375560135492876
    ],
    [
      6525,
      22.127424711622204
    ],
    [
      8322,
      21.21231514761582
    ],
    [
      7976,
      21.167422983450592
    ],
    [
      3052,
      20.958211571664055
    ],
    [
      5189,
      20.9031354584007
    ],
    [
      6614,
      20.794979744724465
    ],
    [
      4501,
      20.74265654098539
    ],
    [
      6594,
      20.739996922454527
    ],
    [
      3377,
      20.630422263010907
    ],
    [
      435,
      20.624661333043118
    ],
    [
      5511,
      20.61171332690212
    ],
    [
      3401,
      20.35021731159949
    ],
    [
      1970,
      20.123746761112884
    ],
    [
      1318,
      19.920694814482864
    ],
    [
      1134,
      19.832798551276397
    ],
    [
      517,
      19.814209692790495
    ],
    [
      6902,
      19.770937059464387
    ],
    [
      3945,
      19.730941360691077
    ],
    [
      8186,
      19.662196927139323
    ],
    [
      9066,
      19.490368094201727
    ],
    [
      8093,
      19.400244438109915
    ],
    [
      1395,
      19.359472813641453
    ],
    [
      7694,
      19.340303368208914
    ],
    [
      8277,
      19.263556217134045
    ],
    [
      5514,
      19.1816393814852
    ],
    [
      6236,
      19.0945420616563
    ],
    [
      5460,
      19.090082743252278
    ],
    [
      8488,
      19.040732527296196
    ],
    [
      4675,
      19.01325859300884
    ],
    [
      8867,
      18.940915726026144
    ]
  ],
  "decoded_count": 50,
  "decoded_limit": 50,
  "decode_error": null
}
6) dp laplace eps=1.0
{
  "mode": "dp_laplace_post_threshold",
  "round_id": 1035764259,
  "received_total": 178,
  "E_dummy_per_cell": 0.89,
  "tau": 3.0,
  "tau2": 3.0,
  "epsilon": 1.0,
  "laplace_scale": 1.0,
  "cells_kept_pre": 1087,
  "cells_kept_post": 921,
  "N_acc": 178,
  "K": 50,
  "KD": 50,
  "DOMAIN": 10000,
  "top_cells": [
    [
      951,
      32.03694589754115
    ],
    [
      5568,
      31.88754481020723
    ],
    [
      7457,
      30.65441290515292
    ],
    [
      4532,
      29.94410988471589
    ],
    [
      6516,
      29.115282167358945
    ],
    [
      590,
      28.69009873859944
    ],
    [
      4541,
      27.260764710097774
    ],
    [
      2173,
      27.134547699413844
    ],
    [
      6220,
      24.166812263477212
    ],
    [
      6525,
      23.07651186606776
    ],
    [
      6443,
      23.0397829666426
    ],
    [
      4886,
      22.853077389673153
    ],
    [
      1134,
      21.32556180191428
    ],
    [
      6594,
      20.930334921676263
    ],
    [
      2301,
      20.86063686916344
    ],
    [
      4382,
      20.22744848978917
    ],
    [
      5094,
      20.17041699121995
    ],
    [
      851,
      20.05830789560992
    ],
    [
      3052,
      19.643284237193612
    ],
    [
      5189,
      19.578449926518566
    ],
    [
      2307,
      19.577216882924304
    ],
    [
      6614,
      19.222447606080742
    ],
    [
      8918,
      19.22063587217852
    ],
    [
      5215,
      19.161420228907296
    ],
    [
      5985,
      19.120721409914964
    ],
    [
      2239,
      19.09808100506962
    ],
    [
      2682,
      19.063587338181293
    ],
    [
      9483,
      19.036242069988084
    ],
    [
      8887,
      18.924024337680777
    ],
    [
      8071,
      18.71569918310324
    ],
    [
      8054,
      18.638945940340392
    ],
    [
      8488,
      18.619259699992458
    ],
    [
      2712,
      18.561766198304685
    ],
    [
      2395,
      18.443318641545133
    ],
    [
      2937,
      18.27502851316394
    ],
    [
      510,
      18.274946833754754
    ],
    [
      8885,
      18.17935039386177
    ],
    [
      4675,
      18.14607285539081
    ],
    [
      1327,
      18.107124196177146
    ],
    [
      1719,
      18.088941181176757
    ],
    [
      2818,
      18.07366554285792
    ],
    [
      1725,
      17.96264722445249
    ],
    [
      9379,
      17.837969736569082
    ],
    [
      6198,
      17.79984820844485
    ],
    [
      8358,
      17.739375178462797
    ],
    [
      8569,
      17.652001338795504
    ],
    [
      2440,
      17.61477432772024
    ],
    [
      7484,
      17.54574594152907
    ],
    [
      9229,
      17.47533374758227
    ],
    [
      1899,
      17.38921792111176
    ]
  ],
  "top_tokens": [
    [
      951,
      32.03694589754115
    ],
    [
      5568,
      31.88754481020723
    ],
    [
      7457,
      30.65441290515292
    ],
    [
      4532,
      29.94410988471589
    ],
    [
      6516,
      29.115282167358945
    ],
    [
      590,
      28.69009873859944
    ],
    [
      4541,
      27.260764710097774
    ],
    [
      2173,
      27.134547699413844
    ],
    [
      6220,
      24.166812263477212
    ],
    [
      6525,
      23.07651186606776
    ],
    [
      6443,
      23.0397829666426
    ],
    [
      4886,
      22.853077389673153
    ],
    [
      1134,
      21.32556180191428
    ],
    [
      6594,
      20.930334921676263
    ],
    [
      2301,
      20.86063686916344
    ],
    [
      4382,
      20.22744848978917
    ],
    [
      5094,
      20.17041699121995
    ],
    [
      851,
      20.05830789560992
    ],
    [
      3052,
      19.643284237193612
    ],
    [
      5189,
      19.578449926518566
    ],
    [
      2307,
      19.577216882924304
    ],
    [
      6614,
      19.222447606080742
    ],
    [
      8918,
      19.22063587217852
    ],
    [
      5215,
      19.161420228907296
    ],
    [
      5985,
      19.120721409914964
    ],
    [
      2239,
      19.09808100506962
    ],
    [
      2682,
      19.063587338181293
    ],
    [
      9483,
      19.036242069988084
    ],
    [
      8887,
      18.924024337680777
    ],
    [
      8071,
      18.71569918310324
    ],
    [
      8054,
      18.638945940340392
    ],
    [
      8488,
      18.619259699992458
    ],
    [
      2712,
      18.561766198304685
    ],
    [
      2395,
      18.443318641545133
    ],
    [
      2937,
      18.27502851316394
    ],
    [
      510,
      18.274946833754754
    ],
    [
      8885,
      18.17935039386177
    ],
    [
      4675,
      18.14607285539081
    ],
    [
      1327,
      18.107124196177146
    ],
    [
      1719,
      18.088941181176757
    ],
    [
      2818,
      18.07366554285792
    ],
    [
      1725,
      17.96264722445249
    ],
    [
      9379,
      17.837969736569082
    ],
    [
      6198,
      17.79984820844485
    ],
    [
      8358,
      17.739375178462797
    ],
    [
      8569,
      17.652001338795504
    ],
    [
      2440,
      17.61477432772024
    ],
    [
      7484,
      17.54574594152907
    ],
    [
      9229,
      17.47533374758227
    ],
    [
      1899,
      17.38921792111176
    ]
  ],
  "decoded_count": 0,
  "decoded_limit": 50,
  "decode_error": "decode quota exceeded"
}
7) dp laplace eps=3.0
{
  "mode": "dp_laplace_post_threshold",
  "round_id": 1035764259,
  "received_total": 178,
  "E_dummy_per_cell": 0.89,
  "tau": 3.0,
  "tau2": 3.0,
  "epsilon": 3.0,
  "laplace_scale": 0.3333333333333333,
  "cells_kept_pre": 1087,
  "cells_kept_post": 976,
  "N_acc": 178,
  "K": 50,
  "KD": 50,
  "DOMAIN": 10000,
  "top_cells": [
    [
      951,
      31.14187308117999
    ],
    [
      7457,
      31.00447919238457
    ],
    [
      590,
      29.65635654128586
    ],
    [
      6516,
      29.462898272332044
    ],
    [
      5568,
      29.43446146331496
    ],
    [
      4532,
      28.542195608042263
    ],
    [
      2173,
      26.77416694463599
    ],
    [
      6220,
      26.384123257131236
    ],
    [
      4541,
      25.85627660444758
    ],
    [
      4886,
      23.157261779419755
    ],
    [
      6443,
      23.056898357590434
    ],
    [
      6525,
      22.573849117840886
    ],
    [
      5189,
      20.821255846734513
    ],
    [
      2301,
      20.776986141875078
    ],
    [
      8918,
      20.661044550867413
    ],
    [
      8054,
      20.159849852514245
    ],
    [
      3052,
      20.10269967281669
    ],
    [
      6594,
      20.049495922024555
    ],
    [
      5094,
      19.762351414572866
    ],
    [
      1134,
      19.756658846425143
    ],
    [
      7694,
      19.485103006892196
    ],
    [
      8885,
      19.102504746380717
    ],
    [
      699,
      18.95919420454403
    ],
    [
      8542,
      18.865140692753172
    ],
    [
      6614,
      18.846287259031776
    ],
    [
      8488,
      18.580639463291543
    ],
    [
      5985,
      18.281063656032465
    ],
    [
      8887,
      18.222577847272916
    ],
    [
      9229,
      18.168272249260966
    ],
    [
      5193,
      18.086723887834843
    ],
    [
      8322,
      17.947443368886486
    ],
    [
      8071,
      17.928783271847237
    ],
    [
      245,
      17.741544560645366
    ],
    [
      1719,
      17.500134322793617
    ],
    [
      2395,
      17.484818645231442
    ],
    [
      9372,
      17.472618344135697
    ],
    [
      2440,
      17.45083420528123
    ],
    [
      2307,
      17.438778119561015
    ],
    [
      1327,
      17.401377375429668
    ],
    [
      1055,
      17.346758348818717
    ],
    [
      2818,
      17.325282528782413
    ],
    [
      5460,
      17.308113754689938
    ],
    [
      510,
      17.307954477321687
    ],
    [
      9379,
      17.306680469989757
    ],
    [
      1230,
      17.161139330733796
    ],
    [
      285,
      17.14648240574725
    ],
    [
      4675,
      17.07755260354854
    ],
    [
      2239,
      17.07005366334879
    ],
    [
      374,
      17.060587190821956
    ],
    [
      5093,
      17.01878247764696
    ]
  ],
  "top_tokens": [
    [
      951,
      31.14187308117999
    ],
    [
      7457,
      31.00447919238457
    ],
    [
      590,
      29.65635654128586
    ],
    [
      6516,
      29.462898272332044
    ],
    [
      5568,
      29.43446146331496
    ],
    [
      4532,
      28.542195608042263
    ],
    [
      2173,
      26.77416694463599
    ],
    [
      6220,
      26.384123257131236
    ],
    [
      4541,
      25.85627660444758
    ],
    [
      4886,
      23.157261779419755
    ],
    [
      6443,
      23.056898357590434
    ],
    [
      6525,
      22.573849117840886
    ],
    [
      5189,
      20.821255846734513
    ],
    [
      2301,
      20.776986141875078
    ],
    [
      8918,
      20.661044550867413
    ],
    [
      8054,
      20.159849852514245
    ],
    [
      3052,
      20.10269967281669
    ],
    [
      6594,
      20.049495922024555
    ],
    [
      5094,
      19.762351414572866
    ],
    [
      1134,
      19.756658846425143
    ],
    [
      7694,
      19.485103006892196
    ],
    [
      8885,
      19.102504746380717
    ],
    [
      699,
      18.95919420454403
    ],
    [
      8542,
      18.865140692753172
    ],
    [
      6614,
      18.846287259031776
    ],
    [
      8488,
      18.580639463291543
    ],
    [
      5985,
      18.281063656032465
    ],
    [
      8887,
      18.222577847272916
    ],
    [
      9229,
      18.168272249260966
    ],
    [
      5193,
      18.086723887834843
    ],
    [
      8322,
      17.947443368886486
    ],
    [
      8071,
      17.928783271847237
    ],
    [
      245,
      17.741544560645366
    ],
    [
      1719,
      17.500134322793617
    ],
    [
      2395,
      17.484818645231442
    ],
    [
      9372,
      17.472618344135697
    ],
    [
      2440,
      17.45083420528123
    ],
    [
      2307,
      17.438778119561015
    ],
    [
      1327,
      17.401377375429668
    ],
    [
      1055,
      17.346758348818717
    ],
    [
      2818,
      17.325282528782413
    ],
    [
      5460,
      17.308113754689938
    ],
    [
      510,
      17.307954477321687
    ],
    [
      9379,
      17.306680469989757
    ],
    [
      1230,
      17.161139330733796
    ],
    [
      285,
      17.14648240574725
    ],
    [
      4675,
      17.07755260354854
    ],
    [
      2239,
      17.07005366334879
    ],
    [
      374,
      17.060587190821956
    ],
    [
      5093,
      17.01878247764696
    ]
  ],
  "decoded_count": 0,
  "decoded_limit": 50,
  "decode_error": "decode quota exceeded"
}
[run 10]
1) run client
shuffler is ready: {'ok': True, 'queuedA': 0, 'queuedR': 0, 'aggA_url': 'http://aggregator_a:8002/forward', 'aggR_url': 'http://aggregator_r:8003/forward'}
new round: 1035874183
[WARN] PRP domain is small: 10000 recommended >= 1000000
sent 0 A_ok= True R_ok= True malicious= False A_resp= {'ok': True, 'queuedA': 1, 'round_id': 1035874183} R_resp= {'ok': True, 'queuedR': 1, 'round_id': 1035874183}
sent 20 A_ok= True R_ok= True malicious= False A_resp= {'ok': True, 'queuedA': 4, 'round_id': 1035874183} R_resp= {'ok': True, 'queuedR': 1, 'round_id': 1035874183}
sent 40 A_ok= True R_ok= True malicious= False A_resp= {'ok': True, 'queuedA': 2, 'round_id': 1035874183} R_resp= {'ok': True, 'queuedR': 2, 'round_id': 1035874183}
sent 60 A_ok= True R_ok= True malicious= False A_resp= {'ok': True, 'queuedA': 4, 'round_id': 1035874183} R_resp= {'ok': True, 'queuedR': 4, 'round_id': 1035874183}
sent 80 A_ok= True R_ok= True malicious= False A_resp= {'ok': True, 'queuedA': 2, 'round_id': 1035874183} R_resp= {'ok': True, 'queuedR': 3, 'round_id': 1035874183}
sent 100 A_ok= True R_ok= True malicious= False A_resp= {'ok': True, 'queuedA': 1, 'round_id': 1035874183} R_resp= {'ok': True, 'queuedR': 1, 'round_id': 1035874183}
sent 120 A_ok= True R_ok= True malicious= False A_resp= {'ok': True, 'queuedA': 2, 'round_id': 1035874183} R_resp= {'ok': True, 'queuedR': 2, 'round_id': 1035874183}
sent 140 A_ok= True R_ok= True malicious= False A_resp= {'ok': True, 'queuedA': 1, 'round_id': 1035874183} R_resp= {'ok': True, 'queuedR': 1, 'round_id': 1035874183}
sent 160 A_ok= True R_ok= True malicious= False A_resp= {'ok': True, 'queuedA': 1, 'round_id': 1035874183} R_resp= {'ok': True, 'queuedR': 2, 'round_id': 1035874183}
sent 180 A_ok= True R_ok= True malicious= False A_resp= {'ok': True, 'queuedA': 2, 'round_id': 1035874183} R_resp= {'ok': True, 'queuedR': 2, 'round_id': 1035874183}
summary total= 200 valid_clients= 183 rejected= 17 malicious_total= 17 malicious_reject_rate= 1.0 false_reject_rate= 0.0
2) status
{
  "ok": true,
  "round_id": 1035874183,
  "received_A": 183,
  "unique_submissions_A": 183,
  "cells_in_A_map": 8274,
  "r_fetch_ok": true,
  "r_url": "http://aggregator_r:8003/dump_share?round_id=1035874183",
  "r_http_status": 200,
  "received_R": 183,
  "cells_in_R_map": 8274,
  "aggR_sample_keys": [
    "4297",
    "6018",
    "7994"
  ],
  "r_error": null,
  "reconstructed": false,
  "cells_in_final_map": 0
}
reconstruct expected=183
3) reconstruct
{
  "ok": true,
  "round_id": 1035874183,
  "received_A": 183,
  "received_R": 183,
  "cells_in_A_map": 8274,
  "cells_in_R_map": 8274,
  "cells_in_final_map": 8274
}
4) baseline corrected+threshold
{
  "mode": "final_corrected_thresholded",
  "round_id": 1035874183,
  "received_total": 183,
  "E_dummy_per_cell": 0.915,
  "tau": 3.0,
  "cells_kept": 1107,
  "top_cells": [
    [
      8614,
      33.085
    ],
    [
      2053,
      30.085
    ],
    [
      3590,
      30.085
    ],
    [
      1639,
      27.085
    ],
    [
      5416,
      24.085
    ],
    [
      7760,
      22.085
    ],
    [
      1668,
      20.085
    ],
    [
      3875,
      20.085
    ],
    [
      879,
      19.085
    ],
    [
      1505,
      19.085
    ],
    [
      8459,
      19.085
    ],
    [
      8810,
      19.085
    ],
    [
      229,
      18.085
    ],
    [
      1077,
      18.085
    ],
    [
      1875,
      18.085
    ],
    [
      2020,
      18.085
    ],
    [
      2082,
      18.085
    ],
    [
      3094,
      18.085
    ],
    [
      4162,
      18.085
    ],
    [
      4292,
      18.085
    ],
    [
      4397,
      18.085
    ],
    [
      5497,
      18.085
    ],
    [
      7301,
      18.085
    ],
    [
      8274,
      18.085
    ],
    [
      9214,
      18.085
    ],
    [
      165,
      17.085
    ],
    [
      390,
      17.085
    ],
    [
      2221,
      17.085
    ],
    [
      2359,
      17.085
    ],
    [
      2732,
      17.085
    ],
    [
      3015,
      17.085
    ],
    [
      3168,
      17.085
    ],
    [
      3520,
      17.085
    ],
    [
      3650,
      17.085
    ],
    [
      3918,
      17.085
    ],
    [
      4415,
      17.085
    ],
    [
      4916,
      17.085
    ],
    [
      5530,
      17.085
    ],
    [
      5754,
      17.085
    ],
    [
      5773,
      17.085
    ],
    [
      6000,
      17.085
    ],
    [
      6115,
      17.085
    ],
    [
      6577,
      17.085
    ],
    [
      6918,
      17.085
    ],
    [
      8094,
      17.085
    ],
    [
      8286,
      17.085
    ],
    [
      8392,
      17.085
    ],
    [
      9844,
      17.085
    ],
    [
      9976,
      17.085
    ],
    [
      52,
      16.085
    ]
  ]
}
5) dp laplace eps=0.5
{
  "mode": "dp_laplace_post_threshold",
  "round_id": 1035874183,
  "received_total": 183,
  "E_dummy_per_cell": 0.915,
  "tau": 3.0,
  "tau2": 3.0,
  "epsilon": 0.5,
  "laplace_scale": 2.0,
  "cells_kept_pre": 1107,
  "cells_kept_post": 912,
  "N_acc": 183,
  "K": 50,
  "KD": 50,
  "DOMAIN": 10000,
  "top_cells": [
    [
      7415,
      29.522962019549148
    ],
    [
      1725,
      29.45098710553947
    ],
    [
      5174,
      28.871181474918394
    ],
    [
      1158,
      28.64762899253728
    ],
    [
      2374,
      24.868768319589847
    ],
    [
      6415,
      24.79354542140792
    ],
    [
      4157,
      22.68229975614223
    ],
    [
      2893,
      21.335578295724222
    ],
    [
      4918,
      21.20369248547412
    ],
    [
      1822,
      21.156115831479756
    ],
    [
      4174,
      21.066017204771065
    ],
    [
      4048,
      20.98559927410566
    ],
    [
      6865,
      20.957304962721004
    ],
    [
      8753,
      20.93705461864296
    ],
    [
      7510,
      20.74180113957351
    ],
    [
      4032,
      20.54892358426987
    ],
    [
      3144,
      20.39261775894604
    ],
    [
      3710,
      20.34726565794775
    ],
    [
      5049,
      20.316284968994445
    ],
    [
      8155,
      20.202926862984466
    ],
    [
      2640,
      20.12694142917554
    ],
    [
      7990,
      20.06371052191258
    ],
    [
      6639,
      19.852189909003798
    ],
    [
      2656,
      19.784270738619323
    ],
    [
      1355,
      19.71371000090142
    ],
    [
      9235,
      19.535113181969162
    ],
    [
      1036,
      19.484178708443803
    ],
    [
      3163,
      19.457411017894856
    ],
    [
      5794,
      19.40164923221158
    ],
    [
      4526,
      19.398324397415596
    ],
    [
      5357,
      19.202503993933036
    ],
    [
      664,
      19.19419239570336
    ],
    [
      6755,
      19.017768560275407
    ],
    [
      5426,
      18.99945522271365
    ],
    [
      9877,
      18.94912330889467
    ],
    [
      6958,
      18.789545004192117
    ],
    [
      9624,
      18.69469900908748
    ],
    [
      5309,
      18.674249644459966
    ],
    [
      8450,
      18.651679788170952
    ],
    [
      1340,
      18.6344269441548
    ],
    [
      8563,
      18.60096136731273
    ],
    [
      6904,
      18.58095311665469
    ],
    [
      7544,
      18.524970201392186
    ],
    [
      1637,
      18.295644187351662
    ],
    [
      9760,
      18.238744993065517
    ],
    [
      9558,
      18.215373335717018
    ],
    [
      6978,
      18.159040447593988
    ],
    [
      5573,
      18.158122593649015
    ],
    [
      8623,
      18.156744303835854
    ],
    [
      5676,
      18.050605466595584
    ]
  ],
  "top_tokens": [
    [
      8614,
      29.522962019549148
    ],
    [
      2053,
      29.45098710553947
    ],
    [
      1639,
      28.871181474918394
    ],
    [
      3590,
      28.64762899253728
    ],
    [
      3129,
      24.868768319589847
    ],
    [
      8753,
      24.79354542140792
    ],
    [
      9843,
      22.68229975614223
    ],
    [
      3875,
      21.335578295724222
    ],
    [
      5416,
      21.20369248547412
    ],
    [
      9214,
      21.156115831479756
    ],
    [
      4415,
      21.066017204771065
    ],
    [
      3945,
      20.98559927410566
    ],
    [
      2681,
      20.957304962721004
    ],
    [
      5554,
      20.93705461864296
    ],
    [
      2359,
      20.74180113957351
    ],
    [
      7852,
      20.54892358426987
    ],
    [
      2732,
      20.39261775894604
    ],
    [
      5629,
      20.34726565794775
    ],
    [
      7938,
      20.316284968994445
    ],
    [
      6577,
      20.202926862984466
    ],
    [
      879,
      20.12694142917554
    ],
    [
      9261,
      20.06371052191258
    ],
    [
      7210,
      19.852189909003798
    ],
    [
      7301,
      19.784270738619323
    ],
    [
      7635,
      19.71371000090142
    ],
    [
      1668,
      19.535113181969162
    ],
    [
      1880,
      19.484178708443803
    ],
    [
      7844,
      19.457411017894856
    ],
    [
      8451,
      19.40164923221158
    ],
    [
      664,
      19.398324397415596
    ],
    [
      2100,
      19.202503993933036
    ],
    [
      5170,
      19.19419239570336
    ],
    [
      2221,
      19.017768560275407
    ],
    [
      183,
      18.99945522271365
    ],
    [
      2206,
      18.94912330889467
    ],
    [
      6000,
      18.789545004192117
    ],
    [
      642,
      18.69469900908748
    ],
    [
      5106,
      18.674249644459966
    ],
    [
      2967,
      18.651679788170952
    ],
    [
      2082,
      18.6344269441548
    ],
    [
      5945,
      18.60096136731273
    ],
    [
      5147,
      18.58095311665469
    ],
    [
      3972,
      18.524970201392186
    ],
    [
      7760,
      18.295644187351662
    ],
    [
      3405,
      18.238744993065517
    ],
    [
      4162,
      18.215373335717018
    ],
    [
      9470,
      18.159040447593988
    ],
    [
      8459,
      18.158122593649015
    ],
    [
      6808,
      18.156744303835854
    ],
    [
      8094,
      18.050605466595584
    ]
  ],
  "decoded_count": 50,
  "decoded_limit": 50,
  "decode_error": null
}
6) dp laplace eps=1.0
{
  "mode": "dp_laplace_post_threshold",
  "round_id": 1035874183,
  "received_total": 183,
  "E_dummy_per_cell": 0.915,
  "tau": 3.0,
  "tau2": 3.0,
  "epsilon": 1.0,
  "laplace_scale": 1.0,
  "cells_kept_pre": 1107,
  "cells_kept_post": 937,
  "N_acc": 183,
  "K": 50,
  "KD": 50,
  "DOMAIN": 10000,
  "top_cells": [
    [
      8614,
      33.55194093303675
    ],
    [
      2053,
      31.05127498973762
    ],
    [
      3590,
      26.75599972045418
    ],
    [
      1639,
      25.459827853538197
    ],
    [
      3094,
      24.412061078379708
    ],
    [
      7760,
      23.08056554746561
    ],
    [
      5416,
      21.498105270049862
    ],
    [
      726,
      20.640818579345137
    ],
    [
      4397,
      20.38235198797434
    ],
    [
      1668,
      20.20886535833987
    ],
    [
      5877,
      20.00274762583309
    ],
    [
      8459,
      19.957340409471737
    ],
    [
      879,
      19.696522983579435
    ],
    [
      3875,
      19.233003431374755
    ],
    [
      8148,
      19.230067996472798
    ],
    [
      6115,
      19.025591319800515
    ],
    [
      1505,
      19.011523965239547
    ],
    [
      8810,
      18.97510826293001
    ],
    [
      7936,
      18.82081816708567
    ],
    [
      2732,
      18.607009900210148
    ],
    [
      8753,
      18.461968628917948
    ],
    [
      1875,
      18.382529912609158
    ],
    [
      5497,
      18.373515985791347
    ],
    [
      390,
      18.34376268560185
    ],
    [
      229,
      18.26846893874758
    ],
    [
      2082,
      18.243947009927354
    ],
    [
      1077,
      18.215443865599017
    ],
    [
      9214,
      18.169208824629973
    ],
    [
      4916,
      18.14331361875354
    ],
    [
      6808,
      18.13486537145313
    ],
    [
      9976,
      18.076831039531356
    ],
    [
      6577,
      17.94809681639125
    ],
    [
      8392,
      17.8512648323876
    ],
    [
      4415,
      17.835460556985623
    ],
    [
      2206,
      17.7666224479065
    ],
    [
      7939,
      17.76613101545333
    ],
    [
      6918,
      17.74745621876153
    ],
    [
      9844,
      17.69337982886393
    ],
    [
      3168,
      17.659303385769967
    ],
    [
      8094,
      17.61016056999433
    ],
    [
      5773,
      17.589864241006996
    ],
    [
      7276,
      17.462121524922658
    ],
    [
      5530,
      17.456003038935577
    ],
    [
      3405,
      17.44922661000898
    ],
    [
      2967,
      17.426901950008702
    ],
    [
      7733,
      17.412565698918065
    ],
    [
      7851,
      17.408087824193966
    ],
    [
      3579,
      17.293203769577225
    ],
    [
      7938,
      17.24895072553659
    ],
    [
      2344,
      17.23904774173854
    ]
  ],
  "top_tokens": [
    [
      8614,
      33.55194093303675
    ],
    [
      2053,
      31.05127498973762
    ],
    [
      3590,
      26.75599972045418
    ],
    [
      1639,
      25.459827853538197
    ],
    [
      3094,
      24.412061078379708
    ],
    [
      7760,
      23.08056554746561
    ],
    [
      5416,
      21.498105270049862
    ],
    [
      726,
      20.640818579345137
    ],
    [
      4397,
      20.38235198797434
    ],
    [
      1668,
      20.20886535833987
    ],
    [
      5877,
      20.00274762583309
    ],
    [
      8459,
      19.957340409471737
    ],
    [
      879,
      19.696522983579435
    ],
    [
      3875,
      19.233003431374755
    ],
    [
      8148,
      19.230067996472798
    ],
    [
      6115,
      19.025591319800515
    ],
    [
      1505,
      19.011523965239547
    ],
    [
      8810,
      18.97510826293001
    ],
    [
      7936,
      18.82081816708567
    ],
    [
      2732,
      18.607009900210148
    ],
    [
      8753,
      18.461968628917948
    ],
    [
      1875,
      18.382529912609158
    ],
    [
      5497,
      18.373515985791347
    ],
    [
      390,
      18.34376268560185
    ],
    [
      229,
      18.26846893874758
    ],
    [
      2082,
      18.243947009927354
    ],
    [
      1077,
      18.215443865599017
    ],
    [
      9214,
      18.169208824629973
    ],
    [
      4916,
      18.14331361875354
    ],
    [
      6808,
      18.13486537145313
    ],
    [
      9976,
      18.076831039531356
    ],
    [
      6577,
      17.94809681639125
    ],
    [
      8392,
      17.8512648323876
    ],
    [
      4415,
      17.835460556985623
    ],
    [
      2206,
      17.7666224479065
    ],
    [
      7939,
      17.76613101545333
    ],
    [
      6918,
      17.74745621876153
    ],
    [
      9844,
      17.69337982886393
    ],
    [
      3168,
      17.659303385769967
    ],
    [
      8094,
      17.61016056999433
    ],
    [
      5773,
      17.589864241006996
    ],
    [
      7276,
      17.462121524922658
    ],
    [
      5530,
      17.456003038935577
    ],
    [
      3405,
      17.44922661000898
    ],
    [
      2967,
      17.426901950008702
    ],
    [
      7733,
      17.412565698918065
    ],
    [
      7851,
      17.408087824193966
    ],
    [
      3579,
      17.293203769577225
    ],
    [
      7938,
      17.24895072553659
    ],
    [
      2344,
      17.23904774173854
    ]
  ],
  "decoded_count": 0,
  "decoded_limit": 50,
  "decode_error": "decode quota exceeded"
}
7) dp laplace eps=3.0
{
  "mode": "dp_laplace_post_threshold",
  "round_id": 1035874183,
  "received_total": 183,
  "E_dummy_per_cell": 0.915,
  "tau": 3.0,
  "tau2": 3.0,
  "epsilon": 3.0,
  "laplace_scale": 0.3333333333333333,
  "cells_kept_pre": 1107,
  "cells_kept_post": 985,
  "N_acc": 183,
  "K": 50,
  "KD": 50,
  "DOMAIN": 10000,
  "top_cells": [
    [
      8614,
      33.10718131096638
    ],
    [
      2053,
      30.03718249053758
    ],
    [
      3590,
      29.767625759432402
    ],
    [
      1639,
      26.44399981390907
    ],
    [
      5416,
      24.165155630129835
    ],
    [
      7760,
      21.82241851962776
    ],
    [
      879,
      20.00346921261399
    ],
    [
      1668,
      19.94819125108527
    ],
    [
      3875,
      19.37668505006887
    ],
    [
      2082,
      19.274666889853677
    ],
    [
      4292,
      19.075611399875058
    ],
    [
      1505,
      19.012786802344465
    ],
    [
      8810,
      18.958616098970477
    ],
    [
      1077,
      18.548823105213028
    ],
    [
      1875,
      18.5050249543444
    ],
    [
      8459,
      18.399122409605596
    ],
    [
      6115,
      18.349079615606318
    ],
    [
      3094,
      18.260026125847205
    ],
    [
      5497,
      18.2463473791803
    ],
    [
      5754,
      18.230071659975263
    ],
    [
      2020,
      18.135446014955686
    ],
    [
      229,
      18.06293942345763
    ],
    [
      4397,
      17.972590594381366
    ],
    [
      2732,
      17.92366372261293
    ],
    [
      5530,
      17.880614121383775
    ],
    [
      9214,
      17.865511203960157
    ],
    [
      5877,
      17.856963088968897
    ],
    [
      8274,
      17.79691045934426
    ],
    [
      4415,
      17.64748448973481
    ],
    [
      7301,
      17.611512838444746
    ],
    [
      6918,
      17.57071607456128
    ],
    [
      4162,
      17.53425439601396
    ],
    [
      8094,
      17.378590005198664
    ],
    [
      6000,
      17.368757062696776
    ],
    [
      390,
      17.164921968972568
    ],
    [
      4916,
      17.159057366308677
    ],
    [
      6600,
      17.13017034288134
    ],
    [
      3015,
      17.109729746679246
    ],
    [
      6577,
      17.08951295648022
    ],
    [
      2221,
      17.085917762932382
    ],
    [
      165,
      17.038860666771466
    ],
    [
      5773,
      17.021396214726533
    ],
    [
      9844,
      16.972295797289323
    ],
    [
      2359,
      16.957245549017237
    ],
    [
      8286,
      16.929082797751878
    ],
    [
      3520,
      16.91395444096527
    ],
    [
      3650,
      16.894284668617075
    ],
    [
      3918,
      16.851146966137808
    ],
    [
      9352,
      16.80975298572172
    ],
    [
      9976,
      16.745212693749878
    ]
  ],
  "top_tokens": [
    [
      8614,
      33.10718131096638
    ],
    [
      2053,
      30.03718249053758
    ],
    [
      3590,
      29.767625759432402
    ],
    [
      1639,
      26.44399981390907
    ],
    [
      5416,
      24.165155630129835
    ],
    [
      7760,
      21.82241851962776
    ],
    [
      879,
      20.00346921261399
    ],
    [
      1668,
      19.94819125108527
    ],
    [
      3875,
      19.37668505006887
    ],
    [
      2082,
      19.274666889853677
    ],
    [
      4292,
      19.075611399875058
    ],
    [
      1505,
      19.012786802344465
    ],
    [
      8810,
      18.958616098970477
    ],
    [
      1077,
      18.548823105213028
    ],
    [
      1875,
      18.5050249543444
    ],
    [
      8459,
      18.399122409605596
    ],
    [
      6115,
      18.349079615606318
    ],
    [
      3094,
      18.260026125847205
    ],
    [
      5497,
      18.2463473791803
    ],
    [
      5754,
      18.230071659975263
    ],
    [
      2020,
      18.135446014955686
    ],
    [
      229,
      18.06293942345763
    ],
    [
      4397,
      17.972590594381366
    ],
    [
      2732,
      17.92366372261293
    ],
    [
      5530,
      17.880614121383775
    ],
    [
      9214,
      17.865511203960157
    ],
    [
      5877,
      17.856963088968897
    ],
    [
      8274,
      17.79691045934426
    ],
    [
      4415,
      17.64748448973481
    ],
    [
      7301,
      17.611512838444746
    ],
    [
      6918,
      17.57071607456128
    ],
    [
      4162,
      17.53425439601396
    ],
    [
      8094,
      17.378590005198664
    ],
    [
      6000,
      17.368757062696776
    ],
    [
      390,
      17.164921968972568
    ],
    [
      4916,
      17.159057366308677
    ],
    [
      6600,
      17.13017034288134
    ],
    [
      3015,
      17.109729746679246
    ],
    [
      6577,
      17.08951295648022
    ],
    [
      2221,
      17.085917762932382
    ],
    [
      165,
      17.038860666771466
    ],
    [
      5773,
      17.021396214726533
    ],
    [
      9844,
      16.972295797289323
    ],
    [
      2359,
      16.957245549017237
    ],
    [
      8286,
      16.929082797751878
    ],
    [
      3520,
      16.91395444096527
    ],
    [
      3650,
      16.894284668617075
    ],
    [
      3918,
      16.851146966137808
    ],
    [
      9352,
      16.80975298572172
    ],
    [
      9976,
      16.745212693749878
    ]
  ],
  "decoded_count": 0,
  "decoded_limit": 50,
  "decode_error": "decode quota exceeded"
}
