{
  "features": [
    {
      "geometry": {
        "coordinates": [
          [
            [
              12.43598436849543,
              41.85783391970406
            ],
            [
              12.532649378902741,
              41.85783391970406
            ],
            [
              12.532649378902741,
              41.858733241309984
            ],
            [
              12.43598436849543,
              41.858733241309984
            ],
            [
              12.43598436849543,
              41.85783391970406
            ]
          ]
        ],
        "type": "Polygon"
      },
      "properties": {
        "grid_x_max_exclusive": 80,
        "grid_x_min": 0,
        "grid_y": 0,
        "nearest_distance_m_max": 3432.724,
        "rate_cents_per_m": 10,
        "source": "rome_strisce_blu_nearest_grid",
        "source_ambiti": [
          "Appio Latino",
          "Europa (E.U.R.)",
          "Ostiense 1\u00b0 Mun. XA",
          "Ostiense 8\u00b0 Mun. XB-XC",
          "Testaccio"
        ],
        "source_tariffs": [
          "1 euro/h"
        ],
        "source_zonas": [
          "ZONA01",
          "ZONA02",
          "ZONA04",
          "ZONA06"
        ],
        "zone_id": 100
      },
      "type": "Feature"
    },
    {
      "geometry": {
        "coordinates": [
          [
            [
              12.532649378902741,
              41.85783391970406
            ],
            [
              12.55681563150457,
              41.85783391970406
            ],
            [
              12.55681563150457,
              41.858733241309984
            ],
            [
              12.532649378902741,
              41.858733241309984
            ],
            [
              12.532649378902741,
              41.85783391970406
            ]
          ]
        ],
        "type": "Polygon"
      },
      "properties": {
        "grid_x_max_exclusive": 100,
        "grid_x_min": 80,
        "grid_y": 0,
        "nearest_distance_m_max": 3630.413,
        "rate_cents_per_m": 5,
        "source": "rome_strisce_blu_nearest_grid",
        "source_ambiti": [
          "Tuscolano"
        ],
        "source_tariffs": [
          "0,50 euro/h"
        ],
        "source_zonas": [
          "ZONA10"
        ],
        "zone_id": 50
      },
      "type": "Feature"
    },
    {
      "geometry": {
        "coordinates": [
          [
            [
              12.43598436849543,
              41.858733241309984
            ],
            [
              12.532649378902741,
              41.858733241309984
            ],
            [
              12.532649378902741,
              41.8596325629159
            ],
            [
              12.43598436849543,
              41.8596325629159
            ],
            [
              12.43598436849543,
              41.858733241309984
            ]
          ]
        ],
        "type": "Polygon"
      },
      "properties": {
        "grid_x_max_exclusive": 80,
        "grid_x_min": 0,
        "grid_y": 1,
        "nearest_distance_m_max": 3397.923,
        "rate_cents_per_m": 10,
        "source": "rome_strisce_blu_nearest_grid",
        "source_ambiti": [
          "Appio Latino",
          "Ostiense 1\u00b0 Mun. XA",
          "Ostiense 8\u00b0 Mun. XB-XC",
          "Testaccio"
        ],
        "source_tariffs": [
          "1 euro/h"
        ],
        "source_zonas": [
          "ZONA01",
          "ZONA02",
          "ZONA06"
        ],
        "zone_id": 100
      },
      "type": "Feature"
    },
    {
      "geometry": {
        "coordinates": [
          [
            [
              12.532649378902741,
              41.858733241309984
            ],
            [
              12.55681563150457,
              41.858733241309984
            ],
            [
              12.55681563150457,
              41.8596325629159
            ],
            [
              12.532649378902741,
              41.8596325629159
            ],
            [
              12.532649378902741,
              41.858733241309984
            ]
          ]
        ],
        "type": "Polygon"
      },
      "properties": {
        "grid_x_max_exclusive": 100,
        "grid_x_min": 80,
        "grid_y": 1,
        "nearest_distance_m_max": 3569.364,
        "rate_cents_per_m": 5,
        "source": "rome_strisce_blu_nearest_grid",
        "source_ambiti": [
          "Tuscolano"
        ],
        "source_tariffs": [
          "0,50 euro/h"
        ],
        "source_zonas": [
          "ZONA10"
        ],
        "zone_id": 50
      },
      "type": "Feature"
    },
    {
      "geometry": {
        "coordinates": [
          [
            [
              12.43598436849543,
              41.8596325629159
            ],
            [
              12.532649378902741,
              41.8596325629159
            ],
            [
              12.532649378902741,
              41.86053188452182
            ],
            [
              12.43598436849543,
              41.86053188452182
            ],
            [
              12.43598436849543,
              41.8596325629159
            ]
          ]
        ],
        "type": "Polygon"
      },
      "properties": {
        "grid_x_max_exclusive": 80,
        "grid_x_min": 0,
        "grid_y": 2,
        "nearest_distance_m_max": 3345.008,
        "rate_cents_per_m": 10,
        "source": "rome_strisce_blu_nearest_grid",
        "source_ambiti": [
          "Appio Latino",
          "Ostiense 1\u00b0 Mun. XA",
          "Ostiense 8\u00b0 Mun. XB-XC",
          "Testaccio"
        ],
        "source_tariffs": [
          "1 euro/h"
        ],
        "source_zonas": [
          "ZONA01",
          "ZONA02",
          "ZONA06"
        ],
        "zone_id": 100
      },
      "type": "Feature"
    },
    {
      "geometry": {
        "coordinates": [
          [
            [
              12.532649378902741,
              41.8596325629159
            ],
            [
              12.55681563150457,
              41.8596325629159
            ],
            [
              12.55681563150457,
              41.86053188452182
            ],
            [
              12.532649378902741,
              41.86053188452182
            ],
            [
              12.532649378902741,
              41.8596325629159
            ]
          ]
        ],
        "type": "Polygon"
      },
      "properties": {
        "grid_x_max_exclusive": 100,
        "grid_x_min": 80,
        "grid_y": 2,
        "nearest_distance_m_max": 3510.102,
        "rate_cents_per_m": 5,
        "source": "rome_strisce_blu_nearest_grid",
        "source_ambiti": [
          "Tuscolano"
        ],
        "source_tariffs": [
          "0,50 euro/h"
        ],
        "source_zonas": [
          "ZONA10"
        ],
        "zone_id": 50
      },
      "type": "Feature"
    },
    {
      "geometry": {
        "coordinates": [
          [
            [
              12.43598436849543,
              41.86053188452182
            ],
            [
              12.532649378902741,
              41.86053188452182
            ],
            [
              12.532649378902741,
              41.86143120612774
            ],
            [
              12.43598436849543,
              41.86143120612774
            ],
            [
              12.43598436849543,
              41.86053188452182
            ]
          ]
        ],
        "type": "Polygon"
      },
      "properties": {
        "grid_x_max_exclusive": 80,
        "grid_x_min": 0,
        "grid_y": 3,
        "nearest_distance_m_max": 3294.278,
        "rate_cents_per_m": 10,
        "source": "rome_strisce_blu_nearest_grid",
        "source_ambiti": [
          "Appio Latino",
          "Ostiense 1\u00b0 Mun. XA",
          "Ostiense 8\u00b0 Mun. XB-XC",
          "Testaccio"
        ],
        "source_tariffs": [
          "1 euro/h"
        ],
        "source_zonas": [
          "ZONA01",
          "ZONA02",
          "ZONA06"
        ],
        "zone_id": 100
      },
      "type": "Feature"
    },
    {
      "geometry": {
        "coordinates": [
          [
            [
              12.532649378902741,
              41.86053188452182
            ],
            [
              12.55681563150457,
              41.86053188452182
            ],
            [
              12.55681563150457,
              41.86143120612774
            ],
            [
              12.532649378902741,
              41.86143120612774
            ],
            [
              12.532649378902741,
              41.86053188452182
            ]
          ]
        ],
        "type": "Polygon"
      },
      "properties": {
        "grid_x_max_exclusive": 100,
        "grid_x_min": 80,
        "grid_y": 3,
        "nearest_distance_m_max": 3452.227,
        "rate_cents_per_m": 5,
        "source": "rome_strisce_blu_nearest_grid",
        "source_ambiti": [
          "Tuscolano"
        ],
        "source_tariffs": [
          "0,50 euro/h"
        ],
        "source_zonas": [
          "ZONA10"
        ],
        "zone_id": 50
      },
      "type": "Feature"
    },
    {
      "geometry": {
        "coordinates": [
          [
            [
              12.43598436849543,
              41.86143120612774
            ],
            [
              12.532649378902741,
              41.86143120612774
            ],
            [
              12.532649378902741,
              41.862330527733654
            ],
            [
              12.43598436849543,
              41.862330527733654
            ],
            [
              12.43598436849543,
              41.86143120612774
            ]
          ]
        ],
        "type": "Polygon"
      },
      "properties": {
        "grid_x_max_exclusive": 80,
        "grid_x_min": 0,
        "grid_y": 4,
        "nearest_distance_m_max": 3245.838,
        "rate_cents_per_m": 10,
        "source": "rome_strisce_blu_nearest_grid",
        "source_ambiti": [
          "Appio Latino",
          "Ostiense 1\u00b0 Mun. XA",
          "Ostiense 8\u00b0 Mun. XB-XC",
          "Testaccio"
        ],
        "source_tariffs": [
          "1 euro/h"
        ],
        "source_zonas": [
          "ZONA01",
          "ZONA02",
          "ZONA06"
        ],
        "zone_id": 100
      },
      "type": "Feature"
    },
    {
      "geometry": {
        "coordinates": [
          [
            [
              12.532649378902741,
              41.86143120612774
            ],
            [
              12.555607318874477,
              41.86143120612774
            ],
            [
              12.555607318874477,
              41.862330527733654
            ],
            [
              12.532649378902741,
              41.862330527733654
            ],
            [
              12.532649378902741,
              41.86143120612774
            ]
          ]
        ],
        "type": "Polygon"
      },
      "properties": {
        "grid_x_max_exclusive": 99,
        "grid_x_min": 80,
        "grid_y": 4,
        "nearest_distance_m_max": 3312.898,
        "rate_cents_per_m": 5,
        "source": "rome_strisce_blu_nearest_grid",
        "source_ambiti": [
          "Tuscolano"
        ],
        "source_tariffs": [
          "0,50 euro/h"
        ],
        "source_zonas": [
          "ZONA10"
        ],
        "zone_id": 50
      },
      "type": "Feature"
    },
    {
      "geometry": {
        "coordinates": [
          [
            [
              12.555607318874477,
              41.86143120612774
            ],
            [
              12.55681563150457,
              41.86143120612774
            ],
            [
              12.55681563150457,
              41.862330527733654
            ],
            [
              12.555607318874477,
              41.862330527733654
            ],
            [
              12.555607318874477,
              41.86143120612774
            ]
          ]
        ],
        "type": "Polygon"
      },
      "properties": {
        "grid_x_max_exclusive": 100,
        "grid_x_min": 99,
        "grid_y": 4,
        "nearest_distance_m_max": 3391.008,
        "rate_cents_per_m": 10,
        "source": "rome_strisce_blu_nearest_grid",
        "source_ambiti": [
          "Tuscolano"
        ],
        "source_tariffs": [
          "1 euro/h"
        ],
        "source_zonas": [
          "ZONA03"
        ],
        "zone_id": 100
      },
      "type": "Feature"
    },
    {
      "geometry": {
        "coordinates": [
          [
            [
              12.43598436849543,
              41.862330527733654
            ],
            [
              12.527816128382376,
              41.862330527733654
            ],
            [
              12.527816128382376,
              41.863229849339575
            ],
            [
              12.43598436849543,
              41.863229849339575
            ],
            [
              12.43598436849543,
              41.862330527733654
            ]
          ]
        ],
        "type": "Polygon"
      },
      "properties": {
        "grid_x_max_exclusive": 76,
        "grid_x_min": 0,
        "grid_y": 5,
        "nearest_distance_m_max": 3377.386,
        "rate_cents_per_m": 10,
        "source": "rome_strisce_blu_nearest_grid",
        "source_ambiti": [
          "Appio Latino",
          "Ostiense 1\u00b0 Mun. XA",
          "Ostiense 8\u00b0 Mun. XB-XC",
          "Testaccio",
          "Trastevere"
        ],
        "source_tariffs": [
          "1 euro/h"
        ],
        "source_zonas": [
          "ZONA01",
          "ZONA02",
          "ZONA06"
        ],
        "zone_id": 100
      },
      "type": "Feature"
    },
    {
      "geometry": {
        "coordinates": [
          [
            [
              12.527816128382376,
              41.862330527733654
            ],
            [
              12.554399006244386,
              41.862330527733654
            ],
            [
              12.554399006244386,
              41.863229849339575
            ],
            [
              12.527816128382376,
              41.863229849339575
            ],
            [
              12.527816128382376,
              41.862330527733654
            ]
          ]
        ],
        "type": "Polygon"
      },
      "properties": {
        "grid_x_max_exclusive": 98,
        "grid_x_min": 76,
        "grid_y": 5,
        "nearest_distance_m_max": 3173.754,
        "rate_cents_per_m": 5,
        "source": "rome_strisce_blu_nearest_grid",
        "source_ambiti": [
          "Tuscolano"
        ],
        "source_tariffs": [
          "0,50 euro/h"
        ],
        "source_zonas": [
          "ZONA10"
        ],
        "zone_id": 50
      },
      "type": "Feature"
    },
    {
      "geometry": {
        "coordinates": [
          [
            [
              12.554399006244386,
              41.862330527733654
            ],
            [
              12.55681563150457,
              41.862330527733654
            ],
            [
              12.55681563150457,
              41.863229849339575
            ],
            [
              12.554399006244386,
              41.863229849339575
            ],
            [
              12.554399006244386,
              41.862330527733654
            ]
          ]
        ],
        "type": "Polygon"
      },
      "properties": {
        "grid_x_max_exclusive": 100,
        "grid_x_min": 98,
        "grid_y": 5,
        "nearest_distance_m_max": 3326.657,
        "rate_cents_per_m": 10,
        "source": "rome_strisce_blu_nearest_grid",
        "source_ambiti": [
          "Tuscolano"
        ],
        "source_tariffs": [
          "1 euro/h"
        ],
        "source_zonas": [
          "ZONA03"
        ],
        "zone_id": 100
      },
      "type": "Feature"
    },
    {
      "geometry": {
        "coordinates": [
          [
            [
              12.43598436849543,
              41.863229849339575
            ],
            [
              12.527816128382376,
              41.863229849339575
            ],
            [
              12.527816128382376,
              41.864129170945496
            ],
            [
              12.43598436849543,
              41.864129170945496
            ],
            [
              12.43598436849543,
              41.863229849339575
            ]
          ]
        ],
        "type": "Polygon"
      },
      "properties": {
        "grid_x_max_exclusive": 76,
        "grid_x_min": 0,
        "grid_y": 6,
        "nearest_distance_m_max": 3308.589,
        "rate_cents_per_m": 10,
        "source": "rome_strisce_blu_nearest_grid",
        "source_ambiti": [
          "Appio Latino",
          "Ostiense 1\u00b0 Mun. XA",
          "Ostiense 8\u00b0 Mun. XB-XC",
          "Testaccio",
          "Trastevere"
        ],
        "source_tariffs": [
          "1 euro/h"
        ],
        "source_zonas": [
          "ZONA01",
          "ZONA02",
          "ZONA06"
        ],
        "zone_id": 100
      },
      "type": "Feature"
    },
    {
      "geometry": {
        "coordinates": [
          [
            [
              12.527816128382376,
              41.863229849339575
            ],
            [
              12.551982380984203,
              41.863229849339575
            ],
            [
              12.551982380984203,
              41.864129170945496
            ],
            [
              12.527816128382376,
              41.864129170945496
            ],
            [
              12.527816128382376,
              41.863229849339575
            ]
          ]
        ],
        "type": "Polygon"
      },
      "properties": {
        "grid_x_max_exclusive": 96,
        "grid_x_min": 76,
        "grid_y": 6,
        "nearest_distance_m_max": 2952.437,
        "rate_cents_per_m": 5,
        "source": "rome_strisce_blu_nearest_grid",
        "source_ambiti": [
          "Tuscolano"
        ],
        "source_tariffs": [
          "0,50 euro/h"
        ],
        "source_zonas": [
          "ZONA10"
        ],
        "zone_id": 50
      },
      "type": "Feature"
    },
    {
      "geometry": {
        "coordinates": [
          [
            [
              12.551982380984203,
              41.863229849339575
            ],
            [
              12.55681563150457,
              41.863229849339575
            ],
            [
              12.55681563150457,
              41.864129170945496
            ],
            [
              12.551982380984203,
              41.864129170945496
            ],
            [
              12.551982380984203,
              41.863229849339575
            ]
          ]
        ],
        "type": "Polygon"
      },
      "properties": {
        "grid_x_max_exclusive": 100,
        "grid_x_min": 96,
        "grid_y": 6,
        "nearest_distance_m_max": 3264.036,
        "rate_cents_per_m": 10,
        "source": "rome_strisce_blu_nearest_grid",
        "source_ambiti": [
          "Tuscolano"
        ],
        "source_tariffs": [
          "1 euro/h"
        ],
        "source_zonas": [
          "ZONA03"
        ],
        "zone_id": 100
      },
      "type": "Feature"
    },
    {
      "geometry": {
        "coordinates": [
          [
            [
              12.43598436849543,
              41.864129170945496
            ],
            [
              12.526607815752284,
              41.864129170945496
            ],
            [
              12.526607815752284,
              41.86502849255141
            ],
            [
              12.43598436849543,
              41.86502849255141
            ],
            [
              12.43598436849543,
              41.864129170945496
            ]
          ]
        ],
        "type": "Polygon"
      },
      "properties": {
        "grid_x_max_exclusive": 75,
        "grid_x_min": 0,
        "grid_y": 7,
        "nearest_distance_m_max": 3241.416,
        "rate_cents_per_m": 10,
        "source": "rome_strisce_blu_nearest_grid",
        "source_ambiti": [
          "Appio Latino",
          "Ostiense 1\u00b0 Mun. XA",
          "Ostiense 8\u00b0 Mun. XB-XC",
          "Testaccio",
          "Trastevere"
        ],
        "source_tariffs": [
          "1 euro/h"
        ],
        "source_zonas": [
          "ZONA01",
          "ZONA02",
          "ZONA06"
        ],
        "zone_id": 100
      },
      "type": "Feature"
    },
    {
      "geometry": {
        "coordinates": [
          [
            [
              12.526607815752284,
              41.864129170945496
            ],
            [
              12.550774068354112,
              41.864129170945496
            ],
            [
              12.550774068354112,
              41.86502849255141
            ],
            [
              12.526607815752284,
              41.86502849255141
            ],
            [
              12.526607815752284,
              41.864129170945496
            ]
          ]
        ],
        "type": "Polygon"
      },
      "properties": {
        "grid_x_max_exclusive": 95,
        "grid_x_min": 75,
        "grid_y": 7,
        "nearest_distance_m_max": 2813.237,
        "rate_cents_per_m": 5,
        "source": "rome_strisce_blu_nearest_grid",
        "source_ambiti": [
          "Tuscolano"
        ],
        "source_tariffs": [
          "0,50 euro/h"
        ],
        "source_zonas": [
          "ZONA10"
        ],
        "zone_id": 50
      },
      "type": "Feature"
    },
    {
      "geometry": {
        "coordinates": [
          [
            [
              12.550774068354112,
              41.864129170945496
            ],
            [
              12.55681563150457,
              41.864129170945496
            ],
            [
              12.55681563150457,
              41.86502849255141
            ],
            [
              12.550774068354112,
              41.86502849255141
            ],
            [
              12.550774068354112,
              41.864129170945496
            ]
          ]
        ],
        "type": "Polygon"
      },
      "properties": {
        "grid_x_max_exclusive": 100,
        "grid_x_min": 95,
        "grid_y": 7,
        "nearest_distance_m_max": 3202.878,
        "rate_cents_per_m": 10,
        "source": "rome_strisce_blu_nearest_grid",
        "source_ambiti": [
          "Tuscolano"
        ],
        "source_tariffs": [
          "1 euro/h"
        ],
        "source_zonas": [
          "ZONA03"
        ],
        "zone_id": 100
      },
      "type": "Feature"
    },
    {
      "geometry": {
        "coordinates": [
          [
            [
              12.43598436849543,
              41.86502849255141
            ],
            [
              12.526607815752284,
              41.86502849255141
            ],
            [
              12.526607815752284,
              41.86592781415733
            ],
            [
              12.43598436849543,
              41.86592781415733
            ],
            [
              12.43598436849543,
              41.86502849255141
            ]
          ]
        ],
        "type": "Polygon"
      },
      "properties": {
        "grid_x_max_exclusive": 75,
        "grid_x_min": 0,
        "grid_y": 8,
        "nearest_distance_m_max": 3175.972,
        "rate_cents_per_m": 10,
        "source": "rome_strisce_blu_nearest_grid",
        "source_ambiti": [
          "Appio Latino",
          "Ostiense 1\u00b0 Mun. XA",
          "Ostiense 8\u00b0 Mun. XB-XC",
          "Testaccio",
          "Trastevere"
        ],
        "source_tariffs": [
          "1 euro/h"
        ],
        "source_zonas": [
          "ZONA01",
          "ZONA02",
          "ZONA06"
        ],
        "zone_id": 100
      },
      "type": "Feature"
    },
    {
      "geometry": {
        "coordinates": [
          [
            [
              12.526607815752284,
              41.86502849255141
            ],
            [
              12.549565755724021,
              41.86502849255141
            ],
            [
              12.549565755724021,
              41.86592781415733
            ],
            [
              12.526607815752284,
              41.86592781415733
            ],
            [
              12.526607815752284,
              41.86502849255141
            ]
          ]
        ],
        "type": "Polygon"
      },
      "properties": {
        "grid_x_max_exclusive": 94,
        "grid_x_min": 75,
        "grid_y": 8,
        "nearest_distance_m_max": 2674.271,
        "rate_cents_per_m": 5,
        "source": "rome_strisce_blu_nearest_grid",
        "source_ambiti": [
          "Tuscolano"
        ],
        "source_tariffs": [
          "0,50 euro/h"
        ],
        "source_zonas": [
          "ZONA10"
        ],
        "zone_id": 50
      },
      "type": "Feature"
    },
    {
      "geometry": {
        "coordinates": [
          [
            [
              12.549565755724021,
              41.86502849255141
            ],
            [
              12.55681563150457,
              41.86502849255141
            ],
            [
              12.55681563150457,
              41.86592781415733
            ],
            [
              12.549565755724021,
              41.86592781415733
            ],
            [
              12.549565755724021,
              41.86502849255141
            ]
          ]
        ],
        "type": "Polygon"
      },
      "properties": {
        "grid_x_max_exclusive": 100,
        "grid_x_min": 94,
        "grid_y": 8,
        "nearest_distance_m_max": 3143.713,
        "rate_cents_per_m": 10,
        "source": "rome_strisce_blu_nearest_grid",
        "source_ambiti": [
          "Tuscolano"
        ],
        "source_tariffs": [
          "1 euro/h"
        ],
        "source_zonas": [
          "ZONA03"
        ],
        "zone_id": 100
      },
      "type": "Feature"
    },
    {
      "geometry": {
        "coordinates": [
          [
            [
              12.43598436849543,
              41.86592781415733
            ],
            [
              12.526607815752284,
              41.86592781415733
            ],
            [
              12.526607815752284,
              41.86682713576325
            ],
            [
              12.43598436849543,
              41.86682713576325
            ],
            [
              12.43598436849543,
              41.86592781415733
            ]
          ]
        ],
        "type": "Polygon"
      },
      "properties": {
        "grid_x_max_exclusive": 75,
        "grid_x_min": 0,
        "grid_y": 9,
        "nearest_distance_m_max": 3112.365,
        "rate_cents_per_m": 10,
        "source": "rome_strisce_blu_nearest_grid",
        "source_ambiti": [
          "Appio Latino",
          "Ostiense 1\u00b0 Mun. XA",
          "Ostiense 8\u00b0 Mun. XB-XC",
          "Testaccio",
          "Trastevere"
        ],
        "source_tariffs": [
          "1 euro/h"
        ],
        "source_zonas": [
          "ZONA01",
          "ZONA02",
          "ZONA06"
        ],
        "zone_id": 100
      },
      "type": "Feature"
    },
    {
      "geometry": {
        "coordinates": [
          [
            [
              12.526607815752284,
              41.86592781415733
            ],
            [
              12.547149130463838,
              41.86592781415733
            ],
            [
              12.547149130463838,
              41.86682713576325
            ],
            [
              12.526607815752284,
              41.86682713576325
            ],
            [
              12.526607815752284,
              41.86592781415733
            ]
          ]
        ],
        "type": "Polygon"
      },
      "properties": {
        "grid_x_max_exclusive": 92,
        "grid_x_min": 75,
        "grid_y": 9,
        "nearest_distance_m_max": 2452.732,
        "rate_cents_per_m": 5,
        "source": "rome_strisce_blu_nearest_grid",
        "source_ambiti": [
          "Tuscolano"
        ],
        "source_tariffs": [
          "0,50 euro/h"
        ],
        "source_zonas": [
          "ZONA10"
        ],
        "zone_id": 50
      },
      "type": "Feature"
    },
    {
      "geometry": {
        "coordinates": [
          [
            [
              12.547149130463838,
              41.86592781415733
            ],
            [
              12.55681563150457,
              41.86592781415733
            ],
            [
              12.55681563150457,
              41.86682713576325
            ],
            [
              12.547149130463838,
              41.86682713576325
            ],
            [
              12.547149130463838,
              41.86592781415733
            ]
          ]
        ],
        "type": "Polygon"
      },
      "properties": {
        "grid_x_max_exclusive": 100,
        "grid_x_min": 92,
        "grid_y": 9,
        "nearest_distance_m_max": 3086.653,
        "rate_cents_per_m": 10,
        "source": "rome_strisce_blu_nearest_grid",
        "source_ambiti": [
          "Tuscolano"
        ],
        "source_tariffs": [
          "1 euro/h"
        ],
        "source_zonas": [
          "ZONA03"
        ],
        "zone_id": 100
      },
      "type": "Feature"
    },
    {
      "geometry": {
        "coordinates": [
          [
            [
              12.43598436849543,
              41.86682713576325
            ],
            [
              12.525399503122193,
              41.86682713576325
            ],
            [
              12.525399503122193,
              41.867726457369166
            ],
            [
              12.43598436849543,
              41.867726457369166
            ],
            [
              12.43598436849543,
              41.86682713576325
            ]
          ]
        ],
        "type": "Polygon"
      },
      "properties": {
        "grid_x_max_exclusive": 74,
        "grid_x_min": 0,
        "grid_y": 10,
        "nearest_distance_m_max": 2978.701,
        "rate_cents_per_m": 10,
        "source": "rome_strisce_blu_nearest_grid",
        "source_ambiti": [
          "Appio Latino",
          "Ostiense 1\u00b0 Mun. XA",
          "Ostiense 8\u00b0 Mun. XB-XC",
          "Testaccio",
          "Trastevere"
        ],
        "source_tariffs": [
          "1 euro/h"
        ],
        "source_zonas": [
          "ZONA01",
          "ZONA02",
          "ZONA06"
        ],
        "zone_id": 100
      },
      "type": "Feature"
    },
    {
      "geometry": {
        "coordinates": [
          [
            [
              12.525399503122193,
              41.86682713576325
            ],
            [
              12.545940817833747,
              41.86682713576325
            ],
            [
              12.545940817833747,
              41.867726457369166
            ],
            [
              12.525399503122193,
              41.867726457369166
            ],
            [
              12.525399503122193,
              41.86682713576325
            ]
          ]
        ],
        "type": "Polygon"
      },
      "properties": {
        "grid_x_max_exclusive": 91,
        "grid_x_min": 74,
        "grid_y": 10,
        "nearest_distance_m_max": 2313.723,
        "rate_cents_per_m": 5,
        "source": "rome_strisce_blu_nearest_grid",
        "source_ambiti": [
          "Tuscolano"
        ],
        "source_tariffs": [
          "0,50 euro/h"
        ],
        "source_zonas": [
          "ZONA10"
        ],
        "zone_id": 50
      },
      "type": "Feature"
    },
    {
      "geometry": {
        "coordinates": [
          [
            [
              12.545940817833747,
              41.86682713576325
            ],
            [
              12.55681563150457,
              41.86682713576325
            ],
            [
              12.55681563150457,
              41.867726457369166
            ],
            [
              12.545940817833747,
              41.867726457369166
            ],
            [
              12.545940817833747,
              41.86682713576325
            ]
          ]
        ],
        "type": "Polygon"
      },
      "properties": {
        "grid_x_max_exclusive": 100,
        "grid_x_min": 91,
        "grid_y": 10,
        "nearest_distance_m_max": 3031.819,
        "rate_cents_per_m": 10,
        "source": "rome_strisce_blu_nearest_grid",
        "source_ambiti": [
          "Tuscolano"
        ],
        "source_tariffs": [
          "1 euro/h"
        ],
        "source_zonas": [
          "ZONA03"
        ],
        "zone_id": 100
      },
      "type": "Feature"
    },
    {
      "geometry": {
        "coordinates": [
          [
            [
              12.43598436849543,
              41.867726457369166
            ],
            [
              12.524191190492102,
              41.867726457369166
            ],
            [
              12.524191190492102,
              41.86862577897509
            ],
            [
              12.43598436849543,
              41.86862577897509
            ],
            [
              12.43598436849543,
              41.867726457369166
            ]
          ]
        ],
        "type": "Polygon"
      },
      "properties": {
        "grid_x_max_exclusive": 73,
        "grid_x_min": 0,
        "grid_y": 11,
        "nearest_distance_m_max": 2913.555,
        "rate_cents_per_m": 10,
        "source": "rome_strisce_blu_nearest_grid",
        "source_ambiti": [
          "Appio Latino",
          "Ostiense 1\u00b0 Mun. XA",
          "Ostiense 8\u00b0 Mun. XB-XC",
          "Testaccio",
          "Trastevere"
        ],
        "source_tariffs": [
          "1 euro/h"
        ],
        "source_zonas": [
          "ZONA01",
          "ZONA02",
          "ZONA06"
        ],
        "zone_id": 100
      },
      "type": "Feature"
    },
    {
      "geometry": {
        "coordinates": [
          [
            [
              12.524191190492102,
              41.867726457369166
            ],
            [
              12.544732505203655,
              41.867726457369166
            ],
            [
              12.544732505203655,
              41.86862577897509
            ],
            [
              12.524191190492102,
              41.86862577897509
            ],
            [
              12.524191190492102,
              41.867726457369166
            ]
          ]
        ],
        "type": "Polygon"
      },
      "properties": {
        "grid_x_max_exclusive": 90,
        "grid_x_min": 73,
        "grid_y": 11,
        "nearest_distance_m_max": 2175.025,
        "rate_cents_per_m": 5,
        "source": "rome_strisce_blu_nearest_grid",
        "source_ambiti": [
          "Tuscolano"
        ],
        "source_tariffs": [
          "0,50 euro/h"
        ],
        "source_zonas": [
          "ZONA10"
        ],
        "zone_id": 50
      },
      "type": "Feature"
    },
    {
      "geometry": {
        "coordinates": [
          [
            [
              12.544732505203655,
              41.867726457369166
            ],
            [
              12.55681563150457,
              41.867726457369166
            ],
            [
              12.55681563150457,
              41.86862577897509
            ],
            [
              12.544732505203655,
              41.86862577897509
            ],
            [
              12.544732505203655,
              41.867726457369166
            ]
          ]
        ],
        "type": "Polygon"
      },
      "properties": {
        "grid_x_max_exclusive": 100,
        "grid_x_min": 90,
        "grid_y": 11,
        "nearest_distance_m_max": 2979.079,
        "rate_cents_per_m": 10,
        "source": "rome_strisce_blu_nearest_grid",
        "source_ambiti": [
          "Tuscolano"
        ],
        "source_tariffs": [
          "1 euro/h"
        ],
        "source_zonas": [
          "ZONA03"
        ],
        "zone_id": 100
      },
      "type": "Feature"
    },
    {
      "geometry": {
        "coordinates": [
          [
            [
              12.43598436849543,
              41.86862577897509
            ],
            [
              12.524191190492102,
              41.86862577897509
            ],
            [
              12.524191190492102,
              41.86952510058101
            ],
            [
              12.43598436849543,
              41.86952510058101
            ],
            [
              12.43598436849543,
              41.86862577897509
            ]
          ]
        ],
        "type": "Polygon"
      },
      "properties": {
        "grid_x_max_exclusive": 73,
        "grid_x_min": 0,
        "grid_y": 12,
        "nearest_distance_m_max": 2850.428,
        "rate_cents_per_m": 10,
        "source": "rome_strisce_blu_nearest_grid",
        "source_ambiti": [
          "Appio Latino",
          "Ostiense 1\u00b0 Mun. XA",
          "Ostiense 8\u00b0 Mun. XB-XC",
          "Testaccio",
          "Trastevere"
        ],
        "source_tariffs": [
          "1 euro/h"
        ],
        "source_zonas": [
          "ZONA01",
          "ZONA02",
          "ZONA06"
        ],
        "zone_id": 100
      },
      "type": "Feature"
    },
    {
      "geometry": {
        "coordinates": [
          [
            [
              12.524191190492102,
              41.86862577897509
            ],
            [
              12.543524192573564,
              41.86862577897509
            ],
            [
              12.543524192573564,
              41.86952510058101
            ],
            [
              12.524191190492102,
              41.86952510058101
            ],
            [
              12.524191190492102,
              41.86862577897509
            ]
          ]
        ],
        "type": "Polygon"
      },
      "properties": {
        "grid_x_max_exclusive": 89,
        "grid_x_min": 73,
        "grid_y": 12,
        "nearest_distance_m_max": 2036.702,
        "rate_cents_per_m": 5,
        "source": "rome_strisce_blu_nearest_grid",
        "source_ambiti": [
          "Tuscolano"
        ],
        "source_tariffs": [
          "0,50 euro/h"
        ],
        "source_zonas": [
          "ZONA10"
        ],
        "zone_id": 50
      },
      "type": "Feature"
    },
    {
      "geometry": {
        "coordinates": [
          [
            [
              12.543524192573564,
              41.86862577897509
            ],
            [
              12.55681563150457,
              41.86862577897509
            ],
            [
              12.55681563150457,
              41.86952510058101
            ],
            [
              12.543524192573564,
              41.86952510058101
            ],
            [
              12.543524192573564,
              41.86862577897509
            ]
          ]
        ],
        "type": "Polygon"
      },
      "properties": {
        "grid_x_max_exclusive": 100,
        "grid_x_min": 89,
        "grid_y": 12,
        "nearest_distance_m_max": 2928.337,
        "rate_cents_per_m": 10,
        "source": "rome_strisce_blu_nearest_grid",
        "source_ambiti": [
          "Tuscolano"
        ],
        "source_tariffs": [
          "1 euro/h"
        ],
        "source_zonas": [
          "ZONA03"
        ],
        "zone_id": 100
      },
      "type": "Feature"
    },
    {
      "geometry": {
        "coordinates": [
          [
            [
              12.43598436849543,
              41.86952510058101
            ],
            [
              12.524191190492102,
              41.86952510058101
            ],
            [
              12.524191190492102,
              41.87042442218692
            ],
            [
              12.43598436849543,
              41.87042442218692
            ],
            [
              12.43598436849543,
              41.86952510058101
            ]
          ]
        ],
        "type": "Polygon"
      },
      "properties": {
        "grid_x_max_exclusive": 73,
        "grid_x_min": 0,
        "grid_y": 13,
        "nearest_distance_m_max": 2789.459,
        "rate_cents_per_m": 10,
        "source": "rome_strisce_blu_nearest_grid",
        "source_ambiti": [
          "Appio Latino",
          "Ostiense 1\u00b0 Mun. XA",
          "Ostiense 8\u00b0 Mun. XB-XC",
          "Testaccio",
          "Trastevere"
        ],
        "source_tariffs": [
          "1 euro/h"
        ],
        "source_zonas": [
          "ZONA01",
          "ZONA02",
          "ZONA06"
        ],
        "zone_id": 100
      },
      "type": "Feature"
    },
    {
      "geometry": {
        "coordinates": [
          [
            [
              12.524191190492102,
              41.86952510058101
            ],
            [
              12.54110756731338,
              41.86952510058101
            ],
            [
              12.54110756731338,
              41.87042442218692
            ],
            [
              12.524191190492102,
              41.87042442218692
            ],
            [
              12.524191190492102,
              41.86952510058101
            ]
          ]
        ],
        "type": "Polygon"
      },
      "properties": {
        "grid_x_max_exclusive": 87,
        "grid_x_min": 73,
        "grid_y": 13,
        "nearest_distance_m_max": 1814.477,
        "rate_cents_per_m": 5,
        "source": "rome_strisce_blu_nearest_grid",
        "source_ambiti": [
          "Tuscolano"
        ],
        "source_tariffs": [
          "0,50 euro/h"
        ],
        "source_zonas": [
          "ZONA10"
        ],
        "zone_id": 50
      },
      "type": "Feature"
    },
    {
      "geometry": {
        "coordinates": [
          [
            [
              12.54110756731338,
              41.86952510058101
            ],
            [
              12.55681563150457,
              41.86952510058101
            ],
            [
              12.55681563150457,
              41.87042442218692
            ],
            [
              12.54110756731338,
              41.87042442218692
            ],
            [
              12.54110756731338,
              41.86952510058101
            ]
          ]
        ],
        "type": "Polygon"
      },
      "properties": {
        "grid_x_max_exclusive": 100,
        "grid_x_min": 87,
        "grid_y": 13,
        "nearest_distance_m_max": 2880.144,
        "rate_cents_per_m": 10,
        "source": "rome_strisce_blu_nearest_grid",
        "source_ambiti": [
          "Tuscolano"
        ],
        "source_tariffs": [
          "1 euro/h"
        ],
        "source_zonas": [
          "ZONA03"
        ],
        "zone_id": 100
      },
      "type": "Feature"
    },
    {
      "geometry": {
        "coordinates": [
          [
            [
              12.43598436849543,
              41.87042442218692
            ],
            [
              12.52298287786201,
              41.87042442218692
            ],
            [
              12.52298287786201,
              41.87132374379284
            ],
            [
              12.43598436849543,
              41.87132374379284
            ],
            [
              12.43598436849543,
              41.87042442218692
            ]
          ]
        ],
        "type": "Polygon"
      },
      "properties": {
        "grid_x_max_exclusive": 72,
        "grid_x_min": 0,
        "grid_y": 14,
        "nearest_distance_m_max": 2730.792,
        "rate_cents_per_m": 10,
        "source": "rome_strisce_blu_nearest_grid",
        "source_ambiti": [
          "Appio Latino",
          "Ostiense 1\u00b0 Mun. XA",
          "Ostiense 8\u00b0 Mun. XB-XC",
          "Testaccio",
          "Trastevere"
        ],
        "source_tariffs": [
          "1 euro/h"
        ],
        "source_zonas": [
          "ZONA01",
          "ZONA02",
          "ZONA06"
        ],
        "zone_id": 100
      },
      "type": "Feature"
    },
    {
      "geometry": {
        "coordinates": [
          [
            [
              12.52298287786201,
              41.87042442218692
            ],
            [
              12.53989925468329,
              41.87042442218692
            ],
            [
              12.53989925468329,
              41.87132374379284
            ],
            [
              12.52298287786201,
              41.87132374379284
            ],
            [
              12.52298287786201,
              41.87042442218692
            ]
          ]
        ],
        "type": "Polygon"
      },
      "properties": {
        "grid_x_max_exclusive": 86,
        "grid_x_min": 72,
        "grid_y": 14,
        "nearest_distance_m_max": 1676.23,
        "rate_cents_per_m": 5,
        "source": "rome_strisce_blu_nearest_grid",
        "source_ambiti": [
          "Tuscolano"
        ],
        "source_tariffs": [
          "0,50 euro/h"
        ],
        "source_zonas": [
          "ZONA10"
        ],
        "zone_id": 50
      },
      "type": "Feature"
    },
    {
      "geometry": {
        "coordinates": [
          [
            [
              12.53989925468329,
              41.87042442218692
            ],
            [
              12.55681563150457,
              41.87042442218692
            ],
            [
              12.55681563150457,
              41.87132374379284
            ],
            [
              12.53989925468329,
              41.87132374379284
            ],
            [
              12.53989925468329,
              41.87042442218692
            ]
          ]
        ],
        "type": "Polygon"
      },
      "properties": {
        "grid_x_max_exclusive": 100,
        "grid_x_min": 86,
        "grid_y": 14,
        "nearest_distance_m_max": 2833.824,
        "rate_cents_per_m": 10,
        "source": "rome_strisce_blu_nearest_grid",
        "source_ambiti": [
          "Tuscolano"
        ],
        "source_tariffs": [
          "1 euro/h"
        ],
        "source_zonas": [
          "ZONA03"
        ],
        "zone_id": 100
      },
      "type": "Feature"
    },
    {
      "geometry": {
        "coordinates": [
          [
            [
              12.43598436849543,
              41.87132374379284
            ],
            [
              12.52298287786201,
              41.87132374379284
            ],
            [
              12.52298287786201,
              41.872223065398764
            ],
            [
              12.43598436849543,
              41.872223065398764
            ],
            [
              12.43598436849543,
              41.87132374379284
            ]
          ]
        ],
        "type": "Polygon"
      },
      "properties": {
        "grid_x_max_exclusive": 72,
        "grid_x_min": 0,
        "grid_y": 15,
        "nearest_distance_m_max": 2674.577,
        "rate_cents_per_m": 10,
        "source": "rome_strisce_blu_nearest_grid",
        "source_ambiti": [
          "Appio Latino",
          "Ostiense 1\u00b0 Mun. XA",
          "Ostiense 8\u00b0 Mun. XB-XC",
          "Testaccio",
          "Trastevere"
        ],
        "source_tariffs": [
          "1 euro/h"
        ],
        "source_zonas": [
          "ZONA01",
          "ZONA02",
          "ZONA06"
        ],
        "zone_id": 100
      },
      "type": "Feature"
    },
    {
      "geometry": {
        "coordinates": [
          [
            [
              12.52298287786201,
              41.87132374379284
            ],
            [
              12.538690942053199,
              41.87132374379284
            ],
            [
              12.538690942053199,
              41.872223065398764
            ],
            [
              12.52298287786201,
              41.872223065398764
            ],
            [
              12.52298287786201,
              41.87132374379284
            ]
          ]
        ],
        "type": "Polygon"
      },
      "properties": {
        "grid_x_max_exclusive": 85,
        "grid_x_min": 72,
        "grid_y": 15,
        "nearest_distance_m_max": 1538.56,
        "rate_cents_per_m": 5,
        "source": "rome_strisce_blu_nearest_grid",
        "source_ambiti": [
          "Tuscolano"
        ],
        "source_tariffs": [
          "0,50 euro/h"
        ],
        "source_zonas": [
          "ZONA10"
        ],
        "zone_id": 50
      },
      "type": "Feature"
    },
    {
      "geometry": {
        "coordinates": [
          [
            [
              12.538690942053199,
              41.87132374379284
            ],
            [
              12.55681563150457,
              41.87132374379284
            ],
            [
              12.55681563150457,
              41.872223065398764
            ],
            [
              12.538690942053199,
              41.872223065398764
            ],
            [
              12.538690942053199,
              41.87132374379284
            ]
          ]
        ],
        "type": "Polygon"
      },
      "properties": {
        "grid_x_max_exclusive": 100,
        "grid_x_min": 85,
        "grid_y": 15,
        "nearest_distance_m_max": 2790.273,
        "rate_cents_per_m": 10,
        "source": "rome_strisce_blu_nearest_grid",
        "source_ambiti": [
          "Tuscolano"
        ],
        "source_tariffs": [
          "1 euro/h"
        ],
        "source_zonas": [
          "ZONA03"
        ],
        "zone_id": 100
      },
      "type": "Feature"
    },
    {
      "geometry": {
        "coordinates": [
          [
            [
              12.43598436849543,
              41.872223065398764
            ],
            [
              12.521774565231919,
              41.872223065398764
            ],
            [
              12.521774565231919,
              41.87312238700468
            ],
            [
              12.43598436849543,
              41.87312238700468
            ],
            [
              12.43598436849543,
              41.872223065398764
            ]
          ]
        ],
        "type": "Polygon"
      },
      "properties": {
        "grid_x_max_exclusive": 71,
        "grid_x_min": 0,
        "grid_y": 16,
        "nearest_distance_m_max": 2620.974,
        "rate_cents_per_m": 10,
        "source": "rome_strisce_blu_nearest_grid",
        "source_ambiti": [
          "Appio Latino",
          "Ostiense 1\u00b0 Mun. XA",
          "Ostiense 8\u00b0 Mun. XB-XC",
          "Testaccio",
          "Trastevere"
        ],
        "source_tariffs": [
          "1 euro/h"
        ],
        "source_zonas": [
          "ZONA01",
          "ZONA02",
          "ZONA06"
        ],
        "zone_id": 100
      },
      "type": "Feature"
    },
    {
      "geometry": {
        "coordinates": [
          [
            [
              12.521774565231919,
              41.872223065398764
            ],
            [
              12.537482629423106,
              41.872223065398764
            ],
            [
              12.537482629423106,
              41.87312238700468
            ],
            [
              12.521774565231919,
              41.87312238700468
            ],
            [
              12.521774565231919,
              41.872223065398764
            ]
          ]
        ],
        "type": "Polygon"
      },
      "properties": {
        "grid_x_max_exclusive": 84,
        "grid_x_min": 71,
        "grid_y": 16,
        "nearest_distance_m_max": 1401.638,
        "rate_cents_per_m": 5,
        "source": "rome_strisce_blu_nearest_grid",
        "source_ambiti": [
          "Tuscolano"
        ],
        "source_tariffs": [
          "0,50 euro/h"
        ],
        "source_zonas": [
          "ZONA10"
        ],
        "zone_id": 50
      },
      "type": "Feature"
    },
    {
      "geometry": {
        "coordinates": [
          [
            [
              12.537482629423106,
              41.872223065398764
            ],
            [
              12.55681563150457,
              41.872223065398764
            ],
            [
              12.55681563150457,
              41.87312238700468
            ],
            [
              12.537482629423106,
              41.87312238700468
            ],
            [
              12.537482629423106,
              41.872223065398764
            ]
          ]
        ],
        "type": "Polygon"
      },
      "properties": {
        "grid_x_max_exclusive": 100,
        "grid_x_min": 84,
        "grid_y": 16,
        "nearest_distance_m_max": 2749.671,
        "rate_cents_per_m": 10,
        "source": "rome_strisce_blu_nearest_grid",
        "source_ambiti": [
          "Tuscolano"
        ],
        "source_tariffs": [
          "1 euro/h"
        ],
        "source_zonas": [
          "ZONA03"
        ],
        "zone_id": 100
      },
      "type": "Feature"
    },
    {
      "geometry": {
        "coordinates": [
          [
            [
              12.43598436849543,
              41.87312238700468
            ],
            [
              12.474650372658354,
              41.87312238700468
            ],
            [
              12.474650372658354,
              41.8740217086106
            ],
            [
              12.43598436849543,
              41.8740217086106
            ],
            [
              12.43598436849543,
              41.87312238700468
            ]
          ]
        ],
        "type": "Polygon"
      },
      "properties": {
        "grid_x_max_exclusive": 32,
        "grid_x_min": 0,
        "grid_y": 17,
        "nearest_distance_m_max": 2570.145,
        "rate_cents_per_m": 10,
        "source": "rome_strisce_blu_nearest_grid",
        "source_ambiti": [
          "Ostiense 8\u00b0 Mun. XB-XC",
          "Testaccio",
          "Trastevere"
        ],
        "source_tariffs": [
          "1 euro/h"
        ],
        "source_zonas": [
          "ZONA02",
          "ZONA06"
        ],
        "zone_id": 100
      },
      "type": "Feature"
    },
    {
      "geometry": {
        "coordinates": [
          [
            [
              12.474650372658354,
              41.87312238700468
            ],
            [
              12.477066997918538,
              41.87312238700468
            ],
            [
              12.477066997918538,
              41.8740217086106
            ],
            [
              12.474650372658354,
              41.8740217086106
            ],
            [
              12.474650372658354,
              41.87312238700468
            ]
          ]
        ],
        "type": "Polygon"
      },
      "properties": {
        "grid_x_max_exclusive": 34,
        "grid_x_min": 32,
        "grid_y": 17,
        "nearest_distance_m_max": 108.622,
        "rate_cents_per_m": 5,
        "source": "rome_strisce_blu_nearest_grid",
        "source_ambiti": [
          "Ostiense 8\u00b0 Mun. XB-XC"
        ],
        "source_tariffs": [
          "0,50 euro/h"
        ],
        "source_zonas": [
          "ZONA10"
        ],
        "zone_id": 50
      },
      "type": "Feature"
    },
    {
      "geometry": {
        "coordinates": [
          [
            [
              12.477066997918538,
              41.87312238700468
            ],
            [
              12.521774565231919,
              41.87312238700468
            ],
            [
              12.521774565231919,
              41.8740217086106
            ],
            [
              12.477066997918538,
              41.8740217086106
            ],
            [
              12.477066997918538,
              41.87312238700468
            ]
          ]
        ],
        "type": "Polygon"
      },
      "properties": {
        "grid_x_max_exclusive": 71,
        "grid_x_min": 34,
        "grid_y": 17,
        "nearest_distance_m_max": 459.433,
        "rate_cents_per_m": 10,
        "source": "rome_strisce_blu_nearest_grid",
        "source_ambiti": [
          "Appio Latino",
          "Ostiense 1\u00b0 Mun. XA",
          "Ostiense 8\u00b0 Mun. XB-XC"
        ],
        "source_tariffs": [
          "1 euro/h"
        ],
        "source_zonas": [
          "ZONA01"
        ],
        "zone_id": 100
      },
      "type": "Feature"
    },
    {
      "geometry": {
        "coordinates": [
          [
            [
              12.521774565231919,
              41.87312238700468
            ],
            [
              12.535066004162925,
              41.87312238700468
            ],
            [
              12.535066004162925,
              41.8740217086106
            ],
            [
              12.521774565231919,
              41.8740217086106
            ],
            [
              12.521774565231919,
              41.87312238700468
            ]
          ]
        ],
        "type": "Polygon"
      },
      "properties": {
        "grid_x_max_exclusive": 82,
        "grid_x_min": 71,
        "grid_y": 17,
        "nearest_distance_m_max": 1178.455,
        "rate_cents_per_m": 5,
        "source": "rome_strisce_blu_nearest_grid",
        "source_ambiti": [
          "Tuscolano"
        ],
        "source_tariffs": [
          "0,50 euro/h"
        ],
        "source_zonas": [
          "ZONA10"
        ],
        "zone_id": 50
      },
      "type": "Feature"
    },
    {
      "geometry": {
        "coordinates": [
          [
            [
              12.535066004162925,
              41.87312238700468
            ],
            [
              12.55681563150457,
              41.87312238700468
            ],
            [
              12.55681563150457,
              41.8740217086106
            ],
            [
              12.535066004162925,
              41.8740217086106
            ],
            [
              12.535066004162925,
              41.87312238700468
            ]
          ]
        ],
        "type": "Polygon"
      },
      "properties": {
        "grid_x_max_exclusive": 100,
        "grid_x_min": 82,
        "grid_y": 17,
        "nearest_distance_m_max": 2711.585,
        "rate_cents_per_m": 10,
        "source": "rome_strisce_blu_nearest_grid",
        "source_ambiti": [
          "Tuscolano"
        ],
        "source_tariffs": [
          "1 euro/h"
        ],
        "source_zonas": [
          "ZONA03"
        ],
        "zone_id": 100
      },
      "type": "Feature"
    },
    {
      "geometry": {
        "coordinates": [
          [
            [
              12.43598436849543,
              41.8740217086106
            ],
            [
              12.473442060028264,
              41.8740217086106
            ],
            [
              12.473442060028264,
              41.87492103021652
            ],
            [
              12.43598436849543,
              41.87492103021652
            ],
            [
              12.43598436849543,
              41.8740217086106
            ]
          ]
        ],
        "type": "Polygon"
      },
      "properties": {
        "grid_x_max_exclusive": 31,
        "grid_x_min": 0,
        "grid_y": 18,
        "nearest_distance_m_max": 2522.258,
        "rate_cents_per_m": 10,
        "source": "rome_strisce_blu_nearest_grid",
        "source_ambiti": [
          "Testaccio",
          "Trastevere"
        ],
        "source_tariffs": [
          "1 euro/h"
        ],
        "source_zonas": [
          "ZONA02",
          "ZONA06"
        ],
        "zone_id": 100
      },
      "type": "Feature"
    },
    {
      "geometry": {
        "coordinates": [
          [
            [
              12.473442060028264,
              41.8740217086106
            ],
            [
              12.478275310548629,
              41.8740217086106
            ],
            [
              12.478275310548629,
              41.87492103021652
            ],
            [
              12.473442060028264,
              41.87492103021652
            ],
            [
              12.473442060028264,
              41.8740217086106
            ]
          ]
        ],
        "type": "Polygon"
      },
      "properties": {
        "grid_x_max_exclusive": 35,
        "grid_x_min": 31,
        "grid_y": 18,
        "nearest_distance_m_max": 217.75,
        "rate_cents_per_m": 5,
        "source": "rome_strisce_blu_nearest_grid",
        "source_ambiti": [
          "Ostiense 8\u00b0 Mun. XB-XC"
        ],
        "source_tariffs": [
          "0,50 euro/h"
        ],
        "source_zonas": [
          "ZONA10"
        ],
        "zone_id": 50
      },
      "type": "Feature"
    },
    {
      "geometry": {
        "coordinates": [
          [
            [
              12.478275310548629,
              41.8740217086106
            ],
            [
              12.520566252601828,
              41.8740217086106
            ],
            [
              12.520566252601828,
              41.87492103021652
            ],
            [
              12.478275310548629,
              41.87492103021652
            ],
            [
              12.478275310548629,
              41.8740217086106
            ]
          ]
        ],
        "type": "Polygon"
      },
      "properties": {
        "grid_x_max_exclusive": 70,
        "grid_x_min": 35,
        "grid_y": 18,
        "nearest_distance_m_max": 476.901,
        "rate_cents_per_m": 10,
        "source": "rome_strisce_blu_nearest_grid",
        "source_ambiti": [
          "Appio Latino",
          "Ostiense 1\u00b0 Mun. XA",
          "Ostiense 8\u00b0 Mun. XB-XC"
        ],
        "source_tariffs": [
          "1 euro/h"
        ],
        "source_zonas": [
          "ZONA01"
        ],
        "zone_id": 100
      },
      "type": "Feature"
    },
    {
      "geometry": {
        "coordinates": [
          [
            [
              12.520566252601828,
              41.8740217086106
            ],
            [
              12.533857691532832,
              41.8740217086106
            ],
            [
              12.533857691532832,
              41.87492103021652
            ],
            [
              12.520566252601828,
              41.87492103021652
            ],
            [
              12.520566252601828,
              41.8740217086106
            ]
          ]
        ],
        "type": "Polygon"
      },
      "properties": {
        "grid_x_max_exclusive": 81,
        "grid_x_min": 70,
        "grid_y": 18,
        "nearest_distance_m_max": 1042.199,
        "rate_cents_per_m": 5,
        "source": "rome_strisce_blu_nearest_grid",
        "source_ambiti": [
          "Tuscolano"
        ],
        "source_tariffs": [
          "0,50 euro/h"
        ],
        "source_zonas": [
          "ZONA10"
        ],
        "zone_id": 50
      },
      "type": "Feature"
    },
    {
      "geometry": {
        "coordinates": [
          [
            [
              12.533857691532832,
              41.8740217086106
            ],
            [
              12.55681563150457,
              41.8740217086106
            ],
            [
              12.55681563150457,
              41.87492103021652
            ],
            [
              12.533857691532832,
              41.87492103021652
            ],
            [
              12.533857691532832,
              41.8740217086106
            ]
          ]
        ],
        "type": "Polygon"
      },
      "properties": {
        "grid_x_max_exclusive": 100,
        "grid_x_min": 81,
        "grid_y": 18,
        "nearest_distance_m_max": 2676.513,
        "rate_cents_per_m": 10,
        "source": "rome_strisce_blu_nearest_grid",
        "source_ambiti": [
          "Tuscolano"
        ],
        "source_tariffs": [
          "1 euro/h"
        ],
        "source_zonas": [
          "ZONA03"
        ],
        "zone_id": 100
      },
      "type": "Feature"
    },
    {
      "geometry": {
        "coordinates": [
          [
            [
              12.43598436849543,
              41.87492103021652
            ],
            [
              12.477066997918538,
              41.87492103021652
            ],
            [
              12.477066997918538,
              41.87582035182244
            ],
            [
              12.43598436849543,
              41.87582035182244
            ],
            [
              12.43598436849543,
              41.87492103021652
            ]
          ]
        ],
        "type": "Polygon"
      },
      "properties": {
        "grid_x_max_exclusive": 34,
        "grid_x_min": 0,
        "grid_y": 19,
        "nearest_distance_m_max": 2477.484,
        "rate_cents_per_m": 10,
        "source": "rome_strisce_blu_nearest_grid",
        "source_ambiti": [
          "Testaccio",
          "Trastevere"
        ],
        "source_tariffs": [
          "1 euro/h"
        ],
        "source_zonas": [
          "ZONA02",
          "ZONA06"
        ],
        "zone_id": 100
      },
      "type": "Feature"
    },
    {
      "geometry": {
        "coordinates": [
          [
            [
              12.477066997918538,
              41.87492103021652
            ],
            [
              12.478275310548629,
              41.87492103021652
            ],
            [
              12.478275310548629,
              41.87582035182244
            ],
            [
              12.477066997918538,
              41.87582035182244
            ],
            [
              12.477066997918538,
              41.87492103021652
            ]
          ]
        ],
        "type": "Polygon"
      },
      "properties": {
        "grid_x_max_exclusive": 35,
        "grid_x_min": 34,
        "grid_y": 19,
        "nearest_distance_m_max": 21.612,
        "rate_cents_per_m": 5,
        "source": "rome_strisce_blu_nearest_grid",
        "source_ambiti": [
          "Testaccio"
        ],
        "source_tariffs": [
          "0,50 euro/h"
        ],
        "source_zonas": [
          "ZONA16"
        ],
        "zone_id": 50
      },
      "type": "Feature"
    },
    {
      "geometry": {
        "coordinates": [
          [
            [
              12.478275310548629,
              41.87492103021652
            ],
            [
              12.520566252601828,
              41.87492103021652
            ],
            [
              12.520566252601828,
              41.87582035182244
            ],
            [
              12.478275310548629,
              41.87582035182244
            ],
            [
              12.478275310548629,
              41.87492103021652
            ]
          ]
        ],
        "type": "Polygon"
      },
      "properties": {
        "grid_x_max_exclusive": 70,
        "grid_x_min": 35,
        "grid_y": 19,
        "nearest_distance_m_max": 452.615,
        "rate_cents_per_m": 10,
        "source": "rome_strisce_blu_nearest_grid",
        "source_ambiti": [
          "Appio Latino",
          "Ostiense 1\u00b0 Mun. XA",
          "Ostiense 8\u00b0 Mun. XB-XC"
        ],
        "source_tariffs": [
          "1 euro/h"
        ],
        "source_zonas": [
          "ZONA01"
        ],
        "zone_id": 100
      },
      "type": "Feature"
    },
    {
      "geometry": {
        "coordinates": [
          [
            [
              12.520566252601828,
              41.87492103021652
            ],
            [
              12.532649378902741,
              41.87492103021652
            ],
            [
              12.532649378902741,
              41.87582035182244
            ],
            [
              12.520566252601828,
              41.87582035182244
            ],
            [
              12.520566252601828,
              41.87492103021652
            ]
          ]
        ],
        "type": "Polygon"
      },
      "properties": {
        "grid_x_max_exclusive": 80,
        "grid_x_min": 70,
        "grid_y": 19,
        "nearest_distance_m_max": 907.524,
        "rate_cents_per_m": 5,
        "source": "rome_strisce_blu_nearest_grid",
        "source_ambiti": [
          "Tuscolano"
        ],
        "source_tariffs": [
          "0,50 euro/h"
        ],
        "source_zonas": [
          "ZONA10"
        ],
        "zone_id": 50
      },
      "type": "Feature"
    },
    {
      "geometry": {
        "coordinates": [
          [
            [
              12.532649378902741,
              41.87492103021652
            ],
            [
              12.55681563150457,
              41.87492103021652
            ],
            [
              12.55681563150457,
              41.87582035182244
            ],
            [
              12.532649378902741,
              41.87582035182244
            ],
            [
              12.532649378902741,
              41.87492103021652
            ]
          ]
        ],
        "type": "Polygon"
      },
      "properties": {
        "grid_x_max_exclusive": 100,
        "grid_x_min": 80,
        "grid_y": 19,
        "nearest_distance_m_max": 2644.758,
        "rate_cents_per_m": 10,
        "source": "rome_strisce_blu_nearest_grid",
        "source_ambiti": [
          "Tuscolano"
        ],
        "source_tariffs": [
          "1 euro/h"
        ],
        "source_zonas": [
          "ZONA03"
        ],
        "zone_id": 100
      },
      "type": "Feature"
    },
    {
      "geometry": {
        "coordinates": [
          [
            [
              12.43598436849543,
              41.87582035182244
            ],
            [
              12.520566252601828,
              41.87582035182244
            ],
            [
              12.520566252601828,
              41.876719673428354
            ],
            [
              12.43598436849543,
              41.876719673428354
            ],
            [
              12.43598436849543,
              41.87582035182244
            ]
          ]
        ],
        "type": "Polygon"
      },
      "properties": {
        "grid_x_max_exclusive": 70,
        "grid_x_min": 0,
        "grid_y": 20,
        "nearest_distance_m_max": 2676.485,
        "rate_cents_per_m": 10,
        "source": "rome_strisce_blu_nearest_grid",
        "source_ambiti": [
          "Appio Latino",
          "Aurelio",
          "Ostiense 1\u00b0 Mun. XA",
          "Ostiense 8\u00b0 Mun. XB-XC",
          "San Saba",
          "Testaccio",
          "Trastevere"
        ],
        "source_tariffs": [
          "1 euro/h"
        ],
        "source_zonas": [
          "ZONA01",
          "ZONA02",
          "ZONA06"
        ],
        "zone_id": 100
      },
      "type": "Feature"
    },
    {
      "geometry": {
        "coordinates": [
          [
            [
              12.520566252601828,
              41.87582035182244
            ],
            [
              12.530232753642558,
              41.87582035182244
            ],
            [
              12.530232753642558,
              41.876719673428354
            ],
            [
              12.520566252601828,
              41.876719673428354
            ],
            [
              12.520566252601828,
              41.87582035182244
            ]
          ]
        ],
        "type": "Polygon"
      },
      "properties": {
        "grid_x_max_exclusive": 78,
        "grid_x_min": 70,
        "grid_y": 20,
        "nearest_distance_m_max": 683.936,
        "rate_cents_per_m": 5,
        "source": "rome_strisce_blu_nearest_grid",
        "source_ambiti": [
          "Tuscolano"
        ],
        "source_tariffs": [
          "0,50 euro/h"
        ],
        "source_zonas": [
          "ZONA10"
        ],
        "zone_id": 50
      },
      "type": "Feature"
    },
    {
      "geometry": {
        "coordinates": [
          [
            [
              12.530232753642558,
              41.87582035182244
            ],
            [
              12.55681563150457,
              41.87582035182244
            ],
            [
              12.55681563150457,
              41.876719673428354
            ],
            [
              12.530232753642558,
              41.876719673428354
            ],
            [
              12.530232753642558,
              41.87582035182244
            ]
          ]
        ],
        "type": "Polygon"
      },
      "properties": {
        "grid_x_max_exclusive": 100,
        "grid_x_min": 78,
        "grid_y": 20,
        "nearest_distance_m_max": 2615.856,
        "rate_cents_per_m": 10,
        "source": "rome_strisce_blu_nearest_grid",
        "source_ambiti": [
          "Tuscolano"
        ],
        "source_tariffs": [
          "1 euro/h"
        ],
        "source_zonas": [
          "ZONA03"
        ],
        "zone_id": 100
      },
      "type": "Feature"
    },
    {
      "geometry": {
        "coordinates": [
          [
            [
              12.43598436849543,
              41.876719673428354
            ],
            [
              12.460150621097258,
              41.876719673428354
            ],
            [
              12.460150621097258,
              41.877618995034275
            ],
            [
              12.43598436849543,
              41.877618995034275
            ],
            [
              12.43598436849543,
              41.876719673428354
            ]
          ]
        ],
        "type": "Polygon"
      },
      "properties": {
        "grid_x_max_exclusive": 20,
        "grid_x_min": 0,
        "grid_y": 21,
        "nearest_distance_m_max": 2606.084,
        "rate_cents_per_m": 10,
        "source": "rome_strisce_blu_nearest_grid",
        "source_ambiti": [
          "Aurelio",
          "Trastevere"
        ],
        "source_tariffs": [
          "1 euro/h"
        ],
        "source_zonas": [
          "ZONA01",
          "ZONA02"
        ],
        "zone_id": 100
      },
      "type": "Feature"
    },
    {
      "geometry": {
        "coordinates": [
          [
            [
              12.460150621097258,
              41.876719673428354
            ],
            [
              12.466192184247715,
              41.876719673428354
            ],
            [
              12.466192184247715,
              41.877618995034275
            ],
            [
              12.460150621097258,
              41.877618995034275
            ],
            [
              12.460150621097258,
              41.876719673428354
            ]
          ]
        ],
        "type": "Polygon"
      },
      "properties": {
        "grid_x_max_exclusive": 25,
        "grid_x_min": 20,
        "grid_y": 21,
        "nearest_distance_m_max": 822.31,
        "rate_cents_per_m": 12,
        "source": "rome_strisce_blu_nearest_grid",
        "source_ambiti": [
          "Testaccio"
        ],
        "source_tariffs": [
          "1,20 euro/h"
        ],
        "source_zonas": [
          "ZONA05"
        ],
        "zone_id": 120
      },
      "type": "Feature"
    },
    {
      "geometry": {
        "coordinates": [
          [
            [
              12.466192184247715,
              41.876719673428354
            ],
            [
              12.47102543476808,
              41.876719673428354
            ],
            [
              12.47102543476808,
              41.877618995034275
            ],
            [
              12.466192184247715,
              41.877618995034275
            ],
            [
              12.466192184247715,
              41.876719673428354
            ]
          ]
        ],
        "type": "Polygon"
      },
      "properties": {
        "grid_x_max_exclusive": 29,
        "grid_x_min": 25,
        "grid_y": 21,
        "nearest_distance_m_max": 323.104,
        "rate_cents_per_m": 10,
        "source": "rome_strisce_blu_nearest_grid",
        "source_ambiti": [
          "Testaccio"
        ],
        "source_tariffs": [
          "1 euro/h"
        ],
        "source_zonas": [
          "ZONA06"
        ],
        "zone_id": 100
      },
      "type": "Feature"
    },
    {
      "geometry": {
        "coordinates": [
          [
            [
              12.47102543476808,
              41.876719673428354
            ],
            [
              12.472233747398171,
              41.876719673428354
            ],
            [
              12.472233747398171,
              41.877618995034275
            ],
            [
              12.47102543476808,
              41.877618995034275
            ],
            [
              12.47102543476808,
              41.876719673428354
            ]
          ]
        ],
        "type": "Polygon"
      },
      "properties": {
        "grid_x_max_exclusive": 30,
        "grid_x_min": 29,
        "grid_y": 21,
        "nearest_distance_m_max": 30.206,
        "rate_cents_per_m": 12,
        "source": "rome_strisce_blu_nearest_grid",
        "source_ambiti": [
          "Testaccio"
        ],
        "source_tariffs": [
          "1,20 euro/h"
        ],
        "source_zonas": [
          "ZONA05"
        ],
        "zone_id": 120
      },
      "type": "Feature"
    },
    {
      "geometry": {
        "coordinates": [
          [
            [
              12.472233747398171,
              41.876719673428354
            ],
            [
              12.519357939971735,
              41.876719673428354
            ],
            [
              12.519357939971735,
              41.877618995034275
            ],
            [
              12.472233747398171,
              41.877618995034275
            ],
            [
              12.472233747398171,
              41.876719673428354
            ]
          ]
        ],
        "type": "Polygon"
      },
      "properties": {
        "grid_x_max_exclusive": 69,
        "grid_x_min": 30,
        "grid_y": 21,
        "nearest_distance_m_max": 465.883,
        "rate_cents_per_m": 10,
        "source": "rome_strisce_blu_nearest_grid",
        "source_ambiti": [
          "Appio Latino",
          "Ostiense 1\u00b0 Mun. XA",
          "San Saba",
          "Testaccio"
        ],
        "source_tariffs": [
          "1 euro/h"
        ],
        "source_zonas": [
          "ZONA01",
          "ZONA06"
        ],
        "zone_id": 100
      },
      "type": "Feature"
    },
    {
      "geometry": {
        "coordinates": [
          [
            [
              12.519357939971735,
              41.876719673428354
            ],
            [
              12.529024441012467,
              41.876719673428354
            ],
            [
              12.529024441012467,
              41.877618995034275
            ],
            [
              12.519357939971735,
              41.877618995034275
            ],
            [
              12.519357939971735,
              41.876719673428354
            ]
          ]
        ],
        "type": "Polygon"
      },
      "properties": {
        "grid_x_max_exclusive": 77,
        "grid_x_min": 69,
        "grid_y": 21,
        "nearest_distance_m_max": 552.439,
        "rate_cents_per_m": 5,
        "source": "rome_strisce_blu_nearest_grid",
        "source_ambiti": [
          "Tuscolano"
        ],
        "source_tariffs": [
          "0,50 euro/h"
        ],
        "source_zonas": [
          "ZONA10"
        ],
        "zone_id": 50
      },
      "type": "Feature"
    },
    {
      "geometry": {
        "coordinates": [
          [
            [
              12.529024441012467,
              41.876719673428354
            ],
            [
              12.55681563150457,
              41.876719673428354
            ],
            [
              12.55681563150457,
              41.877618995034275
            ],
            [
              12.529024441012467,
              41.877618995034275
            ],
            [
              12.529024441012467,
              41.876719673428354
            ]
          ]
        ],
        "type": "Polygon"
      },
      "properties": {
        "grid_x_max_exclusive": 100,
        "grid_x_min": 77,
        "grid_y": 21,
        "nearest_distance_m_max": 2590.266,
        "rate_cents_per_m": 10,
        "source": "rome_strisce_blu_nearest_grid",
        "source_ambiti": [
          "Tuscolano"
        ],
        "source_tariffs": [
          "1 euro/h"
        ],
        "source_zonas": [
          "ZONA03"
        ],
        "zone_id": 100
      },
      "type": "Feature"
    },
    {
      "geometry": {
        "coordinates": [
          [
            [
              12.43598436849543,
              41.877618995034275
            ],
            [
              12.468608809507897,
              41.877618995034275
            ],
            [
              12.468608809507897,
              41.878518316640196
            ],
            [
              12.43598436849543,
              41.878518316640196
            ],
            [
              12.43598436849543,
              41.877618995034275
            ]
          ]
        ],
        "type": "Polygon"
      },
      "properties": {
        "grid_x_max_exclusive": 27,
        "grid_x_min": 0,
        "grid_y": 22,
        "nearest_distance_m_max": 2537.671,
        "rate_cents_per_m": 10,
        "source": "rome_strisce_blu_nearest_grid",
        "source_ambiti": [
          "Aurelio",
          "Testaccio",
          "Trastevere"
        ],
        "source_tariffs": [
          "1 euro/h"
        ],
        "source_zonas": [
          "ZONA01",
          "ZONA02",
          "ZONA06"
        ],
        "zone_id": 100
      },
      "type": "Feature"
    },
    {
      "geometry": {
        "coordinates": [
          [
            [
              12.468608809507897,
              41.877618995034275
            ],
            [
              12.46981712213799,
              41.877618995034275
            ],
            [
              12.46981712213799,
              41.878518316640196
            ],
            [
              12.468608809507897,
              41.878518316640196
            ],
            [
              12.468608809507897,
              41.877618995034275
            ]
          ]
        ],
        "type": "Polygon"
      },
      "properties": {
        "grid_x_max_exclusive": 28,
        "grid_x_min": 27,
        "grid_y": 22,
        "nearest_distance_m_max": 125.49,
        "rate_cents_per_m": 12,
        "source": "rome_strisce_blu_nearest_grid",
        "source_ambiti": [
          "Testaccio"
        ],
        "source_tariffs": [
          "1,20 euro/h"
        ],
        "source_zonas": [
          "ZONA05"
        ],
        "zone_id": 120
      },
      "type": "Feature"
    },
    {
      "geometry": {
        "coordinates": [
          [
            [
              12.46981712213799,
              41.877618995034275
            ],
            [
              12.47102543476808,
              41.877618995034275
            ],
            [
              12.47102543476808,
              41.878518316640196
            ],
            [
              12.46981712213799,
              41.878518316640196
            ],
            [
              12.46981712213799,
              41.877618995034275
            ]
          ]
        ],
        "type": "Polygon"
      },
      "properties": {
        "grid_x_max_exclusive": 29,
        "grid_x_min": 28,
        "grid_y": 22,
        "nearest_distance_m_max": 26.688,
        "rate_cents_per_m": 10,
        "source": "rome_strisce_blu_nearest_grid",
        "source_ambiti": [
          "Testaccio"
        ],
        "source_tariffs": [
          "1 euro/h"
        ],
        "source_zonas": [
          "ZONA06"
        ],
        "zone_id": 100
      },
      "type": "Feature"
    },
    {
      "geometry": {
        "coordinates": [
          [
            [
              12.47102543476808,
              41.877618995034275
            ],
            [
              12.477066997918538,
              41.877618995034275
            ],
            [
              12.477066997918538,
              41.878518316640196
            ],
            [
              12.47102543476808,
              41.878518316640196
            ],
            [
              12.47102543476808,
              41.877618995034275
            ]
          ]
        ],
        "type": "Polygon"
      },
      "properties": {
        "grid_x_max_exclusive": 34,
        "grid_x_min": 29,
        "grid_y": 22,
        "nearest_distance_m_max": 17.299,
        "rate_cents_per_m": 12,
        "source": "rome_strisce_blu_nearest_grid",
        "source_ambiti": [
          "Testaccio"
        ],
        "source_tariffs": [
          "1,20 euro/h"
        ],
        "source_zonas": [
          "ZONA05"
        ],
        "zone_id": 120
      },
      "type": "Feature"
    },
    {
      "geometry": {
        "coordinates": [
          [
            [
              12.477066997918538,
              41.877618995034275
            ],
            [
              12.520566252601828,
              41.877618995034275
            ],
            [
              12.520566252601828,
              41.878518316640196
            ],
            [
              12.477066997918538,
              41.878518316640196
            ],
            [
              12.477066997918538,
              41.877618995034275
            ]
          ]
        ],
        "type": "Polygon"
      },
      "properties": {
        "grid_x_max_exclusive": 70,
        "grid_x_min": 34,
        "grid_y": 22,
        "nearest_distance_m_max": 427.605,
        "rate_cents_per_m": 10,
        "source": "rome_strisce_blu_nearest_grid",
        "source_ambiti": [
          "Appio Latino",
          "Ripa",
          "San Saba",
          "Testaccio",
          "Tuscolano"
        ],
        "source_tariffs": [
          "1 euro/h"
        ],
        "source_zonas": [
          "ZONA01",
          "ZONA02",
          "ZONA06"
        ],
        "zone_id": 100
      },
      "type": "Feature"
    },
    {
      "geometry": {
        "coordinates": [
          [
            [
              12.520566252601828,
              41.877618995034275
            ],
            [
              12.527816128382376,
              41.877618995034275
            ],
            [
              12.527816128382376,
              41.878518316640196
            ],
            [
              12.520566252601828,
              41.878518316640196
            ],
            [
              12.520566252601828,
              41.877618995034275
            ]
          ]
        ],
        "type": "Polygon"
      },
      "properties": {
        "grid_x_max_exclusive": 76,
        "grid_x_min": 70,
        "grid_y": 22,
        "nearest_distance_m_max": 427.329,
        "rate_cents_per_m": 5,
        "source": "rome_strisce_blu_nearest_grid",
        "source_ambiti": [
          "Tuscolano"
        ],
        "source_tariffs": [
          "0,50 euro/h"
        ],
        "source_zonas": [
          "ZONA10"
        ],
        "zone_id": 50
      },
      "type": "Feature"
    },
    {
      "geometry": {
        "coordinates": [
          [
            [
              12.527816128382376,
              41.877618995034275
            ],
            [
              12.55681563150457,
              41.877618995034275
            ],
            [
              12.55681563150457,
              41.878518316640196
            ],
            [
              12.527816128382376,
              41.878518316640196
            ],
            [
              12.527816128382376,
              41.877618995034275
            ]
          ]
        ],
        "type": "Polygon"
      },
      "properties": {
        "grid_x_max_exclusive": 100,
        "grid_x_min": 76,
        "grid_y": 22,
        "nearest_distance_m_max": 2568.16,
        "rate_cents_per_m": 10,
        "source": "rome_strisce_blu_nearest_grid",
        "source_ambiti": [
          "Tuscolano"
        ],
        "source_tariffs": [
          "1 euro/h"
        ],
        "source_zonas": [
          "ZONA03"
        ],
        "zone_id": 100
      },
      "type": "Feature"
    },
    {
      "geometry": {
        "coordinates": [
          [
            [
              12.43598436849543,
              41.878518316640196
            ],
            [
              12.47102543476808,
              41.878518316640196
            ],
            [
              12.47102543476808,
              41.87941763824611
            ],
            [
              12.43598436849543,
              41.87941763824611
            ],
            [
              12.43598436849543,
              41.878518316640196
            ]
          ]
        ],
        "type": "Polygon"
      },
      "properties": {
        "grid_x_max_exclusive": 29,
        "grid_x_min": 0,
        "grid_y": 23,
        "nearest_distance_m_max": 2471.412,
        "rate_cents_per_m": 10,
        "source": "rome_strisce_blu_nearest_grid",
        "source_ambiti": [
          "Aurelio",
          "Testaccio",
          "Trastevere"
        ],
        "source_tariffs": [
          "1 euro/h"
        ],
        "source_zonas": [
          "ZONA01",
          "ZONA02",
          "ZONA06"
        ],
        "zone_id": 100
      },
      "type": "Feature"
    },
    {
      "geometry": {
        "coordinates": [
          [
            [
              12.47102543476808,
              41.878518316640196
            ],
            [
              12.478275310548629,
              41.878518316640196
            ],
            [
              12.478275310548629,
              41.87941763824611
            ],
            [
              12.47102543476808,
              41.87941763824611
            ],
            [
              12.47102543476808,
              41.878518316640196
            ]
          ]
        ],
        "type": "Polygon"
      },
      "properties": {
        "grid_x_max_exclusive": 35,
        "grid_x_min": 29,
        "grid_y": 23,
        "nearest_distance_m_max": 24.678,
        "rate_cents_per_m": 12,
        "source": "rome_strisce_blu_nearest_grid",
        "source_ambiti": [
          "Testaccio"
        ],
        "source_tariffs": [
          "1,20 euro/h"
        ],
        "source_zonas": [
          "ZONA05"
        ],
        "zone_id": 120
      },
      "type": "Feature"
    },
    {
      "geometry": {
        "coordinates": [
          [
            [
              12.478275310548629,
              41.878518316640196
            ],
            [
              12.521774565231919,
              41.878518316640196
            ],
            [
              12.521774565231919,
              41.87941763824611
            ],
            [
              12.478275310548629,
              41.87941763824611
            ],
            [
              12.478275310548629,
              41.878518316640196
            ]
          ]
        ],
        "type": "Polygon"
      },
      "properties": {
        "grid_x_max_exclusive": 71,
        "grid_x_min": 35,
        "grid_y": 23,
        "nearest_distance_m_max": 452.211,
        "rate_cents_per_m": 10,
        "source": "rome_strisce_blu_nearest_grid",
        "source_ambiti": [
          "Appio Latino",
          "Ripa",
          "San Saba",
          "Testaccio",
          "Tuscolano"
        ],
        "source_tariffs": [
          "1 euro/h"
        ],
        "source_zonas": [
          "ZONA01",
          "ZONA02",
          "ZONA06"
        ],
        "zone_id": 100
      },
      "type": "Feature"
    },
    {
      "geometry": {
        "coordinates": [
          [
            [
              12.521774565231919,
              41.878518316640196
            ],
            [
              12.524191190492102,
              41.878518316640196
            ],
            [
              12.524191190492102,
              41.87941763824611
            ],
            [
              12.521774565231919,
              41.87941763824611
            ],
            [
              12.521774565231919,
              41.878518316640196
            ]
          ]
        ],
        "type": "Polygon"
      },
      "properties": {
        "grid_x_max_exclusive": 73,
        "grid_x_min": 71,
        "grid_y": 23,
        "nearest_distance_m_max": 116.308,
        "rate_cents_per_m": 5,
        "source": "rome_strisce_blu_nearest_grid",
        "source_ambiti": [
          "Tuscolano"
        ],
        "source_tariffs": [
          "0,50 euro/h"
        ],
        "source_zonas": [
          "ZONA10"
        ],
        "zone_id": 50
      },
      "type": "Feature"
    },
    {
      "geometry": {
        "coordinates": [
          [
            [
              12.524191190492102,
              41.878518316640196
            ],
            [
              12.55681563150457,
              41.878518316640196
            ],
            [
              12.55681563150457,
              41.87941763824611
            ],
            [
              12.524191190492102,
              41.87941763824611
            ],
            [
              12.524191190492102,
              41.878518316640196
            ]
          ]
        ],
        "type": "Polygon"
      },
      "properties": {
        "grid_x_max_exclusive": 100,
        "grid_x_min": 73,
        "grid_y": 23,
        "nearest_distance_m_max": 2548.97,
        "rate_cents_per_m": 10,
        "source": "rome_strisce_blu_nearest_grid",
        "source_ambiti": [
          "Tuscolano"
        ],
        "source_tariffs": [
          "1 euro/h"
        ],
        "source_zonas": [
          "ZONA01",
          "ZONA03"
        ],
        "zone_id": 100
      },
      "type": "Feature"
    },
    {
      "geometry": {
        "coordinates": [
          [
            [
              12.43598436849543,
              41.87941763824611
            ],
            [
              12.472233747398171,
              41.87941763824611
            ],
            [
              12.472233747398171,
              41.88031695985203
            ],
            [
              12.43598436849543,
              41.88031695985203
            ],
            [
              12.43598436849543,
              41.87941763824611
            ]
          ]
        ],
        "type": "Polygon"
      },
      "properties": {
        "grid_x_max_exclusive": 30,
        "grid_x_min": 0,
        "grid_y": 24,
        "nearest_distance_m_max": 2407.484,
        "rate_cents_per_m": 10,
        "source": "rome_strisce_blu_nearest_grid",
        "source_ambiti": [
          "Aurelio",
          "Testaccio",
          "Trastevere"
        ],
        "source_tariffs": [
          "1 euro/h"
        ],
        "source_zonas": [
          "ZONA01",
          "ZONA02",
          "ZONA06"
        ],
        "zone_id": 100
      },
      "type": "Feature"
    },
    {
      "geometry": {
        "coordinates": [
          [
            [
              12.472233747398171,
              41.87941763824611
            ],
            [
              12.478275310548629,
              41.87941763824611
            ],
            [
              12.478275310548629,
              41.88031695985203
            ],
            [
              12.472233747398171,
              41.88031695985203
            ],
            [
              12.472233747398171,
              41.87941763824611
            ]
          ]
        ],
        "type": "Polygon"
      },
      "properties": {
        "grid_x_max_exclusive": 35,
        "grid_x_min": 30,
        "grid_y": 24,
        "nearest_distance_m_max": 68.014,
        "rate_cents_per_m": 12,
        "source": "rome_strisce_blu_nearest_grid",
        "source_ambiti": [
          "Testaccio"
        ],
        "source_tariffs": [
          "1,20 euro/h"
        ],
        "source_zonas": [
          "ZONA05"
        ],
        "zone_id": 120
      },
      "type": "Feature"
    },
    {
      "geometry": {
        "coordinates": [
          [
            [
              12.478275310548629,
              41.87941763824611
            ],
            [
              12.55681563150457,
              41.87941763824611
            ],
            [
              12.55681563150457,
              41.88031695985203
            ],
            [
              12.478275310548629,
              41.88031695985203
            ],
            [
              12.478275310548629,
              41.87941763824611
            ]
          ]
        ],
        "type": "Polygon"
      },
      "properties": {
        "grid_x_max_exclusive": 100,
        "grid_x_min": 35,
        "grid_y": 24,
        "nearest_distance_m_max": 2533.584,
        "rate_cents_per_m": 10,
        "source": "rome_strisce_blu_nearest_grid",
        "source_ambiti": [
          "Appio Latino",
          "Ripa",
          "San Saba",
          "Testaccio",
          "Tuscolano"
        ],
        "source_tariffs": [
          "1 euro/h"
        ],
        "source_zonas": [
          "ZONA01",
          "ZONA02",
          "ZONA03",
          "ZONA06"
        ],
        "zone_id": 100
      },
      "type": "Feature"
    },
    {
      "geometry": {
        "coordinates": [
          [
            [
              12.43598436849543,
              41.88031695985203
            ],
            [
              12.473442060028264,
              41.88031695985203
            ],
            [
              12.473442060028264,
              41.88121628145795
            ],
            [
              12.43598436849543,
              41.88121628145795
            ],
            [
              12.43598436849543,
              41.88031695985203
            ]
          ]
        ],
        "type": "Polygon"
      },
      "properties": {
        "grid_x_max_exclusive": 31,
        "grid_x_min": 0,
        "grid_y": 25,
        "nearest_distance_m_max": 2263.207,
        "rate_cents_per_m": 10,
        "source": "rome_strisce_blu_nearest_grid",
        "source_ambiti": [
          "Aurelio",
          "Testaccio",
          "Trastevere"
        ],
        "source_tariffs": [
          "1 euro/h"
        ],
        "source_zonas": [
          "ZONA01",
          "ZONA02",
          "ZONA06"
        ],
        "zone_id": 100
      },
      "type": "Feature"
    },
    {
      "geometry": {
        "coordinates": [
          [
            [
              12.473442060028264,
              41.88031695985203
            ],
            [
              12.477066997918538,
              41.88031695985203
            ],
            [
              12.477066997918538,
              41.88121628145795
            ],
            [
              12.473442060028264,
              41.88121628145795
            ],
            [
              12.473442060028264,
              41.88031695985203
            ]
          ]
        ],
        "type": "Polygon"
      },
      "properties": {
        "grid_x_max_exclusive": 34,
        "grid_x_min": 31,
        "grid_y": 25,
        "nearest_distance_m_max": 30.055,
        "rate_cents_per_m": 12,
        "source": "rome_strisce_blu_nearest_grid",
        "source_ambiti": [
          "Testaccio"
        ],
        "source_tariffs": [
          "1,20 euro/h"
        ],
        "source_zonas": [
          "ZONA05"
        ],
        "zone_id": 120
      },
      "type": "Feature"
    },
    {
      "geometry": {
        "coordinates": [
          [
            [
              12.477066997918538,
              41.88031695985203
            ],
            [
              12.55681563150457,
              41.88031695985203
            ],
            [
              12.55681563150457,
              41.88121628145795
            ],
            [
              12.477066997918538,
              41.88121628145795
            ],
            [
              12.477066997918538,
              41.88031695985203
            ]
          ]
        ],
        "type": "Polygon"
      },
      "properties": {
        "grid_x_max_exclusive": 100,
        "grid_x_min": 34,
        "grid_y": 25,
        "nearest_distance_m_max": 2521.732,
        "rate_cents_per_m": 10,
        "source": "rome_strisce_blu_nearest_grid",
        "source_ambiti": [
          "Appio Latino",
          "Monti",
          "Ripa",
          "San Saba",
          "Testaccio",
          "Tuscolano"
        ],
        "source_tariffs": [
          "1 euro/h"
        ],
        "source_zonas": [
          "ZONA01",
          "ZONA02",
          "ZONA03",
          "ZONA06"
        ],
        "zone_id": 100
      },
      "type": "Feature"
    },
    {
      "geometry": {
        "coordinates": [
          [
            [
              12.43598436849543,
              41.88121628145795
            ],
            [
              12.474650372658354,
              41.88121628145795
            ],
            [
              12.474650372658354,
              41.882115603063866
            ],
            [
              12.43598436849543,
              41.882115603063866
            ],
            [
              12.43598436849543,
              41.88121628145795
            ]
          ]
        ],
        "type": "Polygon"
      },
      "properties": {
        "grid_x_max_exclusive": 32,
        "grid_x_min": 0,
        "grid_y": 26,
        "nearest_distance_m_max": 2196.406,
        "rate_cents_per_m": 10,
        "source": "rome_strisce_blu_nearest_grid",
        "source_ambiti": [
          "Aurelio",
          "Testaccio",
          "Trastevere"
        ],
        "source_tariffs": [
          "1 euro/h"
        ],
        "source_zonas": [
          "ZONA01",
          "ZONA02",
          "ZONA06"
        ],
        "zone_id": 100
      },
      "type": "Feature"
    },
    {
      "geometry": {
        "coordinates": [
          [
            [
              12.474650372658354,
              41.88121628145795
            ],
            [
              12.477066997918538,
              41.88121628145795
            ],
            [
              12.477066997918538,
              41.882115603063866
            ],
            [
              12.474650372658354,
              41.882115603063866
            ],
            [
              12.474650372658354,
              41.88121628145795
            ]
          ]
        ],
        "type": "Polygon"
      },
      "properties": {
        "grid_x_max_exclusive": 34,
        "grid_x_min": 32,
        "grid_y": 26,
        "nearest_distance_m_max": 39.505,
        "rate_cents_per_m": 12,
        "source": "rome_strisce_blu_nearest_grid",
        "source_ambiti": [
          "Testaccio"
        ],
        "source_tariffs": [
          "1,20 euro/h"
        ],
        "source_zonas": [
          "ZONA05"
        ],
        "zone_id": 120
      },
      "type": "Feature"
    },
    {
      "geometry": {
        "coordinates": [
          [
            [
              12.477066997918538,
              41.88121628145795
            ],
            [
              12.55681563150457,
              41.88121628145795
            ],
            [
              12.55681563150457,
              41.882115603063866
            ],
            [
              12.477066997918538,
              41.882115603063866
            ],
            [
              12.477066997918538,
              41.88121628145795
            ]
          ]
        ],
        "type": "Polygon"
      },
      "properties": {
        "grid_x_max_exclusive": 100,
        "grid_x_min": 34,
        "grid_y": 26,
        "nearest_distance_m_max": 2513.075,
        "rate_cents_per_m": 10,
        "source": "rome_strisce_blu_nearest_grid",
        "source_ambiti": [
          "Appio Latino",
          "Monti",
          "Ripa",
          "San Saba",
          "Testaccio",
          "Tuscolano"
        ],
        "source_tariffs": [
          "1 euro/h"
        ],
        "source_zonas": [
          "ZONA01",
          "ZONA02",
          "ZONA03",
          "ZONA06"
        ],
        "zone_id": 100
      },
      "type": "Feature"
    },
    {
      "geometry": {
        "coordinates": [
          [
            [
              12.43598436849543,
              41.882115603063866
            ],
            [
              12.55681563150457,
              41.882115603063866
            ],
            [
              12.55681563150457,
              41.88301492466979
            ],
            [
              12.43598436849543,
              41.88301492466979
            ],
            [
              12.43598436849543,
              41.882115603063866
            ]
          ]
        ],
        "type": "Polygon"
      },
      "properties": {
        "grid_x_max_exclusive": 100,
        "grid_x_min": 0,
        "grid_y": 27,
        "nearest_distance_m_max": 2508.378,
        "rate_cents_per_m": 10,
        "source": "rome_strisce_blu_nearest_grid",
        "source_ambiti": [
          "Appio Latino",
          "Aurelio",
          "Monti",
          "Ripa",
          "San Saba",
          "Testaccio",
          "Trastevere",
          "Tuscolano"
        ],
        "source_tariffs": [
          "1 euro/h"
        ],
        "source_zonas": [
          "ZONA01",
          "ZONA02",
          "ZONA03",
          "ZONA04",
          "ZONA06"
        ],
        "zone_id": 100
      },
      "type": "Feature"
    },
    {
      "geometry": {
        "coordinates": [
          [
            [
              12.43598436849543,
              41.88301492466979
            ],
            [
              12.55681563150457,
              41.88301492466979
            ],
            [
              12.55681563150457,
              41.88391424627571
            ],
            [
              12.43598436849543,
              41.88391424627571
            ],
            [
              12.43598436849543,
              41.88301492466979
            ]
          ]
        ],
        "type": "Polygon"
      },
      "properties": {
        "grid_x_max_exclusive": 100,
        "grid_x_min": 0,
        "grid_y": 28,
        "nearest_distance_m_max": 2507.252,
        "rate_cents_per_m": 10,
        "source": "rome_strisce_blu_nearest_grid",
        "source_ambiti": [
          "Appio Latino",
          "Aurelio",
          "Celio",
          "Monti",
          "Ripa",
          "San Saba",
          "Trastevere",
          "Tuscolano"
        ],
        "source_tariffs": [
          "1 euro/h"
        ],
        "source_zonas": [
          "ZONA01",
          "ZONA02",
          "ZONA03",
          "ZONA04",
          "ZONA06"
        ],
        "zone_id": 100
      },
      "type": "Feature"
    },
    {
      "geometry": {
        "coordinates": [
          [
            [
              12.43598436849543,
              41.88391424627571
            ],
            [
              12.473442060028264,
              41.88391424627571
            ],
            [
              12.473442060028264,
              41.88481356788162
            ],
            [
              12.43598436849543,
              41.88481356788162
            ],
            [
              12.43598436849543,
              41.88391424627571
            ]
          ]
        ],
        "type": "Polygon"
      },
      "properties": {
        "grid_x_max_exclusive": 31,
        "grid_x_min": 0,
        "grid_y": 29,
        "nearest_distance_m_max": 2012.58,
        "rate_cents_per_m": 10,
        "source": "rome_strisce_blu_nearest_grid",
        "source_ambiti": [
          "Aurelio",
          "Trastevere"
        ],
        "source_tariffs": [
          "1 euro/h"
        ],
        "source_zonas": [
          "ZONA01",
          "ZONA02",
          "ZONA06"
        ],
        "zone_id": 100
      },
      "type": "Feature"
    },
    {
      "geometry": {
        "coordinates": [
          [
            [
              12.473442060028264,
              41.88391424627571
            ],
            [
              12.475858685288445,
              41.88391424627571
            ],
            [
              12.475858685288445,
              41.88481356788162
            ],
            [
              12.473442060028264,
              41.88481356788162
            ],
            [
              12.473442060028264,
              41.88391424627571
            ]
          ]
        ],
        "type": "Polygon"
      },
      "properties": {
        "grid_x_max_exclusive": 33,
        "grid_x_min": 31,
        "grid_y": 29,
        "nearest_distance_m_max": 78.32,
        "rate_cents_per_m": 12,
        "source": "rome_strisce_blu_nearest_grid",
        "source_ambiti": [
          "Trastevere"
        ],
        "source_tariffs": [
          "1,20 euro/h"
        ],
        "source_zonas": [
          "ZONA05"
        ],
        "zone_id": 120
      },
      "type": "Feature"
    },
    {
      "geometry": {
        "coordinates": [
          [
            [
              12.475858685288445,
              41.88391424627571
            ],
            [
              12.55681563150457,
              41.88391424627571
            ],
            [
              12.55681563150457,
              41.88481356788162
            ],
            [
              12.475858685288445,
              41.88481356788162
            ],
            [
              12.475858685288445,
              41.88391424627571
            ]
          ]
        ],
        "type": "Polygon"
      },
      "properties": {
        "grid_x_max_exclusive": 100,
        "grid_x_min": 33,
        "grid_y": 29,
        "nearest_distance_m_max": 2509.445,
        "rate_cents_per_m": 10,
        "source": "rome_strisce_blu_nearest_grid",
        "source_ambiti": [
          "Appio Latino",
          "Celio",
          "Monti",
          "Ripa",
          "San Saba",
          "Tuscolano"
        ],
        "source_tariffs": [
          "1 euro/h"
        ],
        "source_zonas": [
          "ZONA01",
          "ZONA02",
          "ZONA03",
          "ZONA04",
          "ZONA06"
        ],
        "zone_id": 100
      },
      "type": "Feature"
    },
    {
      "geometry": {
        "coordinates": [
          [
            [
              12.43598436849543,
              41.88481356788162
            ],
            [
              12.473442060028264,
              41.88481356788162
            ],
            [
              12.473442060028264,
              41.88571288948754
            ],
            [
              12.43598436849543,
              41.88571288948754
            ],
            [
              12.43598436849543,
              41.88481356788162
            ]
          ]
        ],
        "type": "Polygon"
      },
      "properties": {
        "grid_x_max_exclusive": 31,
        "grid_x_min": 0,
        "grid_y": 30,
        "nearest_distance_m_max": 1969.258,
        "rate_cents_per_m": 10,
        "source": "rome_strisce_blu_nearest_grid",
        "source_ambiti": [
          "Aurelio",
          "Trastevere"
        ],
        "source_tariffs": [
          "1 euro/h"
        ],
        "source_zonas": [
          "ZONA01",
          "ZONA02",
          "ZONA06"
        ],
        "zone_id": 100
      },
      "type": "Feature"
    },
    {
      "geometry": {
        "coordinates": [
          [
            [
              12.473442060028264,
              41.88481356788162
            ],
            [
              12.477066997918538,
              41.88481356788162
            ],
            [
              12.477066997918538,
              41.88571288948754
            ],
            [
              12.473442060028264,
              41.88571288948754
            ],
            [
              12.473442060028264,
              41.88481356788162
            ]
          ]
        ],
        "type": "Polygon"
      },
      "properties": {
        "grid_x_max_exclusive": 34,
        "grid_x_min": 31,
        "grid_y": 30,
        "nearest_distance_m_max": 81.109,
        "rate_cents_per_m": 12,
        "source": "rome_strisce_blu_nearest_grid",
        "source_ambiti": [
          "Trastevere"
        ],
        "source_tariffs": [
          "1,20 euro/h"
        ],
        "source_zonas": [
          "ZONA05"
        ],
        "zone_id": 120
      },
      "type": "Feature"
    },
    {
      "geometry": {
        "coordinates": [
          [
            [
              12.477066997918538,
              41.88481356788162
            ],
            [
              12.55681563150457,
              41.88481356788162
            ],
            [
              12.55681563150457,
              41.88571288948754
            ],
            [
              12.477066997918538,
              41.88571288948754
            ],
            [
              12.477066997918538,
              41.88481356788162
            ]
          ]
        ],
        "type": "Polygon"
      },
      "properties": {
        "grid_x_max_exclusive": 100,
        "grid_x_min": 34,
        "grid_y": 30,
        "nearest_distance_m_max": 2515.609,
        "rate_cents_per_m": 10,
        "source": "rome_strisce_blu_nearest_grid",
        "source_ambiti": [
          "Appio Latino",
          "Celio",
          "Monti",
          "Ripa",
          "San Saba",
          "Trastevere",
          "Tuscolano"
        ],
        "source_tariffs": [
          "1 euro/h"
        ],
        "source_zonas": [
          "ZONA01",
          "ZONA02",
          "ZONA03",
          "ZONA04",
          "ZONA06",
          "ZONA14"
        ],
        "zone_id": 100
      },
      "type": "Feature"
    },
    {
      "geometry": {
        "coordinates": [
          [
            [
              12.43598436849543,
              41.88571288948754
            ],
            [
              12.467400496877806,
              41.88571288948754
            ],
            [
              12.467400496877806,
              41.886612211093464
            ],
            [
              12.43598436849543,
              41.886612211093464
            ],
            [
              12.43598436849543,
              41.88571288948754
            ]
          ]
        ],
        "type": "Polygon"
      },
      "properties": {
        "grid_x_max_exclusive": 26,
        "grid_x_min": 0,
        "grid_y": 31,
        "nearest_distance_m_max": 1901.961,
        "rate_cents_per_m": 10,
        "source": "rome_strisce_blu_nearest_grid",
        "source_ambiti": [
          "Aurelio",
          "Trastevere"
        ],
        "source_tariffs": [
          "1 euro/h"
        ],
        "source_zonas": [
          "ZONA01",
          "ZONA02"
        ],
        "zone_id": 100
      },
      "type": "Feature"
    },
    {
      "geometry": {
        "coordinates": [
          [
            [
              12.467400496877806,
              41.88571288948754
            ],
            [
              12.46981712213799,
              41.88571288948754
            ],
            [
              12.46981712213799,
              41.886612211093464
            ],
            [
              12.467400496877806,
              41.886612211093464
            ],
            [
              12.467400496877806,
              41.88571288948754
            ]
          ]
        ],
        "type": "Polygon"
      },
      "properties": {
        "grid_x_max_exclusive": 28,
        "grid_x_min": 26,
        "grid_y": 31,
        "nearest_distance_m_max": 28.834,
        "rate_cents_per_m": 12,
        "source": "rome_strisce_blu_nearest_grid",
        "source_ambiti": [
          "Trastevere"
        ],
        "source_tariffs": [
          "1,20 euro/h"
        ],
        "source_zonas": [
          "ZONA05"
        ],
        "zone_id": 120
      },
      "type": "Feature"
    },
    {
      "geometry": {
        "coordinates": [
          [
            [
              12.46981712213799,
              41.88571288948754
            ],
            [
              12.472233747398171,
              41.88571288948754
            ],
            [
              12.472233747398171,
              41.886612211093464
            ],
            [
              12.46981712213799,
              41.886612211093464
            ],
            [
              12.46981712213799,
              41.88571288948754
            ]
          ]
        ],
        "type": "Polygon"
      },
      "properties": {
        "grid_x_max_exclusive": 30,
        "grid_x_min": 28,
        "grid_y": 31,
        "nearest_distance_m_max": 37.818,
        "rate_cents_per_m": 10,
        "source": "rome_strisce_blu_nearest_grid",
        "source_ambiti": [
          "Trastevere"
        ],
        "source_tariffs": [
          "1 euro/h"
        ],
        "source_zonas": [
          "ZONA06"
        ],
        "zone_id": 100
      },
      "type": "Feature"
    },
    {
      "geometry": {
        "coordinates": [
          [
            [
              12.472233747398171,
              41.88571288948754
            ],
            [
              12.477066997918538,
              41.88571288948754
            ],
            [
              12.477066997918538,
              41.886612211093464
            ],
            [
              12.472233747398171,
              41.886612211093464
            ],
            [
              12.472233747398171,
              41.88571288948754
            ]
          ]
        ],
        "type": "Polygon"
      },
      "properties": {
        "grid_x_max_exclusive": 34,
        "grid_x_min": 30,
        "grid_y": 31,
        "nearest_distance_m_max": 60.183,
        "rate_cents_per_m": 12,
        "source": "rome_strisce_blu_nearest_grid",
        "source_ambiti": [
          "Trastevere"
        ],
        "source_tariffs": [
          "1,20 euro/h"
        ],
        "source_zonas": [
          "ZONA05"
        ],
        "zone_id": 120
      },
      "type": "Feature"
    },
    {
      "geometry": {
        "coordinates": [
          [
            [
              12.477066997918538,
              41.88571288948754
            ],
            [
              12.55681563150457,
              41.88571288948754
            ],
            [
              12.55681563150457,
              41.886612211093464
            ],
            [
              12.477066997918538,
              41.886612211093464
            ],
            [
              12.477066997918538,
              41.88571288948754
            ]
          ]
        ],
        "type": "Polygon"
      },
      "properties": {
        "grid_x_max_exclusive": 100,
        "grid_x_min": 34,
        "grid_y": 31,
        "nearest_distance_m_max": 2520.993,
        "rate_cents_per_m": 10,
        "source": "rome_strisce_blu_nearest_grid",
        "source_ambiti": [
          "Celio",
          "Esquilino",
          "Monti",
          "Ripa",
          "Trastevere",
          "Tuscolano"
        ],
        "source_tariffs": [
          "1 euro/h"
        ],
        "source_zonas": [
          "ZONA01",
          "ZONA02",
          "ZONA03",
          "ZONA06",
          "ZONA14"
        ],
        "zone_id": 100
      },
      "type": "Feature"
    },
    {
      "geometry": {
        "coordinates": [
          [
            [
              12.43598436849543,
              41.886612211093464
            ],
            [
              12.466192184247715,
              41.886612211093464
            ],
            [
              12.466192184247715,
              41.88751153269938
            ],
            [
              12.43598436849543,
              41.88751153269938
            ],
            [
              12.43598436849543,
              41.886612211093464
            ]
          ]
        ],
        "type": "Polygon"
      },
      "properties": {
        "grid_x_max_exclusive": 25,
        "grid_x_min": 0,
        "grid_y": 32,
        "nearest_distance_m_max": 1837.097,
        "rate_cents_per_m": 10,
        "source": "rome_strisce_blu_nearest_grid",
        "source_ambiti": [
          "Aurelio",
          "Trastevere"
        ],
        "source_tariffs": [
          "1 euro/h"
        ],
        "source_zonas": [
          "ZONA01",
          "ZONA02"
        ],
        "zone_id": 100
      },
      "type": "Feature"
    },
    {
      "geometry": {
        "coordinates": [
          [
            [
              12.466192184247715,
              41.886612211093464
            ],
            [
              12.46981712213799,
              41.886612211093464
            ],
            [
              12.46981712213799,
              41.88751153269938
            ],
            [
              12.466192184247715,
              41.88751153269938
            ],
            [
              12.466192184247715,
              41.886612211093464
            ]
          ]
        ],
        "type": "Polygon"
      },
      "properties": {
        "grid_x_max_exclusive": 28,
        "grid_x_min": 25,
        "grid_y": 32,
        "nearest_distance_m_max": 31.421,
        "rate_cents_per_m": 12,
        "source": "rome_strisce_blu_nearest_grid",
        "source_ambiti": [
          "Trastevere"
        ],
        "source_tariffs": [
          "1,20 euro/h"
        ],
        "source_zonas": [
          "ZONA05"
        ],
        "zone_id": 120
      },
      "type": "Feature"
    },
    {
      "geometry": {
        "coordinates": [
          [
            [
              12.46981712213799,
              41.886612211093464
            ],
            [
              12.47102543476808,
              41.886612211093464
            ],
            [
              12.47102543476808,
              41.88751153269938
            ],
            [
              12.46981712213799,
              41.88751153269938
            ],
            [
              12.46981712213799,
              41.886612211093464
            ]
          ]
        ],
        "type": "Polygon"
      },
      "properties": {
        "grid_x_max_exclusive": 29,
        "grid_x_min": 28,
        "grid_y": 32,
        "nearest_distance_m_max": 20.868,
        "rate_cents_per_m": 10,
        "source": "rome_strisce_blu_nearest_grid",
        "source_ambiti": [
          "Trastevere"
        ],
        "source_tariffs": [
          "1 euro/h"
        ],
        "source_zonas": [
          "ZONA05"
        ],
        "zone_id": 100
      },
      "type": "Feature"
    },
    {
      "geometry": {
        "coordinates": [
          [
            [
              12.47102543476808,
              41.886612211093464
            ],
            [
              12.472233747398171,
              41.886612211093464
            ],
            [
              12.472233747398171,
              41.88751153269938
            ],
            [
              12.47102543476808,
              41.88751153269938
            ],
            [
              12.47102543476808,
              41.886612211093464
            ]
          ]
        ],
        "type": "Polygon"
      },
      "properties": {
        "grid_x_max_exclusive": 30,
        "grid_x_min": 29,
        "grid_y": 32,
        "nearest_distance_m_max": 18.581,
        "rate_cents_per_m": 12,
        "source": "rome_strisce_blu_nearest_grid",
        "source_ambiti": [
          "Trastevere"
        ],
        "source_tariffs": [
          "1,20 euro/h"
        ],
        "source_zonas": [
          "ZONA05"
        ],
        "zone_id": 120
      },
      "type": "Feature"
    },
    {
      "geometry": {
        "coordinates": [
          [
            [
              12.472233747398171,
              41.886612211093464
            ],
            [
              12.473442060028264,
              41.886612211093464
            ],
            [
              12.473442060028264,
              41.88751153269938
            ],
            [
              12.472233747398171,
              41.88751153269938
            ],
            [
              12.472233747398171,
              41.886612211093464
            ]
          ]
        ],
        "type": "Polygon"
      },
      "properties": {
        "grid_x_max_exclusive": 31,
        "grid_x_min": 30,
        "grid_y": 32,
        "nearest_distance_m_max": 20.095,
        "rate_cents_per_m": 10,
        "source": "rome_strisce_blu_nearest_grid",
        "source_ambiti": [
          "Trastevere"
        ],
        "source_tariffs": [
          "1 euro/h"
        ],
        "source_zonas": [
          "ZONA06"
        ],
        "zone_id": 100
      },
      "type": "Feature"
    },
    {
      "geometry": {
        "coordinates": [
          [
            [
              12.473442060028264,
              41.886612211093464
            ],
            [
              12.478275310548629,
              41.886612211093464
            ],
            [
              12.478275310548629,
              41.88751153269938
            ],
            [
              12.473442060028264,
              41.88751153269938
            ],
            [
              12.473442060028264,
              41.886612211093464
            ]
          ]
        ],
        "type": "Polygon"
      },
      "properties": {
        "grid_x_max_exclusive": 35,
        "grid_x_min": 31,
        "grid_y": 32,
        "nearest_distance_m_max": 49.255,
        "rate_cents_per_m": 12,
        "source": "rome_strisce_blu_nearest_grid",
        "source_ambiti": [
          "Trastevere"
        ],
        "source_tariffs": [
          "1,20 euro/h"
        ],
        "source_zonas": [
          "ZONA05"
        ],
        "zone_id": 120
      },
      "type": "Feature"
    },
    {
      "geometry": {
        "coordinates": [
          [
            [
              12.478275310548629,
              41.886612211093464
            ],
            [
              12.55681563150457,
              41.886612211093464
            ],
            [
              12.55681563150457,
              41.88751153269938
            ],
            [
              12.478275310548629,
              41.88751153269938
            ],
            [
              12.478275310548629,
              41.886612211093464
            ]
          ]
        ],
        "type": "Polygon"
      },
      "properties": {
        "grid_x_max_exclusive": 100,
        "grid_x_min": 35,
        "grid_y": 32,
        "nearest_distance_m_max": 2524.03,
        "rate_cents_per_m": 10,
        "source": "rome_strisce_blu_nearest_grid",
        "source_ambiti": [
          "Celio",
          "Esquilino",
          "Ripa",
          "Trastevere",
          "Tuscolano"
        ],
        "source_tariffs": [
          "1 euro/h"
        ],
        "source_zonas": [
          "ZONA01",
          "ZONA02",
          "ZONA03",
          "ZONA06",
          "ZONA14"
        ],
        "zone_id": 100
      },
      "type": "Feature"
    },
    {
      "geometry": {
        "coordinates": [
          [
            [
              12.43598436849543,
              41.88751153269938
            ],
            [
              12.467400496877806,
              41.88751153269938
            ],
            [
              12.467400496877806,
              41.8884108543053
            ],
            [
              12.43598436849543,
              41.8884108543053
            ],
            [
              12.43598436849543,
              41.88751153269938
            ]
          ]
        ],
        "type": "Polygon"
      },
      "properties": {
        "grid_x_max_exclusive": 26,
        "grid_x_min": 0,
        "grid_y": 33,
        "nearest_distance_m_max": 1771.185,
        "rate_cents_per_m": 10,
        "source": "rome_strisce_blu_nearest_grid",
        "source_ambiti": [
          "Aurelio",
          "Trastevere"
        ],
        "source_tariffs": [
          "1 euro/h"
        ],
        "source_zonas": [
          "ZONA01",
          "ZONA02"
        ],
        "zone_id": 100
      },
      "type": "Feature"
    },
    {
      "geometry": {
        "coordinates": [
          [
            [
              12.467400496877806,
              41.88751153269938
            ],
            [
              12.472233747398171,
              41.88751153269938
            ],
            [
              12.472233747398171,
              41.8884108543053
            ],
            [
              12.467400496877806,
              41.8884108543053
            ],
            [
              12.467400496877806,
              41.88751153269938
            ]
          ]
        ],
        "type": "Polygon"
      },
      "properties": {
        "grid_x_max_exclusive": 30,
        "grid_x_min": 26,
        "grid_y": 33,
        "nearest_distance_m_max": 18.121,
        "rate_cents_per_m": 12,
        "source": "rome_strisce_blu_nearest_grid",
        "source_ambiti": [
          "Trastevere"
        ],
        "source_tariffs": [
          "1,20 euro/h"
        ],
        "source_zonas": [
          "ZONA05"
        ],
        "zone_id": 120
      },
      "type": "Feature"
    },
    {
      "geometry": {
        "coordinates": [
          [
            [
              12.472233747398171,
              41.88751153269938
            ],
            [
              12.473442060028264,
              41.88751153269938
            ],
            [
              12.473442060028264,
              41.8884108543053
            ],
            [
              12.472233747398171,
              41.8884108543053
            ],
            [
              12.472233747398171,
              41.88751153269938
            ]
          ]
        ],
        "type": "Polygon"
      },
      "properties": {
        "grid_x_max_exclusive": 31,
        "grid_x_min": 30,
        "grid_y": 33,
        "nearest_distance_m_max": 7.373,
        "rate_cents_per_m": 10,
        "source": "rome_strisce_blu_nearest_grid",
        "source_ambiti": [
          "Trastevere"
        ],
        "source_tariffs": [
          "1 euro/h"
        ],
        "source_zonas": [
          "ZONA06"
        ],
        "zone_id": 100
      },
      "type": "Feature"
    },
    {
      "geometry": {
        "coordinates": [
          [
            [
              12.473442060028264,
              41.88751153269938
            ],
            [
              12.478275310548629,
              41.88751153269938
            ],
            [
              12.478275310548629,
              41.8884108543053
            ],
            [
              12.473442060028264,
              41.8884108543053
            ],
            [
              12.473442060028264,
              41.88751153269938
            ]
          ]
        ],
        "type": "Polygon"
      },
      "properties": {
        "grid_x_max_exclusive": 35,
        "grid_x_min": 31,
        "grid_y": 33,
        "nearest_distance_m_max": 46.79,
        "rate_cents_per_m": 12,
        "source": "rome_strisce_blu_nearest_grid",
        "source_ambiti": [
          "Trastevere"
        ],
        "source_tariffs": [
          "1,20 euro/h"
        ],
        "source_zonas": [
          "ZONA05"
        ],
        "zone_id": 120
      },
      "type": "Feature"
    },
    {
      "geometry": {
        "coordinates": [
          [
            [
              12.478275310548629,
              41.88751153269938
            ],
            [
              12.55681563150457,
              41.88751153269938
            ],
            [
              12.55681563150457,
              41.8884108543053
            ],
            [
              12.478275310548629,
              41.8884108543053
            ],
            [
              12.478275310548629,
              41.88751153269938
            ]
          ]
        ],
        "type": "Polygon"
      },
      "properties": {
        "grid_x_max_exclusive": 100,
        "grid_x_min": 35,
        "grid_y": 33,
        "nearest_distance_m_max": 2531.017,
        "rate_cents_per_m": 10,
        "source": "rome_strisce_blu_nearest_grid",
        "source_ambiti": [
          "Campitelli Ripa",
          "Celio",
          "Esquilino",
          "Monti",
          "Ripa",
          "Trastevere",
          "Tuscolano"
        ],
        "source_tariffs": [
          "1 euro/h"
        ],
        "source_zonas": [
          "ZONA01",
          "ZONA02",
          "ZONA03",
          "ZONA06"
        ],
        "zone_id": 100
      },
      "type": "Feature"
    },
    {
      "geometry": {
        "coordinates": [
          [
            [
              12.43598436849543,
              41.8884108543053
            ],
            [
              12.464983871617623,
              41.8884108543053
            ],
            [
              12.464983871617623,
              41.88931017591122
            ],
            [
              12.43598436849543,
              41.88931017591122
            ],
            [
              12.43598436849543,
              41.8884108543053
            ]
          ]
        ],
        "type": "Polygon"
      },
      "properties": {
        "grid_x_max_exclusive": 24,
        "grid_x_min": 0,
        "grid_y": 34,
        "nearest_distance_m_max": 1705.594,
        "rate_cents_per_m": 10,
        "source": "rome_strisce_blu_nearest_grid",
        "source_ambiti": [
          "Aurelio",
          "Trastevere"
        ],
        "source_tariffs": [
          "1 euro/h"
        ],
        "source_zonas": [
          "ZONA01"
        ],
        "zone_id": 100
      },
      "type": "Feature"
    },
    {
      "geometry": {
        "coordinates": [
          [
            [
              12.464983871617623,
              41.8884108543053
            ],
            [
              12.472233747398171,
              41.8884108543053
            ],
            [
              12.472233747398171,
              41.88931017591122
            ],
            [
              12.464983871617623,
              41.88931017591122
            ],
            [
              12.464983871617623,
              41.8884108543053
            ]
          ]
        ],
        "type": "Polygon"
      },
      "properties": {
        "grid_x_max_exclusive": 30,
        "grid_x_min": 24,
        "grid_y": 34,
        "nearest_distance_m_max": 61.611,
        "rate_cents_per_m": 12,
        "source": "rome_strisce_blu_nearest_grid",
        "source_ambiti": [
          "Trastevere"
        ],
        "source_tariffs": [
          "1,20 euro/h"
        ],
        "source_zonas": [
          "ZONA05"
        ],
        "zone_id": 120
      },
      "type": "Feature"
    },
    {
      "geometry": {
        "coordinates": [
          [
            [
              12.472233747398171,
              41.8884108543053
            ],
            [
              12.473442060028264,
              41.8884108543053
            ],
            [
              12.473442060028264,
              41.88931017591122
            ],
            [
              12.472233747398171,
              41.88931017591122
            ],
            [
              12.472233747398171,
              41.8884108543053
            ]
          ]
        ],
        "type": "Polygon"
      },
      "properties": {
        "grid_x_max_exclusive": 31,
        "grid_x_min": 30,
        "grid_y": 34,
        "nearest_distance_m_max": 16.072,
        "rate_cents_per_m": 10,
        "source": "rome_strisce_blu_nearest_grid",
        "source_ambiti": [
          "Trastevere"
        ],
        "source_tariffs": [
          "1 euro/h"
        ],
        "source_zonas": [
          "ZONA06"
        ],
        "zone_id": 100
      },
      "type": "Feature"
    },
    {
      "geometry": {
        "coordinates": [
          [
            [
              12.473442060028264,
              41.8884108543053
            ],
            [
              12.477066997918538,
              41.8884108543053
            ],
            [
              12.477066997918538,
              41.88931017591122
            ],
            [
              12.473442060028264,
              41.88931017591122
            ],
            [
              12.473442060028264,
              41.8884108543053
            ]
          ]
        ],
        "type": "Polygon"
      },
      "properties": {
        "grid_x_max_exclusive": 34,
        "grid_x_min": 31,
        "grid_y": 34,
        "nearest_distance_m_max": 42.807,
        "rate_cents_per_m": 12,
        "source": "rome_strisce_blu_nearest_grid",
        "source_ambiti": [
          "Trastevere"
        ],
        "source_tariffs": [
          "1,20 euro/h"
        ],
        "source_zonas": [
          "ZONA05"
        ],
        "zone_id": 120
      },
      "type": "Feature"
    },
    {
      "geometry": {
        "coordinates": [
          [
            [
              12.477066997918538,
              41.8884108543053
            ],
            [
              12.516941314711554,
              41.8884108543053
            ],
            [
              12.516941314711554,
              41.88931017591122
            ],
            [
              12.477066997918538,
              41.88931017591122
            ],
            [
              12.477066997918538,
              41.8884108543053
            ]
          ]
        ],
        "type": "Polygon"
      },
      "properties": {
        "grid_x_max_exclusive": 67,
        "grid_x_min": 34,
        "grid_y": 34,
        "nearest_distance_m_max": 388.909,
        "rate_cents_per_m": 10,
        "source": "rome_strisce_blu_nearest_grid",
        "source_ambiti": [
          "Campitelli Ripa",
          "Celio",
          "Esquilino",
          "Monti",
          "Trastevere"
        ],
        "source_tariffs": [
          "1 euro/h"
        ],
        "source_zonas": [
          "ZONA01",
          "ZONA02",
          "ZONA06"
        ],
        "zone_id": 100
      },
      "type": "Feature"
    },
    {
      "geometry": {
        "coordinates": [
          [
            [
              12.516941314711554,
              41.8884108543053
            ],
            [
              12.518149627341645,
              41.8884108543053
            ],
            [
              12.518149627341645,
              41.88931017591122
            ],
            [
              12.516941314711554,
              41.88931017591122
            ],
            [
              12.516941314711554,
              41.8884108543053
            ]
          ]
        ],
        "type": "Polygon"
      },
      "properties": {
        "grid_x_max_exclusive": 68,
        "grid_x_min": 67,
        "grid_y": 34,
        "nearest_distance_m_max": 112.25,
        "rate_cents_per_m": 5,
        "source": "rome_strisce_blu_nearest_grid",
        "source_ambiti": [
          "Tuscolano"
        ],
        "source_tariffs": [
          "0,50 euro/h"
        ],
        "source_zonas": [
          "ZONA13"
        ],
        "zone_id": 50
      },
      "type": "Feature"
    },
    {
      "geometry": {
        "coordinates": [
          [
            [
              12.518149627341645,
              41.8884108543053
            ],
            [
              12.55681563150457,
              41.8884108543053
            ],
            [
              12.55681563150457,
              41.88931017591122
            ],
            [
              12.518149627341645,
              41.88931017591122
            ],
            [
              12.518149627341645,
              41.8884108543053
            ]
          ]
        ],
        "type": "Polygon"
      },
      "properties": {
        "grid_x_max_exclusive": 100,
        "grid_x_min": 68,
        "grid_y": 34,
        "nearest_distance_m_max": 2541.922,
        "rate_cents_per_m": 10,
        "source": "rome_strisce_blu_nearest_grid",
        "source_ambiti": [
          "Tuscolano"
        ],
        "source_tariffs": [
          "1 euro/h"
        ],
        "source_zonas": [
          "ZONA03"
        ],
        "zone_id": 100
      },
      "type": "Feature"
    },
    {
      "geometry": {
        "coordinates": [
          [
            [
              12.43598436849543,
              41.88931017591122
            ],
            [
              12.464983871617623,
              41.88931017591122
            ],
            [
              12.464983871617623,
              41.890209497517134
            ],
            [
              12.43598436849543,
              41.890209497517134
            ],
            [
              12.43598436849543,
              41.88931017591122
            ]
          ]
        ],
        "type": "Polygon"
      },
      "properties": {
        "grid_x_max_exclusive": 24,
        "grid_x_min": 0,
        "grid_y": 35,
        "nearest_distance_m_max": 1425.554,
        "rate_cents_per_m": 10,
        "source": "rome_strisce_blu_nearest_grid",
        "source_ambiti": [
          "Aurelio",
          "Trastevere"
        ],
        "source_tariffs": [
          "1 euro/h"
        ],
        "source_zonas": [
          "ZONA01"
        ],
        "zone_id": 100
      },
      "type": "Feature"
    },
    {
      "geometry": {
        "coordinates": [
          [
            [
              12.464983871617623,
              41.88931017591122
            ],
            [
              12.472233747398171,
              41.88931017591122
            ],
            [
              12.472233747398171,
              41.890209497517134
            ],
            [
              12.464983871617623,
              41.890209497517134
            ],
            [
              12.464983871617623,
              41.88931017591122
            ]
          ]
        ],
        "type": "Polygon"
      },
      "properties": {
        "grid_x_max_exclusive": 30,
        "grid_x_min": 24,
        "grid_y": 35,
        "nearest_distance_m_max": 72.772,
        "rate_cents_per_m": 12,
        "source": "rome_strisce_blu_nearest_grid",
        "source_ambiti": [
          "Trastevere"
        ],
        "source_tariffs": [
          "1,20 euro/h"
        ],
        "source_zonas": [
          "ZONA05"
        ],
        "zone_id": 120
      },
      "type": "Feature"
    },
    {
      "geometry": {
        "coordinates": [
          [
            [
              12.472233747398171,
              41.88931017591122
            ],
            [
              12.515733002081461,
              41.88931017591122
            ],
            [
              12.515733002081461,
              41.890209497517134
            ],
            [
              12.472233747398171,
              41.890209497517134
            ],
            [
              12.472233747398171,
              41.88931017591122
            ]
          ]
        ],
        "type": "Polygon"
      },
      "properties": {
        "grid_x_max_exclusive": 66,
        "grid_x_min": 30,
        "grid_y": 35,
        "nearest_distance_m_max": 301.538,
        "rate_cents_per_m": 10,
        "source": "rome_strisce_blu_nearest_grid",
        "source_ambiti": [
          "Campitelli Ripa",
          "Celio",
          "Esquilino",
          "Monti",
          "Trastevere"
        ],
        "source_tariffs": [
          "1 euro/h"
        ],
        "source_zonas": [
          "ZONA01",
          "ZONA02",
          "ZONA06"
        ],
        "zone_id": 100
      },
      "type": "Feature"
    },
    {
      "geometry": {
        "coordinates": [
          [
            [
              12.515733002081461,
              41.88931017591122
            ],
            [
              12.520566252601828,
              41.88931017591122
            ],
            [
              12.520566252601828,
              41.890209497517134
            ],
            [
              12.515733002081461,
              41.890209497517134
            ],
            [
              12.515733002081461,
              41.88931017591122
            ]
          ]
        ],
        "type": "Polygon"
      },
      "properties": {
        "grid_x_max_exclusive": 70,
        "grid_x_min": 66,
        "grid_y": 35,
        "nearest_distance_m_max": 89.009,
        "rate_cents_per_m": 5,
        "source": "rome_strisce_blu_nearest_grid",
        "source_ambiti": [
          "Tuscolano"
        ],
        "source_tariffs": [
          "0,50 euro/h"
        ],
        "source_zonas": [
          "ZONA13"
        ],
        "zone_id": 50
      },
      "type": "Feature"
    },
    {
      "geometry": {
        "coordinates": [
          [
            [
              12.520566252601828,
              41.88931017591122
            ],
            [
              12.550774068354112,
              41.88931017591122
            ],
            [
              12.550774068354112,
              41.890209497517134
            ],
            [
              12.520566252601828,
              41.890209497517134
            ],
            [
              12.520566252601828,
              41.88931017591122
            ]
          ]
        ],
        "type": "Polygon"
      },
      "properties": {
        "grid_x_max_exclusive": 95,
        "grid_x_min": 70,
        "grid_y": 35,
        "nearest_distance_m_max": 2065.39,
        "rate_cents_per_m": 10,
        "source": "rome_strisce_blu_nearest_grid",
        "source_ambiti": [
          "Tuscolano"
        ],
        "source_tariffs": [
          "1 euro/h"
        ],
        "source_zonas": [
          "ZONA03"
        ],
        "zone_id": 100
      },
      "type": "Feature"
    },
    {
      "geometry": {
        "coordinates": [
          [
            [
              12.550774068354112,
              41.88931017591122
            ],
            [
              12.55681563150457,
              41.88931017591122
            ],
            [
              12.55681563150457,
              41.890209497517134
            ],
            [
              12.550774068354112,
              41.890209497517134
            ],
            [
              12.550774068354112,
              41.88931017591122
            ]
          ]
        ],
        "type": "Polygon"
      },
      "properties": {
        "grid_x_max_exclusive": 100,
        "grid_x_min": 95,
        "grid_y": 35,
        "nearest_distance_m_max": 3160.148,
        "rate_cents_per_m": 5,
        "source": "rome_strisce_blu_nearest_grid",
        "source_ambiti": [
          "Nomentano"
        ],
        "source_tariffs": [
          "0,50 euro/h"
        ],
        "source_zonas": [
          "ZONA11"
        ],
        "zone_id": 50
      },
      "type": "Feature"
    },
    {
      "geometry": {
        "coordinates": [
          [
            [
              12.43598436849543,
              41.890209497517134
            ],
            [
              12.463775558987532,
              41.890209497517134
            ],
            [
              12.463775558987532,
              41.891108819123055
            ],
            [
              12.43598436849543,
              41.891108819123055
            ],
            [
              12.43598436849543,
              41.890209497517134
            ]
          ]
        ],
        "type": "Polygon"
      },
      "properties": {
        "grid_x_max_exclusive": 23,
        "grid_x_min": 0,
        "grid_y": 36,
        "nearest_distance_m_max": 1342.784,
        "rate_cents_per_m": 10,
        "source": "rome_strisce_blu_nearest_grid",
        "source_ambiti": [
          "Aurelio",
          "Trastevere"
        ],
        "source_tariffs": [
          "1 euro/h"
        ],
        "source_zonas": [
          "ZONA01"
        ],
        "zone_id": 100
      },
      "type": "Feature"
    },
    {
      "geometry": {
        "coordinates": [
          [
            [
              12.463775558987532,
              41.890209497517134
            ],
            [
              12.472233747398171,
              41.890209497517134
            ],
            [
              12.472233747398171,
              41.891108819123055
            ],
            [
              12.463775558987532,
              41.891108819123055
            ],
            [
              12.463775558987532,
              41.890209497517134
            ]
          ]
        ],
        "type": "Polygon"
      },
      "properties": {
        "grid_x_max_exclusive": 30,
        "grid_x_min": 23,
        "grid_y": 36,
        "nearest_distance_m_max": 148.533,
        "rate_cents_per_m": 12,
        "source": "rome_strisce_blu_nearest_grid",
        "source_ambiti": [
          "Trastevere"
        ],
        "source_tariffs": [
          "1,20 euro/h"
        ],
        "source_zonas": [
          "ZONA05"
        ],
        "zone_id": 120
      },
      "type": "Feature"
    },
    {
      "geometry": {
        "coordinates": [
          [
            [
              12.472233747398171,
              41.890209497517134
            ],
            [
              12.515733002081461,
              41.890209497517134
            ],
            [
              12.515733002081461,
              41.891108819123055
            ],
            [
              12.472233747398171,
              41.891108819123055
            ],
            [
              12.472233747398171,
              41.890209497517134
            ]
          ]
        ],
        "type": "Polygon"
      },
      "properties": {
        "grid_x_max_exclusive": 66,
        "grid_x_min": 30,
        "grid_y": 36,
        "nearest_distance_m_max": 224.944,
        "rate_cents_per_m": 10,
        "source": "rome_strisce_blu_nearest_grid",
        "source_ambiti": [
          "Campitelli Ripa",
          "Centro Storico",
          "Esquilino",
          "Monti",
          "Trastevere"
        ],
        "source_tariffs": [
          "1 euro/h"
        ],
        "source_zonas": [
          "ZONA01",
          "ZONA02",
          "ZONA06"
        ],
        "zone_id": 100
      },
      "type": "Feature"
    },
    {
      "geometry": {
        "coordinates": [
          [
            [
              12.515733002081461,
              41.890209497517134
            ],
            [
              12.520566252601828,
              41.890209497517134
            ],
            [
              12.520566252601828,
              41.891108819123055
            ],
            [
              12.515733002081461,
              41.891108819123055
            ],
            [
              12.515733002081461,
              41.890209497517134
            ]
          ]
        ],
        "type": "Polygon"
      },
      "properties": {
        "grid_x_max_exclusive": 70,
        "grid_x_min": 66,
        "grid_y": 36,
        "nearest_distance_m_max": 147.37,
        "rate_cents_per_m": 5,
        "source": "rome_strisce_blu_nearest_grid",
        "source_ambiti": [
          "Tuscolano"
        ],
        "source_tariffs": [
          "0,50 euro/h"
        ],
        "source_zonas": [
          "ZONA13"
        ],
        "zone_id": 50
      },
      "type": "Feature"
    },
    {
      "geometry": {
        "coordinates": [
          [
            [
              12.520566252601828,
              41.890209497517134
            ],
            [
              12.550774068354112,
              41.890209497517134
            ],
            [
              12.550774068354112,
              41.891108819123055
            ],
            [
              12.520566252601828,
              41.891108819123055
            ],
            [
              12.520566252601828,
              41.890209497517134
            ]
          ]
        ],
        "type": "Polygon"
      },
      "properties": {
        "grid_x_max_exclusive": 95,
        "grid_x_min": 70,
        "grid_y": 36,
        "nearest_distance_m_max": 2088.338,
        "rate_cents_per_m": 10,
        "source": "rome_strisce_blu_nearest_grid",
        "source_ambiti": [
          "Tuscolano"
        ],
        "source_tariffs": [
          "1 euro/h"
        ],
        "source_zonas": [
          "ZONA03"
        ],
        "zone_id": 100
      },
      "type": "Feature"
    },
    {
      "geometry": {
        "coordinates": [
          [
            [
              12.550774068354112,
              41.890209497517134
            ],
            [
              12.55681563150457,
              41.890209497517134
            ],
            [
              12.55681563150457,
              41.891108819123055
            ],
            [
              12.550774068354112,
              41.891108819123055
            ],
            [
              12.550774068354112,
              41.890209497517134
            ]
          ]
        ],
        "type": "Polygon"
      },
      "properties": {
        "grid_x_max_exclusive": 100,
        "grid_x_min": 95,
        "grid_y": 36,
        "nearest_distance_m_max": 3096.493,
        "rate_cents_per_m": 5,
        "source": "rome_strisce_blu_nearest_grid",
        "source_ambiti": [
          "Nomentano"
        ],
        "source_tariffs": [
          "0,50 euro/h"
        ],
        "source_zonas": [
          "ZONA11"
        ],
        "zone_id": 50
      },
      "type": "Feature"
    },
    {
      "geometry": {
        "coordinates": [
          [
            [
              12.43598436849543,
              41.891108819123055
            ],
            [
              12.462567246357441,
              41.891108819123055
            ],
            [
              12.462567246357441,
              41.892008140728976
            ],
            [
              12.43598436849543,
              41.892008140728976
            ],
            [
              12.43598436849543,
              41.891108819123055
            ]
          ]
        ],
        "type": "Polygon"
      },
      "properties": {
        "grid_x_max_exclusive": 22,
        "grid_x_min": 0,
        "grid_y": 37,
        "nearest_distance_m_max": 1262.39,
        "rate_cents_per_m": 10,
        "source": "rome_strisce_blu_nearest_grid",
        "source_ambiti": [
          "Aurelio",
          "Trastevere"
        ],
        "source_tariffs": [
          "1 euro/h"
        ],
        "source_zonas": [
          "ZONA01"
        ],
        "zone_id": 100
      },
      "type": "Feature"
    },
    {
      "geometry": {
        "coordinates": [
          [
            [
              12.462567246357441,
              41.891108819123055
            ],
            [
              12.46981712213799,
              41.891108819123055
            ],
            [
              12.46981712213799,
              41.892008140728976
            ],
            [
              12.462567246357441,
              41.892008140728976
            ],
            [
              12.462567246357441,
              41.891108819123055
            ]
          ]
        ],
        "type": "Polygon"
      },
      "properties": {
        "grid_x_max_exclusive": 28,
        "grid_x_min": 22,
        "grid_y": 37,
        "nearest_distance_m_max": 176.403,
        "rate_cents_per_m": 12,
        "source": "rome_strisce_blu_nearest_grid",
        "source_ambiti": [
          "Trastevere"
        ],
        "source_tariffs": [
          "1,20 euro/h"
        ],
        "source_zonas": [
          "ZONA05"
        ],
        "zone_id": 120
      },
      "type": "Feature"
    },
    {
      "geometry": {
        "coordinates": [
          [
            [
              12.46981712213799,
              41.891108819123055
            ],
            [
              12.478275310548629,
              41.891108819123055
            ],
            [
              12.478275310548629,
              41.892008140728976
            ],
            [
              12.46981712213799,
              41.892008140728976
            ],
            [
              12.46981712213799,
              41.891108819123055
            ]
          ]
        ],
        "type": "Polygon"
      },
      "properties": {
        "grid_x_max_exclusive": 35,
        "grid_x_min": 28,
        "grid_y": 37,
        "nearest_distance_m_max": 52.024,
        "rate_cents_per_m": 10,
        "source": "rome_strisce_blu_nearest_grid",
        "source_ambiti": [
          "Centro Storico",
          "Trastevere"
        ],
        "source_tariffs": [
          "1 euro/h"
        ],
        "source_zonas": [
          "ZONA02",
          "ZONA06"
        ],
        "zone_id": 100
      },
      "type": "Feature"
    },
    {
      "geometry": {
        "coordinates": [
          [
            [
              12.478275310548629,
              41.891108819123055
            ],
            [
              12.480691935808812,
              41.891108819123055
            ],
            [
              12.480691935808812,
              41.892008140728976
            ],
            [
              12.478275310548629,
              41.892008140728976
            ],
            [
              12.478275310548629,
              41.891108819123055
            ]
          ]
        ],
        "type": "Polygon"
      },
      "properties": {
        "grid_x_max_exclusive": 37,
        "grid_x_min": 35,
        "grid_y": 37,
        "nearest_distance_m_max": 51.302,
        "rate_cents_per_m": 12,
        "source": "rome_strisce_blu_nearest_grid",
        "source_ambiti": [
          "Centro Storico"
        ],
        "source_tariffs": [
          "1,20 euro/h"
        ],
        "source_zonas": [
          "ZONA08"
        ],
        "zone_id": 120
      },
      "type": "Feature"
    },
    {
      "geometry": {
        "coordinates": [
          [
            [
              12.480691935808812,
              41.891108819123055
            ],
            [
              12.515733002081461,
              41.891108819123055
            ],
            [
              12.515733002081461,
              41.892008140728976
            ],
            [
              12.480691935808812,
              41.892008140728976
            ],
            [
              12.480691935808812,
              41.891108819123055
            ]
          ]
        ],
        "type": "Polygon"
      },
      "properties": {
        "grid_x_max_exclusive": 66,
        "grid_x_min": 37,
        "grid_y": 37,
        "nearest_distance_m_max": 198.148,
        "rate_cents_per_m": 10,
        "source": "rome_strisce_blu_nearest_grid",
        "source_ambiti": [
          "Campitelli Ripa",
          "Esquilino",
          "Monti"
        ],
        "source_tariffs": [
          "1 euro/h"
        ],
        "source_zonas": [
          "ZONA01",
          "ZONA02"
        ],
        "zone_id": 100
      },
      "type": "Feature"
    },
    {
      "geometry": {
        "coordinates": [
          [
            [
              12.515733002081461,
              41.891108819123055
            ],
            [
              12.521774565231919,
              41.891108819123055
            ],
            [
              12.521774565231919,
              41.892008140728976
            ],
            [
              12.515733002081461,
              41.892008140728976
            ],
            [
              12.515733002081461,
              41.891108819123055
            ]
          ]
        ],
        "type": "Polygon"
      },
      "properties": {
        "grid_x_max_exclusive": 71,
        "grid_x_min": 66,
        "grid_y": 37,
        "nearest_distance_m_max": 287.934,
        "rate_cents_per_m": 5,
        "source": "rome_strisce_blu_nearest_grid",
        "source_ambiti": [
          "Tuscolano"
        ],
        "source_tariffs": [
          "0,50 euro/h"
        ],
        "source_zonas": [
          "ZONA13"
        ],
        "zone_id": 50
      },
      "type": "Feature"
    },
    {
      "geometry": {
        "coordinates": [
          [
            [
              12.521774565231919,
              41.891108819123055
            ],
            [
              12.550774068354112,
              41.891108819123055
            ],
            [
              12.550774068354112,
              41.892008140728976
            ],
            [
              12.521774565231919,
              41.892008140728976
            ],
            [
              12.521774565231919,
              41.891108819123055
            ]
          ]
        ],
        "type": "Polygon"
      },
      "properties": {
        "grid_x_max_exclusive": 95,
        "grid_x_min": 71,
        "grid_y": 37,
        "nearest_distance_m_max": 2115.769,
        "rate_cents_per_m": 10,
        "source": "rome_strisce_blu_nearest_grid",
        "source_ambiti": [
          "Tuscolano"
        ],
        "source_tariffs": [
          "1 euro/h"
        ],
        "source_zonas": [
          "ZONA03"
        ],
        "zone_id": 100
      },
      "type": "Feature"
    },
    {
      "geometry": {
        "coordinates": [
          [
            [
              12.550774068354112,
              41.891108819123055
            ],
            [
              12.55681563150457,
              41.891108819123055
            ],
            [
              12.55681563150457,
              41.892008140728976
            ],
            [
              12.550774068354112,
              41.892008140728976
            ],
            [
              12.550774068354112,
              41.891108819123055
            ]
          ]
        ],
        "type": "Polygon"
      },
      "properties": {
        "grid_x_max_exclusive": 100,
        "grid_x_min": 95,
        "grid_y": 37,
        "nearest_distance_m_max": 3034.797,
        "rate_cents_per_m": 5,
        "source": "rome_strisce_blu_nearest_grid",
        "source_ambiti": [
          "Nomentano"
        ],
        "source_tariffs": [
          "0,50 euro/h"
        ],
        "source_zonas": [
          "ZONA11"
        ],
        "zone_id": 50
      },
      "type": "Feature"
    },
    {
      "geometry": {
        "coordinates": [
          [
            [
              12.43598436849543,
              41.892008140728976
            ],
            [
              12.462567246357441,
              41.892008140728976
            ],
            [
              12.462567246357441,
              41.89290746233489
            ],
            [
              12.43598436849543,
              41.89290746233489
            ],
            [
              12.43598436849543,
              41.892008140728976
            ]
          ]
        ],
        "type": "Polygon"
      },
      "properties": {
        "grid_x_max_exclusive": 22,
        "grid_x_min": 0,
        "grid_y": 38,
        "nearest_distance_m_max": 1184.985,
        "rate_cents_per_m": 10,
        "source": "rome_strisce_blu_nearest_grid",
        "source_ambiti": [
          "Aurelio",
          "Trastevere"
        ],
        "source_tariffs": [
          "1 euro/h"
        ],
        "source_zonas": [
          "ZONA01"
        ],
        "zone_id": 100
      },
      "type": "Feature"
    },
    {
      "geometry": {
        "coordinates": [
          [
            [
              12.462567246357441,
              41.892008140728976
            ],
            [
              12.468608809507897,
              41.892008140728976
            ],
            [
              12.468608809507897,
              41.89290746233489
            ],
            [
              12.462567246357441,
              41.89290746233489
            ],
            [
              12.462567246357441,
              41.892008140728976
            ]
          ]
        ],
        "type": "Polygon"
      },
      "properties": {
        "grid_x_max_exclusive": 27,
        "grid_x_min": 22,
        "grid_y": 38,
        "nearest_distance_m_max": 83.25,
        "rate_cents_per_m": 12,
        "source": "rome_strisce_blu_nearest_grid",
        "source_ambiti": [
          "Trastevere"
        ],
        "source_tariffs": [
          "1,20 euro/h"
        ],
        "source_zonas": [
          "ZONA05"
        ],
        "zone_id": 120
      },
      "type": "Feature"
    },
    {
      "geometry": {
        "coordinates": [
          [
            [
              12.468608809507897,
              41.892008140728976
            ],
            [
              12.472233747398171,
              41.892008140728976
            ],
            [
              12.472233747398171,
              41.89290746233489
            ],
            [
              12.468608809507897,
              41.89290746233489
            ],
            [
              12.468608809507897,
              41.892008140728976
            ]
          ]
        ],
        "type": "Polygon"
      },
      "properties": {
        "grid_x_max_exclusive": 30,
        "grid_x_min": 27,
        "grid_y": 38,
        "nearest_distance_m_max": 55.589,
        "rate_cents_per_m": 10,
        "source": "rome_strisce_blu_nearest_grid",
        "source_ambiti": [
          "Centro Storico",
          "Trastevere"
        ],
        "source_tariffs": [
          "1 euro/h"
        ],
        "source_zonas": [
          "ZONA02",
          "ZONA06"
        ],
        "zone_id": 100
      },
      "type": "Feature"
    },
    {
      "geometry": {
        "coordinates": [
          [
            [
              12.472233747398171,
              41.892008140728976
            ],
            [
              12.480691935808812,
              41.892008140728976
            ],
            [
              12.480691935808812,
              41.89290746233489
            ],
            [
              12.472233747398171,
              41.89290746233489
            ],
            [
              12.472233747398171,
              41.892008140728976
            ]
          ]
        ],
        "type": "Polygon"
      },
      "properties": {
        "grid_x_max_exclusive": 37,
        "grid_x_min": 30,
        "grid_y": 38,
        "nearest_distance_m_max": 129.962,
        "rate_cents_per_m": 12,
        "source": "rome_strisce_blu_nearest_grid",
        "source_ambiti": [
          "Centro Storico"
        ],
        "source_tariffs": [
          "1,20 euro/h"
        ],
        "source_zonas": [
          "ZONA08"
        ],
        "zone_id": 120
      },
      "type": "Feature"
    },
    {
      "geometry": {
        "coordinates": [
          [
            [
              12.480691935808812,
              41.892008140728976
            ],
            [
              12.515733002081461,
              41.892008140728976
            ],
            [
              12.515733002081461,
              41.89290746233489
            ],
            [
              12.480691935808812,
              41.89290746233489
            ],
            [
              12.480691935808812,
              41.892008140728976
            ]
          ]
        ],
        "type": "Polygon"
      },
      "properties": {
        "grid_x_max_exclusive": 66,
        "grid_x_min": 37,
        "grid_y": 38,
        "nearest_distance_m_max": 158.73,
        "rate_cents_per_m": 10,
        "source": "rome_strisce_blu_nearest_grid",
        "source_ambiti": [
          "Campitelli Ripa",
          "Esquilino",
          "Monti"
        ],
        "source_tariffs": [
          "1 euro/h"
        ],
        "source_zonas": [
          "ZONA01"
        ],
        "zone_id": 100
      },
      "type": "Feature"
    },
    {
      "geometry": {
        "coordinates": [
          [
            [
              12.515733002081461,
              41.892008140728976
            ],
            [
              12.52298287786201,
              41.892008140728976
            ],
            [
              12.52298287786201,
              41.89290746233489
            ],
            [
              12.515733002081461,
              41.89290746233489
            ],
            [
              12.515733002081461,
              41.892008140728976
            ]
          ]
        ],
        "type": "Polygon"
      },
      "properties": {
        "grid_x_max_exclusive": 72,
        "grid_x_min": 66,
        "grid_y": 38,
        "nearest_distance_m_max": 429.061,
        "rate_cents_per_m": 5,
        "source": "rome_strisce_blu_nearest_grid",
        "source_ambiti": [
          "Tuscolano"
        ],
        "source_tariffs": [
          "0,50 euro/h"
        ],
        "source_zonas": [
          "ZONA13"
        ],
        "zone_id": 50
      },
      "type": "Feature"
    },
    {
      "geometry": {
        "coordinates": [
          [
            [
              12.52298287786201,
              41.892008140728976
            ],
            [
              12.550774068354112,
              41.892008140728976
            ],
            [
              12.550774068354112,
              41.89290746233489
            ],
            [
              12.52298287786201,
              41.89290746233489
            ],
            [
              12.52298287786201,
              41.892008140728976
            ]
          ]
        ],
        "type": "Polygon"
      },
      "properties": {
        "grid_x_max_exclusive": 95,
        "grid_x_min": 72,
        "grid_y": 38,
        "nearest_distance_m_max": 2147.51,
        "rate_cents_per_m": 10,
        "source": "rome_strisce_blu_nearest_grid",
        "source_ambiti": [
          "Tuscolano"
        ],
        "source_tariffs": [
          "1 euro/h"
        ],
        "source_zonas": [
          "ZONA03"
        ],
        "zone_id": 100
      },
      "type": "Feature"
    },
    {
      "geometry": {
        "coordinates": [
          [
            [
              12.550774068354112,
              41.892008140728976
            ],
            [
              12.55681563150457,
              41.892008140728976
            ],
            [
              12.55681563150457,
              41.89290746233489
            ],
            [
              12.550774068354112,
              41.89290746233489
            ],
            [
              12.550774068354112,
              41.892008140728976
            ]
          ]
        ],
        "type": "Polygon"
      },
      "properties": {
        "grid_x_max_exclusive": 100,
        "grid_x_min": 95,
        "grid_y": 38,
        "nearest_distance_m_max": 2975.185,
        "rate_cents_per_m": 5,
        "source": "rome_strisce_blu_nearest_grid",
        "source_ambiti": [
          "Nomentano"
        ],
        "source_tariffs": [
          "0,50 euro/h"
        ],
        "source_zonas": [
          "ZONA11"
        ],
        "zone_id": 50
      },
      "type": "Feature"
    },
    {
      "geometry": {
        "coordinates": [
          [
            [
              12.43598436849543,
              41.89290746233489
            ],
            [
              12.461358933727348,
              41.89290746233489
            ],
            [
              12.461358933727348,
              41.89380678394081
            ],
            [
              12.43598436849543,
              41.89380678394081
            ],
            [
              12.43598436849543,
              41.89290746233489
            ]
          ]
        ],
        "type": "Polygon"
      },
      "properties": {
        "grid_x_max_exclusive": 21,
        "grid_x_min": 0,
        "grid_y": 39,
        "nearest_distance_m_max": 1111.193,
        "rate_cents_per_m": 10,
        "source": "rome_strisce_blu_nearest_grid",
        "source_ambiti": [
          "Aurelio",
          "Trastevere"
        ],
        "source_tariffs": [
          "1 euro/h"
        ],
        "source_zonas": [
          "ZONA01"
        ],
        "zone_id": 100
      },
      "type": "Feature"
    },
    {
      "geometry": {
        "coordinates": [
          [
            [
              12.461358933727348,
              41.89290746233489
            ],
            [
              12.467400496877806,
              41.89290746233489
            ],
            [
              12.467400496877806,
              41.89380678394081
            ],
            [
              12.461358933727348,
              41.89380678394081
            ],
            [
              12.461358933727348,
              41.89290746233489
            ]
          ]
        ],
        "type": "Polygon"
      },
      "properties": {
        "grid_x_max_exclusive": 26,
        "grid_x_min": 21,
        "grid_y": 39,
        "nearest_distance_m_max": 93.392,
        "rate_cents_per_m": 12,
        "source": "rome_strisce_blu_nearest_grid",
        "source_ambiti": [
          "Trastevere"
        ],
        "source_tariffs": [
          "1,20 euro/h"
        ],
        "source_zonas": [
          "ZONA05"
        ],
        "zone_id": 120
      },
      "type": "Feature"
    },
    {
      "geometry": {
        "coordinates": [
          [
            [
              12.467400496877806,
              41.89290746233489
            ],
            [
              12.47102543476808,
              41.89290746233489
            ],
            [
              12.47102543476808,
              41.89380678394081
            ],
            [
              12.467400496877806,
              41.89380678394081
            ],
            [
              12.467400496877806,
              41.89290746233489
            ]
          ]
        ],
        "type": "Polygon"
      },
      "properties": {
        "grid_x_max_exclusive": 29,
        "grid_x_min": 26,
        "grid_y": 39,
        "nearest_distance_m_max": 50.497,
        "rate_cents_per_m": 10,
        "source": "rome_strisce_blu_nearest_grid",
        "source_ambiti": [
          "Centro Storico",
          "Trastevere"
        ],
        "source_tariffs": [
          "1 euro/h"
        ],
        "source_zonas": [
          "ZONA02",
          "ZONA06"
        ],
        "zone_id": 100
      },
      "type": "Feature"
    },
    {
      "geometry": {
        "coordinates": [
          [
            [
              12.47102543476808,
              41.89290746233489
            ],
            [
              12.480691935808812,
              41.89290746233489
            ],
            [
              12.480691935808812,
              41.89380678394081
            ],
            [
              12.47102543476808,
              41.89380678394081
            ],
            [
              12.47102543476808,
              41.89290746233489
            ]
          ]
        ],
        "type": "Polygon"
      },
      "properties": {
        "grid_x_max_exclusive": 37,
        "grid_x_min": 29,
        "grid_y": 39,
        "nearest_distance_m_max": 185.797,
        "rate_cents_per_m": 12,
        "source": "rome_strisce_blu_nearest_grid",
        "source_ambiti": [
          "Centro Storico"
        ],
        "source_tariffs": [
          "1,20 euro/h"
        ],
        "source_zonas": [
          "ZONA08"
        ],
        "zone_id": 120
      },
      "type": "Feature"
    },
    {
      "geometry": {
        "coordinates": [
          [
            [
              12.480691935808812,
              41.89290746233489
            ],
            [
              12.51331637682128,
              41.89290746233489
            ],
            [
              12.51331637682128,
              41.89380678394081
            ],
            [
              12.480691935808812,
              41.89380678394081
            ],
            [
              12.480691935808812,
              41.89290746233489
            ]
          ]
        ],
        "type": "Polygon"
      },
      "properties": {
        "grid_x_max_exclusive": 64,
        "grid_x_min": 37,
        "grid_y": 39,
        "nearest_distance_m_max": 246.765,
        "rate_cents_per_m": 10,
        "source": "rome_strisce_blu_nearest_grid",
        "source_ambiti": [
          "Campitelli Ripa",
          "Esquilino",
          "Monti"
        ],
        "source_tariffs": [
          "1 euro/h"
        ],
        "source_zonas": [
          "ZONA01"
        ],
        "zone_id": 100
      },
      "type": "Feature"
    },
    {
      "geometry": {
        "coordinates": [
          [
            [
              12.51331637682128,
              41.89290746233489
            ],
            [
              12.52298287786201,
              41.89290746233489
            ],
            [
              12.52298287786201,
              41.89380678394081
            ],
            [
              12.51331637682128,
              41.89380678394081
            ],
            [
              12.51331637682128,
              41.89290746233489
            ]
          ]
        ],
        "type": "Polygon"
      },
      "properties": {
        "grid_x_max_exclusive": 72,
        "grid_x_min": 64,
        "grid_y": 39,
        "nearest_distance_m_max": 446.713,
        "rate_cents_per_m": 12,
        "source": "rome_strisce_blu_nearest_grid",
        "source_ambiti": [
          "Tiburtino"
        ],
        "source_tariffs": [
          "1,20 euro/h"
        ],
        "source_zonas": [
          "ZONA08"
        ],
        "zone_id": 120
      },
      "type": "Feature"
    },
    {
      "geometry": {
        "coordinates": [
          [
            [
              12.52298287786201,
              41.89290746233489
            ],
            [
              12.529024441012467,
              41.89290746233489
            ],
            [
              12.529024441012467,
              41.89380678394081
            ],
            [
              12.52298287786201,
              41.89380678394081
            ],
            [
              12.52298287786201,
              41.89290746233489
            ]
          ]
        ],
        "type": "Polygon"
      },
      "properties": {
        "grid_x_max_exclusive": 77,
        "grid_x_min": 72,
        "grid_y": 39,
        "nearest_distance_m_max": 756.333,
        "rate_cents_per_m": 5,
        "source": "rome_strisce_blu_nearest_grid",
        "source_ambiti": [
          "Tiburtino"
        ],
        "source_tariffs": [
          "0,50 euro/h"
        ],
        "source_zonas": [
          "ZONA10"
        ],
        "zone_id": 50
      },
      "type": "Feature"
    },
    {
      "geometry": {
        "coordinates": [
          [
            [
              12.529024441012467,
              41.89290746233489
            ],
            [
              12.550774068354112,
              41.89290746233489
            ],
            [
              12.550774068354112,
              41.89380678394081
            ],
            [
              12.529024441012467,
              41.89380678394081
            ],
            [
              12.529024441012467,
              41.89290746233489
            ]
          ]
        ],
        "type": "Polygon"
      },
      "properties": {
        "grid_x_max_exclusive": 95,
        "grid_x_min": 77,
        "grid_y": 39,
        "nearest_distance_m_max": 2183.373,
        "rate_cents_per_m": 10,
        "source": "rome_strisce_blu_nearest_grid",
        "source_ambiti": [
          "Tuscolano"
        ],
        "source_tariffs": [
          "1 euro/h"
        ],
        "source_zonas": [
          "ZONA03"
        ],
        "zone_id": 100
      },
      "type": "Feature"
    },
    {
      "geometry": {
        "coordinates": [
          [
            [
              12.550774068354112,
              41.89290746233489
            ],
            [
              12.55681563150457,
              41.89290746233489
            ],
            [
              12.55681563150457,
              41.89380678394081
            ],
            [
              12.550774068354112,
              41.89380678394081
            ],
            [
              12.550774068354112,
              41.89290746233489
            ]
          ]
        ],
        "type": "Polygon"
      },
      "properties": {
        "grid_x_max_exclusive": 100,
        "grid_x_min": 95,
        "grid_y": 39,
        "nearest_distance_m_max": 2917.782,
        "rate_cents_per_m": 5,
        "source": "rome_strisce_blu_nearest_grid",
        "source_ambiti": [
          "Nomentano"
        ],
        "source_tariffs": [
          "0,50 euro/h"
        ],
        "source_zonas": [
          "ZONA11"
        ],
        "zone_id": 50
      },
      "type": "Feature"
    },
    {
      "geometry": {
        "coordinates": [
          [
            [
              12.43598436849543,
              41.89380678394081
            ],
            [
              12.461358933727348,
              41.89380678394081
            ],
            [
              12.461358933727348,
              41.89470610554673
            ],
            [
              12.43598436849543,
              41.89470610554673
            ],
            [
              12.43598436849543,
              41.89380678394081
            ]
          ]
        ],
        "type": "Polygon"
      },
      "properties": {
        "grid_x_max_exclusive": 21,
        "grid_x_min": 0,
        "grid_y": 40,
        "nearest_distance_m_max": 1041.782,
        "rate_cents_per_m": 10,
        "source": "rome_strisce_blu_nearest_grid",
        "source_ambiti": [
          "Aurelio",
          "Trastevere"
        ],
        "source_tariffs": [
          "1 euro/h"
        ],
        "source_zonas": [
          "ZONA01"
        ],
        "zone_id": 100
      },
      "type": "Feature"
    },
    {
      "geometry": {
        "coordinates": [
          [
            [
              12.461358933727348,
              41.89380678394081
            ],
            [
              12.466192184247715,
              41.89380678394081
            ],
            [
              12.466192184247715,
              41.89470610554673
            ],
            [
              12.461358933727348,
              41.89470610554673
            ],
            [
              12.461358933727348,
              41.89380678394081
            ]
          ]
        ],
        "type": "Polygon"
      },
      "properties": {
        "grid_x_max_exclusive": 25,
        "grid_x_min": 21,
        "grid_y": 40,
        "nearest_distance_m_max": 48.509,
        "rate_cents_per_m": 12,
        "source": "rome_strisce_blu_nearest_grid",
        "source_ambiti": [
          "Trastevere"
        ],
        "source_tariffs": [
          "1,20 euro/h"
        ],
        "source_zonas": [
          "ZONA05"
        ],
        "zone_id": 120
      },
      "type": "Feature"
    },
    {
      "geometry": {
        "coordinates": [
          [
            [
              12.466192184247715,
              41.89380678394081
            ],
            [
              12.47102543476808,
              41.89380678394081
            ],
            [
              12.47102543476808,
              41.89470610554673
            ],
            [
              12.466192184247715,
              41.89470610554673
            ],
            [
              12.466192184247715,
              41.89380678394081
            ]
          ]
        ],
        "type": "Polygon"
      },
      "properties": {
        "grid_x_max_exclusive": 29,
        "grid_x_min": 25,
        "grid_y": 40,
        "nearest_distance_m_max": 66.06,
        "rate_cents_per_m": 10,
        "source": "rome_strisce_blu_nearest_grid",
        "source_ambiti": [
          "Centro Storico",
          "Trastevere"
        ],
        "source_tariffs": [
          "1 euro/h"
        ],
        "source_zonas": [
          "ZONA02",
          "ZONA06"
        ],
        "zone_id": 100
      },
      "type": "Feature"
    },
    {
      "geometry": {
        "coordinates": [
          [
            [
              12.47102543476808,
              41.89380678394081
            ],
            [
              12.481900248438903,
              41.89380678394081
            ],
            [
              12.481900248438903,
              41.89470610554673
            ],
            [
              12.47102543476808,
              41.89470610554673
            ],
            [
              12.47102543476808,
              41.89380678394081
            ]
          ]
        ],
        "type": "Polygon"
      },
      "properties": {
        "grid_x_max_exclusive": 38,
        "grid_x_min": 29,
        "grid_y": 40,
        "nearest_distance_m_max": 321.316,
        "rate_cents_per_m": 12,
        "source": "rome_strisce_blu_nearest_grid",
        "source_ambiti": [
          "Centro Storico"
        ],
        "source_tariffs": [
          "1,20 euro/h"
        ],
        "source_zonas": [
          "ZONA08",
          "ZONA09"
        ],
        "zone_id": 120
      },
      "type": "Feature"
    },
    {
      "geometry": {
        "coordinates": [
          [
            [
              12.481900248438903,
              41.89380678394081
            ],
            [
              12.490358436849542,
              41.89380678394081
            ],
            [
              12.490358436849542,
              41.89470610554673
            ],
            [
              12.481900248438903,
              41.89470610554673
            ],
            [
              12.481900248438903,
              41.89380678394081
            ]
          ]
        ],
        "type": "Polygon"
      },
      "properties": {
        "grid_x_max_exclusive": 45,
        "grid_x_min": 38,
        "grid_y": 40,
        "nearest_distance_m_max": 270.656,
        "rate_cents_per_m": 10,
        "source": "rome_strisce_blu_nearest_grid",
        "source_ambiti": [
          "Campitelli Ripa",
          "Monti"
        ],
        "source_tariffs": [
          "1 euro/h"
        ],
        "source_zonas": [
          "ZONA01"
        ],
        "zone_id": 100
      },
      "type": "Feature"
    },
    {
      "geometry": {
        "coordinates": [
          [
            [
              12.490358436849542,
              41.89380678394081
            ],
            [
              12.491566749479635,
              41.89380678394081
            ],
            [
              12.491566749479635,
              41.89470610554673
            ],
            [
              12.490358436849542,
              41.89470610554673
            ],
            [
              12.490358436849542,
              41.89380678394081
            ]
          ]
        ],
        "type": "Polygon"
      },
      "properties": {
        "grid_x_max_exclusive": 46,
        "grid_x_min": 45,
        "grid_y": 40,
        "nearest_distance_m_max": 2.988,
        "rate_cents_per_m": 12,
        "source": "rome_strisce_blu_nearest_grid",
        "source_ambiti": [
          "Centro Storico"
        ],
        "source_tariffs": [
          "1,20 euro/h"
        ],
        "source_zonas": [
          "ZONA12"
        ],
        "zone_id": 120
      },
      "type": "Feature"
    },
    {
      "geometry": {
        "coordinates": [
          [
            [
              12.491566749479635,
              41.89380678394081
            ],
            [
              12.512108064191187,
              41.89380678394081
            ],
            [
              12.512108064191187,
              41.89470610554673
            ],
            [
              12.491566749479635,
              41.89470610554673
            ],
            [
              12.491566749479635,
              41.89380678394081
            ]
          ]
        ],
        "type": "Polygon"
      },
      "properties": {
        "grid_x_max_exclusive": 63,
        "grid_x_min": 46,
        "grid_y": 40,
        "nearest_distance_m_max": 77.409,
        "rate_cents_per_m": 10,
        "source": "rome_strisce_blu_nearest_grid",
        "source_ambiti": [
          "Esquilino",
          "Monti"
        ],
        "source_tariffs": [
          "1 euro/h"
        ],
        "source_zonas": [
          "ZONA01"
        ],
        "zone_id": 100
      },
      "type": "Feature"
    },
    {
      "geometry": {
        "coordinates": [
          [
            [
              12.512108064191187,
              41.89380678394081
            ],
            [
              12.521774565231919,
              41.89380678394081
            ],
            [
              12.521774565231919,
              41.89470610554673
            ],
            [
              12.512108064191187,
              41.89470610554673
            ],
            [
              12.512108064191187,
              41.89380678394081
            ]
          ]
        ],
        "type": "Polygon"
      },
      "properties": {
        "grid_x_max_exclusive": 71,
        "grid_x_min": 63,
        "grid_y": 40,
        "nearest_distance_m_max": 309.332,
        "rate_cents_per_m": 12,
        "source": "rome_strisce_blu_nearest_grid",
        "source_ambiti": [
          "Tiburtino"
        ],
        "source_tariffs": [
          "1,20 euro/h"
        ],
        "source_zonas": [
          "ZONA08"
        ],
        "zone_id": 120
      },
      "type": "Feature"
    },
    {
      "geometry": {
        "coordinates": [
          [
            [
              12.521774565231919,
              41.89380678394081
            ],
            [
              12.535066004162925,
              41.89380678394081
            ],
            [
              12.535066004162925,
              41.89470610554673
            ],
            [
              12.521774565231919,
              41.89470610554673
            ],
            [
              12.521774565231919,
              41.89380678394081
            ]
          ]
        ],
        "type": "Polygon"
      },
      "properties": {
        "grid_x_max_exclusive": 82,
        "grid_x_min": 71,
        "grid_y": 40,
        "nearest_distance_m_max": 1146.592,
        "rate_cents_per_m": 5,
        "source": "rome_strisce_blu_nearest_grid",
        "source_ambiti": [
          "Tiburtino"
        ],
        "source_tariffs": [
          "0,50 euro/h"
        ],
        "source_zonas": [
          "ZONA10"
        ],
        "zone_id": 50
      },
      "type": "Feature"
    },
    {
      "geometry": {
        "coordinates": [
          [
            [
              12.535066004162925,
              41.89380678394081
            ],
            [
              12.544732505203655,
              41.89380678394081
            ],
            [
              12.544732505203655,
              41.89470610554673
            ],
            [
              12.535066004162925,
              41.89470610554673
            ],
            [
              12.535066004162925,
              41.89380678394081
            ]
          ]
        ],
        "type": "Polygon"
      },
      "properties": {
        "grid_x_max_exclusive": 90,
        "grid_x_min": 82,
        "grid_y": 40,
        "nearest_distance_m_max": 1780.895,
        "rate_cents_per_m": 10,
        "source": "rome_strisce_blu_nearest_grid",
        "source_ambiti": [
          "Tuscolano"
        ],
        "source_tariffs": [
          "1 euro/h"
        ],
        "source_zonas": [
          "ZONA03"
        ],
        "zone_id": 100
      },
      "type": "Feature"
    },
    {
      "geometry": {
        "coordinates": [
          [
            [
              12.544732505203655,
              41.89380678394081
            ],
            [
              12.555607318874477,
              41.89380678394081
            ],
            [
              12.555607318874477,
              41.89470610554673
            ],
            [
              12.544732505203655,
              41.89470610554673
            ],
            [
              12.544732505203655,
              41.89380678394081
            ]
          ]
        ],
        "type": "Polygon"
      },
      "properties": {
        "grid_x_max_exclusive": 99,
        "grid_x_min": 90,
        "grid_y": 40,
        "nearest_distance_m_max": 2778.977,
        "rate_cents_per_m": 5,
        "source": "rome_strisce_blu_nearest_grid",
        "source_ambiti": [
          "Nomentano"
        ],
        "source_tariffs": [
          "0,50 euro/h"
        ],
        "source_zonas": [
          "ZONA11"
        ],
        "zone_id": 50
      },
      "type": "Feature"
    },
    {
      "geometry": {
        "coordinates": [
          [
            [
              12.555607318874477,
              41.89380678394081
            ],
            [
              12.55681563150457,
              41.89380678394081
            ],
            [
              12.55681563150457,
              41.89470610554673
            ],
            [
              12.555607318874477,
              41.89470610554673
            ],
            [
              12.555607318874477,
              41.89380678394081
            ]
          ]
        ],
        "type": "Polygon"
      },
      "properties": {
        "grid_x_max_exclusive": 100,
        "grid_x_min": 99,
        "grid_y": 40,
        "nearest_distance_m_max": 2857.308,
        "rate_cents_per_m": 10,
        "source": "rome_strisce_blu_nearest_grid",
        "source_ambiti": [
          "Nomentano"
        ],
        "source_tariffs": [
          "1 euro/h"
        ],
        "source_zonas": [
          "ZONA01"
        ],
        "zone_id": 100
      },
      "type": "Feature"
    },
    {
      "geometry": {
        "coordinates": [
          [
            [
              12.43598436849543,
              41.89470610554673
            ],
            [
              12.461358933727348,
              41.89470610554673
            ],
            [
              12.461358933727348,
              41.89560542715265
            ],
            [
              12.43598436849543,
              41.89560542715265
            ],
            [
              12.43598436849543,
              41.89470610554673
            ]
          ]
        ],
        "type": "Polygon"
      },
      "properties": {
        "grid_x_max_exclusive": 21,
        "grid_x_min": 0,
        "grid_y": 41,
        "nearest_distance_m_max": 977.686,
        "rate_cents_per_m": 10,
        "source": "rome_strisce_blu_nearest_grid",
        "source_ambiti": [
          "Aurelio",
          "Trastevere"
        ],
        "source_tariffs": [
          "1 euro/h"
        ],
        "source_zonas": [
          "ZONA01"
        ],
        "zone_id": 100
      },
      "type": "Feature"
    },
    {
      "geometry": {
        "coordinates": [
          [
            [
              12.461358933727348,
              41.89470610554673
            ],
            [
              12.464983871617623,
              41.89470610554673
            ],
            [
              12.464983871617623,
              41.89560542715265
            ],
            [
              12.461358933727348,
              41.89560542715265
            ],
            [
              12.461358933727348,
              41.89470610554673
            ]
          ]
        ],
        "type": "Polygon"
      },
      "properties": {
        "grid_x_max_exclusive": 24,
        "grid_x_min": 21,
        "grid_y": 41,
        "nearest_distance_m_max": 54.494,
        "rate_cents_per_m": 12,
        "source": "rome_strisce_blu_nearest_grid",
        "source_ambiti": [
          "Trastevere"
        ],
        "source_tariffs": [
          "1,20 euro/h"
        ],
        "source_zonas": [
          "ZONA05"
        ],
        "zone_id": 120
      },
      "type": "Feature"
    },
    {
      "geometry": {
        "coordinates": [
          [
            [
              12.464983871617623,
              41.89470610554673
            ],
            [
              12.47102543476808,
              41.89470610554673
            ],
            [
              12.47102543476808,
              41.89560542715265
            ],
            [
              12.464983871617623,
              41.89560542715265
            ],
            [
              12.464983871617623,
              41.89470610554673
            ]
          ]
        ],
        "type": "Polygon"
      },
      "properties": {
        "grid_x_max_exclusive": 29,
        "grid_x_min": 24,
        "grid_y": 41,
        "nearest_distance_m_max": 136.071,
        "rate_cents_per_m": 10,
        "source": "rome_strisce_blu_nearest_grid",
        "source_ambiti": [
          "Centro Storico",
          "Trastevere"
        ],
        "source_tariffs": [
          "1 euro/h"
        ],
        "source_zonas": [
          "ZONA02",
          "ZONA06"
        ],
        "zone_id": 100
      },
      "type": "Feature"
    },
    {
      "geometry": {
        "coordinates": [
          [
            [
              12.47102543476808,
              41.89470610554673
            ],
            [
              12.491566749479635,
              41.89470610554673
            ],
            [
              12.491566749479635,
              41.89560542715265
            ],
            [
              12.47102543476808,
              41.89560542715265
            ],
            [
              12.47102543476808,
              41.89470610554673
            ]
          ]
        ],
        "type": "Polygon"
      },
      "properties": {
        "grid_x_max_exclusive": 46,
        "grid_x_min": 29,
        "grid_y": 41,
        "nearest_distance_m_max": 309.192,
        "rate_cents_per_m": 12,
        "source": "rome_strisce_blu_nearest_grid",
        "source_ambiti": [
          "Centro Storico"
        ],
        "source_tariffs": [
          "1,20 euro/h"
        ],
        "source_zonas": [
          "ZONA08",
          "ZONA09",
          "ZONA12"
        ],
        "zone_id": 120
      },
      "type": "Feature"
    },
    {
      "geometry": {
        "coordinates": [
          [
            [
              12.491566749479635,
              41.89470610554673
            ],
            [
              12.510899751561096,
              41.89470610554673
            ],
            [
              12.510899751561096,
              41.89560542715265
            ],
            [
              12.491566749479635,
              41.89560542715265
            ],
            [
              12.491566749479635,
              41.89470610554673
            ]
          ]
        ],
        "type": "Polygon"
      },
      "properties": {
        "grid_x_max_exclusive": 62,
        "grid_x_min": 46,
        "grid_y": 41,
        "nearest_distance_m_max": 81.739,
        "rate_cents_per_m": 10,
        "source": "rome_strisce_blu_nearest_grid",
        "source_ambiti": [
          "Esquilino",
          "Monti"
        ],
        "source_tariffs": [
          "1 euro/h"
        ],
        "source_zonas": [
          "ZONA01"
        ],
        "zone_id": 100
      },
      "type": "Feature"
    },
    {
      "geometry": {
        "coordinates": [
          [
            [
              12.510899751561096,
              41.89470610554673
            ],
            [
              12.521774565231919,
              41.89470610554673
            ],
            [
              12.521774565231919,
              41.89560542715265
            ],
            [
              12.510899751561096,
              41.89560542715265
            ],
            [
              12.510899751561096,
              41.89470610554673
            ]
          ]
        ],
        "type": "Polygon"
      },
      "properties": {
        "grid_x_max_exclusive": 71,
        "grid_x_min": 62,
        "grid_y": 41,
        "nearest_distance_m_max": 253.867,
        "rate_cents_per_m": 12,
        "source": "rome_strisce_blu_nearest_grid",
        "source_ambiti": [
          "Tiburtino"
        ],
        "source_tariffs": [
          "1,20 euro/h"
        ],
        "source_zonas": [
          "ZONA08"
        ],
        "zone_id": 120
      },
      "type": "Feature"
    },
    {
      "geometry": {
        "coordinates": [
          [
            [
              12.521774565231919,
              41.89470610554673
            ],
            [
              12.53989925468329,
              41.89470610554673
            ],
            [
              12.53989925468329,
              41.89560542715265
            ],
            [
              12.521774565231919,
              41.89560542715265
            ],
            [
              12.521774565231919,
              41.89470610554673
            ]
          ]
        ],
        "type": "Polygon"
      },
      "properties": {
        "grid_x_max_exclusive": 86,
        "grid_x_min": 71,
        "grid_y": 41,
        "nearest_distance_m_max": 1507.101,
        "rate_cents_per_m": 5,
        "source": "rome_strisce_blu_nearest_grid",
        "source_ambiti": [
          "Tiburtino"
        ],
        "source_tariffs": [
          "0,50 euro/h"
        ],
        "source_zonas": [
          "ZONA10"
        ],
        "zone_id": 50
      },
      "type": "Feature"
    },
    {
      "geometry": {
        "coordinates": [
          [
            [
              12.53989925468329,
              41.89470610554673
            ],
            [
              12.544732505203655,
              41.89470610554673
            ],
            [
              12.544732505203655,
              41.89560542715265
            ],
            [
              12.53989925468329,
              41.89560542715265
            ],
            [
              12.53989925468329,
              41.89470610554673
            ]
          ]
        ],
        "type": "Polygon"
      },
      "properties": {
        "grid_x_max_exclusive": 90,
        "grid_x_min": 86,
        "grid_y": 41,
        "nearest_distance_m_max": 1834.913,
        "rate_cents_per_m": 10,
        "source": "rome_strisce_blu_nearest_grid",
        "source_ambiti": [
          "Tuscolano"
        ],
        "source_tariffs": [
          "1 euro/h"
        ],
        "source_zonas": [
          "ZONA03"
        ],
        "zone_id": 100
      },
      "type": "Feature"
    },
    {
      "geometry": {
        "coordinates": [
          [
            [
              12.544732505203655,
              41.89470610554673
            ],
            [
              12.553190693614296,
              41.89470610554673
            ],
            [
              12.553190693614296,
              41.89560542715265
            ],
            [
              12.544732505203655,
              41.89560542715265
            ],
            [
              12.544732505203655,
              41.89470610554673
            ]
          ]
        ],
        "type": "Polygon"
      },
      "properties": {
        "grid_x_max_exclusive": 97,
        "grid_x_min": 90,
        "grid_y": 41,
        "nearest_distance_m_max": 2557.245,
        "rate_cents_per_m": 5,
        "source": "rome_strisce_blu_nearest_grid",
        "source_ambiti": [
          "Nomentano"
        ],
        "source_tariffs": [
          "0,50 euro/h"
        ],
        "source_zonas": [
          "ZONA11"
        ],
        "zone_id": 50
      },
      "type": "Feature"
    },
    {
      "geometry": {
        "coordinates": [
          [
            [
              12.553190693614296,
              41.89470610554673
            ],
            [
              12.55681563150457,
              41.89470610554673
            ],
            [
              12.55681563150457,
              41.89560542715265
            ],
            [
              12.553190693614296,
              41.89560542715265
            ],
            [
              12.553190693614296,
              41.89470610554673
            ]
          ]
        ],
        "type": "Polygon"
      },
      "properties": {
        "grid_x_max_exclusive": 100,
        "grid_x_min": 97,
        "grid_y": 41,
        "nearest_distance_m_max": 2795.907,
        "rate_cents_per_m": 10,
        "source": "rome_strisce_blu_nearest_grid",
        "source_ambiti": [
          "Nomentano"
        ],
        "source_tariffs": [
          "1 euro/h"
        ],
        "source_zonas": [
          "ZONA01"
        ],
        "zone_id": 100
      },
      "type": "Feature"
    },
    {
      "geometry": {
        "coordinates": [
          [
            [
              12.43598436849543,
              41.89560542715265
            ],
            [
              12.461358933727348,
              41.89560542715265
            ],
            [
              12.461358933727348,
              41.89650474875857
            ],
            [
              12.43598436849543,
              41.89650474875857
            ],
            [
              12.43598436849543,
              41.89560542715265
            ]
          ]
        ],
        "type": "Polygon"
      },
      "properties": {
        "grid_x_max_exclusive": 21,
        "grid_x_min": 0,
        "grid_y": 42,
        "nearest_distance_m_max": 919.303,
        "rate_cents_per_m": 10,
        "source": "rome_strisce_blu_nearest_grid",
        "source_ambiti": [
          "Aurelio",
          "Trastevere"
        ],
        "source_tariffs": [
          "1 euro/h"
        ],
        "source_zonas": [
          "ZONA01"
        ],
        "zone_id": 100
      },
      "type": "Feature"
    },
    {
      "geometry": {
        "coordinates": [
          [
            [
              12.461358933727348,
              41.89560542715265
            ],
            [
              12.464983871617623,
              41.89560542715265
            ],
            [
              12.464983871617623,
              41.89650474875857
            ],
            [
              12.461358933727348,
              41.89650474875857
            ],
            [
              12.461358933727348,
              41.89560542715265
            ]
          ]
        ],
        "type": "Polygon"
      },
      "properties": {
        "grid_x_max_exclusive": 24,
        "grid_x_min": 21,
        "grid_y": 42,
        "nearest_distance_m_max": 54.991,
        "rate_cents_per_m": 12,
        "source": "rome_strisce_blu_nearest_grid",
        "source_ambiti": [
          "Trastevere"
        ],
        "source_tariffs": [
          "1,20 euro/h"
        ],
        "source_zonas": [
          "ZONA05"
        ],
        "zone_id": 120
      },
      "type": "Feature"
    },
    {
      "geometry": {
        "coordinates": [
          [
            [
              12.464983871617623,
              41.89560542715265
            ],
            [
              12.46981712213799,
              41.89560542715265
            ],
            [
              12.46981712213799,
              41.89650474875857
            ],
            [
              12.464983871617623,
              41.89650474875857
            ],
            [
              12.464983871617623,
              41.89560542715265
            ]
          ]
        ],
        "type": "Polygon"
      },
      "properties": {
        "grid_x_max_exclusive": 28,
        "grid_x_min": 24,
        "grid_y": 42,
        "nearest_distance_m_max": 131.546,
        "rate_cents_per_m": 10,
        "source": "rome_strisce_blu_nearest_grid",
        "source_ambiti": [
          "Centro Storico",
          "Trastevere"
        ],
        "source_tariffs": [
          "1 euro/h"
        ],
        "source_zonas": [
          "ZONA02",
          "ZONA06"
        ],
        "zone_id": 100
      },
      "type": "Feature"
    },
    {
      "geometry": {
        "coordinates": [
          [
            [
              12.46981712213799,
              41.89560542715265
            ],
            [
              12.492775062109725,
              41.89560542715265
            ],
            [
              12.492775062109725,
              41.89650474875857
            ],
            [
              12.46981712213799,
              41.89650474875857
            ],
            [
              12.46981712213799,
              41.89560542715265
            ]
          ]
        ],
        "type": "Polygon"
      },
      "properties": {
        "grid_x_max_exclusive": 47,
        "grid_x_min": 28,
        "grid_y": 42,
        "nearest_distance_m_max": 229.83,
        "rate_cents_per_m": 12,
        "source": "rome_strisce_blu_nearest_grid",
        "source_ambiti": [
          "Centro Storico"
        ],
        "source_tariffs": [
          "1,20 euro/h"
        ],
        "source_zonas": [
          "ZONA09",
          "ZONA12"
        ],
        "zone_id": 120
      },
      "type": "Feature"
    },
    {
      "geometry": {
        "coordinates": [
          [
            [
              12.492775062109725,
              41.89560542715265
            ],
            [
              12.510899751561096,
              41.89560542715265
            ],
            [
              12.510899751561096,
              41.89650474875857
            ],
            [
              12.492775062109725,
              41.89650474875857
            ],
            [
              12.492775062109725,
              41.89560542715265
            ]
          ]
        ],
        "type": "Polygon"
      },
      "properties": {
        "grid_x_max_exclusive": 62,
        "grid_x_min": 47,
        "grid_y": 42,
        "nearest_distance_m_max": 102.462,
        "rate_cents_per_m": 10,
        "source": "rome_strisce_blu_nearest_grid",
        "source_ambiti": [
          "Esquilino",
          "Monti",
          "Tiburtino"
        ],
        "source_tariffs": [
          "1 euro/h"
        ],
        "source_zonas": [
          "ZONA01",
          "ZONA02"
        ],
        "zone_id": 100
      },
      "type": "Feature"
    },
    {
      "geometry": {
        "coordinates": [
          [
            [
              12.510899751561096,
              41.89560542715265
            ],
            [
              12.520566252601828,
              41.89560542715265
            ],
            [
              12.520566252601828,
              41.89650474875857
            ],
            [
              12.510899751561096,
              41.89650474875857
            ],
            [
              12.510899751561096,
              41.89560542715265
            ]
          ]
        ],
        "type": "Polygon"
      },
      "properties": {
        "grid_x_max_exclusive": 70,
        "grid_x_min": 62,
        "grid_y": 42,
        "nearest_distance_m_max": 115.757,
        "rate_cents_per_m": 12,
        "source": "rome_strisce_blu_nearest_grid",
        "source_ambiti": [
          "Tiburtino"
        ],
        "source_tariffs": [
          "1,20 euro/h"
        ],
        "source_zonas": [
          "ZONA08"
        ],
        "zone_id": 120
      },
      "type": "Feature"
    },
    {
      "geometry": {
        "coordinates": [
          [
            [
              12.520566252601828,
              41.89560542715265
            ],
            [
              12.551982380984203,
              41.89560542715265
            ],
            [
              12.551982380984203,
              41.89650474875857
            ],
            [
              12.520566252601828,
              41.89650474875857
            ],
            [
              12.520566252601828,
              41.89560542715265
            ]
          ]
        ],
        "type": "Polygon"
      },
      "properties": {
        "grid_x_max_exclusive": 96,
        "grid_x_min": 70,
        "grid_y": 42,
        "nearest_distance_m_max": 2418.422,
        "rate_cents_per_m": 5,
        "source": "rome_strisce_blu_nearest_grid",
        "source_ambiti": [
          "Nomentano",
          "Tiburtino"
        ],
        "source_tariffs": [
          "0,50 euro/h"
        ],
        "source_zonas": [
          "ZONA10",
          "ZONA11"
        ],
        "zone_id": 50
      },
      "type": "Feature"
    },
    {
      "geometry": {
        "coordinates": [
          [
            [
              12.551982380984203,
              41.89560542715265
            ],
            [
              12.55681563150457,
              41.89560542715265
            ],
            [
              12.55681563150457,
              41.89650474875857
            ],
            [
              12.551982380984203,
              41.89650474875857
            ],
            [
              12.551982380984203,
              41.89560542715265
            ]
          ]
        ],
        "type": "Polygon"
      },
      "properties": {
        "grid_x_max_exclusive": 100,
        "grid_x_min": 96,
        "grid_y": 42,
        "nearest_distance_m_max": 2736.782,
        "rate_cents_per_m": 10,
        "source": "rome_strisce_blu_nearest_grid",
        "source_ambiti": [
          "Nomentano"
        ],
        "source_tariffs": [
          "1 euro/h"
        ],
        "source_zonas": [
          "ZONA01"
        ],
        "zone_id": 100
      },
      "type": "Feature"
    },
    {
      "geometry": {
        "coordinates": [
          [
            [
              12.43598436849543,
              41.89650474875857
            ],
            [
              12.462567246357441,
              41.89650474875857
            ],
            [
              12.462567246357441,
              41.89740407036449
            ],
            [
              12.43598436849543,
              41.89740407036449
            ],
            [
              12.43598436849543,
              41.89650474875857
            ]
          ]
        ],
        "type": "Polygon"
      },
      "properties": {
        "grid_x_max_exclusive": 22,
        "grid_x_min": 0,
        "grid_y": 43,
        "nearest_distance_m_max": 862.469,
        "rate_cents_per_m": 10,
        "source": "rome_strisce_blu_nearest_grid",
        "source_ambiti": [
          "Aurelio",
          "Trastevere"
        ],
        "source_tariffs": [
          "1 euro/h"
        ],
        "source_zonas": [
          "ZONA01",
          "ZONA02"
        ],
        "zone_id": 100
      },
      "type": "Feature"
    },
    {
      "geometry": {
        "coordinates": [
          [
            [
              12.462567246357441,
              41.89650474875857
            ],
            [
              12.463775558987532,
              41.89650474875857
            ],
            [
              12.463775558987532,
              41.89740407036449
            ],
            [
              12.462567246357441,
              41.89740407036449
            ],
            [
              12.462567246357441,
              41.89650474875857
            ]
          ]
        ],
        "type": "Polygon"
      },
      "properties": {
        "grid_x_max_exclusive": 23,
        "grid_x_min": 22,
        "grid_y": 43,
        "nearest_distance_m_max": 33.749,
        "rate_cents_per_m": 12,
        "source": "rome_strisce_blu_nearest_grid",
        "source_ambiti": [
          "Trastevere"
        ],
        "source_tariffs": [
          "1,20 euro/h"
        ],
        "source_zonas": [
          "ZONA05"
        ],
        "zone_id": 120
      },
      "type": "Feature"
    },
    {
      "geometry": {
        "coordinates": [
          [
            [
              12.463775558987532,
              41.89650474875857
            ],
            [
              12.46981712213799,
              41.89650474875857
            ],
            [
              12.46981712213799,
              41.89740407036449
            ],
            [
              12.463775558987532,
              41.89740407036449
            ],
            [
              12.463775558987532,
              41.89650474875857
            ]
          ]
        ],
        "type": "Polygon"
      },
      "properties": {
        "grid_x_max_exclusive": 28,
        "grid_x_min": 23,
        "grid_y": 43,
        "nearest_distance_m_max": 197.228,
        "rate_cents_per_m": 10,
        "source": "rome_strisce_blu_nearest_grid",
        "source_ambiti": [
          "Centro Storico",
          "Trastevere"
        ],
        "source_tariffs": [
          "1 euro/h"
        ],
        "source_zonas": [
          "ZONA02",
          "ZONA06"
        ],
        "zone_id": 100
      },
      "type": "Feature"
    },
    {
      "geometry": {
        "coordinates": [
          [
            [
              12.46981712213799,
              41.89650474875857
            ],
            [
              12.495191687369909,
              41.89650474875857
            ],
            [
              12.495191687369909,
              41.89740407036449
            ],
            [
              12.46981712213799,
              41.89740407036449
            ],
            [
              12.46981712213799,
              41.89650474875857
            ]
          ]
        ],
        "type": "Polygon"
      },
      "properties": {
        "grid_x_max_exclusive": 49,
        "grid_x_min": 28,
        "grid_y": 43,
        "nearest_distance_m_max": 222.117,
        "rate_cents_per_m": 12,
        "source": "rome_strisce_blu_nearest_grid",
        "source_ambiti": [
          "Centro Storico"
        ],
        "source_tariffs": [
          "1,20 euro/h"
        ],
        "source_zonas": [
          "ZONA09",
          "ZONA12"
        ],
        "zone_id": 120
      },
      "type": "Feature"
    },
    {
      "geometry": {
        "coordinates": [
          [
            [
              12.495191687369909,
              41.89650474875857
            ],
            [
              12.512108064191187,
              41.89650474875857
            ],
            [
              12.512108064191187,
              41.89740407036449
            ],
            [
              12.495191687369909,
              41.89740407036449
            ],
            [
              12.495191687369909,
              41.89650474875857
            ]
          ]
        ],
        "type": "Polygon"
      },
      "properties": {
        "grid_x_max_exclusive": 63,
        "grid_x_min": 49,
        "grid_y": 43,
        "nearest_distance_m_max": 125.689,
        "rate_cents_per_m": 10,
        "source": "rome_strisce_blu_nearest_grid",
        "source_ambiti": [
          "Esquilino",
          "Monti",
          "Tiburtino"
        ],
        "source_tariffs": [
          "1 euro/h"
        ],
        "source_zonas": [
          "ZONA01",
          "ZONA02"
        ],
        "zone_id": 100
      },
      "type": "Feature"
    },
    {
      "geometry": {
        "coordinates": [
          [
            [
              12.512108064191187,
              41.89650474875857
            ],
            [
              12.520566252601828,
              41.89650474875857
            ],
            [
              12.520566252601828,
              41.89740407036449
            ],
            [
              12.512108064191187,
              41.89740407036449
            ],
            [
              12.512108064191187,
              41.89650474875857
            ]
          ]
        ],
        "type": "Polygon"
      },
      "properties": {
        "grid_x_max_exclusive": 70,
        "grid_x_min": 63,
        "grid_y": 43,
        "nearest_distance_m_max": 76.916,
        "rate_cents_per_m": 12,
        "source": "rome_strisce_blu_nearest_grid",
        "source_ambiti": [
          "Tiburtino"
        ],
        "source_tariffs": [
          "1,20 euro/h"
        ],
        "source_zonas": [
          "ZONA08"
        ],
        "zone_id": 120
      },
      "type": "Feature"
    },
    {
      "geometry": {
        "coordinates": [
          [
            [
              12.520566252601828,
              41.89650474875857
            ],
            [
              12.550774068354112,
              41.89650474875857
            ],
            [
              12.550774068354112,
              41.89740407036449
            ],
            [
              12.520566252601828,
              41.89740407036449
            ],
            [
              12.520566252601828,
              41.89650474875857
            ]
          ]
        ],
        "type": "Polygon"
      },
      "properties": {
        "grid_x_max_exclusive": 95,
        "grid_x_min": 70,
        "grid_y": 43,
        "nearest_distance_m_max": 2279.917,
        "rate_cents_per_m": 5,
        "source": "rome_strisce_blu_nearest_grid",
        "source_ambiti": [
          "Nomentano",
          "Tiburtino"
        ],
        "source_tariffs": [
          "0,50 euro/h"
        ],
        "source_zonas": [
          "ZONA10",
          "ZONA11"
        ],
        "zone_id": 50
      },
      "type": "Feature"
    },
    {
      "geometry": {
        "coordinates": [
          [
            [
              12.550774068354112,
              41.89650474875857
            ],
            [
              12.55681563150457,
              41.89650474875857
            ],
            [
              12.55681563150457,
              41.89740407036449
            ],
            [
              12.550774068354112,
              41.89740407036449
            ],
            [
              12.550774068354112,
              41.89650474875857
            ]
          ]
        ],
        "type": "Polygon"
      },
      "properties": {
        "grid_x_max_exclusive": 100,
        "grid_x_min": 95,
        "grid_y": 43,
        "nearest_distance_m_max": 2680.085,
        "rate_cents_per_m": 10,
        "source": "rome_strisce_blu_nearest_grid",
        "source_ambiti": [
          "Nomentano"
        ],
        "source_tariffs": [
          "1 euro/h"
        ],
        "source_zonas": [
          "ZONA01"
        ],
        "zone_id": 100
      },
      "type": "Feature"
    },
    {
      "geometry": {
        "coordinates": [
          [
            [
              12.43598436849543,
              41.89740407036449
            ],
            [
              12.462567246357441,
              41.89740407036449
            ],
            [
              12.462567246357441,
              41.89830339197041
            ],
            [
              12.43598436849543,
              41.89830339197041
            ],
            [
              12.43598436849543,
              41.89740407036449
            ]
          ]
        ],
        "type": "Polygon"
      },
      "properties": {
        "grid_x_max_exclusive": 22,
        "grid_x_min": 0,
        "grid_y": 44,
        "nearest_distance_m_max": 812.251,
        "rate_cents_per_m": 10,
        "source": "rome_strisce_blu_nearest_grid",
        "source_ambiti": [
          "Aurelio",
          "Trastevere"
        ],
        "source_tariffs": [
          "1 euro/h"
        ],
        "source_zonas": [
          "ZONA01",
          "ZONA02"
        ],
        "zone_id": 100
      },
      "type": "Feature"
    },
    {
      "geometry": {
        "coordinates": [
          [
            [
              12.462567246357441,
              41.89740407036449
            ],
            [
              12.463775558987532,
              41.89740407036449
            ],
            [
              12.463775558987532,
              41.89830339197041
            ],
            [
              12.462567246357441,
              41.89830339197041
            ],
            [
              12.462567246357441,
              41.89740407036449
            ]
          ]
        ],
        "type": "Polygon"
      },
      "properties": {
        "grid_x_max_exclusive": 23,
        "grid_x_min": 22,
        "grid_y": 44,
        "nearest_distance_m_max": 21.672,
        "rate_cents_per_m": 12,
        "source": "rome_strisce_blu_nearest_grid",
        "source_ambiti": [
          "Trastevere"
        ],
        "source_tariffs": [
          "1,20 euro/h"
        ],
        "source_zonas": [
          "ZONA05"
        ],
        "zone_id": 120
      },
      "type": "Feature"
    },
    {
      "geometry": {
        "coordinates": [
          [
            [
              12.463775558987532,
              41.89740407036449
            ],
            [
              12.468608809507897,
              41.89740407036449
            ],
            [
              12.468608809507897,
              41.89830339197041
            ],
            [
              12.463775558987532,
              41.89830339197041
            ],
            [
              12.463775558987532,
              41.89740407036449
            ]
          ]
        ],
        "type": "Polygon"
      },
      "properties": {
        "grid_x_max_exclusive": 27,
        "grid_x_min": 23,
        "grid_y": 44,
        "nearest_distance_m_max": 197.345,
        "rate_cents_per_m": 10,
        "source": "rome_strisce_blu_nearest_grid",
        "source_ambiti": [
          "Centro Storico",
          "Trastevere"
        ],
        "source_tariffs": [
          "1 euro/h"
        ],
        "source_zonas": [
          "ZONA02",
          "ZONA06"
        ],
        "zone_id": 100
      },
      "type": "Feature"
    },
    {
      "geometry": {
        "coordinates": [
          [
            [
              12.468608809507897,
              41.89740407036449
            ],
            [
              12.4964,
              41.89740407036449
            ],
            [
              12.4964,
              41.89830339197041
            ],
            [
              12.468608809507897,
              41.89830339197041
            ],
            [
              12.468608809507897,
              41.89740407036449
            ]
          ]
        ],
        "type": "Polygon"
      },
      "properties": {
        "grid_x_max_exclusive": 50,
        "grid_x_min": 27,
        "grid_y": 44,
        "nearest_distance_m_max": 270.486,
        "rate_cents_per_m": 12,
        "source": "rome_strisce_blu_nearest_grid",
        "source_ambiti": [
          "Centro Storico"
        ],
        "source_tariffs": [
          "1,20 euro/h"
        ],
        "source_zonas": [
          "ZONA09",
          "ZONA12"
        ],
        "zone_id": 120
      },
      "type": "Feature"
    },
    {
      "geometry": {
        "coordinates": [
          [
            [
              12.4964,
              41.89740407036449
            ],
            [
              12.51331637682128,
              41.89740407036449
            ],
            [
              12.51331637682128,
              41.89830339197041
            ],
            [
              12.4964,
              41.89830339197041
            ],
            [
              12.4964,
              41.89740407036449
            ]
          ]
        ],
        "type": "Polygon"
      },
      "properties": {
        "grid_x_max_exclusive": 64,
        "grid_x_min": 50,
        "grid_y": 44,
        "nearest_distance_m_max": 102.502,
        "rate_cents_per_m": 10,
        "source": "rome_strisce_blu_nearest_grid",
        "source_ambiti": [
          "Castro Pretorio",
          "Esquilino",
          "Monti",
          "Tiburtino"
        ],
        "source_tariffs": [
          "1 euro/h"
        ],
        "source_zonas": [
          "ZONA01",
          "ZONA02"
        ],
        "zone_id": 100
      },
      "type": "Feature"
    },
    {
      "geometry": {
        "coordinates": [
          [
            [
              12.51331637682128,
              41.89740407036449
            ],
            [
              12.520566252601828,
              41.89740407036449
            ],
            [
              12.520566252601828,
              41.89830339197041
            ],
            [
              12.51331637682128,
              41.89830339197041
            ],
            [
              12.51331637682128,
              41.89740407036449
            ]
          ]
        ],
        "type": "Polygon"
      },
      "properties": {
        "grid_x_max_exclusive": 70,
        "grid_x_min": 64,
        "grid_y": 44,
        "nearest_distance_m_max": 57.365,
        "rate_cents_per_m": 12,
        "source": "rome_strisce_blu_nearest_grid",
        "source_ambiti": [
          "Tiburtino"
        ],
        "source_tariffs": [
          "1,20 euro/h"
        ],
        "source_zonas": [
          "ZONA08"
        ],
        "zone_id": 120
      },
      "type": "Feature"
    },
    {
      "geometry": {
        "coordinates": [
          [
            [
              12.520566252601828,
              41.89740407036449
            ],
            [
              12.548357443093929,
              41.89740407036449
            ],
            [
              12.548357443093929,
              41.89830339197041
            ],
            [
              12.520566252601828,
              41.89830339197041
            ],
            [
              12.520566252601828,
              41.89740407036449
            ]
          ]
        ],
        "type": "Polygon"
      },
      "properties": {
        "grid_x_max_exclusive": 93,
        "grid_x_min": 70,
        "grid_y": 44,
        "nearest_distance_m_max": 2057.866,
        "rate_cents_per_m": 5,
        "source": "rome_strisce_blu_nearest_grid",
        "source_ambiti": [
          "Nomentano",
          "Tiburtino"
        ],
        "source_tariffs": [
          "0,50 euro/h"
        ],
        "source_zonas": [
          "ZONA10",
          "ZONA11"
        ],
        "zone_id": 50
      },
      "type": "Feature"
    },
    {
      "geometry": {
        "coordinates": [
          [
            [
              12.548357443093929,
              41.89740407036449
            ],
            [
              12.55681563150457,
              41.89740407036449
            ],
            [
              12.55681563150457,
              41.89830339197041
            ],
            [
              12.548357443093929,
              41.89830339197041
            ],
            [
              12.548357443093929,
              41.89740407036449
            ]
          ]
        ],
        "type": "Polygon"
      },
      "properties": {
        "grid_x_max_exclusive": 100,
        "grid_x_min": 93,
        "grid_y": 44,
        "nearest_distance_m_max": 2625.974,
        "rate_cents_per_m": 10,
        "source": "rome_strisce_blu_nearest_grid",
        "source_ambiti": [
          "Nomentano"
        ],
        "source_tariffs": [
          "1 euro/h"
        ],
        "source_zonas": [
          "ZONA01"
        ],
        "zone_id": 100
      },
      "type": "Feature"
    },
    {
      "geometry": {
        "coordinates": [
          [
            [
              12.43598436849543,
              41.89830339197041
            ],
            [
              12.46981712213799,
              41.89830339197041
            ],
            [
              12.46981712213799,
              41.89920271357632
            ],
            [
              12.43598436849543,
              41.89920271357632
            ],
            [
              12.43598436849543,
              41.89830339197041
            ]
          ]
        ],
        "type": "Polygon"
      },
      "properties": {
        "grid_x_max_exclusive": 28,
        "grid_x_min": 0,
        "grid_y": 45,
        "nearest_distance_m_max": 771.785,
        "rate_cents_per_m": 10,
        "source": "rome_strisce_blu_nearest_grid",
        "source_ambiti": [
          "Aurelio",
          "Centro Storico",
          "Trastevere"
        ],
        "source_tariffs": [
          "1 euro/h"
        ],
        "source_zonas": [
          "ZONA01",
          "ZONA02",
          "ZONA06"
        ],
        "zone_id": 100
      },
      "type": "Feature"
    },
    {
      "geometry": {
        "coordinates": [
          [
            [
              12.46981712213799,
              41.89830339197041
            ],
            [
              12.4964,
              41.89830339197041
            ],
            [
              12.4964,
              41.89920271357632
            ],
            [
              12.46981712213799,
              41.89920271357632
            ],
            [
              12.46981712213799,
              41.89830339197041
            ]
          ]
        ],
        "type": "Polygon"
      },
      "properties": {
        "grid_x_max_exclusive": 50,
        "grid_x_min": 28,
        "grid_y": 45,
        "nearest_distance_m_max": 248.872,
        "rate_cents_per_m": 12,
        "source": "rome_strisce_blu_nearest_grid",
        "source_ambiti": [
          "Centro Storico"
        ],
        "source_tariffs": [
          "1,20 euro/h"
        ],
        "source_zonas": [
          "ZONA09",
          "ZONA12"
        ],
        "zone_id": 120
      },
      "type": "Feature"
    },
    {
      "geometry": {
        "coordinates": [
          [
            [
              12.4964,
              41.89830339197041
            ],
            [
              12.515733002081461,
              41.89830339197041
            ],
            [
              12.515733002081461,
              41.89920271357632
            ],
            [
              12.4964,
              41.89920271357632
            ],
            [
              12.4964,
              41.89830339197041
            ]
          ]
        ],
        "type": "Polygon"
      },
      "properties": {
        "grid_x_max_exclusive": 66,
        "grid_x_min": 50,
        "grid_y": 45,
        "nearest_distance_m_max": 112.104,
        "rate_cents_per_m": 10,
        "source": "rome_strisce_blu_nearest_grid",
        "source_ambiti": [
          "Castro Pretorio",
          "Esquilino",
          "Tiburtino"
        ],
        "source_tariffs": [
          "1 euro/h"
        ],
        "source_zonas": [
          "ZONA01",
          "ZONA02"
        ],
        "zone_id": 100
      },
      "type": "Feature"
    },
    {
      "geometry": {
        "coordinates": [
          [
            [
              12.515733002081461,
              41.89830339197041
            ],
            [
              12.518149627341645,
              41.89830339197041
            ],
            [
              12.518149627341645,
              41.89920271357632
            ],
            [
              12.515733002081461,
              41.89920271357632
            ],
            [
              12.515733002081461,
              41.89830339197041
            ]
          ]
        ],
        "type": "Polygon"
      },
      "properties": {
        "grid_x_max_exclusive": 68,
        "grid_x_min": 66,
        "grid_y": 45,
        "nearest_distance_m_max": 39.64,
        "rate_cents_per_m": 12,
        "source": "rome_strisce_blu_nearest_grid",
        "source_ambiti": [
          "Tiburtino"
        ],
        "source_tariffs": [
          "1,20 euro/h"
        ],
        "source_zonas": [
          "ZONA08"
        ],
        "zone_id": 120
      },
      "type": "Feature"
    },
    {
      "geometry": {
        "coordinates": [
          [
            [
              12.518149627341645,
              41.89830339197041
            ],
            [
              12.520566252601828,
              41.89830339197041
            ],
            [
              12.520566252601828,
              41.89920271357632
            ],
            [
              12.518149627341645,
              41.89920271357632
            ],
            [
              12.518149627341645,
              41.89830339197041
            ]
          ]
        ],
        "type": "Polygon"
      },
      "properties": {
        "grid_x_max_exclusive": 70,
        "grid_x_min": 68,
        "grid_y": 45,
        "nearest_distance_m_max": 60.324,
        "rate_cents_per_m": 10,
        "source": "rome_strisce_blu_nearest_grid",
        "source_ambiti": [
          "Tiburtino"
        ],
        "source_tariffs": [
          "1 euro/h"
        ],
        "source_zonas": [
          "ZONA02"
        ],
        "zone_id": 100
      },
      "type": "Feature"
    },
    {
      "geometry": {
        "coordinates": [
          [
            [
              12.520566252601828,
              41.89830339197041
            ],
            [
              12.547149130463838,
              41.89830339197041
            ],
            [
              12.547149130463838,
              41.89920271357632
            ],
            [
              12.520566252601828,
              41.89920271357632
            ],
            [
              12.520566252601828,
              41.89830339197041
            ]
          ]
        ],
        "type": "Polygon"
      },
      "properties": {
        "grid_x_max_exclusive": 92,
        "grid_x_min": 70,
        "grid_y": 45,
        "nearest_distance_m_max": 1919.394,
        "rate_cents_per_m": 5,
        "source": "rome_strisce_blu_nearest_grid",
        "source_ambiti": [
          "Nomentano",
          "Tiburtino"
        ],
        "source_tariffs": [
          "0,50 euro/h"
        ],
        "source_zonas": [
          "ZONA10",
          "ZONA11"
        ],
        "zone_id": 50
      },
      "type": "Feature"
    },
    {
      "geometry": {
        "coordinates": [
          [
            [
              12.547149130463838,
              41.89830339197041
            ],
            [
              12.55681563150457,
              41.89830339197041
            ],
            [
              12.55681563150457,
              41.89920271357632
            ],
            [
              12.547149130463838,
              41.89920271357632
            ],
            [
              12.547149130463838,
              41.89830339197041
            ]
          ]
        ],
        "type": "Polygon"
      },
      "properties": {
        "grid_x_max_exclusive": 100,
        "grid_x_min": 92,
        "grid_y": 45,
        "nearest_distance_m_max": 2574.611,
        "rate_cents_per_m": 10,
        "source": "rome_strisce_blu_nearest_grid",
        "source_ambiti": [
          "Nomentano"
        ],
        "source_tariffs": [
          "1 euro/h"
        ],
        "source_zonas": [
          "ZONA01"
        ],
        "zone_id": 100
      },
      "type": "Feature"
    },
    {
      "geometry": {
        "coordinates": [
          [
            [
              12.43598436849543,
              41.89920271357632
            ],
            [
              12.46981712213799,
              41.89920271357632
            ],
            [
              12.46981712213799,
              41.90010203518224
            ],
            [
              12.43598436849543,
              41.90010203518224
            ],
            [
              12.43598436849543,
              41.89920271357632
            ]
          ]
        ],
        "type": "Polygon"
      },
      "properties": {
        "grid_x_max_exclusive": 28,
        "grid_x_min": 0,
        "grid_y": 46,
        "nearest_distance_m_max": 728.625,
        "rate_cents_per_m": 10,
        "source": "rome_strisce_blu_nearest_grid",
        "source_ambiti": [
          "Aurelio",
          "Centro Storico",
          "Trastevere",
          "Trionfale"
        ],
        "source_tariffs": [
          "1 euro/h"
        ],
        "source_zonas": [
          "ZONA01",
          "ZONA02",
          "ZONA03",
          "ZONA06"
        ],
        "zone_id": 100
      },
      "type": "Feature"
    },
    {
      "geometry": {
        "coordinates": [
          [
            [
              12.46981712213799,
              41.89920271357632
            ],
            [
              12.4964,
              41.89920271357632
            ],
            [
              12.4964,
              41.90010203518224
            ],
            [
              12.46981712213799,
              41.90010203518224
            ],
            [
              12.46981712213799,
              41.89920271357632
            ]
          ]
        ],
        "type": "Polygon"
      },
      "properties": {
        "grid_x_max_exclusive": 50,
        "grid_x_min": 28,
        "grid_y": 46,
        "nearest_distance_m_max": 319.251,
        "rate_cents_per_m": 12,
        "source": "rome_strisce_blu_nearest_grid",
        "source_ambiti": [
          "Centro Storico"
        ],
        "source_tariffs": [
          "1,20 euro/h"
        ],
        "source_zonas": [
          "ZONA08",
          "ZONA09"
        ],
        "zone_id": 120
      },
      "type": "Feature"
    },
    {
      "geometry": {
        "coordinates": [
          [
            [
              12.4964,
              41.89920271357632
            ],
            [
              12.52298287786201,
              41.89920271357632
            ],
            [
              12.52298287786201,
              41.90010203518224
            ],
            [
              12.4964,
              41.90010203518224
            ],
            [
              12.4964,
              41.89920271357632
            ]
          ]
        ],
        "type": "Polygon"
      },
      "properties": {
        "grid_x_max_exclusive": 72,
        "grid_x_min": 50,
        "grid_y": 46,
        "nearest_distance_m_max": 147.287,
        "rate_cents_per_m": 10,
        "source": "rome_strisce_blu_nearest_grid",
        "source_ambiti": [
          "Castro Pretorio",
          "Esquilino",
          "Tiburtino"
        ],
        "source_tariffs": [
          "1 euro/h"
        ],
        "source_zonas": [
          "ZONA01",
          "ZONA02"
        ],
        "zone_id": 100
      },
      "type": "Feature"
    },
    {
      "geometry": {
        "coordinates": [
          [
            [
              12.52298287786201,
              41.89920271357632
            ],
            [
              12.545940817833747,
              41.89920271357632
            ],
            [
              12.545940817833747,
              41.90010203518224
            ],
            [
              12.52298287786201,
              41.90010203518224
            ],
            [
              12.52298287786201,
              41.89920271357632
            ]
          ]
        ],
        "type": "Polygon"
      },
      "properties": {
        "grid_x_max_exclusive": 91,
        "grid_x_min": 72,
        "grid_y": 46,
        "nearest_distance_m_max": 1781.386,
        "rate_cents_per_m": 5,
        "source": "rome_strisce_blu_nearest_grid",
        "source_ambiti": [
          "Nomentano",
          "Tiburtino"
        ],
        "source_tariffs": [
          "0,50 euro/h"
        ],
        "source_zonas": [
          "ZONA10",
          "ZONA11"
        ],
        "zone_id": 50
      },
      "type": "Feature"
    },
    {
      "geometry": {
        "coordinates": [
          [
            [
              12.545940817833747,
              41.89920271357632
            ],
            [
              12.55681563150457,
              41.89920271357632
            ],
            [
              12.55681563150457,
              41.90010203518224
            ],
            [
              12.545940817833747,
              41.90010203518224
            ],
            [
              12.545940817833747,
              41.89920271357632
            ]
          ]
        ],
        "type": "Polygon"
      },
      "properties": {
        "grid_x_max_exclusive": 100,
        "grid_x_min": 91,
        "grid_y": 46,
        "nearest_distance_m_max": 2526.164,
        "rate_cents_per_m": 10,
        "source": "rome_strisce_blu_nearest_grid",
        "source_ambiti": [
          "Nomentano"
        ],
        "source_tariffs": [
          "1 euro/h"
        ],
        "source_zonas": [
          "ZONA01"
        ],
        "zone_id": 100
      },
      "type": "Feature"
    },
    {
      "geometry": {
        "coordinates": [
          [
            [
              12.43598436849543,
              41.90010203518224
            ],
            [
              12.46981712213799,
              41.90010203518224
            ],
            [
              12.46981712213799,
              41.901001356788164
            ],
            [
              12.43598436849543,
              41.901001356788164
            ],
            [
              12.43598436849543,
              41.90010203518224
            ]
          ]
        ],
        "type": "Polygon"
      },
      "properties": {
        "grid_x_max_exclusive": 28,
        "grid_x_min": 0,
        "grid_y": 47,
        "nearest_distance_m_max": 663.328,
        "rate_cents_per_m": 10,
        "source": "rome_strisce_blu_nearest_grid",
        "source_ambiti": [
          "Aurelio",
          "Borgo",
          "Centro Storico",
          "Trionfale"
        ],
        "source_tariffs": [
          "1 euro/h"
        ],
        "source_zonas": [
          "ZONA01",
          "ZONA02",
          "ZONA03",
          "ZONA04"
        ],
        "zone_id": 100
      },
      "type": "Feature"
    },
    {
      "geometry": {
        "coordinates": [
          [
            [
              12.46981712213799,
              41.90010203518224
            ],
            [
              12.4964,
              41.90010203518224
            ],
            [
              12.4964,
              41.901001356788164
            ],
            [
              12.46981712213799,
              41.901001356788164
            ],
            [
              12.46981712213799,
              41.90010203518224
            ]
          ]
        ],
        "type": "Polygon"
      },
      "properties": {
        "grid_x_max_exclusive": 50,
        "grid_x_min": 28,
        "grid_y": 47,
        "nearest_distance_m_max": 359.878,
        "rate_cents_per_m": 12,
        "source": "rome_strisce_blu_nearest_grid",
        "source_ambiti": [
          "Centro Storico"
        ],
        "source_tariffs": [
          "1,20 euro/h"
        ],
        "source_zonas": [
          "ZONA08",
          "ZONA09"
        ],
        "zone_id": 120
      },
      "type": "Feature"
    },
    {
      "geometry": {
        "coordinates": [
          [
            [
              12.4964,
              41.90010203518224
            ],
            [
              12.526607815752284,
              41.90010203518224
            ],
            [
              12.526607815752284,
              41.901001356788164
            ],
            [
              12.4964,
              41.901001356788164
            ],
            [
              12.4964,
              41.90010203518224
            ]
          ]
        ],
        "type": "Polygon"
      },
      "properties": {
        "grid_x_max_exclusive": 75,
        "grid_x_min": 50,
        "grid_y": 47,
        "nearest_distance_m_max": 456.998,
        "rate_cents_per_m": 10,
        "source": "rome_strisce_blu_nearest_grid",
        "source_ambiti": [
          "Castro Pretorio",
          "Esquilino",
          "Tiburtino"
        ],
        "source_tariffs": [
          "1 euro/h"
        ],
        "source_zonas": [
          "ZONA01",
          "ZONA02"
        ],
        "zone_id": 100
      },
      "type": "Feature"
    },
    {
      "geometry": {
        "coordinates": [
          [
            [
              12.526607815752284,
              41.90010203518224
            ],
            [
              12.543524192573564,
              41.90010203518224
            ],
            [
              12.543524192573564,
              41.901001356788164
            ],
            [
              12.526607815752284,
              41.901001356788164
            ],
            [
              12.526607815752284,
              41.90010203518224
            ]
          ]
        ],
        "type": "Polygon"
      },
      "properties": {
        "grid_x_max_exclusive": 89,
        "grid_x_min": 75,
        "grid_y": 47,
        "nearest_distance_m_max": 1558.886,
        "rate_cents_per_m": 5,
        "source": "rome_strisce_blu_nearest_grid",
        "source_ambiti": [
          "Nomentano",
          "Tiburtino"
        ],
        "source_tariffs": [
          "0,50 euro/h"
        ],
        "source_zonas": [
          "ZONA10",
          "ZONA11"
        ],
        "zone_id": 50
      },
      "type": "Feature"
    },
    {
      "geometry": {
        "coordinates": [
          [
            [
              12.543524192573564,
              41.90010203518224
            ],
            [
              12.55681563150457,
              41.90010203518224
            ],
            [
              12.55681563150457,
              41.901001356788164
            ],
            [
              12.543524192573564,
              41.901001356788164
            ],
            [
              12.543524192573564,
              41.90010203518224
            ]
          ]
        ],
        "type": "Polygon"
      },
      "properties": {
        "grid_x_max_exclusive": 100,
        "grid_x_min": 89,
        "grid_y": 47,
        "nearest_distance_m_max": 2480.804,
        "rate_cents_per_m": 10,
        "source": "rome_strisce_blu_nearest_grid",
        "source_ambiti": [
          "Nomentano"
        ],
        "source_tariffs": [
          "1 euro/h"
        ],
        "source_zonas": [
          "ZONA01"
        ],
        "zone_id": 100
      },
      "type": "Feature"
    },
    {
      "geometry": {
        "coordinates": [
          [
            [
              12.43598436849543,
              41.901001356788164
            ],
            [
              12.47102543476808,
              41.901001356788164
            ],
            [
              12.47102543476808,
              41.90190067839408
            ],
            [
              12.43598436849543,
              41.90190067839408
            ],
            [
              12.43598436849543,
              41.901001356788164
            ]
          ]
        ],
        "type": "Polygon"
      },
      "properties": {
        "grid_x_max_exclusive": 29,
        "grid_x_min": 0,
        "grid_y": 48,
        "nearest_distance_m_max": 607.262,
        "rate_cents_per_m": 10,
        "source": "rome_strisce_blu_nearest_grid",
        "source_ambiti": [
          "Aurelio",
          "Borgo",
          "Centro Storico",
          "Trionfale"
        ],
        "source_tariffs": [
          "1 euro/h"
        ],
        "source_zonas": [
          "ZONA01",
          "ZONA02",
          "ZONA03",
          "ZONA04"
        ],
        "zone_id": 100
      },
      "type": "Feature"
    },
    {
      "geometry": {
        "coordinates": [
          [
            [
              12.47102543476808,
              41.901001356788164
            ],
            [
              12.475858685288445,
              41.901001356788164
            ],
            [
              12.475858685288445,
              41.90190067839408
            ],
            [
              12.47102543476808,
              41.90190067839408
            ],
            [
              12.47102543476808,
              41.901001356788164
            ]
          ]
        ],
        "type": "Polygon"
      },
      "properties": {
        "grid_x_max_exclusive": 33,
        "grid_x_min": 29,
        "grid_y": 48,
        "nearest_distance_m_max": 212.105,
        "rate_cents_per_m": 12,
        "source": "rome_strisce_blu_nearest_grid",
        "source_ambiti": [
          "Centro Storico"
        ],
        "source_tariffs": [
          "1,20 euro/h"
        ],
        "source_zonas": [
          "ZONA08",
          "ZONA09"
        ],
        "zone_id": 120
      },
      "type": "Feature"
    },
    {
      "geometry": {
        "coordinates": [
          [
            [
              12.475858685288445,
              41.901001356788164
            ],
            [
              12.478275310548629,
              41.901001356788164
            ],
            [
              12.478275310548629,
              41.90190067839408
            ],
            [
              12.475858685288445,
              41.90190067839408
            ],
            [
              12.475858685288445,
              41.901001356788164
            ]
          ]
        ],
        "type": "Polygon"
      },
      "properties": {
        "grid_x_max_exclusive": 35,
        "grid_x_min": 33,
        "grid_y": 48,
        "nearest_distance_m_max": 366.517,
        "rate_cents_per_m": 10,
        "source": "rome_strisce_blu_nearest_grid",
        "source_ambiti": [
          "Centro Storico"
        ],
        "source_tariffs": [
          "1 euro/h"
        ],
        "source_zonas": [
          "ZONA02"
        ],
        "zone_id": 100
      },
      "type": "Feature"
    },
    {
      "geometry": {
        "coordinates": [
          [
            [
              12.478275310548629,
              41.901001356788164
            ],
            [
              12.4964,
              41.901001356788164
            ],
            [
              12.4964,
              41.90190067839408
            ],
            [
              12.478275310548629,
              41.90190067839408
            ],
            [
              12.478275310548629,
              41.901001356788164
            ]
          ]
        ],
        "type": "Polygon"
      },
      "properties": {
        "grid_x_max_exclusive": 50,
        "grid_x_min": 35,
        "grid_y": 48,
        "nearest_distance_m_max": 403.764,
        "rate_cents_per_m": 12,
        "source": "rome_strisce_blu_nearest_grid",
        "source_ambiti": [
          "Centro Storico"
        ],
        "source_tariffs": [
          "1,20 euro/h"
        ],
        "source_zonas": [
          "ZONA08",
          "ZONA09"
        ],
        "zone_id": 120
      },
      "type": "Feature"
    },
    {
      "geometry": {
        "coordinates": [
          [
            [
              12.4964,
              41.901001356788164
            ],
            [
              12.507274813670822,
              41.901001356788164
            ],
            [
              12.507274813670822,
              41.90190067839408
            ],
            [
              12.4964,
              41.90190067839408
            ],
            [
              12.4964,
              41.901001356788164
            ]
          ]
        ],
        "type": "Polygon"
      },
      "properties": {
        "grid_x_max_exclusive": 59,
        "grid_x_min": 50,
        "grid_y": 48,
        "nearest_distance_m_max": 119.928,
        "rate_cents_per_m": 10,
        "source": "rome_strisce_blu_nearest_grid",
        "source_ambiti": [
          "Castro Pretorio",
          "Centro Storico",
          "Esquilino"
        ],
        "source_tariffs": [
          "1 euro/h"
        ],
        "source_zonas": [
          "ZONA01",
          "ZONA02"
        ],
        "zone_id": 100
      },
      "type": "Feature"
    },
    {
      "geometry": {
        "coordinates": [
          [
            [
              12.507274813670822,
              41.901001356788164
            ],
            [
              12.510899751561096,
              41.901001356788164
            ],
            [
              12.510899751561096,
              41.90190067839408
            ],
            [
              12.507274813670822,
              41.90190067839408
            ],
            [
              12.507274813670822,
              41.901001356788164
            ]
          ]
        ],
        "type": "Polygon"
      },
      "properties": {
        "grid_x_max_exclusive": 62,
        "grid_x_min": 59,
        "grid_y": 48,
        "nearest_distance_m_max": 51.264,
        "rate_cents_per_m": 5,
        "source": "rome_strisce_blu_nearest_grid",
        "source_ambiti": [
          "Tiburtino"
        ],
        "source_tariffs": [
          "0,50 euro/h"
        ],
        "source_zonas": [
          "ZONA10"
        ],
        "zone_id": 50
      },
      "type": "Feature"
    },
    {
      "geometry": {
        "coordinates": [
          [
            [
              12.510899751561096,
              41.901001356788164
            ],
            [
              12.529024441012467,
              41.901001356788164
            ],
            [
              12.529024441012467,
              41.90190067839408
            ],
            [
              12.510899751561096,
              41.90190067839408
            ],
            [
              12.510899751561096,
              41.901001356788164
            ]
          ]
        ],
        "type": "Polygon"
      },
      "properties": {
        "grid_x_max_exclusive": 77,
        "grid_x_min": 62,
        "grid_y": 48,
        "nearest_distance_m_max": 675.697,
        "rate_cents_per_m": 10,
        "source": "rome_strisce_blu_nearest_grid",
        "source_ambiti": [
          "Tiburtino"
        ],
        "source_tariffs": [
          "1 euro/h"
        ],
        "source_zonas": [
          "ZONA01",
          "ZONA02"
        ],
        "zone_id": 100
      },
      "type": "Feature"
    },
    {
      "geometry": {
        "coordinates": [
          [
            [
              12.529024441012467,
              41.901001356788164
            ],
            [
              12.542315879943473,
              41.901001356788164
            ],
            [
              12.542315879943473,
              41.90190067839408
            ],
            [
              12.529024441012467,
              41.90190067839408
            ],
            [
              12.529024441012467,
              41.901001356788164
            ]
          ]
        ],
        "type": "Polygon"
      },
      "properties": {
        "grid_x_max_exclusive": 88,
        "grid_x_min": 77,
        "grid_y": 48,
        "nearest_distance_m_max": 1421.051,
        "rate_cents_per_m": 5,
        "source": "rome_strisce_blu_nearest_grid",
        "source_ambiti": [
          "Nomentano"
        ],
        "source_tariffs": [
          "0,50 euro/h"
        ],
        "source_zonas": [
          "ZONA11"
        ],
        "zone_id": 50
      },
      "type": "Feature"
    },
    {
      "geometry": {
        "coordinates": [
          [
            [
              12.542315879943473,
              41.901001356788164
            ],
            [
              12.55681563150457,
              41.901001356788164
            ],
            [
              12.55681563150457,
              41.90190067839408
            ],
            [
              12.542315879943473,
              41.90190067839408
            ],
            [
              12.542315879943473,
              41.901001356788164
            ]
          ]
        ],
        "type": "Polygon"
      },
      "properties": {
        "grid_x_max_exclusive": 100,
        "grid_x_min": 88,
        "grid_y": 48,
        "nearest_distance_m_max": 2438.702,
        "rate_cents_per_m": 10,
        "source": "rome_strisce_blu_nearest_grid",
        "source_ambiti": [
          "Nomentano"
        ],
        "source_tariffs": [
          "1 euro/h"
        ],
        "source_zonas": [
          "ZONA01"
        ],
        "zone_id": 100
      },
      "type": "Feature"
    },
    {
      "geometry": {
        "coordinates": [
          [
            [
              12.43598436849543,
              41.90190067839408
            ],
            [
              12.472233747398171,
              41.90190067839408
            ],
            [
              12.472233747398171,
              41.9028
            ],
            [
              12.43598436849543,
              41.9028
            ],
            [
              12.43598436849543,
              41.90190067839408
            ]
          ]
        ],
        "type": "Polygon"
      },
      "properties": {
        "grid_x_max_exclusive": 30,
        "grid_x_min": 0,
        "grid_y": 49,
        "nearest_distance_m_max": 561.668,
        "rate_cents_per_m": 10,
        "source": "rome_strisce_blu_nearest_grid",
        "source_ambiti": [
          "Aurelio",
          "Borgo",
          "Centro Storico",
          "Prati",
          "Trionfale"
        ],
        "source_tariffs": [
          "1 euro/h"
        ],
        "source_zonas": [
          "ZONA01",
          "ZONA02",
          "ZONA03",
          "ZONA04"
        ],
        "zone_id": 100
      },
      "type": "Feature"
    },
    {
      "geometry": {
        "coordinates": [
          [
            [
              12.472233747398171,
              41.90190067839408
            ],
            [
              12.474650372658354,
              41.90190067839408
            ],
            [
              12.474650372658354,
              41.9028
            ],
            [
              12.472233747398171,
              41.9028
            ],
            [
              12.472233747398171,
              41.90190067839408
            ]
          ]
        ],
        "type": "Polygon"
      },
      "properties": {
        "grid_x_max_exclusive": 32,
        "grid_x_min": 30,
        "grid_y": 49,
        "nearest_distance_m_max": 81.099,
        "rate_cents_per_m": 12,
        "source": "rome_strisce_blu_nearest_grid",
        "source_ambiti": [
          "Centro Storico"
        ],
        "source_tariffs": [
          "1,20 euro/h"
        ],
        "source_zonas": [
          "ZONA09"
        ],
        "zone_id": 120
      },
      "type": "Feature"
    },
    {
      "geometry": {
        "coordinates": [
          [
            [
              12.474650372658354,
              41.90190067839408
            ],
            [
              12.47948362317872,
              41.90190067839408
            ],
            [
              12.47948362317872,
              41.9028
            ],
            [
              12.474650372658354,
              41.9028
            ],
            [
              12.474650372658354,
              41.90190067839408
            ]
          ]
        ],
        "type": "Polygon"
      },
      "properties": {
        "grid_x_max_exclusive": 36,
        "grid_x_min": 32,
        "grid_y": 49,
        "nearest_distance_m_max": 399.154,
        "rate_cents_per_m": 10,
        "source": "rome_strisce_blu_nearest_grid",
        "source_ambiti": [
          "Centro Storico"
        ],
        "source_tariffs": [
          "1 euro/h"
        ],
        "source_zonas": [
          "ZONA02"
        ],
        "zone_id": 100
      },
      "type": "Feature"
    },
    {
      "geometry": {
        "coordinates": [
          [
            [
              12.47948362317872,
              41.90190067839408
            ],
            [
              12.495191687369909,
              41.90190067839408
            ],
            [
              12.495191687369909,
              41.9028
            ],
            [
              12.47948362317872,
              41.9028
            ],
            [
              12.47948362317872,
              41.90190067839408
            ]
          ]
        ],
        "type": "Polygon"
      },
      "properties": {
        "grid_x_max_exclusive": 49,
        "grid_x_min": 36,
        "grid_y": 49,
        "nearest_distance_m_max": 406.308,
        "rate_cents_per_m": 12,
        "source": "rome_strisce_blu_nearest_grid",
        "source_ambiti": [
          "Centro Storico"
        ],
        "source_tariffs": [
          "1,20 euro/h"
        ],
        "source_zonas": [
          "ZONA08",
          "ZONA09"
        ],
        "zone_id": 120
      },
      "type": "Feature"
    },
    {
      "geometry": {
        "coordinates": [
          [
            [
              12.495191687369909,
              41.90190067839408
            ],
            [
              12.508483126300913,
              41.90190067839408
            ],
            [
              12.508483126300913,
              41.9028
            ],
            [
              12.495191687369909,
              41.9028
            ],
            [
              12.495191687369909,
              41.90190067839408
            ]
          ]
        ],
        "type": "Polygon"
      },
      "properties": {
        "grid_x_max_exclusive": 60,
        "grid_x_min": 49,
        "grid_y": 49,
        "nearest_distance_m_max": 93.506,
        "rate_cents_per_m": 10,
        "source": "rome_strisce_blu_nearest_grid",
        "source_ambiti": [
          "Castro Pretorio",
          "Tiburtino"
        ],
        "source_tariffs": [
          "1 euro/h"
        ],
        "source_zonas": [
          "ZONA01",
          "ZONA02"
        ],
        "zone_id": 100
      },
      "type": "Feature"
    },
    {
      "geometry": {
        "coordinates": [
          [
            [
              12.508483126300913,
              41.90190067839408
            ],
            [
              12.510899751561096,
              41.90190067839408
            ],
            [
              12.510899751561096,
              41.9028
            ],
            [
              12.508483126300913,
              41.9028
            ],
            [
              12.508483126300913,
              41.90190067839408
            ]
          ]
        ],
        "type": "Polygon"
      },
      "properties": {
        "grid_x_max_exclusive": 62,
        "grid_x_min": 60,
        "grid_y": 49,
        "nearest_distance_m_max": 102.073,
        "rate_cents_per_m": 5,
        "source": "rome_strisce_blu_nearest_grid",
        "source_ambiti": [
          "Tiburtino"
        ],
        "source_tariffs": [
          "0,50 euro/h"
        ],
        "source_zonas": [
          "ZONA10"
        ],
        "zone_id": 50
      },
      "type": "Feature"
    },
    {
      "geometry": {
        "coordinates": [
          [
            [
              12.510899751561096,
              41.90190067839408
            ],
            [
              12.52298287786201,
              41.90190067839408
            ],
            [
              12.52298287786201,
              41.9028
            ],
            [
              12.510899751561096,
              41.9028
            ],
            [
              12.510899751561096,
              41.90190067839408
            ]
          ]
        ],
        "type": "Polygon"
      },
      "properties": {
        "grid_x_max_exclusive": 72,
        "grid_x_min": 62,
        "grid_y": 49,
        "nearest_distance_m_max": 234.926,
        "rate_cents_per_m": 10,
        "source": "rome_strisce_blu_nearest_grid",
        "source_ambiti": [
          "Tiburtino"
        ],
        "source_tariffs": [
          "1 euro/h"
        ],
        "source_zonas": [
          "ZONA01",
          "ZONA02"
        ],
        "zone_id": 100
      },
      "type": "Feature"
    },
    {
      "geometry": {
        "coordinates": [
          [
            [
              12.52298287786201,
              41.90190067839408
            ],
            [
              12.54110756731338,
              41.90190067839408
            ],
            [
              12.54110756731338,
              41.9028
            ],
            [
              12.52298287786201,
              41.9028
            ],
            [
              12.52298287786201,
              41.90190067839408
            ]
          ]
        ],
        "type": "Polygon"
      },
      "properties": {
        "grid_x_max_exclusive": 87,
        "grid_x_min": 72,
        "grid_y": 49,
        "nearest_distance_m_max": 1283.996,
        "rate_cents_per_m": 5,
        "source": "rome_strisce_blu_nearest_grid",
        "source_ambiti": [
          "Nomentano"
        ],
        "source_tariffs": [
          "0,50 euro/h"
        ],
        "source_zonas": [
          "ZONA11"
        ],
        "zone_id": 50
      },
      "type": "Feature"
    },
    {
      "geometry": {
        "coordinates": [
          [
            [
              12.54110756731338,
              41.90190067839408
            ],
            [
              12.55681563150457,
              41.90190067839408
            ],
            [
              12.55681563150457,
              41.9028
            ],
            [
              12.54110756731338,
              41.9028
            ],
            [
              12.54110756731338,
              41.90190067839408
            ]
          ]
        ],
        "type": "Polygon"
      },
      "properties": {
        "grid_x_max_exclusive": 100,
        "grid_x_min": 87,
        "grid_y": 49,
        "nearest_distance_m_max": 2400.031,
        "rate_cents_per_m": 10,
        "source": "rome_strisce_blu_nearest_grid",
        "source_ambiti": [
          "Nomentano"
        ],
        "source_tariffs": [
          "1 euro/h"
        ],
        "source_zonas": [
          "ZONA01"
        ],
        "zone_id": 100
      },
      "type": "Feature"
    },
    {
      "geometry": {
        "coordinates": [
          [
            [
              12.43598436849543,
              41.9028
            ],
            [
              12.47948362317872,
              41.9028
            ],
            [
              12.47948362317872,
              41.90369932160592
            ],
            [
              12.43598436849543,
              41.90369932160592
            ],
            [
              12.43598436849543,
              41.9028
            ]
          ]
        ],
        "type": "Polygon"
      },
      "properties": {
        "grid_x_max_exclusive": 36,
        "grid_x_min": 0,
        "grid_y": 50,
        "nearest_distance_m_max": 530.358,
        "rate_cents_per_m": 10,
        "source": "rome_strisce_blu_nearest_grid",
        "source_ambiti": [
          "Aurelio",
          "Borgo",
          "Centro Storico",
          "Prati",
          "Trionfale"
        ],
        "source_tariffs": [
          "1 euro/h"
        ],
        "source_zonas": [
          "ZONA01",
          "ZONA02",
          "ZONA03",
          "ZONA04"
        ],
        "zone_id": 100
      },
      "type": "Feature"
    },
    {
      "geometry": {
        "coordinates": [
          [
            [
              12.47948362317872,
              41.9028
            ],
            [
              12.495191687369909,
              41.9028
            ],
            [
              12.495191687369909,
              41.90369932160592
            ],
            [
              12.47948362317872,
              41.90369932160592
            ],
            [
              12.47948362317872,
              41.9028
            ]
          ]
        ],
        "type": "Polygon"
      },
      "properties": {
        "grid_x_max_exclusive": 49,
        "grid_x_min": 36,
        "grid_y": 50,
        "nearest_distance_m_max": 418.066,
        "rate_cents_per_m": 12,
        "source": "rome_strisce_blu_nearest_grid",
        "source_ambiti": [
          "Centro Storico"
        ],
        "source_tariffs": [
          "1,20 euro/h"
        ],
        "source_zonas": [
          "ZONA08",
          "ZONA09"
        ],
        "zone_id": 120
      },
      "type": "Feature"
    },
    {
      "geometry": {
        "coordinates": [
          [
            [
              12.495191687369909,
              41.9028
            ],
            [
              12.521774565231919,
              41.9028
            ],
            [
              12.521774565231919,
              41.90369932160592
            ],
            [
              12.495191687369909,
              41.90369932160592
            ],
            [
              12.495191687369909,
              41.9028
            ]
          ]
        ],
        "type": "Polygon"
      },
      "properties": {
        "grid_x_max_exclusive": 71,
        "grid_x_min": 49,
        "grid_y": 50,
        "nearest_distance_m_max": 217.693,
        "rate_cents_per_m": 10,
        "source": "rome_strisce_blu_nearest_grid",
        "source_ambiti": [
          "Castro Pretorio",
          "Tiburtino"
        ],
        "source_tariffs": [
          "1 euro/h"
        ],
        "source_zonas": [
          "ZONA01",
          "ZONA02"
        ],
        "zone_id": 100
      },
      "type": "Feature"
    },
    {
      "geometry": {
        "coordinates": [
          [
            [
              12.521774565231919,
              41.9028
            ],
            [
              12.538690942053199,
              41.9028
            ],
            [
              12.538690942053199,
              41.90369932160592
            ],
            [
              12.521774565231919,
              41.90369932160592
            ],
            [
              12.521774565231919,
              41.9028
            ]
          ]
        ],
        "type": "Polygon"
      },
      "properties": {
        "grid_x_max_exclusive": 85,
        "grid_x_min": 71,
        "grid_y": 50,
        "nearest_distance_m_max": 1060.866,
        "rate_cents_per_m": 5,
        "source": "rome_strisce_blu_nearest_grid",
        "source_ambiti": [
          "Nomentano"
        ],
        "source_tariffs": [
          "0,50 euro/h"
        ],
        "source_zonas": [
          "ZONA11"
        ],
        "zone_id": 50
      },
      "type": "Feature"
    },
    {
      "geometry": {
        "coordinates": [
          [
            [
              12.538690942053199,
              41.9028
            ],
            [
              12.55681563150457,
              41.9028
            ],
            [
              12.55681563150457,
              41.90369932160592
            ],
            [
              12.538690942053199,
              41.90369932160592
            ],
            [
              12.538690942053199,
              41.9028
            ]
          ]
        ],
        "type": "Polygon"
      },
      "properties": {
        "grid_x_max_exclusive": 100,
        "grid_x_min": 85,
        "grid_y": 50,
        "nearest_distance_m_max": 2364.959,
        "rate_cents_per_m": 10,
        "source": "rome_strisce_blu_nearest_grid",
        "source_ambiti": [
          "Nomentano"
        ],
        "source_tariffs": [
          "1 euro/h"
        ],
        "source_zonas": [
          "ZONA01"
        ],
        "zone_id": 100
      },
      "type": "Feature"
    },
    {
      "geometry": {
        "coordinates": [
          [
            [
              12.43598436849543,
              41.90369932160592
            ],
            [
              12.47948362317872,
              41.90369932160592
            ],
            [
              12.47948362317872,
              41.904598643211834
            ],
            [
              12.43598436849543,
              41.904598643211834
            ],
            [
              12.43598436849543,
              41.90369932160592
            ]
          ]
        ],
        "type": "Polygon"
      },
      "properties": {
        "grid_x_max_exclusive": 36,
        "grid_x_min": 0,
        "grid_y": 51,
        "nearest_distance_m_max": 515.878,
        "rate_cents_per_m": 10,
        "source": "rome_strisce_blu_nearest_grid",
        "source_ambiti": [
          "Borgo",
          "Centro Storico",
          "Prati",
          "Trionfale"
        ],
        "source_tariffs": [
          "1 euro/h"
        ],
        "source_zonas": [
          "ZONA02",
          "ZONA03",
          "ZONA04"
        ],
        "zone_id": 100
      },
      "type": "Feature"
    },
    {
      "geometry": {
        "coordinates": [
          [
            [
              12.47948362317872,
              41.90369932160592
            ],
            [
              12.493983374739816,
              41.90369932160592
            ],
            [
              12.493983374739816,
              41.904598643211834
            ],
            [
              12.47948362317872,
              41.904598643211834
            ],
            [
              12.47948362317872,
              41.90369932160592
            ]
          ]
        ],
        "type": "Polygon"
      },
      "properties": {
        "grid_x_max_exclusive": 48,
        "grid_x_min": 36,
        "grid_y": 51,
        "nearest_distance_m_max": 354.376,
        "rate_cents_per_m": 12,
        "source": "rome_strisce_blu_nearest_grid",
        "source_ambiti": [
          "Centro Storico"
        ],
        "source_tariffs": [
          "1,20 euro/h"
        ],
        "source_zonas": [
          "ZONA08",
          "ZONA09"
        ],
        "zone_id": 120
      },
      "type": "Feature"
    },
    {
      "geometry": {
        "coordinates": [
          [
            [
              12.493983374739816,
              41.90369932160592
            ],
            [
              12.520566252601828,
              41.90369932160592
            ],
            [
              12.520566252601828,
              41.904598643211834
            ],
            [
              12.493983374739816,
              41.904598643211834
            ],
            [
              12.493983374739816,
              41.90369932160592
            ]
          ]
        ],
        "type": "Polygon"
      },
      "properties": {
        "grid_x_max_exclusive": 70,
        "grid_x_min": 48,
        "grid_y": 51,
        "nearest_distance_m_max": 125.647,
        "rate_cents_per_m": 10,
        "source": "rome_strisce_blu_nearest_grid",
        "source_ambiti": [
          "Castro Pretorio",
          "Ludovisi - Sallustiano",
          "Nomentano",
          "Tiburtino"
        ],
        "source_tariffs": [
          "1 euro/h"
        ],
        "source_zonas": [
          "ZONA01",
          "ZONA02"
        ],
        "zone_id": 100
      },
      "type": "Feature"
    },
    {
      "geometry": {
        "coordinates": [
          [
            [
              12.520566252601828,
              41.90369932160592
            ],
            [
              12.537482629423106,
              41.90369932160592
            ],
            [
              12.537482629423106,
              41.904598643211834
            ],
            [
              12.520566252601828,
              41.904598643211834
            ],
            [
              12.520566252601828,
              41.90369932160592
            ]
          ]
        ],
        "type": "Polygon"
      },
      "properties": {
        "grid_x_max_exclusive": 84,
        "grid_x_min": 70,
        "grid_y": 51,
        "nearest_distance_m_max": 924.498,
        "rate_cents_per_m": 5,
        "source": "rome_strisce_blu_nearest_grid",
        "source_ambiti": [
          "Nomentano"
        ],
        "source_tariffs": [
          "0,50 euro/h"
        ],
        "source_zonas": [
          "ZONA11"
        ],
        "zone_id": 50
      },
      "type": "Feature"
    },
    {
      "geometry": {
        "coordinates": [
          [
            [
              12.537482629423106,
              41.90369932160592
            ],
            [
              12.55681563150457,
              41.90369932160592
            ],
            [
              12.55681563150457,
              41.904598643211834
            ],
            [
              12.537482629423106,
              41.904598643211834
            ],
            [
              12.537482629423106,
              41.90369932160592
            ]
          ]
        ],
        "type": "Polygon"
      },
      "properties": {
        "grid_x_max_exclusive": 100,
        "grid_x_min": 84,
        "grid_y": 51,
        "nearest_distance_m_max": 2333.648,
        "rate_cents_per_m": 10,
        "source": "rome_strisce_blu_nearest_grid",
        "source_ambiti": [
          "Nomentano"
        ],
        "source_tariffs": [
          "1 euro/h"
        ],
        "source_zonas": [
          "ZONA01"
        ],
        "zone_id": 100
      },
      "type": "Feature"
    },
    {
      "geometry": {
        "coordinates": [
          [
            [
              12.43598436849543,
              41.904598643211834
            ],
            [
              12.47948362317872,
              41.904598643211834
            ],
            [
              12.47948362317872,
              41.905497964817755
            ],
            [
              12.43598436849543,
              41.905497964817755
            ],
            [
              12.43598436849543,
              41.904598643211834
            ]
          ]
        ],
        "type": "Polygon"
      },
      "properties": {
        "grid_x_max_exclusive": 36,
        "grid_x_min": 0,
        "grid_y": 52,
        "nearest_distance_m_max": 512.528,
        "rate_cents_per_m": 10,
        "source": "rome_strisce_blu_nearest_grid",
        "source_ambiti": [
          "Borgo",
          "Centro Storico",
          "Prati",
          "Trionfale"
        ],
        "source_tariffs": [
          "1 euro/h"
        ],
        "source_zonas": [
          "ZONA02",
          "ZONA03",
          "ZONA04"
        ],
        "zone_id": 100
      },
      "type": "Feature"
    },
    {
      "geometry": {
        "coordinates": [
          [
            [
              12.47948362317872,
              41.904598643211834
            ],
            [
              12.48794181158936,
              41.904598643211834
            ],
            [
              12.48794181158936,
              41.905497964817755
            ],
            [
              12.47948362317872,
              41.905497964817755
            ],
            [
              12.47948362317872,
              41.904598643211834
            ]
          ]
        ],
        "type": "Polygon"
      },
      "properties": {
        "grid_x_max_exclusive": 43,
        "grid_x_min": 36,
        "grid_y": 52,
        "nearest_distance_m_max": 310.461,
        "rate_cents_per_m": 12,
        "source": "rome_strisce_blu_nearest_grid",
        "source_ambiti": [
          "Centro Storico"
        ],
        "source_tariffs": [
          "1,20 euro/h"
        ],
        "source_zonas": [
          "ZONA09"
        ],
        "zone_id": 120
      },
      "type": "Feature"
    },
    {
      "geometry": {
        "coordinates": [
          [
            [
              12.48794181158936,
              41.904598643211834
            ],
            [
              12.489150124219451,
              41.904598643211834
            ],
            [
              12.489150124219451,
              41.905497964817755
            ],
            [
              12.48794181158936,
              41.905497964817755
            ],
            [
              12.48794181158936,
              41.904598643211834
            ]
          ]
        ],
        "type": "Polygon"
      },
      "properties": {
        "grid_x_max_exclusive": 44,
        "grid_x_min": 43,
        "grid_y": 52,
        "nearest_distance_m_max": 110.431,
        "rate_cents_per_m": 10,
        "source": "rome_strisce_blu_nearest_grid",
        "source_ambiti": [
          "Ludovisi - Sallustiano"
        ],
        "source_tariffs": [
          "1 euro/h"
        ],
        "source_zonas": [
          "ZONA02"
        ],
        "zone_id": 100
      },
      "type": "Feature"
    },
    {
      "geometry": {
        "coordinates": [
          [
            [
              12.489150124219451,
              41.904598643211834
            ],
            [
              12.492775062109725,
              41.904598643211834
            ],
            [
              12.492775062109725,
              41.905497964817755
            ],
            [
              12.489150124219451,
              41.905497964817755
            ],
            [
              12.489150124219451,
              41.904598643211834
            ]
          ]
        ],
        "type": "Polygon"
      },
      "properties": {
        "grid_x_max_exclusive": 47,
        "grid_x_min": 44,
        "grid_y": 52,
        "nearest_distance_m_max": 111.887,
        "rate_cents_per_m": 12,
        "source": "rome_strisce_blu_nearest_grid",
        "source_ambiti": [
          "Centro Storico"
        ],
        "source_tariffs": [
          "1,20 euro/h"
        ],
        "source_zonas": [
          "ZONA08",
          "ZONA09"
        ],
        "zone_id": 120
      },
      "type": "Feature"
    },
    {
      "geometry": {
        "coordinates": [
          [
            [
              12.492775062109725,
              41.904598643211834
            ],
            [
              12.520566252601828,
              41.904598643211834
            ],
            [
              12.520566252601828,
              41.905497964817755
            ],
            [
              12.492775062109725,
              41.905497964817755
            ],
            [
              12.492775062109725,
              41.904598643211834
            ]
          ]
        ],
        "type": "Polygon"
      },
      "properties": {
        "grid_x_max_exclusive": 70,
        "grid_x_min": 47,
        "grid_y": 52,
        "nearest_distance_m_max": 108.954,
        "rate_cents_per_m": 10,
        "source": "rome_strisce_blu_nearest_grid",
        "source_ambiti": [
          "Castro Pretorio",
          "Ludovisi - Sallustiano",
          "Nomentano",
          "Tiburtino"
        ],
        "source_tariffs": [
          "1 euro/h"
        ],
        "source_zonas": [
          "ZONA01",
          "ZONA02"
        ],
        "zone_id": 100
      },
      "type": "Feature"
    },
    {
      "geometry": {
        "coordinates": [
          [
            [
              12.520566252601828,
              41.904598643211834
            ],
            [
              12.536274316793016,
              41.904598643211834
            ],
            [
              12.536274316793016,
              41.905497964817755
            ],
            [
              12.520566252601828,
              41.905497964817755
            ],
            [
              12.520566252601828,
              41.904598643211834
            ]
          ]
        ],
        "type": "Polygon"
      },
      "properties": {
        "grid_x_max_exclusive": 83,
        "grid_x_min": 70,
        "grid_y": 52,
        "nearest_distance_m_max": 789.909,
        "rate_cents_per_m": 5,
        "source": "rome_strisce_blu_nearest_grid",
        "source_ambiti": [
          "Nomentano"
        ],
        "source_tariffs": [
          "0,50 euro/h"
        ],
        "source_zonas": [
          "ZONA11"
        ],
        "zone_id": 50
      },
      "type": "Feature"
    },
    {
      "geometry": {
        "coordinates": [
          [
            [
              12.536274316793016,
              41.904598643211834
            ],
            [
              12.55681563150457,
              41.904598643211834
            ],
            [
              12.55681563150457,
              41.905497964817755
            ],
            [
              12.536274316793016,
              41.905497964817755
            ],
            [
              12.536274316793016,
              41.904598643211834
            ]
          ]
        ],
        "type": "Polygon"
      },
      "properties": {
        "grid_x_max_exclusive": 100,
        "grid_x_min": 83,
        "grid_y": 52,
        "nearest_distance_m_max": 2306.252,
        "rate_cents_per_m": 10,
        "source": "rome_strisce_blu_nearest_grid",
        "source_ambiti": [
          "Nomentano"
        ],
        "source_tariffs": [
          "1 euro/h"
        ],
        "source_zonas": [
          "ZONA01"
        ],
        "zone_id": 100
      },
      "type": "Feature"
    },
    {
      "geometry": {
        "coordinates": [
          [
            [
              12.43598436849543,
              41.905497964817755
            ],
            [
              12.47948362317872,
              41.905497964817755
            ],
            [
              12.47948362317872,
              41.906397286423676
            ],
            [
              12.43598436849543,
              41.906397286423676
            ],
            [
              12.43598436849543,
              41.905497964817755
            ]
          ]
        ],
        "type": "Polygon"
      },
      "properties": {
        "grid_x_max_exclusive": 36,
        "grid_x_min": 0,
        "grid_y": 53,
        "nearest_distance_m_max": 509.384,
        "rate_cents_per_m": 10,
        "source": "rome_strisce_blu_nearest_grid",
        "source_ambiti": [
          "Centro Storico",
          "Prati",
          "Trionfale"
        ],
        "source_tariffs": [
          "1 euro/h"
        ],
        "source_zonas": [
          "ZONA02",
          "ZONA03",
          "ZONA04"
        ],
        "zone_id": 100
      },
      "type": "Feature"
    },
    {
      "geometry": {
        "coordinates": [
          [
            [
              12.47948362317872,
              41.905497964817755
            ],
            [
              12.486733498959268,
              41.905497964817755
            ],
            [
              12.486733498959268,
              41.906397286423676
            ],
            [
              12.47948362317872,
              41.906397286423676
            ],
            [
              12.47948362317872,
              41.905497964817755
            ]
          ]
        ],
        "type": "Polygon"
      },
      "properties": {
        "grid_x_max_exclusive": 42,
        "grid_x_min": 36,
        "grid_y": 53,
        "nearest_distance_m_max": 295.279,
        "rate_cents_per_m": 12,
        "source": "rome_strisce_blu_nearest_grid",
        "source_ambiti": [
          "Centro Storico"
        ],
        "source_tariffs": [
          "1,20 euro/h"
        ],
        "source_zonas": [
          "ZONA09"
        ],
        "zone_id": 120
      },
      "type": "Feature"
    },
    {
      "geometry": {
        "coordinates": [
          [
            [
              12.486733498959268,
              41.905497964817755
            ],
            [
              12.521774565231919,
              41.905497964817755
            ],
            [
              12.521774565231919,
              41.906397286423676
            ],
            [
              12.486733498959268,
              41.906397286423676
            ],
            [
              12.486733498959268,
              41.905497964817755
            ]
          ]
        ],
        "type": "Polygon"
      },
      "properties": {
        "grid_x_max_exclusive": 71,
        "grid_x_min": 42,
        "grid_y": 53,
        "nearest_distance_m_max": 175.785,
        "rate_cents_per_m": 10,
        "source": "rome_strisce_blu_nearest_grid",
        "source_ambiti": [
          "Castro Pretorio",
          "Ludovisi - Sallustiano",
          "Nomentano",
          "Tiburtino"
        ],
        "source_tariffs": [
          "1 euro/h"
        ],
        "source_zonas": [
          "ZONA01",
          "ZONA02"
        ],
        "zone_id": 100
      },
      "type": "Feature"
    },
    {
      "geometry": {
        "coordinates": [
          [
            [
              12.521774565231919,
              41.905497964817755
            ],
            [
              12.533857691532832,
              41.905497964817755
            ],
            [
              12.533857691532832,
              41.906397286423676
            ],
            [
              12.521774565231919,
              41.906397286423676
            ],
            [
              12.521774565231919,
              41.905497964817755
            ]
          ]
        ],
        "type": "Polygon"
      },
      "properties": {
        "grid_x_max_exclusive": 81,
        "grid_x_min": 71,
        "grid_y": 53,
        "nearest_distance_m_max": 566.347,
        "rate_cents_per_m": 5,
        "source": "rome_strisce_blu_nearest_grid",
        "source_ambiti": [
          "Nomentano"
        ],
        "source_tariffs": [
          "0,50 euro/h"
        ],
        "source_zonas": [
          "ZONA11"
        ],
        "zone_id": 50
      },
      "type": "Feature"
    },
    {
      "geometry": {
        "coordinates": [
          [
            [
              12.533857691532832,
              41.905497964817755
            ],
            [
              12.55681563150457,
              41.905497964817755
            ],
            [
              12.55681563150457,
              41.906397286423676
            ],
            [
              12.533857691532832,
              41.906397286423676
            ],
            [
              12.533857691532832,
              41.905497964817755
            ]
          ]
        ],
        "type": "Polygon"
      },
      "properties": {
        "grid_x_max_exclusive": 100,
        "grid_x_min": 81,
        "grid_y": 53,
        "nearest_distance_m_max": 2282.91,
        "rate_cents_per_m": 10,
        "source": "rome_strisce_blu_nearest_grid",
        "source_ambiti": [
          "Nomentano"
        ],
        "source_tariffs": [
          "1 euro/h"
        ],
        "source_zonas": [
          "ZONA01"
        ],
        "zone_id": 100
      },
      "type": "Feature"
    },
    {
      "geometry": {
        "coordinates": [
          [
            [
              12.43598436849543,
              41.906397286423676
            ],
            [
              12.478275310548629,
              41.906397286423676
            ],
            [
              12.478275310548629,
              41.90729660802959
            ],
            [
              12.43598436849543,
              41.90729660802959
            ],
            [
              12.43598436849543,
              41.906397286423676
            ]
          ]
        ],
        "type": "Polygon"
      },
      "properties": {
        "grid_x_max_exclusive": 35,
        "grid_x_min": 0,
        "grid_y": 54,
        "nearest_distance_m_max": 512.926,
        "rate_cents_per_m": 10,
        "source": "rome_strisce_blu_nearest_grid",
        "source_ambiti": [
          "Centro Storico",
          "Prati",
          "Trionfale"
        ],
        "source_tariffs": [
          "1 euro/h"
        ],
        "source_zonas": [
          "ZONA02",
          "ZONA03",
          "ZONA04"
        ],
        "zone_id": 100
      },
      "type": "Feature"
    },
    {
      "geometry": {
        "coordinates": [
          [
            [
              12.478275310548629,
              41.906397286423676
            ],
            [
              12.484316873699086,
              41.906397286423676
            ],
            [
              12.484316873699086,
              41.90729660802959
            ],
            [
              12.478275310548629,
              41.90729660802959
            ],
            [
              12.478275310548629,
              41.906397286423676
            ]
          ]
        ],
        "type": "Polygon"
      },
      "properties": {
        "grid_x_max_exclusive": 40,
        "grid_x_min": 35,
        "grid_y": 54,
        "nearest_distance_m_max": 287.774,
        "rate_cents_per_m": 12,
        "source": "rome_strisce_blu_nearest_grid",
        "source_ambiti": [
          "Centro Storico"
        ],
        "source_tariffs": [
          "1,20 euro/h"
        ],
        "source_zonas": [
          "ZONA09"
        ],
        "zone_id": 120
      },
      "type": "Feature"
    },
    {
      "geometry": {
        "coordinates": [
          [
            [
              12.484316873699086,
              41.906397286423676
            ],
            [
              12.52298287786201,
              41.906397286423676
            ],
            [
              12.52298287786201,
              41.90729660802959
            ],
            [
              12.484316873699086,
              41.90729660802959
            ],
            [
              12.484316873699086,
              41.906397286423676
            ]
          ]
        ],
        "type": "Polygon"
      },
      "properties": {
        "grid_x_max_exclusive": 72,
        "grid_x_min": 40,
        "grid_y": 54,
        "nearest_distance_m_max": 235.006,
        "rate_cents_per_m": 10,
        "source": "rome_strisce_blu_nearest_grid",
        "source_ambiti": [
          "Castro Pretorio",
          "Ludovisi - Sallustiano",
          "Nomentano"
        ],
        "source_tariffs": [
          "1 euro/h"
        ],
        "source_zonas": [
          "ZONA01",
          "ZONA02"
        ],
        "zone_id": 100
      },
      "type": "Feature"
    },
    {
      "geometry": {
        "coordinates": [
          [
            [
              12.52298287786201,
              41.906397286423676
            ],
            [
              12.532649378902741,
              41.906397286423676
            ],
            [
              12.532649378902741,
              41.90729660802959
            ],
            [
              12.52298287786201,
              41.90729660802959
            ],
            [
              12.52298287786201,
              41.906397286423676
            ]
          ]
        ],
        "type": "Polygon"
      },
      "properties": {
        "grid_x_max_exclusive": 80,
        "grid_x_min": 72,
        "grid_y": 54,
        "nearest_distance_m_max": 435.9,
        "rate_cents_per_m": 5,
        "source": "rome_strisce_blu_nearest_grid",
        "source_ambiti": [
          "Nomentano"
        ],
        "source_tariffs": [
          "0,50 euro/h"
        ],
        "source_zonas": [
          "ZONA11"
        ],
        "zone_id": 50
      },
      "type": "Feature"
    },
    {
      "geometry": {
        "coordinates": [
          [
            [
              12.532649378902741,
              41.906397286423676
            ],
            [
              12.55681563150457,
              41.906397286423676
            ],
            [
              12.55681563150457,
              41.90729660802959
            ],
            [
              12.532649378902741,
              41.90729660802959
            ],
            [
              12.532649378902741,
              41.906397286423676
            ]
          ]
        ],
        "type": "Polygon"
      },
      "properties": {
        "grid_x_max_exclusive": 100,
        "grid_x_min": 80,
        "grid_y": 54,
        "nearest_distance_m_max": 2263.749,
        "rate_cents_per_m": 10,
        "source": "rome_strisce_blu_nearest_grid",
        "source_ambiti": [
          "Nomentano"
        ],
        "source_tariffs": [
          "1 euro/h"
        ],
        "source_zonas": [
          "ZONA01"
        ],
        "zone_id": 100
      },
      "type": "Feature"
    },
    {
      "geometry": {
        "coordinates": [
          [
            [
              12.43598436849543,
              41.90729660802959
            ],
            [
              12.478275310548629,
              41.90729660802959
            ],
            [
              12.478275310548629,
              41.90819592963551
            ],
            [
              12.43598436849543,
              41.90819592963551
            ],
            [
              12.43598436849543,
              41.90729660802959
            ]
          ]
        ],
        "type": "Polygon"
      },
      "properties": {
        "grid_x_max_exclusive": 35,
        "grid_x_min": 0,
        "grid_y": 55,
        "nearest_distance_m_max": 533.297,
        "rate_cents_per_m": 10,
        "source": "rome_strisce_blu_nearest_grid",
        "source_ambiti": [
          "Centro Storico",
          "Prati",
          "Trionfale"
        ],
        "source_tariffs": [
          "1 euro/h"
        ],
        "source_zonas": [
          "ZONA02",
          "ZONA03",
          "ZONA04"
        ],
        "zone_id": 100
      },
      "type": "Feature"
    },
    {
      "geometry": {
        "coordinates": [
          [
            [
              12.478275310548629,
              41.90729660802959
            ],
            [
              12.484316873699086,
              41.90729660802959
            ],
            [
              12.484316873699086,
              41.90819592963551
            ],
            [
              12.478275310548629,
              41.90819592963551
            ],
            [
              12.478275310548629,
              41.90729660802959
            ]
          ]
        ],
        "type": "Polygon"
      },
      "properties": {
        "grid_x_max_exclusive": 40,
        "grid_x_min": 35,
        "grid_y": 55,
        "nearest_distance_m_max": 210.135,
        "rate_cents_per_m": 12,
        "source": "rome_strisce_blu_nearest_grid",
        "source_ambiti": [
          "Centro Storico"
        ],
        "source_tariffs": [
          "1,20 euro/h"
        ],
        "source_zonas": [
          "ZONA09"
        ],
        "zone_id": 120
      },
      "type": "Feature"
    },
    {
      "geometry": {
        "coordinates": [
          [
            [
              12.484316873699086,
              41.90729660802959
            ],
            [
              12.52298287786201,
              41.90729660802959
            ],
            [
              12.52298287786201,
              41.90819592963551
            ],
            [
              12.484316873699086,
              41.90819592963551
            ],
            [
              12.484316873699086,
              41.90729660802959
            ]
          ]
        ],
        "type": "Polygon"
      },
      "properties": {
        "grid_x_max_exclusive": 72,
        "grid_x_min": 40,
        "grid_y": 55,
        "nearest_distance_m_max": 150.208,
        "rate_cents_per_m": 10,
        "source": "rome_strisce_blu_nearest_grid",
        "source_ambiti": [
          "Castro Pretorio",
          "Ludovisi - Sallustiano",
          "Nomentano"
        ],
        "source_tariffs": [
          "1 euro/h"
        ],
        "source_zonas": [
          "ZONA01",
          "ZONA02"
        ],
        "zone_id": 100
      },
      "type": "Feature"
    },
    {
      "geometry": {
        "coordinates": [
          [
            [
              12.52298287786201,
              41.90729660802959
            ],
            [
              12.530232753642558,
              41.90729660802959
            ],
            [
              12.530232753642558,
              41.90819592963551
            ],
            [
              12.52298287786201,
              41.90819592963551
            ],
            [
              12.52298287786201,
              41.90729660802959
            ]
          ]
        ],
        "type": "Polygon"
      },
      "properties": {
        "grid_x_max_exclusive": 78,
        "grid_x_min": 72,
        "grid_y": 55,
        "nearest_distance_m_max": 216.333,
        "rate_cents_per_m": 5,
        "source": "rome_strisce_blu_nearest_grid",
        "source_ambiti": [
          "Nomentano"
        ],
        "source_tariffs": [
          "0,50 euro/h"
        ],
        "source_zonas": [
          "ZONA11"
        ],
        "zone_id": 50
      },
      "type": "Feature"
    },
    {
      "geometry": {
        "coordinates": [
          [
            [
              12.530232753642558,
              41.90729660802959
            ],
            [
              12.55681563150457,
              41.90729660802959
            ],
            [
              12.55681563150457,
              41.90819592963551
            ],
            [
              12.530232753642558,
              41.90819592963551
            ],
            [
              12.530232753642558,
              41.90729660802959
            ]
          ]
        ],
        "type": "Polygon"
      },
      "properties": {
        "grid_x_max_exclusive": 100,
        "grid_x_min": 78,
        "grid_y": 55,
        "nearest_distance_m_max": 2248.876,
        "rate_cents_per_m": 10,
        "source": "rome_strisce_blu_nearest_grid",
        "source_ambiti": [
          "Nomentano"
        ],
        "source_tariffs": [
          "1 euro/h"
        ],
        "source_zonas": [
          "ZONA01"
        ],
        "zone_id": 100
      },
      "type": "Feature"
    },
    {
      "geometry": {
        "coordinates": [
          [
            [
              12.43598436849543,
              41.90819592963551
            ],
            [
              12.475858685288445,
              41.90819592963551
            ],
            [
              12.475858685288445,
              41.90909525124143
            ],
            [
              12.43598436849543,
              41.90909525124143
            ],
            [
              12.43598436849543,
              41.90819592963551
            ]
          ]
        ],
        "type": "Polygon"
      },
      "properties": {
        "grid_x_max_exclusive": 33,
        "grid_x_min": 0,
        "grid_y": 56,
        "nearest_distance_m_max": 563.915,
        "rate_cents_per_m": 10,
        "source": "rome_strisce_blu_nearest_grid",
        "source_ambiti": [
          "Centro Storico",
          "Prati",
          "Trionfale"
        ],
        "source_tariffs": [
          "1 euro/h"
        ],
        "source_zonas": [
          "ZONA02",
          "ZONA03",
          "ZONA04"
        ],
        "zone_id": 100
      },
      "type": "Feature"
    },
    {
      "geometry": {
        "coordinates": [
          [
            [
              12.475858685288445,
              41.90819592963551
            ],
            [
              12.484316873699086,
              41.90819592963551
            ],
            [
              12.484316873699086,
              41.90909525124143
            ],
            [
              12.475858685288445,
              41.90909525124143
            ],
            [
              12.475858685288445,
              41.90819592963551
            ]
          ]
        ],
        "type": "Polygon"
      },
      "properties": {
        "grid_x_max_exclusive": 40,
        "grid_x_min": 33,
        "grid_y": 56,
        "nearest_distance_m_max": 175.41,
        "rate_cents_per_m": 12,
        "source": "rome_strisce_blu_nearest_grid",
        "source_ambiti": [
          "Centro Storico"
        ],
        "source_tariffs": [
          "1,20 euro/h"
        ],
        "source_zonas": [
          "ZONA09"
        ],
        "zone_id": 120
      },
      "type": "Feature"
    },
    {
      "geometry": {
        "coordinates": [
          [
            [
              12.484316873699086,
              41.90819592963551
            ],
            [
              12.55681563150457,
              41.90819592963551
            ],
            [
              12.55681563150457,
              41.90909525124143
            ],
            [
              12.484316873699086,
              41.90909525124143
            ],
            [
              12.484316873699086,
              41.90819592963551
            ]
          ]
        ],
        "type": "Polygon"
      },
      "properties": {
        "grid_x_max_exclusive": 100,
        "grid_x_min": 40,
        "grid_y": 56,
        "nearest_distance_m_max": 2238.376,
        "rate_cents_per_m": 10,
        "source": "rome_strisce_blu_nearest_grid",
        "source_ambiti": [
          "Castro Pretorio",
          "Ludovisi - Sallustiano",
          "Nomentano"
        ],
        "source_tariffs": [
          "1 euro/h"
        ],
        "source_zonas": [
          "ZONA01",
          "ZONA02"
        ],
        "zone_id": 100
      },
      "type": "Feature"
    },
    {
      "geometry": {
        "coordinates": [
          [
            [
              12.43598436849543,
              41.90909525124143
            ],
            [
              12.475858685288445,
              41.90909525124143
            ],
            [
              12.475858685288445,
              41.909994572847346
            ],
            [
              12.43598436849543,
              41.909994572847346
            ],
            [
              12.43598436849543,
              41.90909525124143
            ]
          ]
        ],
        "type": "Polygon"
      },
      "properties": {
        "grid_x_max_exclusive": 33,
        "grid_x_min": 0,
        "grid_y": 57,
        "nearest_distance_m_max": 601.675,
        "rate_cents_per_m": 10,
        "source": "rome_strisce_blu_nearest_grid",
        "source_ambiti": [
          "Centro Storico",
          "Prati",
          "Trionfale"
        ],
        "source_tariffs": [
          "1 euro/h"
        ],
        "source_zonas": [
          "ZONA02",
          "ZONA03",
          "ZONA04"
        ],
        "zone_id": 100
      },
      "type": "Feature"
    },
    {
      "geometry": {
        "coordinates": [
          [
            [
              12.475858685288445,
              41.90909525124143
            ],
            [
              12.484316873699086,
              41.90909525124143
            ],
            [
              12.484316873699086,
              41.909994572847346
            ],
            [
              12.475858685288445,
              41.909994572847346
            ],
            [
              12.475858685288445,
              41.90909525124143
            ]
          ]
        ],
        "type": "Polygon"
      },
      "properties": {
        "grid_x_max_exclusive": 40,
        "grid_x_min": 33,
        "grid_y": 57,
        "nearest_distance_m_max": 198.045,
        "rate_cents_per_m": 12,
        "source": "rome_strisce_blu_nearest_grid",
        "source_ambiti": [
          "Centro Storico"
        ],
        "source_tariffs": [
          "1,20 euro/h"
        ],
        "source_zonas": [
          "ZONA09"
        ],
        "zone_id": 120
      },
      "type": "Feature"
    },
    {
      "geometry": {
        "coordinates": [
          [
            [
              12.484316873699086,
              41.90909525124143
            ],
            [
              12.55681563150457,
              41.90909525124143
            ],
            [
              12.55681563150457,
              41.909994572847346
            ],
            [
              12.484316873699086,
              41.909994572847346
            ],
            [
              12.484316873699086,
              41.90909525124143
            ]
          ]
        ],
        "type": "Polygon"
      },
      "properties": {
        "grid_x_max_exclusive": 100,
        "grid_x_min": 40,
        "grid_y": 57,
        "nearest_distance_m_max": 2232.31,
        "rate_cents_per_m": 10,
        "source": "rome_strisce_blu_nearest_grid",
        "source_ambiti": [
          "Ludovisi - Sallustiano",
          "Nomentano",
          "Pinciano",
          "Salario"
        ],
        "source_tariffs": [
          "1 euro/h"
        ],
        "source_zonas": [
          "ZONA01",
          "ZONA02"
        ],
        "zone_id": 100
      },
      "type": "Feature"
    },
    {
      "geometry": {
        "coordinates": [
          [
            [
              12.43598436849543,
              41.909994572847346
            ],
            [
              12.475858685288445,
              41.909994572847346
            ],
            [
              12.475858685288445,
              41.91089389445327
            ],
            [
              12.43598436849543,
              41.91089389445327
            ],
            [
              12.43598436849543,
              41.909994572847346
            ]
          ]
        ],
        "type": "Polygon"
      },
      "properties": {
        "grid_x_max_exclusive": 33,
        "grid_x_min": 0,
        "grid_y": 58,
        "nearest_distance_m_max": 650.923,
        "rate_cents_per_m": 10,
        "source": "rome_strisce_blu_nearest_grid",
        "source_ambiti": [
          "Centro Storico",
          "Della Vittoria",
          "Prati",
          "Trionfale"
        ],
        "source_tariffs": [
          "1 euro/h"
        ],
        "source_zonas": [
          "ZONA01",
          "ZONA02",
          "ZONA03",
          "ZONA04"
        ],
        "zone_id": 100
      },
      "type": "Feature"
    },
    {
      "geometry": {
        "coordinates": [
          [
            [
              12.475858685288445,
              41.909994572847346
            ],
            [
              12.484316873699086,
              41.909994572847346
            ],
            [
              12.484316873699086,
              41.91089389445327
            ],
            [
              12.475858685288445,
              41.91089389445327
            ],
            [
              12.475858685288445,
              41.909994572847346
            ]
          ]
        ],
        "type": "Polygon"
      },
      "properties": {
        "grid_x_max_exclusive": 40,
        "grid_x_min": 33,
        "grid_y": 58,
        "nearest_distance_m_max": 274.883,
        "rate_cents_per_m": 12,
        "source": "rome_strisce_blu_nearest_grid",
        "source_ambiti": [
          "Centro Storico"
        ],
        "source_tariffs": [
          "1,20 euro/h"
        ],
        "source_zonas": [
          "ZONA09"
        ],
        "zone_id": 120
      },
      "type": "Feature"
    },
    {
      "geometry": {
        "coordinates": [
          [
            [
              12.484316873699086,
              41.909994572847346
            ],
            [
              12.55681563150457,
              41.909994572847346
            ],
            [
              12.55681563150457,
              41.91089389445327
            ],
            [
              12.484316873699086,
              41.91089389445327
            ],
            [
              12.484316873699086,
              41.909994572847346
            ]
          ]
        ],
        "type": "Polygon"
      },
      "properties": {
        "grid_x_max_exclusive": 100,
        "grid_x_min": 40,
        "grid_y": 58,
        "nearest_distance_m_max": 2230.715,
        "rate_cents_per_m": 10,
        "source": "rome_strisce_blu_nearest_grid",
        "source_ambiti": [
          "Ludovisi - Sallustiano",
          "Nomentano",
          "Pinciano",
          "Salario"
        ],
        "source_tariffs": [
          "1 euro/h"
        ],
        "source_zonas": [
          "ZONA01",
          "ZONA02"
        ],
        "zone_id": 100
      },
      "type": "Feature"
    },
    {
      "geometry": {
        "coordinates": [
          [
            [
              12.43598436849543,
              41.91089389445327
            ],
            [
              12.477066997918538,
              41.91089389445327
            ],
            [
              12.477066997918538,
              41.91179321605919
            ],
            [
              12.43598436849543,
              41.91179321605919
            ],
            [
              12.43598436849543,
              41.91089389445327
            ]
          ]
        ],
        "type": "Polygon"
      },
      "properties": {
        "grid_x_max_exclusive": 34,
        "grid_x_min": 0,
        "grid_y": 59,
        "nearest_distance_m_max": 677.737,
        "rate_cents_per_m": 10,
        "source": "rome_strisce_blu_nearest_grid",
        "source_ambiti": [
          "Della Vittoria",
          "Flaminio",
          "Prati",
          "Trionfale"
        ],
        "source_tariffs": [
          "1 euro/h"
        ],
        "source_zonas": [
          "ZONA01",
          "ZONA02",
          "ZONA03",
          "ZONA04"
        ],
        "zone_id": 100
      },
      "type": "Feature"
    },
    {
      "geometry": {
        "coordinates": [
          [
            [
              12.477066997918538,
              41.91089389445327
            ],
            [
              12.484316873699086,
              41.91089389445327
            ],
            [
              12.484316873699086,
              41.91179321605919
            ],
            [
              12.477066997918538,
              41.91179321605919
            ],
            [
              12.477066997918538,
              41.91089389445327
            ]
          ]
        ],
        "type": "Polygon"
      },
      "properties": {
        "grid_x_max_exclusive": 40,
        "grid_x_min": 34,
        "grid_y": 59,
        "nearest_distance_m_max": 323.122,
        "rate_cents_per_m": 12,
        "source": "rome_strisce_blu_nearest_grid",
        "source_ambiti": [
          "Centro Storico"
        ],
        "source_tariffs": [
          "1,20 euro/h"
        ],
        "source_zonas": [
          "ZONA09"
        ],
        "zone_id": 120
      },
      "type": "Feature"
    },
    {
      "geometry": {
        "coordinates": [
          [
            [
              12.484316873699086,
              41.91089389445327
            ],
            [
              12.55681563150457,
              41.91089389445327
            ],
            [
              12.55681563150457,
              41.91179321605919
            ],
            [
              12.484316873699086,
              41.91179321605919
            ],
            [
              12.484316873699086,
              41.91089389445327
            ]
          ]
        ],
        "type": "Polygon"
      },
      "properties": {
        "grid_x_max_exclusive": 100,
        "grid_x_min": 40,
        "grid_y": 59,
        "nearest_distance_m_max": 2233.601,
        "rate_cents_per_m": 10,
        "source": "rome_strisce_blu_nearest_grid",
        "source_ambiti": [
          "Ludovisi - Sallustiano",
          "Nomentano",
          "Pinciano",
          "Salario"
        ],
        "source_tariffs": [
          "1 euro/h"
        ],
        "source_zonas": [
          "ZONA01",
          "ZONA02"
        ],
        "zone_id": 100
      },
      "type": "Feature"
    },
    {
      "geometry": {
        "coordinates": [
          [
            [
              12.43598436849543,
              41.91179321605919
            ],
            [
              12.478275310548629,
              41.91179321605919
            ],
            [
              12.478275310548629,
              41.91269253766511
            ],
            [
              12.43598436849543,
              41.91269253766511
            ],
            [
              12.43598436849543,
              41.91179321605919
            ]
          ]
        ],
        "type": "Polygon"
      },
      "properties": {
        "grid_x_max_exclusive": 35,
        "grid_x_min": 0,
        "grid_y": 60,
        "nearest_distance_m_max": 711.662,
        "rate_cents_per_m": 10,
        "source": "rome_strisce_blu_nearest_grid",
        "source_ambiti": [
          "Della Vittoria",
          "Flaminio",
          "Prati",
          "Trionfale"
        ],
        "source_tariffs": [
          "1 euro/h"
        ],
        "source_zonas": [
          "ZONA01",
          "ZONA02",
          "ZONA03",
          "ZONA04"
        ],
        "zone_id": 100
      },
      "type": "Feature"
    },
    {
      "geometry": {
        "coordinates": [
          [
            [
              12.478275310548629,
              41.91179321605919
            ],
            [
              12.484316873699086,
              41.91179321605919
            ],
            [
              12.484316873699086,
              41.91269253766511
            ],
            [
              12.478275310548629,
              41.91269253766511
            ],
            [
              12.478275310548629,
              41.91179321605919
            ]
          ]
        ],
        "type": "Polygon"
      },
      "properties": {
        "grid_x_max_exclusive": 40,
        "grid_x_min": 35,
        "grid_y": 60,
        "nearest_distance_m_max": 354.181,
        "rate_cents_per_m": 12,
        "source": "rome_strisce_blu_nearest_grid",
        "source_ambiti": [
          "Centro Storico"
        ],
        "source_tariffs": [
          "1,20 euro/h"
        ],
        "source_zonas": [
          "ZONA09"
        ],
        "zone_id": 120
      },
      "type": "Feature"
    },
    {
      "geometry": {
        "coordinates": [
          [
            [
              12.484316873699086,
              41.91179321605919
            ],
            [
              12.55681563150457,
              41.91179321605919
            ],
            [
              12.55681563150457,
              41.91269253766511
            ],
            [
              12.484316873699086,
              41.91269253766511
            ],
            [
              12.484316873699086,
              41.91179321605919
            ]
          ]
        ],
        "type": "Polygon"
      },
      "properties": {
        "grid_x_max_exclusive": 100,
        "grid_x_min": 40,
        "grid_y": 60,
        "nearest_distance_m_max": 2240.949,
        "rate_cents_per_m": 10,
        "source": "rome_strisce_blu_nearest_grid",
        "source_ambiti": [
          "Ludovisi - Sallustiano",
          "Nomentano",
          "Pinciano",
          "Salario"
        ],
        "source_tariffs": [
          "1 euro/h"
        ],
        "source_zonas": [
          "ZONA01",
          "ZONA02"
        ],
        "zone_id": 100
      },
      "type": "Feature"
    },
    {
      "geometry": {
        "coordinates": [
          [
            [
              12.43598436849543,
              41.91269253766511
            ],
            [
              12.478275310548629,
              41.91269253766511
            ],
            [
              12.478275310548629,
              41.91359185927102
            ],
            [
              12.43598436849543,
              41.91359185927102
            ],
            [
              12.43598436849543,
              41.91269253766511
            ]
          ]
        ],
        "type": "Polygon"
      },
      "properties": {
        "grid_x_max_exclusive": 35,
        "grid_x_min": 0,
        "grid_y": 61,
        "nearest_distance_m_max": 756.75,
        "rate_cents_per_m": 10,
        "source": "rome_strisce_blu_nearest_grid",
        "source_ambiti": [
          "Della Vittoria",
          "Flaminio",
          "Prati",
          "Trionfale"
        ],
        "source_tariffs": [
          "1 euro/h"
        ],
        "source_zonas": [
          "ZONA01",
          "ZONA02",
          "ZONA03",
          "ZONA04"
        ],
        "zone_id": 100
      },
      "type": "Feature"
    },
    {
      "geometry": {
        "coordinates": [
          [
            [
              12.478275310548629,
              41.91269253766511
            ],
            [
              12.480691935808812,
              41.91269253766511
            ],
            [
              12.480691935808812,
              41.91359185927102
            ],
            [
              12.478275310548629,
              41.91359185927102
            ],
            [
              12.478275310548629,
              41.91269253766511
            ]
          ]
        ],
        "type": "Polygon"
      },
      "properties": {
        "grid_x_max_exclusive": 37,
        "grid_x_min": 35,
        "grid_y": 61,
        "nearest_distance_m_max": 258.289,
        "rate_cents_per_m": 12,
        "source": "rome_strisce_blu_nearest_grid",
        "source_ambiti": [
          "Centro Storico"
        ],
        "source_tariffs": [
          "1,20 euro/h"
        ],
        "source_zonas": [
          "ZONA09"
        ],
        "zone_id": 120
      },
      "type": "Feature"
    },
    {
      "geometry": {
        "coordinates": [
          [
            [
              12.480691935808812,
              41.91269253766511
            ],
            [
              12.486733498959268,
              41.91269253766511
            ],
            [
              12.486733498959268,
              41.91359185927102
            ],
            [
              12.480691935808812,
              41.91359185927102
            ],
            [
              12.480691935808812,
              41.91269253766511
            ]
          ]
        ],
        "type": "Polygon"
      },
      "properties": {
        "grid_x_max_exclusive": 42,
        "grid_x_min": 37,
        "grid_y": 61,
        "nearest_distance_m_max": 428.279,
        "rate_cents_per_m": 5,
        "source": "rome_strisce_blu_nearest_grid",
        "source_ambiti": [
          "Pinciano"
        ],
        "source_tariffs": [
          "0,50 euro/h"
        ],
        "source_zonas": [
          "ZONA10"
        ],
        "zone_id": 50
      },
      "type": "Feature"
    },
    {
      "geometry": {
        "coordinates": [
          [
            [
              12.486733498959268,
              41.91269253766511
            ],
            [
              12.55681563150457,
              41.91269253766511
            ],
            [
              12.55681563150457,
              41.91359185927102
            ],
            [
              12.486733498959268,
              41.91359185927102
            ],
            [
              12.486733498959268,
              41.91269253766511
            ]
          ]
        ],
        "type": "Polygon"
      },
      "properties": {
        "grid_x_max_exclusive": 100,
        "grid_x_min": 42,
        "grid_y": 61,
        "nearest_distance_m_max": 2252.717,
        "rate_cents_per_m": 10,
        "source": "rome_strisce_blu_nearest_grid",
        "source_ambiti": [
          "Nomentano",
          "Pinciano",
          "Salario",
          "Trieste"
        ],
        "source_tariffs": [
          "1 euro/h"
        ],
        "source_zonas": [
          "ZONA01",
          "ZONA02"
        ],
        "zone_id": 100
      },
      "type": "Feature"
    },
    {
      "geometry": {
        "coordinates": [
          [
            [
              12.43598436849543,
              41.91359185927102
            ],
            [
              12.478275310548629,
              41.91359185927102
            ],
            [
              12.478275310548629,
              41.914491180876944
            ],
            [
              12.43598436849543,
              41.914491180876944
            ],
            [
              12.43598436849543,
              41.91359185927102
            ]
          ]
        ],
        "type": "Polygon"
      },
      "properties": {
        "grid_x_max_exclusive": 35,
        "grid_x_min": 0,
        "grid_y": 62,
        "nearest_distance_m_max": 810.95,
        "rate_cents_per_m": 10,
        "source": "rome_strisce_blu_nearest_grid",
        "source_ambiti": [
          "Della Vittoria",
          "Flaminio",
          "Prati",
          "Trionfale"
        ],
        "source_tariffs": [
          "1 euro/h"
        ],
        "source_zonas": [
          "ZONA01",
          "ZONA02",
          "ZONA03",
          "ZONA04"
        ],
        "zone_id": 100
      },
      "type": "Feature"
    },
    {
      "geometry": {
        "coordinates": [
          [
            [
              12.478275310548629,
              41.91359185927102
            ],
            [
              12.486733498959268,
              41.91359185927102
            ],
            [
              12.486733498959268,
              41.914491180876944
            ],
            [
              12.478275310548629,
              41.914491180876944
            ],
            [
              12.478275310548629,
              41.91359185927102
            ]
          ]
        ],
        "type": "Polygon"
      },
      "properties": {
        "grid_x_max_exclusive": 42,
        "grid_x_min": 35,
        "grid_y": 62,
        "nearest_distance_m_max": 368.679,
        "rate_cents_per_m": 5,
        "source": "rome_strisce_blu_nearest_grid",
        "source_ambiti": [
          "Pinciano"
        ],
        "source_tariffs": [
          "0,50 euro/h"
        ],
        "source_zonas": [
          "ZONA10"
        ],
        "zone_id": 50
      },
      "type": "Feature"
    },
    {
      "geometry": {
        "coordinates": [
          [
            [
              12.486733498959268,
              41.91359185927102
            ],
            [
              12.55681563150457,
              41.91359185927102
            ],
            [
              12.55681563150457,
              41.914491180876944
            ],
            [
              12.486733498959268,
              41.914491180876944
            ],
            [
              12.486733498959268,
              41.91359185927102
            ]
          ]
        ],
        "type": "Polygon"
      },
      "properties": {
        "grid_x_max_exclusive": 100,
        "grid_x_min": 42,
        "grid_y": 62,
        "nearest_distance_m_max": 2268.836,
        "rate_cents_per_m": 10,
        "source": "rome_strisce_blu_nearest_grid",
        "source_ambiti": [
          "Nomentano",
          "Pinciano",
          "Salario",
          "Trieste"
        ],
        "source_tariffs": [
          "1 euro/h"
        ],
        "source_zonas": [
          "ZONA01",
          "ZONA02"
        ],
        "zone_id": 100
      },
      "type": "Feature"
    },
    {
      "geometry": {
        "coordinates": [
          [
            [
              12.43598436849543,
              41.914491180876944
            ],
            [
              12.478275310548629,
              41.914491180876944
            ],
            [
              12.478275310548629,
              41.915390502482865
            ],
            [
              12.43598436849543,
              41.915390502482865
            ],
            [
              12.43598436849543,
              41.914491180876944
            ]
          ]
        ],
        "type": "Polygon"
      },
      "properties": {
        "grid_x_max_exclusive": 35,
        "grid_x_min": 0,
        "grid_y": 63,
        "nearest_distance_m_max": 870.101,
        "rate_cents_per_m": 10,
        "source": "rome_strisce_blu_nearest_grid",
        "source_ambiti": [
          "Della Vittoria",
          "Flaminio",
          "Trionfale"
        ],
        "source_tariffs": [
          "1 euro/h"
        ],
        "source_zonas": [
          "ZONA01",
          "ZONA02",
          "ZONA03",
          "ZONA04",
          "ZONA07",
          "ZONA15"
        ],
        "zone_id": 100
      },
      "type": "Feature"
    },
    {
      "geometry": {
        "coordinates": [
          [
            [
              12.478275310548629,
              41.914491180876944
            ],
            [
              12.486733498959268,
              41.914491180876944
            ],
            [
              12.486733498959268,
              41.915390502482865
            ],
            [
              12.478275310548629,
              41.915390502482865
            ],
            [
              12.478275310548629,
              41.914491180876944
            ]
          ]
        ],
        "type": "Polygon"
      },
      "properties": {
        "grid_x_max_exclusive": 42,
        "grid_x_min": 35,
        "grid_y": 63,
        "nearest_distance_m_max": 328.098,
        "rate_cents_per_m": 5,
        "source": "rome_strisce_blu_nearest_grid",
        "source_ambiti": [
          "Pinciano"
        ],
        "source_tariffs": [
          "0,50 euro/h"
        ],
        "source_zonas": [
          "ZONA10"
        ],
        "zone_id": 50
      },
      "type": "Feature"
    },
    {
      "geometry": {
        "coordinates": [
          [
            [
              12.486733498959268,
              41.914491180876944
            ],
            [
              12.489150124219451,
              41.914491180876944
            ],
            [
              12.489150124219451,
              41.915390502482865
            ],
            [
              12.486733498959268,
              41.915390502482865
            ],
            [
              12.486733498959268,
              41.914491180876944
            ]
          ]
        ],
        "type": "Polygon"
      },
      "properties": {
        "grid_x_max_exclusive": 44,
        "grid_x_min": 42,
        "grid_y": 63,
        "nearest_distance_m_max": 400.899,
        "rate_cents_per_m": 10,
        "source": "rome_strisce_blu_nearest_grid",
        "source_ambiti": [
          "Pinciano"
        ],
        "source_tariffs": [
          "1 euro/h"
        ],
        "source_zonas": [
          "ZONA01"
        ],
        "zone_id": 100
      },
      "type": "Feature"
    },
    {
      "geometry": {
        "coordinates": [
          [
            [
              12.489150124219451,
              41.914491180876944
            ],
            [
              12.491566749479635,
              41.914491180876944
            ],
            [
              12.491566749479635,
              41.915390502482865
            ],
            [
              12.489150124219451,
              41.915390502482865
            ],
            [
              12.489150124219451,
              41.914491180876944
            ]
          ]
        ],
        "type": "Polygon"
      },
      "properties": {
        "grid_x_max_exclusive": 46,
        "grid_x_min": 44,
        "grid_y": 63,
        "nearest_distance_m_max": 273.566,
        "rate_cents_per_m": 5,
        "source": "rome_strisce_blu_nearest_grid",
        "source_ambiti": [
          "Pinciano"
        ],
        "source_tariffs": [
          "0,50 euro/h"
        ],
        "source_zonas": [
          "ZONA10"
        ],
        "zone_id": 50
      },
      "type": "Feature"
    },
    {
      "geometry": {
        "coordinates": [
          [
            [
              12.491566749479635,
              41.914491180876944
            ],
            [
              12.55681563150457,
              41.914491180876944
            ],
            [
              12.55681563150457,
              41.915390502482865
            ],
            [
              12.491566749479635,
              41.915390502482865
            ],
            [
              12.491566749479635,
              41.914491180876944
            ]
          ]
        ],
        "type": "Polygon"
      },
      "properties": {
        "grid_x_max_exclusive": 100,
        "grid_x_min": 46,
        "grid_y": 63,
        "nearest_distance_m_max": 2289.214,
        "rate_cents_per_m": 10,
        "source": "rome_strisce_blu_nearest_grid",
        "source_ambiti": [
          "Nomentano",
          "Pinciano",
          "Salario",
          "Trieste"
        ],
        "source_tariffs": [
          "1 euro/h"
        ],
        "source_zonas": [
          "ZONA01",
          "ZONA02"
        ],
        "zone_id": 100
      },
      "type": "Feature"
    },
    {
      "geometry": {
        "coordinates": [
          [
            [
              12.43598436849543,
              41.915390502482865
            ],
            [
              12.477066997918538,
              41.915390502482865
            ],
            [
              12.477066997918538,
              41.91628982408878
            ],
            [
              12.43598436849543,
              41.91628982408878
            ],
            [
              12.43598436849543,
              41.915390502482865
            ]
          ]
        ],
        "type": "Polygon"
      },
      "properties": {
        "grid_x_max_exclusive": 34,
        "grid_x_min": 0,
        "grid_y": 64,
        "nearest_distance_m_max": 928.354,
        "rate_cents_per_m": 10,
        "source": "rome_strisce_blu_nearest_grid",
        "source_ambiti": [
          "Della Vittoria",
          "Flaminio",
          "Trionfale"
        ],
        "source_tariffs": [
          "1 euro/h"
        ],
        "source_zonas": [
          "ZONA01",
          "ZONA02",
          "ZONA03",
          "ZONA04",
          "ZONA07",
          "ZONA15"
        ],
        "zone_id": 100
      },
      "type": "Feature"
    },
    {
      "geometry": {
        "coordinates": [
          [
            [
              12.477066997918538,
              41.915390502482865
            ],
            [
              12.485525186329177,
              41.915390502482865
            ],
            [
              12.485525186329177,
              41.91628982408878
            ],
            [
              12.477066997918538,
              41.91628982408878
            ],
            [
              12.477066997918538,
              41.915390502482865
            ]
          ]
        ],
        "type": "Polygon"
      },
      "properties": {
        "grid_x_max_exclusive": 41,
        "grid_x_min": 34,
        "grid_y": 64,
        "nearest_distance_m_max": 212.004,
        "rate_cents_per_m": 5,
        "source": "rome_strisce_blu_nearest_grid",
        "source_ambiti": [
          "Pinciano"
        ],
        "source_tariffs": [
          "0,50 euro/h"
        ],
        "source_zonas": [
          "ZONA10"
        ],
        "zone_id": 50
      },
      "type": "Feature"
    },
    {
      "geometry": {
        "coordinates": [
          [
            [
              12.485525186329177,
              41.915390502482865
            ],
            [
              12.489150124219451,
              41.915390502482865
            ],
            [
              12.489150124219451,
              41.91628982408878
            ],
            [
              12.485525186329177,
              41.91628982408878
            ],
            [
              12.485525186329177,
              41.915390502482865
            ]
          ]
        ],
        "type": "Polygon"
      },
      "properties": {
        "grid_x_max_exclusive": 44,
        "grid_x_min": 41,
        "grid_y": 64,
        "nearest_distance_m_max": 342.817,
        "rate_cents_per_m": 10,
        "source": "rome_strisce_blu_nearest_grid",
        "source_ambiti": [
          "Pinciano"
        ],
        "source_tariffs": [
          "1 euro/h"
        ],
        "source_zonas": [
          "ZONA01"
        ],
        "zone_id": 100
      },
      "type": "Feature"
    },
    {
      "geometry": {
        "coordinates": [
          [
            [
              12.489150124219451,
              41.915390502482865
            ],
            [
              12.493983374739816,
              41.915390502482865
            ],
            [
              12.493983374739816,
              41.91628982408878
            ],
            [
              12.489150124219451,
              41.91628982408878
            ],
            [
              12.489150124219451,
              41.915390502482865
            ]
          ]
        ],
        "type": "Polygon"
      },
      "properties": {
        "grid_x_max_exclusive": 48,
        "grid_x_min": 44,
        "grid_y": 64,
        "nearest_distance_m_max": 192.952,
        "rate_cents_per_m": 5,
        "source": "rome_strisce_blu_nearest_grid",
        "source_ambiti": [
          "Pinciano"
        ],
        "source_tariffs": [
          "0,50 euro/h"
        ],
        "source_zonas": [
          "ZONA10"
        ],
        "zone_id": 50
      },
      "type": "Feature"
    },
    {
      "geometry": {
        "coordinates": [
          [
            [
              12.493983374739816,
              41.915390502482865
            ],
            [
              12.55681563150457,
              41.915390502482865
            ],
            [
              12.55681563150457,
              41.91628982408878
            ],
            [
              12.493983374739816,
              41.91628982408878
            ],
            [
              12.493983374739816,
              41.915390502482865
            ]
          ]
        ],
        "type": "Polygon"
      },
      "properties": {
        "grid_x_max_exclusive": 100,
        "grid_x_min": 48,
        "grid_y": 64,
        "nearest_distance_m_max": 2313.738,
        "rate_cents_per_m": 10,
        "source": "rome_strisce_blu_nearest_grid",
        "source_ambiti": [
          "Nomentano",
          "Pinciano",
          "Salario",
          "Trieste"
        ],
        "source_tariffs": [
          "1 euro/h"
        ],
        "source_zonas": [
          "ZONA01",
          "ZONA02"
        ],
        "zone_id": 100
      },
      "type": "Feature"
    },
    {
      "geometry": {
        "coordinates": [
          [
            [
              12.43598436849543,
              41.91628982408878
            ],
            [
              12.475858685288445,
              41.91628982408878
            ],
            [
              12.475858685288445,
              41.9171891456947
            ],
            [
              12.43598436849543,
              41.9171891456947
            ],
            [
              12.43598436849543,
              41.91628982408878
            ]
          ]
        ],
        "type": "Polygon"
      },
      "properties": {
        "grid_x_max_exclusive": 33,
        "grid_x_min": 0,
        "grid_y": 65,
        "nearest_distance_m_max": 989.501,
        "rate_cents_per_m": 10,
        "source": "rome_strisce_blu_nearest_grid",
        "source_ambiti": [
          "Della Vittoria",
          "Flaminio",
          "Trionfale"
        ],
        "source_tariffs": [
          "1 euro/h"
        ],
        "source_zonas": [
          "ZONA01",
          "ZONA02",
          "ZONA03",
          "ZONA07",
          "ZONA15"
        ],
        "zone_id": 100
      },
      "type": "Feature"
    },
    {
      "geometry": {
        "coordinates": [
          [
            [
              12.475858685288445,
              41.91628982408878
            ],
            [
              12.484316873699086,
              41.91628982408878
            ],
            [
              12.484316873699086,
              41.9171891456947
            ],
            [
              12.475858685288445,
              41.9171891456947
            ],
            [
              12.475858685288445,
              41.91628982408878
            ]
          ]
        ],
        "type": "Polygon"
      },
      "properties": {
        "grid_x_max_exclusive": 40,
        "grid_x_min": 33,
        "grid_y": 65,
        "nearest_distance_m_max": 146.67,
        "rate_cents_per_m": 5,
        "source": "rome_strisce_blu_nearest_grid",
        "source_ambiti": [
          "Pinciano"
        ],
        "source_tariffs": [
          "0,50 euro/h"
        ],
        "source_zonas": [
          "ZONA10"
        ],
        "zone_id": 50
      },
      "type": "Feature"
    },
    {
      "geometry": {
        "coordinates": [
          [
            [
              12.484316873699086,
              41.91628982408878
            ],
            [
              12.490358436849542,
              41.91628982408878
            ],
            [
              12.490358436849542,
              41.9171891456947
            ],
            [
              12.484316873699086,
              41.9171891456947
            ],
            [
              12.484316873699086,
              41.91628982408878
            ]
          ]
        ],
        "type": "Polygon"
      },
      "properties": {
        "grid_x_max_exclusive": 45,
        "grid_x_min": 40,
        "grid_y": 65,
        "nearest_distance_m_max": 272.513,
        "rate_cents_per_m": 10,
        "source": "rome_strisce_blu_nearest_grid",
        "source_ambiti": [
          "Pinciano"
        ],
        "source_tariffs": [
          "1 euro/h"
        ],
        "source_zonas": [
          "ZONA01"
        ],
        "zone_id": 100
      },
      "type": "Feature"
    },
    {
      "geometry": {
        "coordinates": [
          [
            [
              12.490358436849542,
              41.91628982408878
            ],
            [
              12.492775062109725,
              41.91628982408878
            ],
            [
              12.492775062109725,
              41.9171891456947
            ],
            [
              12.490358436849542,
              41.9171891456947
            ],
            [
              12.490358436849542,
              41.91628982408878
            ]
          ]
        ],
        "type": "Polygon"
      },
      "properties": {
        "grid_x_max_exclusive": 47,
        "grid_x_min": 45,
        "grid_y": 65,
        "nearest_distance_m_max": 53.166,
        "rate_cents_per_m": 5,
        "source": "rome_strisce_blu_nearest_grid",
        "source_ambiti": [
          "Pinciano"
        ],
        "source_tariffs": [
          "0,50 euro/h"
        ],
        "source_zonas": [
          "ZONA10"
        ],
        "zone_id": 50
      },
      "type": "Feature"
    },
    {
      "geometry": {
        "coordinates": [
          [
            [
              12.492775062109725,
              41.91628982408878
            ],
            [
              12.55681563150457,
              41.91628982408878
            ],
            [
              12.55681563150457,
              41.9171891456947
            ],
            [
              12.492775062109725,
              41.9171891456947
            ],
            [
              12.492775062109725,
              41.91628982408878
            ]
          ]
        ],
        "type": "Polygon"
      },
      "properties": {
        "grid_x_max_exclusive": 100,
        "grid_x_min": 47,
        "grid_y": 65,
        "nearest_distance_m_max": 2342.277,
        "rate_cents_per_m": 10,
        "source": "rome_strisce_blu_nearest_grid",
        "source_ambiti": [
          "Nomentano",
          "Pinciano",
          "Salario",
          "Trieste"
        ],
        "source_tariffs": [
          "1 euro/h"
        ],
        "source_zonas": [
          "ZONA01"
        ],
        "zone_id": 100
      },
      "type": "Feature"
    },
    {
      "geometry": {
        "coordinates": [
          [
            [
              12.43598436849543,
              41.9171891456947
            ],
            [
              12.475858685288445,
              41.9171891456947
            ],
            [
              12.475858685288445,
              41.91808846730062
            ],
            [
              12.43598436849543,
              41.91808846730062
            ],
            [
              12.43598436849543,
              41.9171891456947
            ]
          ]
        ],
        "type": "Polygon"
      },
      "properties": {
        "grid_x_max_exclusive": 33,
        "grid_x_min": 0,
        "grid_y": 66,
        "nearest_distance_m_max": 1053.645,
        "rate_cents_per_m": 10,
        "source": "rome_strisce_blu_nearest_grid",
        "source_ambiti": [
          "Della Vittoria",
          "Flaminio",
          "Trionfale"
        ],
        "source_tariffs": [
          "1 euro/h"
        ],
        "source_zonas": [
          "ZONA01",
          "ZONA02",
          "ZONA03",
          "ZONA07",
          "ZONA15"
        ],
        "zone_id": 100
      },
      "type": "Feature"
    },
    {
      "geometry": {
        "coordinates": [
          [
            [
              12.475858685288445,
              41.9171891456947
            ],
            [
              12.47948362317872,
              41.9171891456947
            ],
            [
              12.47948362317872,
              41.91808846730062
            ],
            [
              12.475858685288445,
              41.91808846730062
            ],
            [
              12.475858685288445,
              41.9171891456947
            ]
          ]
        ],
        "type": "Polygon"
      },
      "properties": {
        "grid_x_max_exclusive": 36,
        "grid_x_min": 33,
        "grid_y": 66,
        "nearest_distance_m_max": 141.038,
        "rate_cents_per_m": 5,
        "source": "rome_strisce_blu_nearest_grid",
        "source_ambiti": [
          "Pinciano"
        ],
        "source_tariffs": [
          "0,50 euro/h"
        ],
        "source_zonas": [
          "ZONA10"
        ],
        "zone_id": 50
      },
      "type": "Feature"
    },
    {
      "geometry": {
        "coordinates": [
          [
            [
              12.47948362317872,
              41.9171891456947
            ],
            [
              12.55681563150457,
              41.9171891456947
            ],
            [
              12.55681563150457,
              41.91808846730062
            ],
            [
              12.47948362317872,
              41.91808846730062
            ],
            [
              12.47948362317872,
              41.9171891456947
            ]
          ]
        ],
        "type": "Polygon"
      },
      "properties": {
        "grid_x_max_exclusive": 100,
        "grid_x_min": 36,
        "grid_y": 66,
        "nearest_distance_m_max": 2374.689,
        "rate_cents_per_m": 10,
        "source": "rome_strisce_blu_nearest_grid",
        "source_ambiti": [
          "Nomentano",
          "Pinciano",
          "Salario",
          "Trieste"
        ],
        "source_tariffs": [
          "1 euro/h"
        ],
        "source_zonas": [
          "ZONA01"
        ],
        "zone_id": 100
      },
      "type": "Feature"
    },
    {
      "geometry": {
        "coordinates": [
          [
            [
              12.43598436849543,
              41.91808846730062
            ],
            [
              12.480691935808812,
              41.91808846730062
            ],
            [
              12.480691935808812,
              41.918987788906534
            ],
            [
              12.43598436849543,
              41.918987788906534
            ],
            [
              12.43598436849543,
              41.91808846730062
            ]
          ]
        ],
        "type": "Polygon"
      },
      "properties": {
        "grid_x_max_exclusive": 37,
        "grid_x_min": 0,
        "grid_y": 67,
        "nearest_distance_m_max": 1122.636,
        "rate_cents_per_m": 10,
        "source": "rome_strisce_blu_nearest_grid",
        "source_ambiti": [
          "Della Vittoria",
          "Flaminio",
          "Pinciano",
          "Trionfale"
        ],
        "source_tariffs": [
          "1 euro/h"
        ],
        "source_zonas": [
          "ZONA01",
          "ZONA02",
          "ZONA03",
          "ZONA07"
        ],
        "zone_id": 100
      },
      "type": "Feature"
    },
    {
      "geometry": {
        "coordinates": [
          [
            [
              12.480691935808812,
              41.91808846730062
            ],
            [
              12.481900248438903,
              41.91808846730062
            ],
            [
              12.481900248438903,
              41.918987788906534
            ],
            [
              12.480691935808812,
              41.918987788906534
            ],
            [
              12.480691935808812,
              41.91808846730062
            ]
          ]
        ],
        "type": "Polygon"
      },
      "properties": {
        "grid_x_max_exclusive": 38,
        "grid_x_min": 37,
        "grid_y": 67,
        "nearest_distance_m_max": 51.938,
        "rate_cents_per_m": 5,
        "source": "rome_strisce_blu_nearest_grid",
        "source_ambiti": [
          "Pinciano"
        ],
        "source_tariffs": [
          "0,50 euro/h"
        ],
        "source_zonas": [
          "ZONA10"
        ],
        "zone_id": 50
      },
      "type": "Feature"
    },
    {
      "geometry": {
        "coordinates": [
          [
            [
              12.481900248438903,
              41.91808846730062
            ],
            [
              12.55681563150457,
              41.91808846730062
            ],
            [
              12.55681563150457,
              41.918987788906534
            ],
            [
              12.481900248438903,
              41.918987788906534
            ],
            [
              12.481900248438903,
              41.91808846730062
            ]
          ]
        ],
        "type": "Polygon"
      },
      "properties": {
        "grid_x_max_exclusive": 100,
        "grid_x_min": 38,
        "grid_y": 67,
        "nearest_distance_m_max": 2394.81,
        "rate_cents_per_m": 10,
        "source": "rome_strisce_blu_nearest_grid",
        "source_ambiti": [
          "Nomentano",
          "Pinciano",
          "Salario",
          "Trieste"
        ],
        "source_tariffs": [
          "1 euro/h"
        ],
        "source_zonas": [
          "ZONA01"
        ],
        "zone_id": 100
      },
      "type": "Feature"
    },
    {
      "geometry": {
        "coordinates": [
          [
            [
              12.43598436849543,
              41.918987788906534
            ],
            [
              12.55681563150457,
              41.918987788906534
            ],
            [
              12.55681563150457,
              41.919887110512455
            ],
            [
              12.43598436849543,
              41.919887110512455
            ],
            [
              12.43598436849543,
              41.918987788906534
            ]
          ]
        ],
        "type": "Polygon"
      },
      "properties": {
        "grid_x_max_exclusive": 100,
        "grid_x_min": 0,
        "grid_y": 68,
        "nearest_distance_m_max": 2411.307,
        "rate_cents_per_m": 10,
        "source": "rome_strisce_blu_nearest_grid",
        "source_ambiti": [
          "Della Vittoria",
          "Flaminio",
          "Nomentano",
          "Pinciano",
          "Salario",
          "Trieste"
        ],
        "source_tariffs": [
          "1 euro/h"
        ],
        "source_zonas": [
          "ZONA01",
          "ZONA03",
          "ZONA07"
        ],
        "zone_id": 100
      },
      "type": "Feature"
    },
    {
      "geometry": {
        "coordinates": [
          [
            [
              12.43598436849543,
              41.919887110512455
            ],
            [
              12.55681563150457,
              41.919887110512455
            ],
            [
              12.55681563150457,
              41.920786432118376
            ],
            [
              12.43598436849543,
              41.920786432118376
            ],
            [
              12.43598436849543,
              41.919887110512455
            ]
          ]
        ],
        "type": "Polygon"
      },
      "properties": {
        "grid_x_max_exclusive": 100,
        "grid_x_min": 0,
        "grid_y": 69,
        "nearest_distance_m_max": 2428.387,
        "rate_cents_per_m": 10,
        "source": "rome_strisce_blu_nearest_grid",
        "source_ambiti": [
          "Della Vittoria",
          "Flaminio",
          "Nomentano",
          "Parioli",
          "Pinciano",
          "Trieste"
        ],
        "source_tariffs": [
          "1 euro/h"
        ],
        "source_zonas": [
          "ZONA01",
          "ZONA03",
          "ZONA07"
        ],
        "zone_id": 100
      },
      "type": "Feature"
    },
    {
      "geometry": {
        "coordinates": [
          [
            [
              12.43598436849543,
              41.920786432118376
            ],
            [
              12.55681563150457,
              41.920786432118376
            ],
            [
              12.55681563150457,
              41.92168575372429
            ],
            [
              12.43598436849543,
              41.92168575372429
            ],
            [
              12.43598436849543,
              41.920786432118376
            ]
          ]
        ],
        "type": "Polygon"
      },
      "properties": {
        "grid_x_max_exclusive": 100,
        "grid_x_min": 0,
        "grid_y": 70,
        "nearest_distance_m_max": 2514.975,
        "rate_cents_per_m": 10,
        "source": "rome_strisce_blu_nearest_grid",
        "source_ambiti": [
          "Della Vittoria",
          "Flaminio",
          "Monte Sacro",
          "Nomentano",
          "Parioli",
          "Pinciano",
          "Trieste"
        ],
        "source_tariffs": [
          "1 euro/h"
        ],
        "source_zonas": [
          "ZONA01",
          "ZONA03",
          "ZONA07"
        ],
        "zone_id": 100
      },
      "type": "Feature"
    },
    {
      "geometry": {
        "coordinates": [
          [
            [
              12.43598436849543,
              41.92168575372429
            ],
            [
              12.55681563150457,
              41.92168575372429
            ],
            [
              12.55681563150457,
              41.92258507533021
            ],
            [
              12.43598436849543,
              41.92258507533021
            ],
            [
              12.43598436849543,
              41.92168575372429
            ]
          ]
        ],
        "type": "Polygon"
      },
      "properties": {
        "grid_x_max_exclusive": 100,
        "grid_x_min": 0,
        "grid_y": 71,
        "nearest_distance_m_max": 2451.625,
        "rate_cents_per_m": 10,
        "source": "rome_strisce_blu_nearest_grid",
        "source_ambiti": [
          "Della Vittoria",
          "Flaminio",
          "Monte Sacro",
          "Nomentano",
          "Parioli",
          "Pinciano",
          "Trieste"
        ],
        "source_tariffs": [
          "1 euro/h"
        ],
        "source_zonas": [
          "ZONA01",
          "ZONA02",
          "ZONA03",
          "ZONA07"
        ],
        "zone_id": 100
      },
      "type": "Feature"
    },
    {
      "geometry": {
        "coordinates": [
          [
            [
              12.43598436849543,
              41.92258507533021
            ],
            [
              12.55681563150457,
              41.92258507533021
            ],
            [
              12.55681563150457,
              41.92348439693613
            ],
            [
              12.43598436849543,
              41.92348439693613
            ],
            [
              12.43598436849543,
              41.92258507533021
            ]
          ]
        ],
        "type": "Polygon"
      },
      "properties": {
        "grid_x_max_exclusive": 100,
        "grid_x_min": 0,
        "grid_y": 72,
        "nearest_distance_m_max": 2390.78,
        "rate_cents_per_m": 10,
        "source": "rome_strisce_blu_nearest_grid",
        "source_ambiti": [
          "Della Vittoria",
          "Flaminio",
          "Monte Sacro",
          "Nomentano",
          "Parioli",
          "Pinciano",
          "Trieste"
        ],
        "source_tariffs": [
          "1 euro/h"
        ],
        "source_zonas": [
          "ZONA01",
          "ZONA02",
          "ZONA03",
          "ZONA07"
        ],
        "zone_id": 100
      },
      "type": "Feature"
    },
    {
      "geometry": {
        "coordinates": [
          [
            [
              12.43598436849543,
              41.92348439693613
            ],
            [
              12.55681563150457,
              41.92348439693613
            ],
            [
              12.55681563150457,
              41.924383718542046
            ],
            [
              12.43598436849543,
              41.924383718542046
            ],
            [
              12.43598436849543,
              41.92348439693613
            ]
          ]
        ],
        "type": "Polygon"
      },
      "properties": {
        "grid_x_max_exclusive": 100,
        "grid_x_min": 0,
        "grid_y": 73,
        "nearest_distance_m_max": 2332.636,
        "rate_cents_per_m": 10,
        "source": "rome_strisce_blu_nearest_grid",
        "source_ambiti": [
          "Della Vittoria",
          "Flaminio",
          "Monte Sacro",
          "Nomentano",
          "Parioli",
          "Pinciano",
          "Trieste"
        ],
        "source_tariffs": [
          "1 euro/h"
        ],
        "source_zonas": [
          "ZONA01",
          "ZONA02",
          "ZONA03",
          "ZONA07"
        ],
        "zone_id": 100
      },
      "type": "Feature"
    },
    {
      "geometry": {
        "coordinates": [
          [
            [
              12.43598436849543,
              41.924383718542046
            ],
            [
              12.55681563150457,
              41.924383718542046
            ],
            [
              12.55681563150457,
              41.92528304014797
            ],
            [
              12.43598436849543,
              41.92528304014797
            ],
            [
              12.43598436849543,
              41.924383718542046
            ]
          ]
        ],
        "type": "Polygon"
      },
      "properties": {
        "grid_x_max_exclusive": 100,
        "grid_x_min": 0,
        "grid_y": 74,
        "nearest_distance_m_max": 2277.401,
        "rate_cents_per_m": 10,
        "source": "rome_strisce_blu_nearest_grid",
        "source_ambiti": [
          "Della Vittoria",
          "Flaminio",
          "Monte Sacro",
          "Nomentano",
          "Parioli",
          "Pinciano",
          "Trieste"
        ],
        "source_tariffs": [
          "1 euro/h"
        ],
        "source_zonas": [
          "ZONA01",
          "ZONA02",
          "ZONA03",
          "ZONA07"
        ],
        "zone_id": 100
      },
      "type": "Feature"
    },
    {
      "geometry": {
        "coordinates": [
          [
            [
              12.43598436849543,
              41.92528304014797
            ],
            [
              12.55681563150457,
              41.92528304014797
            ],
            [
              12.55681563150457,
              41.92618236175389
            ],
            [
              12.43598436849543,
              41.92618236175389
            ],
            [
              12.43598436849543,
              41.92528304014797
            ]
          ]
        ],
        "type": "Polygon"
      },
      "properties": {
        "grid_x_max_exclusive": 100,
        "grid_x_min": 0,
        "grid_y": 75,
        "nearest_distance_m_max": 2225.291,
        "rate_cents_per_m": 10,
        "source": "rome_strisce_blu_nearest_grid",
        "source_ambiti": [
          "Della Vittoria",
          "Flaminio",
          "Monte Sacro",
          "Nomentano",
          "Parioli",
          "Pinciano",
          "Trieste"
        ],
        "source_tariffs": [
          "1 euro/h"
        ],
        "source_zonas": [
          "ZONA01",
          "ZONA02",
          "ZONA03",
          "ZONA07"
        ],
        "zone_id": 100
      },
      "type": "Feature"
    },
    {
      "geometry": {
        "coordinates": [
          [
            [
              12.43598436849543,
              41.92618236175389
            ],
            [
              12.55681563150457,
              41.92618236175389
            ],
            [
              12.55681563150457,
              41.9270816833598
            ],
            [
              12.43598436849543,
              41.9270816833598
            ],
            [
              12.43598436849543,
              41.92618236175389
            ]
          ]
        ],
        "type": "Polygon"
      },
      "properties": {
        "grid_x_max_exclusive": 100,
        "grid_x_min": 0,
        "grid_y": 76,
        "nearest_distance_m_max": 2176.53,
        "rate_cents_per_m": 10,
        "source": "rome_strisce_blu_nearest_grid",
        "source_ambiti": [
          "Della Vittoria",
          "Flaminio",
          "Monte Sacro",
          "Nomentano",
          "Parioli",
          "Pinciano",
          "Trieste"
        ],
        "source_tariffs": [
          "1 euro/h"
        ],
        "source_zonas": [
          "ZONA01",
          "ZONA02",
          "ZONA07"
        ],
        "zone_id": 100
      },
      "type": "Feature"
    },
    {
      "geometry": {
        "coordinates": [
          [
            [
              12.43598436849543,
              41.9270816833598
            ],
            [
              12.55681563150457,
              41.9270816833598
            ],
            [
              12.55681563150457,
              41.92798100496572
            ],
            [
              12.43598436849543,
              41.92798100496572
            ],
            [
              12.43598436849543,
              41.9270816833598
            ]
          ]
        ],
        "type": "Polygon"
      },
      "properties": {
        "grid_x_max_exclusive": 100,
        "grid_x_min": 0,
        "grid_y": 77,
        "nearest_distance_m_max": 2131.348,
        "rate_cents_per_m": 10,
        "source": "rome_strisce_blu_nearest_grid",
        "source_ambiti": [
          "Della Vittoria",
          "Flaminio",
          "Monte Sacro",
          "Nomentano",
          "Parioli",
          "Pinciano",
          "Trieste"
        ],
        "source_tariffs": [
          "1 euro/h"
        ],
        "source_zonas": [
          "ZONA01",
          "ZONA02",
          "ZONA03",
          "ZONA07"
        ],
        "zone_id": 100
      },
      "type": "Feature"
    },
    {
      "geometry": {
        "coordinates": [
          [
            [
              12.43598436849543,
              41.92798100496572
            ],
            [
              12.55681563150457,
              41.92798100496572
            ],
            [
              12.55681563150457,
              41.928880326571644
            ],
            [
              12.43598436849543,
              41.928880326571644
            ],
            [
              12.43598436849543,
              41.92798100496572
            ]
          ]
        ],
        "type": "Polygon"
      },
      "properties": {
        "grid_x_max_exclusive": 100,
        "grid_x_min": 0,
        "grid_y": 78,
        "nearest_distance_m_max": 2089.978,
        "rate_cents_per_m": 10,
        "source": "rome_strisce_blu_nearest_grid",
        "source_ambiti": [
          "Della Vittoria",
          "Flaminio",
          "Monte Sacro",
          "Nomentano",
          "Parioli",
          "Pinciano",
          "Trieste"
        ],
        "source_tariffs": [
          "1 euro/h"
        ],
        "source_zonas": [
          "ZONA01",
          "ZONA02",
          "ZONA03",
          "ZONA07"
        ],
        "zone_id": 100
      },
      "type": "Feature"
    },
    {
      "geometry": {
        "coordinates": [
          [
            [
              12.43598436849543,
              41.928880326571644
            ],
            [
              12.462567246357441,
              41.928880326571644
            ],
            [
              12.462567246357441,
              41.92977964817756
            ],
            [
              12.43598436849543,
              41.92977964817756
            ],
            [
              12.43598436849543,
              41.928880326571644
            ]
          ]
        ],
        "type": "Polygon"
      },
      "properties": {
        "grid_x_max_exclusive": 22,
        "grid_x_min": 0,
        "grid_y": 79,
        "nearest_distance_m_max": 1688.821,
        "rate_cents_per_m": 10,
        "source": "rome_strisce_blu_nearest_grid",
        "source_ambiti": [
          "Della Vittoria",
          "Flaminio"
        ],
        "source_tariffs": [
          "1 euro/h"
        ],
        "source_zonas": [
          "ZONA01",
          "ZONA03",
          "ZONA07"
        ],
        "zone_id": 100
      },
      "type": "Feature"
    },
    {
      "geometry": {
        "coordinates": [
          [
            [
              12.462567246357441,
              41.928880326571644
            ],
            [
              12.463775558987532,
              41.928880326571644
            ],
            [
              12.463775558987532,
              41.92977964817756
            ],
            [
              12.462567246357441,
              41.92977964817756
            ],
            [
              12.462567246357441,
              41.928880326571644
            ]
          ]
        ],
        "type": "Polygon"
      },
      "properties": {
        "grid_x_max_exclusive": 23,
        "grid_x_min": 22,
        "grid_y": 79,
        "nearest_distance_m_max": 1.012,
        "rate_cents_per_m": 5,
        "source": "rome_strisce_blu_nearest_grid",
        "source_ambiti": [
          "Flaminio"
        ],
        "source_tariffs": [
          "0,50 euro/h"
        ],
        "source_zonas": [
          "ZONA17"
        ],
        "zone_id": 50
      },
      "type": "Feature"
    },
    {
      "geometry": {
        "coordinates": [
          [
            [
              12.463775558987532,
              41.928880326571644
            ],
            [
              12.472233747398171,
              41.928880326571644
            ],
            [
              12.472233747398171,
              41.92977964817756
            ],
            [
              12.463775558987532,
              41.92977964817756
            ],
            [
              12.463775558987532,
              41.928880326571644
            ]
          ]
        ],
        "type": "Polygon"
      },
      "properties": {
        "grid_x_max_exclusive": 30,
        "grid_x_min": 23,
        "grid_y": 79,
        "nearest_distance_m_max": 67.995,
        "rate_cents_per_m": 10,
        "source": "rome_strisce_blu_nearest_grid",
        "source_ambiti": [
          "Flaminio",
          "Parioli"
        ],
        "source_tariffs": [
          "1 euro/h"
        ],
        "source_zonas": [
          "ZONA07"
        ],
        "zone_id": 100
      },
      "type": "Feature"
    },
    {
      "geometry": {
        "coordinates": [
          [
            [
              12.472233747398171,
              41.928880326571644
            ],
            [
              12.473442060028264,
              41.928880326571644
            ],
            [
              12.473442060028264,
              41.92977964817756
            ],
            [
              12.472233747398171,
              41.92977964817756
            ],
            [
              12.472233747398171,
              41.928880326571644
            ]
          ]
        ],
        "type": "Polygon"
      },
      "properties": {
        "grid_x_max_exclusive": 31,
        "grid_x_min": 30,
        "grid_y": 79,
        "nearest_distance_m_max": 80.49,
        "rate_cents_per_m": 5,
        "source": "rome_strisce_blu_nearest_grid",
        "source_ambiti": [
          "Parioli"
        ],
        "source_tariffs": [
          "0,50 euro/h"
        ],
        "source_zonas": [
          "ZONA10"
        ],
        "zone_id": 50
      },
      "type": "Feature"
    },
    {
      "geometry": {
        "coordinates": [
          [
            [
              12.473442060028264,
              41.928880326571644
            ],
            [
              12.55681563150457,
              41.928880326571644
            ],
            [
              12.55681563150457,
              41.92977964817756
            ],
            [
              12.473442060028264,
              41.92977964817756
            ],
            [
              12.473442060028264,
              41.928880326571644
            ]
          ]
        ],
        "type": "Polygon"
      },
      "properties": {
        "grid_x_max_exclusive": 100,
        "grid_x_min": 31,
        "grid_y": 79,
        "nearest_distance_m_max": 2052.65,
        "rate_cents_per_m": 10,
        "source": "rome_strisce_blu_nearest_grid",
        "source_ambiti": [
          "Monte Sacro",
          "Nomentano",
          "Parioli",
          "Pinciano",
          "Trieste"
        ],
        "source_tariffs": [
          "1 euro/h"
        ],
        "source_zonas": [
          "ZONA01",
          "ZONA02"
        ],
        "zone_id": 100
      },
      "type": "Feature"
    },
    {
      "geometry": {
        "coordinates": [
          [
            [
              12.43598436849543,
              41.92977964817756
            ],
            [
              12.462567246357441,
              41.92977964817756
            ],
            [
              12.462567246357441,
              41.93067896978348
            ],
            [
              12.43598436849543,
              41.93067896978348
            ],
            [
              12.43598436849543,
              41.92977964817756
            ]
          ]
        ],
        "type": "Polygon"
      },
      "properties": {
        "grid_x_max_exclusive": 22,
        "grid_x_min": 0,
        "grid_y": 80,
        "nearest_distance_m_max": 1753.234,
        "rate_cents_per_m": 10,
        "source": "rome_strisce_blu_nearest_grid",
        "source_ambiti": [
          "Della Vittoria",
          "Flaminio"
        ],
        "source_tariffs": [
          "1 euro/h"
        ],
        "source_zonas": [
          "ZONA01",
          "ZONA03"
        ],
        "zone_id": 100
      },
      "type": "Feature"
    },
    {
      "geometry": {
        "coordinates": [
          [
            [
              12.462567246357441,
              41.92977964817756
            ],
            [
              12.463775558987532,
              41.92977964817756
            ],
            [
              12.463775558987532,
              41.93067896978348
            ],
            [
              12.462567246357441,
              41.93067896978348
            ],
            [
              12.462567246357441,
              41.92977964817756
            ]
          ]
        ],
        "type": "Polygon"
      },
      "properties": {
        "grid_x_max_exclusive": 23,
        "grid_x_min": 22,
        "grid_y": 80,
        "nearest_distance_m_max": 32.904,
        "rate_cents_per_m": 5,
        "source": "rome_strisce_blu_nearest_grid",
        "source_ambiti": [
          "Flaminio"
        ],
        "source_tariffs": [
          "0,50 euro/h"
        ],
        "source_zonas": [
          "ZONA17"
        ],
        "zone_id": 50
      },
      "type": "Feature"
    },
    {
      "geometry": {
        "coordinates": [
          [
            [
              12.463775558987532,
              41.92977964817756
            ],
            [
              12.55681563150457,
              41.92977964817756
            ],
            [
              12.55681563150457,
              41.93067896978348
            ],
            [
              12.463775558987532,
              41.93067896978348
            ],
            [
              12.463775558987532,
              41.92977964817756
            ]
          ]
        ],
        "type": "Polygon"
      },
      "properties": {
        "grid_x_max_exclusive": 100,
        "grid_x_min": 23,
        "grid_y": 80,
        "nearest_distance_m_max": 2019.589,
        "rate_cents_per_m": 10,
        "source": "rome_strisce_blu_nearest_grid",
        "source_ambiti": [
          "Flaminio",
          "Monte Sacro",
          "Parioli",
          "Pinciano",
          "Trieste"
        ],
        "source_tariffs": [
          "1 euro/h"
        ],
        "source_zonas": [
          "ZONA01",
          "ZONA02",
          "ZONA07"
        ],
        "zone_id": 100
      },
      "type": "Feature"
    },
    {
      "geometry": {
        "coordinates": [
          [
            [
              12.43598436849543,
              41.93067896978348
            ],
            [
              12.461358933727348,
              41.93067896978348
            ],
            [
              12.461358933727348,
              41.9315782913894
            ],
            [
              12.43598436849543,
              41.9315782913894
            ],
            [
              12.43598436849543,
              41.93067896978348
            ]
          ]
        ],
        "type": "Polygon"
      },
      "properties": {
        "grid_x_max_exclusive": 21,
        "grid_x_min": 0,
        "grid_y": 81,
        "nearest_distance_m_max": 1787.316,
        "rate_cents_per_m": 10,
        "source": "rome_strisce_blu_nearest_grid",
        "source_ambiti": [
          "Della Vittoria",
          "Flaminio"
        ],
        "source_tariffs": [
          "1 euro/h"
        ],
        "source_zonas": [
          "ZONA01",
          "ZONA03"
        ],
        "zone_id": 100
      },
      "type": "Feature"
    },
    {
      "geometry": {
        "coordinates": [
          [
            [
              12.461358933727348,
              41.93067896978348
            ],
            [
              12.463775558987532,
              41.93067896978348
            ],
            [
              12.463775558987532,
              41.9315782913894
            ],
            [
              12.461358933727348,
              41.9315782913894
            ],
            [
              12.461358933727348,
              41.93067896978348
            ]
          ]
        ],
        "type": "Polygon"
      },
      "properties": {
        "grid_x_max_exclusive": 23,
        "grid_x_min": 21,
        "grid_y": 81,
        "nearest_distance_m_max": 45.982,
        "rate_cents_per_m": 5,
        "source": "rome_strisce_blu_nearest_grid",
        "source_ambiti": [
          "Flaminio"
        ],
        "source_tariffs": [
          "0,50 euro/h"
        ],
        "source_zonas": [
          "ZONA13"
        ],
        "zone_id": 50
      },
      "type": "Feature"
    },
    {
      "geometry": {
        "coordinates": [
          [
            [
              12.463775558987532,
              41.93067896978348
            ],
            [
              12.55681563150457,
              41.93067896978348
            ],
            [
              12.55681563150457,
              41.9315782913894
            ],
            [
              12.463775558987532,
              41.9315782913894
            ],
            [
              12.463775558987532,
              41.93067896978348
            ]
          ]
        ],
        "type": "Polygon"
      },
      "properties": {
        "grid_x_max_exclusive": 100,
        "grid_x_min": 23,
        "grid_y": 81,
        "nearest_distance_m_max": 1991.005,
        "rate_cents_per_m": 10,
        "source": "rome_strisce_blu_nearest_grid",
        "source_ambiti": [
          "Flaminio",
          "Monte Sacro",
          "Parioli",
          "Pinciano",
          "Trieste"
        ],
        "source_tariffs": [
          "1 euro/h"
        ],
        "source_zonas": [
          "ZONA01",
          "ZONA02",
          "ZONA07"
        ],
        "zone_id": 100
      },
      "type": "Feature"
    },
    {
      "geometry": {
        "coordinates": [
          [
            [
              12.43598436849543,
              41.9315782913894
            ],
            [
              12.458942308467167,
              41.9315782913894
            ],
            [
              12.458942308467167,
              41.93247761299532
            ],
            [
              12.43598436849543,
              41.93247761299532
            ],
            [
              12.43598436849543,
              41.9315782913894
            ]
          ]
        ],
        "type": "Polygon"
      },
      "properties": {
        "grid_x_max_exclusive": 19,
        "grid_x_min": 0,
        "grid_y": 82,
        "nearest_distance_m_max": 1823.296,
        "rate_cents_per_m": 10,
        "source": "rome_strisce_blu_nearest_grid",
        "source_ambiti": [
          "Della Vittoria",
          "Flaminio"
        ],
        "source_tariffs": [
          "1 euro/h"
        ],
        "source_zonas": [
          "ZONA01",
          "ZONA03"
        ],
        "zone_id": 100
      },
      "type": "Feature"
    },
    {
      "geometry": {
        "coordinates": [
          [
            [
              12.458942308467167,
              41.9315782913894
            ],
            [
              12.463775558987532,
              41.9315782913894
            ],
            [
              12.463775558987532,
              41.93247761299532
            ],
            [
              12.458942308467167,
              41.93247761299532
            ],
            [
              12.458942308467167,
              41.9315782913894
            ]
          ]
        ],
        "type": "Polygon"
      },
      "properties": {
        "grid_x_max_exclusive": 23,
        "grid_x_min": 19,
        "grid_y": 82,
        "nearest_distance_m_max": 269.519,
        "rate_cents_per_m": 5,
        "source": "rome_strisce_blu_nearest_grid",
        "source_ambiti": [
          "Flaminio"
        ],
        "source_tariffs": [
          "0,50 euro/h"
        ],
        "source_zonas": [
          "ZONA13"
        ],
        "zone_id": 50
      },
      "type": "Feature"
    },
    {
      "geometry": {
        "coordinates": [
          [
            [
              12.463775558987532,
              41.9315782913894
            ],
            [
              12.46981712213799,
              41.9315782913894
            ],
            [
              12.46981712213799,
              41.93247761299532
            ],
            [
              12.463775558987532,
              41.93247761299532
            ],
            [
              12.463775558987532,
              41.9315782913894
            ]
          ]
        ],
        "type": "Polygon"
      },
      "properties": {
        "grid_x_max_exclusive": 28,
        "grid_x_min": 23,
        "grid_y": 82,
        "nearest_distance_m_max": 29.048,
        "rate_cents_per_m": 10,
        "source": "rome_strisce_blu_nearest_grid",
        "source_ambiti": [
          "Flaminio",
          "Parioli"
        ],
        "source_tariffs": [
          "1 euro/h"
        ],
        "source_zonas": [
          "ZONA01",
          "ZONA07"
        ],
        "zone_id": 100
      },
      "type": "Feature"
    },
    {
      "geometry": {
        "coordinates": [
          [
            [
              12.46981712213799,
              41.9315782913894
            ],
            [
              12.47102543476808,
              41.9315782913894
            ],
            [
              12.47102543476808,
              41.93247761299532
            ],
            [
              12.46981712213799,
              41.93247761299532
            ],
            [
              12.46981712213799,
              41.9315782913894
            ]
          ]
        ],
        "type": "Polygon"
      },
      "properties": {
        "grid_x_max_exclusive": 29,
        "grid_x_min": 28,
        "grid_y": 82,
        "nearest_distance_m_max": 7.811,
        "rate_cents_per_m": 5,
        "source": "rome_strisce_blu_nearest_grid",
        "source_ambiti": [
          "Parioli"
        ],
        "source_tariffs": [
          "0,50 euro/h"
        ],
        "source_zonas": [
          "ZONA10"
        ],
        "zone_id": 50
      },
      "type": "Feature"
    },
    {
      "geometry": {
        "coordinates": [
          [
            [
              12.47102543476808,
              41.9315782913894
            ],
            [
              12.55681563150457,
              41.9315782913894
            ],
            [
              12.55681563150457,
              41.93247761299532
            ],
            [
              12.47102543476808,
              41.93247761299532
            ],
            [
              12.47102543476808,
              41.9315782913894
            ]
          ]
        ],
        "type": "Polygon"
      },
      "properties": {
        "grid_x_max_exclusive": 100,
        "grid_x_min": 29,
        "grid_y": 82,
        "nearest_distance_m_max": 1967.096,
        "rate_cents_per_m": 10,
        "source": "rome_strisce_blu_nearest_grid",
        "source_ambiti": [
          "Monte Sacro",
          "Parioli",
          "Trieste"
        ],
        "source_tariffs": [
          "1 euro/h"
        ],
        "source_zonas": [
          "ZONA01",
          "ZONA02"
        ],
        "zone_id": 100
      },
      "type": "Feature"
    },
    {
      "geometry": {
        "coordinates": [
          [
            [
              12.43598436849543,
              41.93247761299532
            ],
            [
              12.456525683206984,
              41.93247761299532
            ],
            [
              12.456525683206984,
              41.933376934601235
            ],
            [
              12.43598436849543,
              41.933376934601235
            ],
            [
              12.43598436849543,
              41.93247761299532
            ]
          ]
        ],
        "type": "Polygon"
      },
      "properties": {
        "grid_x_max_exclusive": 17,
        "grid_x_min": 0,
        "grid_y": 83,
        "nearest_distance_m_max": 1863.954,
        "rate_cents_per_m": 10,
        "source": "rome_strisce_blu_nearest_grid",
        "source_ambiti": [
          "Della Vittoria",
          "Flaminio"
        ],
        "source_tariffs": [
          "1 euro/h"
        ],
        "source_zonas": [
          "ZONA01",
          "ZONA03"
        ],
        "zone_id": 100
      },
      "type": "Feature"
    },
    {
      "geometry": {
        "coordinates": [
          [
            [
              12.456525683206984,
              41.93247761299532
            ],
            [
              12.461358933727348,
              41.93247761299532
            ],
            [
              12.461358933727348,
              41.933376934601235
            ],
            [
              12.456525683206984,
              41.933376934601235
            ],
            [
              12.456525683206984,
              41.93247761299532
            ]
          ]
        ],
        "type": "Polygon"
      },
      "properties": {
        "grid_x_max_exclusive": 21,
        "grid_x_min": 17,
        "grid_y": 83,
        "nearest_distance_m_max": 493.056,
        "rate_cents_per_m": 5,
        "source": "rome_strisce_blu_nearest_grid",
        "source_ambiti": [
          "Flaminio"
        ],
        "source_tariffs": [
          "0,50 euro/h"
        ],
        "source_zonas": [
          "ZONA13"
        ],
        "zone_id": 50
      },
      "type": "Feature"
    },
    {
      "geometry": {
        "coordinates": [
          [
            [
              12.461358933727348,
              41.93247761299532
            ],
            [
              12.55681563150457,
              41.93247761299532
            ],
            [
              12.55681563150457,
              41.933376934601235
            ],
            [
              12.461358933727348,
              41.933376934601235
            ],
            [
              12.461358933727348,
              41.93247761299532
            ]
          ]
        ],
        "type": "Polygon"
      },
      "properties": {
        "grid_x_max_exclusive": 100,
        "grid_x_min": 21,
        "grid_y": 83,
        "nearest_distance_m_max": 1948.032,
        "rate_cents_per_m": 10,
        "source": "rome_strisce_blu_nearest_grid",
        "source_ambiti": [
          "Flaminio",
          "Monte Sacro",
          "Parioli",
          "Trieste"
        ],
        "source_tariffs": [
          "1 euro/h"
        ],
        "source_zonas": [
          "ZONA01",
          "ZONA02",
          "ZONA03",
          "ZONA07"
        ],
        "zone_id": 100
      },
      "type": "Feature"
    },
    {
      "geometry": {
        "coordinates": [
          [
            [
              12.43598436849543,
              41.933376934601235
            ],
            [
              12.4541090579468,
              41.933376934601235
            ],
            [
              12.4541090579468,
              41.934276256207156
            ],
            [
              12.43598436849543,
              41.934276256207156
            ],
            [
              12.43598436849543,
              41.933376934601235
            ]
          ]
        ],
        "type": "Polygon"
      },
      "properties": {
        "grid_x_max_exclusive": 15,
        "grid_x_min": 0,
        "grid_y": 84,
        "nearest_distance_m_max": 1908.988,
        "rate_cents_per_m": 10,
        "source": "rome_strisce_blu_nearest_grid",
        "source_ambiti": [
          "Della Vittoria",
          "Flaminio"
        ],
        "source_tariffs": [
          "1 euro/h"
        ],
        "source_zonas": [
          "ZONA01",
          "ZONA03"
        ],
        "zone_id": 100
      },
      "type": "Feature"
    },
    {
      "geometry": {
        "coordinates": [
          [
            [
              12.4541090579468,
              41.933376934601235
            ],
            [
              12.460150621097258,
              41.933376934601235
            ],
            [
              12.460150621097258,
              41.934276256207156
            ],
            [
              12.4541090579468,
              41.934276256207156
            ],
            [
              12.4541090579468,
              41.933376934601235
            ]
          ]
        ],
        "type": "Polygon"
      },
      "properties": {
        "grid_x_max_exclusive": 20,
        "grid_x_min": 15,
        "grid_y": 84,
        "nearest_distance_m_max": 716.593,
        "rate_cents_per_m": 5,
        "source": "rome_strisce_blu_nearest_grid",
        "source_ambiti": [
          "Flaminio"
        ],
        "source_tariffs": [
          "0,50 euro/h"
        ],
        "source_zonas": [
          "ZONA13"
        ],
        "zone_id": 50
      },
      "type": "Feature"
    },
    {
      "geometry": {
        "coordinates": [
          [
            [
              12.460150621097258,
              41.933376934601235
            ],
            [
              12.55681563150457,
              41.933376934601235
            ],
            [
              12.55681563150457,
              41.934276256207156
            ],
            [
              12.460150621097258,
              41.934276256207156
            ],
            [
              12.460150621097258,
              41.933376934601235
            ]
          ]
        ],
        "type": "Polygon"
      },
      "properties": {
        "grid_x_max_exclusive": 100,
        "grid_x_min": 20,
        "grid_y": 84,
        "nearest_distance_m_max": 1933.958,
        "rate_cents_per_m": 10,
        "source": "rome_strisce_blu_nearest_grid",
        "source_ambiti": [
          "Flaminio",
          "Monte Sacro",
          "Parioli",
          "Trieste"
        ],
        "source_tariffs": [
          "1 euro/h"
        ],
        "source_zonas": [
          "ZONA01",
          "ZONA02",
          "ZONA03",
          "ZONA07"
        ],
        "zone_id": 100
      },
      "type": "Feature"
    },
    {
      "geometry": {
        "coordinates": [
          [
            [
              12.43598436849543,
              41.934276256207156
            ],
            [
              12.451692432686619,
              41.934276256207156
            ],
            [
              12.451692432686619,
              41.93517557781308
            ],
            [
              12.43598436849543,
              41.93517557781308
            ],
            [
              12.43598436849543,
              41.934276256207156
            ]
          ]
        ],
        "type": "Polygon"
      },
      "properties": {
        "grid_x_max_exclusive": 13,
        "grid_x_min": 0,
        "grid_y": 85,
        "nearest_distance_m_max": 1958.098,
        "rate_cents_per_m": 10,
        "source": "rome_strisce_blu_nearest_grid",
        "source_ambiti": [
          "Della Vittoria",
          "Flaminio"
        ],
        "source_tariffs": [
          "1 euro/h"
        ],
        "source_zonas": [
          "ZONA01",
          "ZONA03"
        ],
        "zone_id": 100
      },
      "type": "Feature"
    },
    {
      "geometry": {
        "coordinates": [
          [
            [
              12.451692432686619,
              41.934276256207156
            ],
            [
              12.457733995837074,
              41.934276256207156
            ],
            [
              12.457733995837074,
              41.93517557781308
            ],
            [
              12.451692432686619,
              41.93517557781308
            ],
            [
              12.451692432686619,
              41.934276256207156
            ]
          ]
        ],
        "type": "Polygon"
      },
      "properties": {
        "grid_x_max_exclusive": 18,
        "grid_x_min": 13,
        "grid_y": 85,
        "nearest_distance_m_max": 940.13,
        "rate_cents_per_m": 5,
        "source": "rome_strisce_blu_nearest_grid",
        "source_ambiti": [
          "Flaminio"
        ],
        "source_tariffs": [
          "0,50 euro/h"
        ],
        "source_zonas": [
          "ZONA13"
        ],
        "zone_id": 50
      },
      "type": "Feature"
    },
    {
      "geometry": {
        "coordinates": [
          [
            [
              12.457733995837074,
              41.934276256207156
            ],
            [
              12.55681563150457,
              41.934276256207156
            ],
            [
              12.55681563150457,
              41.93517557781308
            ],
            [
              12.457733995837074,
              41.93517557781308
            ],
            [
              12.457733995837074,
              41.934276256207156
            ]
          ]
        ],
        "type": "Polygon"
      },
      "properties": {
        "grid_x_max_exclusive": 100,
        "grid_x_min": 18,
        "grid_y": 85,
        "nearest_distance_m_max": 1924.982,
        "rate_cents_per_m": 10,
        "source": "rome_strisce_blu_nearest_grid",
        "source_ambiti": [
          "Flaminio",
          "Monte Sacro",
          "Parioli",
          "Trieste"
        ],
        "source_tariffs": [
          "1 euro/h"
        ],
        "source_zonas": [
          "ZONA01",
          "ZONA02",
          "ZONA03"
        ],
        "zone_id": 100
      },
      "type": "Feature"
    },
    {
      "geometry": {
        "coordinates": [
          [
            [
              12.43598436849543,
              41.93517557781308
            ],
            [
              12.449275807426435,
              41.93517557781308
            ],
            [
              12.449275807426435,
              41.93607489941899
            ],
            [
              12.43598436849543,
              41.93607489941899
            ],
            [
              12.43598436849543,
              41.93517557781308
            ]
          ]
        ],
        "type": "Polygon"
      },
      "properties": {
        "grid_x_max_exclusive": 11,
        "grid_x_min": 0,
        "grid_y": 86,
        "nearest_distance_m_max": 2010.985,
        "rate_cents_per_m": 10,
        "source": "rome_strisce_blu_nearest_grid",
        "source_ambiti": [
          "Della Vittoria",
          "Flaminio"
        ],
        "source_tariffs": [
          "1 euro/h"
        ],
        "source_zonas": [
          "ZONA01",
          "ZONA03"
        ],
        "zone_id": 100
      },
      "type": "Feature"
    },
    {
      "geometry": {
        "coordinates": [
          [
            [
              12.449275807426435,
              41.93517557781308
            ],
            [
              12.456525683206984,
              41.93517557781308
            ],
            [
              12.456525683206984,
              41.93607489941899
            ],
            [
              12.449275807426435,
              41.93607489941899
            ],
            [
              12.449275807426435,
              41.93517557781308
            ]
          ]
        ],
        "type": "Polygon"
      },
      "properties": {
        "grid_x_max_exclusive": 17,
        "grid_x_min": 11,
        "grid_y": 86,
        "nearest_distance_m_max": 1163.668,
        "rate_cents_per_m": 5,
        "source": "rome_strisce_blu_nearest_grid",
        "source_ambiti": [
          "Flaminio"
        ],
        "source_tariffs": [
          "0,50 euro/h"
        ],
        "source_zonas": [
          "ZONA13"
        ],
        "zone_id": 50
      },
      "type": "Feature"
    },
    {
      "geometry": {
        "coordinates": [
          [
            [
              12.456525683206984,
              41.93517557781308
            ],
            [
              12.55681563150457,
              41.93517557781308
            ],
            [
              12.55681563150457,
              41.93607489941899
            ],
            [
              12.456525683206984,
              41.93607489941899
            ],
            [
              12.456525683206984,
              41.93517557781308
            ]
          ]
        ],
        "type": "Polygon"
      },
      "properties": {
        "grid_x_max_exclusive": 100,
        "grid_x_min": 17,
        "grid_y": 86,
        "nearest_distance_m_max": 1921.177,
        "rate_cents_per_m": 10,
        "source": "rome_strisce_blu_nearest_grid",
        "source_ambiti": [
          "Flaminio",
          "Monte Sacro",
          "Parioli",
          "Trieste"
        ],
        "source_tariffs": [
          "1 euro/h"
        ],
        "source_zonas": [
          "ZONA01",
          "ZONA02",
          "ZONA03"
        ],
        "zone_id": 100
      },
      "type": "Feature"
    },
    {
      "geometry": {
        "coordinates": [
          [
            [
              12.43598436849543,
              41.93607489941899
            ],
            [
              12.448067494796344,
              41.93607489941899
            ],
            [
              12.448067494796344,
              41.93697422102491
            ],
            [
              12.43598436849543,
              41.93697422102491
            ],
            [
              12.43598436849543,
              41.93607489941899
            ]
          ]
        ],
        "type": "Polygon"
      },
      "properties": {
        "grid_x_max_exclusive": 10,
        "grid_x_min": 0,
        "grid_y": 87,
        "nearest_distance_m_max": 2067.36,
        "rate_cents_per_m": 10,
        "source": "rome_strisce_blu_nearest_grid",
        "source_ambiti": [
          "Della Vittoria"
        ],
        "source_tariffs": [
          "1 euro/h"
        ],
        "source_zonas": [
          "ZONA01"
        ],
        "zone_id": 100
      },
      "type": "Feature"
    },
    {
      "geometry": {
        "coordinates": [
          [
            [
              12.448067494796344,
              41.93607489941899
            ],
            [
              12.455317370576893,
              41.93607489941899
            ],
            [
              12.455317370576893,
              41.93697422102491
            ],
            [
              12.448067494796344,
              41.93697422102491
            ],
            [
              12.448067494796344,
              41.93607489941899
            ]
          ]
        ],
        "type": "Polygon"
      },
      "properties": {
        "grid_x_max_exclusive": 16,
        "grid_x_min": 10,
        "grid_y": 87,
        "nearest_distance_m_max": 1296.967,
        "rate_cents_per_m": 5,
        "source": "rome_strisce_blu_nearest_grid",
        "source_ambiti": [
          "Flaminio"
        ],
        "source_tariffs": [
          "0,50 euro/h"
        ],
        "source_zonas": [
          "ZONA13"
        ],
        "zone_id": 50
      },
      "type": "Feature"
    },
    {
      "geometry": {
        "coordinates": [
          [
            [
              12.455317370576893,
              41.93607489941899
            ],
            [
              12.55681563150457,
              41.93607489941899
            ],
            [
              12.55681563150457,
              41.93697422102491
            ],
            [
              12.455317370576893,
              41.93697422102491
            ],
            [
              12.455317370576893,
              41.93607489941899
            ]
          ]
        ],
        "type": "Polygon"
      },
      "properties": {
        "grid_x_max_exclusive": 100,
        "grid_x_min": 16,
        "grid_y": 87,
        "nearest_distance_m_max": 1922.572,
        "rate_cents_per_m": 10,
        "source": "rome_strisce_blu_nearest_grid",
        "source_ambiti": [
          "Flaminio",
          "Monte Sacro",
          "Parioli",
          "Trieste"
        ],
        "source_tariffs": [
          "1 euro/h"
        ],
        "source_zonas": [
          "ZONA01",
          "ZONA02",
          "ZONA03"
        ],
        "zone_id": 100
      },
      "type": "Feature"
    },
    {
      "geometry": {
        "coordinates": [
          [
            [
              12.43598436849543,
              41.93697422102491
            ],
            [
              12.448067494796344,
              41.93697422102491
            ],
            [
              12.448067494796344,
              41.93787354263083
            ],
            [
              12.43598436849543,
              41.93787354263083
            ],
            [
              12.43598436849543,
              41.93697422102491
            ]
          ]
        ],
        "type": "Polygon"
      },
      "properties": {
        "grid_x_max_exclusive": 10,
        "grid_x_min": 0,
        "grid_y": 88,
        "nearest_distance_m_max": 2126.943,
        "rate_cents_per_m": 10,
        "source": "rome_strisce_blu_nearest_grid",
        "source_ambiti": [
          "Della Vittoria"
        ],
        "source_tariffs": [
          "1 euro/h"
        ],
        "source_zonas": [
          "ZONA01"
        ],
        "zone_id": 100
      },
      "type": "Feature"
    },
    {
      "geometry": {
        "coordinates": [
          [
            [
              12.448067494796344,
              41.93697422102491
            ],
            [
              12.45290074531671,
              41.93697422102491
            ],
            [
              12.45290074531671,
              41.93787354263083
            ],
            [
              12.448067494796344,
              41.93787354263083
            ],
            [
              12.448067494796344,
              41.93697422102491
            ]
          ]
        ],
        "type": "Polygon"
      },
      "properties": {
        "grid_x_max_exclusive": 14,
        "grid_x_min": 10,
        "grid_y": 88,
        "nearest_distance_m_max": 1343.409,
        "rate_cents_per_m": 5,
        "source": "rome_strisce_blu_nearest_grid",
        "source_ambiti": [
          "Flaminio"
        ],
        "source_tariffs": [
          "0,50 euro/h"
        ],
        "source_zonas": [
          "ZONA13"
        ],
        "zone_id": 50
      },
      "type": "Feature"
    },
    {
      "geometry": {
        "coordinates": [
          [
            [
              12.45290074531671,
              41.93697422102491
            ],
            [
              12.55681563150457,
              41.93697422102491
            ],
            [
              12.55681563150457,
              41.93787354263083
            ],
            [
              12.45290074531671,
              41.93787354263083
            ],
            [
              12.45290074531671,
              41.93697422102491
            ]
          ]
        ],
        "type": "Polygon"
      },
      "properties": {
        "grid_x_max_exclusive": 100,
        "grid_x_min": 14,
        "grid_y": 88,
        "nearest_distance_m_max": 1929.158,
        "rate_cents_per_m": 10,
        "source": "rome_strisce_blu_nearest_grid",
        "source_ambiti": [
          "Flaminio",
          "Monte Sacro",
          "Parioli",
          "Trieste"
        ],
        "source_tariffs": [
          "1 euro/h"
        ],
        "source_zonas": [
          "ZONA01",
          "ZONA03"
        ],
        "zone_id": 100
      },
      "type": "Feature"
    },
    {
      "geometry": {
        "coordinates": [
          [
            [
              12.43598436849543,
              41.93787354263083
            ],
            [
              12.448067494796344,
              41.93787354263083
            ],
            [
              12.448067494796344,
              41.938772864236746
            ],
            [
              12.43598436849543,
              41.938772864236746
            ],
            [
              12.43598436849543,
              41.93787354263083
            ]
          ]
        ],
        "type": "Polygon"
      },
      "properties": {
        "grid_x_max_exclusive": 10,
        "grid_x_min": 0,
        "grid_y": 89,
        "nearest_distance_m_max": 2189.475,
        "rate_cents_per_m": 10,
        "source": "rome_strisce_blu_nearest_grid",
        "source_ambiti": [
          "Della Vittoria"
        ],
        "source_tariffs": [
          "1 euro/h"
        ],
        "source_zonas": [
          "ZONA01"
        ],
        "zone_id": 100
      },
      "type": "Feature"
    },
    {
      "geometry": {
        "coordinates": [
          [
            [
              12.448067494796344,
              41.93787354263083
            ],
            [
              12.451692432686619,
              41.93787354263083
            ],
            [
              12.451692432686619,
              41.938772864236746
            ],
            [
              12.448067494796344,
              41.938772864236746
            ],
            [
              12.448067494796344,
              41.93787354263083
            ]
          ]
        ],
        "type": "Polygon"
      },
      "properties": {
        "grid_x_max_exclusive": 13,
        "grid_x_min": 10,
        "grid_y": 89,
        "nearest_distance_m_max": 1395.379,
        "rate_cents_per_m": 5,
        "source": "rome_strisce_blu_nearest_grid",
        "source_ambiti": [
          "Flaminio"
        ],
        "source_tariffs": [
          "0,50 euro/h"
        ],
        "source_zonas": [
          "ZONA13"
        ],
        "zone_id": 50
      },
      "type": "Feature"
    },
    {
      "geometry": {
        "coordinates": [
          [
            [
              12.451692432686619,
              41.93787354263083
            ],
            [
              12.55681563150457,
              41.93787354263083
            ],
            [
              12.55681563150457,
              41.938772864236746
            ],
            [
              12.451692432686619,
              41.938772864236746
            ],
            [
              12.451692432686619,
              41.93787354263083
            ]
          ]
        ],
        "type": "Polygon"
      },
      "properties": {
        "grid_x_max_exclusive": 100,
        "grid_x_min": 13,
        "grid_y": 89,
        "nearest_distance_m_max": 1940.879,
        "rate_cents_per_m": 10,
        "source": "rome_strisce_blu_nearest_grid",
        "source_ambiti": [
          "Flaminio",
          "Monte Sacro",
          "Parioli",
          "Trieste"
        ],
        "source_tariffs": [
          "1 euro/h"
        ],
        "source_zonas": [
          "ZONA01",
          "ZONA03"
        ],
        "zone_id": 100
      },
      "type": "Feature"
    },
    {
      "geometry": {
        "coordinates": [
          [
            [
              12.43598436849543,
              41.938772864236746
            ],
            [
              12.442025931645887,
              41.938772864236746
            ],
            [
              12.442025931645887,
              41.93967218584267
            ],
            [
              12.43598436849543,
              41.93967218584267
            ],
            [
              12.43598436849543,
              41.938772864236746
            ]
          ]
        ],
        "type": "Polygon"
      },
      "properties": {
        "grid_x_max_exclusive": 5,
        "grid_x_min": 0,
        "grid_y": 90,
        "nearest_distance_m_max": 2254.709,
        "rate_cents_per_m": 10,
        "source": "rome_strisce_blu_nearest_grid",
        "source_ambiti": [
          "Della Vittoria"
        ],
        "source_tariffs": [
          "1 euro/h"
        ],
        "source_zonas": [
          "ZONA01"
        ],
        "zone_id": 100
      },
      "type": "Feature"
    },
    {
      "geometry": {
        "coordinates": [
          [
            [
              12.442025931645887,
              41.938772864236746
            ],
            [
              12.450484120056526,
              41.938772864236746
            ],
            [
              12.450484120056526,
              41.93967218584267
            ],
            [
              12.442025931645887,
              41.93967218584267
            ],
            [
              12.442025931645887,
              41.938772864236746
            ]
          ]
        ],
        "type": "Polygon"
      },
      "properties": {
        "grid_x_max_exclusive": 12,
        "grid_x_min": 5,
        "grid_y": 90,
        "nearest_distance_m_max": 1878.386,
        "rate_cents_per_m": 5,
        "source": "rome_strisce_blu_nearest_grid",
        "source_ambiti": [
          "Flaminio"
        ],
        "source_tariffs": [
          "0,50 euro/h"
        ],
        "source_zonas": [
          "ZONA13"
        ],
        "zone_id": 50
      },
      "type": "Feature"
    },
    {
      "geometry": {
        "coordinates": [
          [
            [
              12.450484120056526,
              41.938772864236746
            ],
            [
              12.55681563150457,
              41.938772864236746
            ],
            [
              12.55681563150457,
              41.93967218584267
            ],
            [
              12.450484120056526,
              41.93967218584267
            ],
            [
              12.450484120056526,
              41.938772864236746
            ]
          ]
        ],
        "type": "Polygon"
      },
      "properties": {
        "grid_x_max_exclusive": 100,
        "grid_x_min": 12,
        "grid_y": 90,
        "nearest_distance_m_max": 1957.646,
        "rate_cents_per_m": 10,
        "source": "rome_strisce_blu_nearest_grid",
        "source_ambiti": [
          "Flaminio",
          "Monte Sacro",
          "Parioli",
          "Trieste"
        ],
        "source_tariffs": [
          "1 euro/h"
        ],
        "source_zonas": [
          "ZONA01",
          "ZONA03"
        ],
        "zone_id": 100
      },
      "type": "Feature"
    },
    {
      "geometry": {
        "coordinates": [
          [
            [
              12.43598436849543,
              41.93967218584267
            ],
            [
              12.442025931645887,
              41.93967218584267
            ],
            [
              12.442025931645887,
              41.94057150744859
            ],
            [
              12.43598436849543,
              41.94057150744859
            ],
            [
              12.43598436849543,
              41.93967218584267
            ]
          ]
        ],
        "type": "Polygon"
      },
      "properties": {
        "grid_x_max_exclusive": 5,
        "grid_x_min": 0,
        "grid_y": 91,
        "nearest_distance_m_max": 2322.419,
        "rate_cents_per_m": 10,
        "source": "rome_strisce_blu_nearest_grid",
        "source_ambiti": [
          "Della Vittoria"
        ],
        "source_tariffs": [
          "1 euro/h"
        ],
        "source_zonas": [
          "ZONA01"
        ],
        "zone_id": 100
      },
      "type": "Feature"
    },
    {
      "geometry": {
        "coordinates": [
          [
            [
              12.442025931645887,
              41.93967218584267
            ],
            [
              12.448067494796344,
              41.93967218584267
            ],
            [
              12.448067494796344,
              41.94057150744859
            ],
            [
              12.442025931645887,
              41.94057150744859
            ],
            [
              12.442025931645887,
              41.93967218584267
            ]
          ]
        ],
        "type": "Polygon"
      },
      "properties": {
        "grid_x_max_exclusive": 10,
        "grid_x_min": 5,
        "grid_y": 91,
        "nearest_distance_m_max": 1926.385,
        "rate_cents_per_m": 5,
        "source": "rome_strisce_blu_nearest_grid",
        "source_ambiti": [
          "Flaminio"
        ],
        "source_tariffs": [
          "0,50 euro/h"
        ],
        "source_zonas": [
          "ZONA13"
        ],
        "zone_id": 50
      },
      "type": "Feature"
    },
    {
      "geometry": {
        "coordinates": [
          [
            [
              12.448067494796344,
              41.93967218584267
            ],
            [
              12.55681563150457,
              41.93967218584267
            ],
            [
              12.55681563150457,
              41.94057150744859
            ],
            [
              12.448067494796344,
              41.94057150744859
            ],
            [
              12.448067494796344,
              41.93967218584267
            ]
          ]
        ],
        "type": "Polygon"
      },
      "properties": {
        "grid_x_max_exclusive": 100,
        "grid_x_min": 10,
        "grid_y": 91,
        "nearest_distance_m_max": 1979.328,
        "rate_cents_per_m": 10,
        "source": "rome_strisce_blu_nearest_grid",
        "source_ambiti": [
          "Flaminio",
          "Monte Sacro",
          "Parioli",
          "Trieste"
        ],
        "source_tariffs": [
          "1 euro/h"
        ],
        "source_zonas": [
          "ZONA01",
          "ZONA03"
        ],
        "zone_id": 100
      },
      "type": "Feature"
    },
    {
      "geometry": {
        "coordinates": [
          [
            [
              12.43598436849543,
              41.94057150744859
            ],
            [
              12.442025931645887,
              41.94057150744859
            ],
            [
              12.442025931645887,
              41.9414708290545
            ],
            [
              12.43598436849543,
              41.9414708290545
            ],
            [
              12.43598436849543,
              41.94057150744859
            ]
          ]
        ],
        "type": "Polygon"
      },
      "properties": {
        "grid_x_max_exclusive": 5,
        "grid_x_min": 0,
        "grid_y": 92,
        "nearest_distance_m_max": 2392.392,
        "rate_cents_per_m": 10,
        "source": "rome_strisce_blu_nearest_grid",
        "source_ambiti": [
          "Della Vittoria"
        ],
        "source_tariffs": [
          "1 euro/h"
        ],
        "source_zonas": [
          "ZONA01"
        ],
        "zone_id": 100
      },
      "type": "Feature"
    },
    {
      "geometry": {
        "coordinates": [
          [
            [
              12.442025931645887,
              41.94057150744859
            ],
            [
              12.446859182166252,
              41.94057150744859
            ],
            [
              12.446859182166252,
              41.9414708290545
            ],
            [
              12.442025931645887,
              41.9414708290545
            ],
            [
              12.442025931645887,
              41.94057150744859
            ]
          ]
        ],
        "type": "Polygon"
      },
      "properties": {
        "grid_x_max_exclusive": 9,
        "grid_x_min": 5,
        "grid_y": 92,
        "nearest_distance_m_max": 1978.277,
        "rate_cents_per_m": 5,
        "source": "rome_strisce_blu_nearest_grid",
        "source_ambiti": [
          "Flaminio"
        ],
        "source_tariffs": [
          "0,50 euro/h"
        ],
        "source_zonas": [
          "ZONA13"
        ],
        "zone_id": 50
      },
      "type": "Feature"
    },
    {
      "geometry": {
        "coordinates": [
          [
            [
              12.446859182166252,
              41.94057150744859
            ],
            [
              12.55681563150457,
              41.94057150744859
            ],
            [
              12.55681563150457,
              41.9414708290545
            ],
            [
              12.446859182166252,
              41.9414708290545
            ],
            [
              12.446859182166252,
              41.94057150744859
            ]
          ]
        ],
        "type": "Polygon"
      },
      "properties": {
        "grid_x_max_exclusive": 100,
        "grid_x_min": 9,
        "grid_y": 92,
        "nearest_distance_m_max": 2005.768,
        "rate_cents_per_m": 10,
        "source": "rome_strisce_blu_nearest_grid",
        "source_ambiti": [
          "Flaminio",
          "Monte Sacro",
          "Parioli",
          "Trieste"
        ],
        "source_tariffs": [
          "1 euro/h"
        ],
        "source_zonas": [
          "ZONA01",
          "ZONA03"
        ],
        "zone_id": 100
      },
      "type": "Feature"
    },
    {
      "geometry": {
        "coordinates": [
          [
            [
              12.43598436849543,
              41.9414708290545
            ],
            [
              12.442025931645887,
              41.9414708290545
            ],
            [
              12.442025931645887,
              41.94237015066042
            ],
            [
              12.43598436849543,
              41.94237015066042
            ],
            [
              12.43598436849543,
              41.9414708290545
            ]
          ]
        ],
        "type": "Polygon"
      },
      "properties": {
        "grid_x_max_exclusive": 5,
        "grid_x_min": 0,
        "grid_y": 93,
        "nearest_distance_m_max": 2464.438,
        "rate_cents_per_m": 10,
        "source": "rome_strisce_blu_nearest_grid",
        "source_ambiti": [
          "Della Vittoria"
        ],
        "source_tariffs": [
          "1 euro/h"
        ],
        "source_zonas": [
          "ZONA01"
        ],
        "zone_id": 100
      },
      "type": "Feature"
    },
    {
      "geometry": {
        "coordinates": [
          [
            [
              12.442025931645887,
              41.9414708290545
            ],
            [
              12.445650869536161,
              41.9414708290545
            ],
            [
              12.445650869536161,
              41.94237015066042
            ],
            [
              12.442025931645887,
              41.94237015066042
            ],
            [
              12.442025931645887,
              41.9414708290545
            ]
          ]
        ],
        "type": "Polygon"
      },
      "properties": {
        "grid_x_max_exclusive": 8,
        "grid_x_min": 5,
        "grid_y": 93,
        "nearest_distance_m_max": 2032.818,
        "rate_cents_per_m": 5,
        "source": "rome_strisce_blu_nearest_grid",
        "source_ambiti": [
          "Flaminio"
        ],
        "source_tariffs": [
          "0,50 euro/h"
        ],
        "source_zonas": [
          "ZONA13"
        ],
        "zone_id": 50
      },
      "type": "Feature"
    },
    {
      "geometry": {
        "coordinates": [
          [
            [
              12.445650869536161,
              41.9414708290545
            ],
            [
              12.55681563150457,
              41.9414708290545
            ],
            [
              12.55681563150457,
              41.94237015066042
            ],
            [
              12.445650869536161,
              41.94237015066042
            ],
            [
              12.445650869536161,
              41.9414708290545
            ]
          ]
        ],
        "type": "Polygon"
      },
      "properties": {
        "grid_x_max_exclusive": 100,
        "grid_x_min": 8,
        "grid_y": 93,
        "nearest_distance_m_max": 2036.036,
        "rate_cents_per_m": 10,
        "source": "rome_strisce_blu_nearest_grid",
        "source_ambiti": [
          "Flaminio",
          "Monte Sacro",
          "Parioli",
          "Trieste"
        ],
        "source_tariffs": [
          "1 euro/h"
        ],
        "source_zonas": [
          "ZONA01",
          "ZONA03"
        ],
        "zone_id": 100
      },
      "type": "Feature"
    },
    {
      "geometry": {
        "coordinates": [
          [
            [
              12.43598436849543,
              41.94237015066042
            ],
            [
              12.442025931645887,
              41.94237015066042
            ],
            [
              12.442025931645887,
              41.943269472266344
            ],
            [
              12.43598436849543,
              41.943269472266344
            ],
            [
              12.43598436849543,
              41.94237015066042
            ]
          ]
        ],
        "type": "Polygon"
      },
      "properties": {
        "grid_x_max_exclusive": 5,
        "grid_x_min": 0,
        "grid_y": 94,
        "nearest_distance_m_max": 2538.379,
        "rate_cents_per_m": 10,
        "source": "rome_strisce_blu_nearest_grid",
        "source_ambiti": [
          "Della Vittoria"
        ],
        "source_tariffs": [
          "1 euro/h"
        ],
        "source_zonas": [
          "ZONA01"
        ],
        "zone_id": 100
      },
      "type": "Feature"
    },
    {
      "geometry": {
        "coordinates": [
          [
            [
              12.442025931645887,
              41.94237015066042
            ],
            [
              12.443234244275978,
              41.94237015066042
            ],
            [
              12.443234244275978,
              41.943269472266344
            ],
            [
              12.442025931645887,
              41.943269472266344
            ],
            [
              12.442025931645887,
              41.94237015066042
            ]
          ]
        ],
        "type": "Polygon"
      },
      "properties": {
        "grid_x_max_exclusive": 6,
        "grid_x_min": 5,
        "grid_y": 94,
        "nearest_distance_m_max": 2090.324,
        "rate_cents_per_m": 5,
        "source": "rome_strisce_blu_nearest_grid",
        "source_ambiti": [
          "Flaminio"
        ],
        "source_tariffs": [
          "0,50 euro/h"
        ],
        "source_zonas": [
          "ZONA13"
        ],
        "zone_id": 50
      },
      "type": "Feature"
    },
    {
      "geometry": {
        "coordinates": [
          [
            [
              12.443234244275978,
              41.94237015066042
            ],
            [
              12.55681563150457,
              41.94237015066042
            ],
            [
              12.55681563150457,
              41.943269472266344
            ],
            [
              12.443234244275978,
              41.943269472266344
            ],
            [
              12.443234244275978,
              41.94237015066042
            ]
          ]
        ],
        "type": "Polygon"
      },
      "properties": {
        "grid_x_max_exclusive": 100,
        "grid_x_min": 6,
        "grid_y": 94,
        "nearest_distance_m_max": 2070.546,
        "rate_cents_per_m": 10,
        "source": "rome_strisce_blu_nearest_grid",
        "source_ambiti": [
          "Flaminio",
          "Monte Sacro",
          "Parioli",
          "Trieste"
        ],
        "source_tariffs": [
          "1 euro/h"
        ],
        "source_zonas": [
          "ZONA01",
          "ZONA03"
        ],
        "zone_id": 100
      },
      "type": "Feature"
    },
    {
      "geometry": {
        "coordinates": [
          [
            [
              12.43598436849543,
              41.943269472266344
            ],
            [
              12.442025931645887,
              41.943269472266344
            ],
            [
              12.442025931645887,
              41.94416879387226
            ],
            [
              12.43598436849543,
              41.94416879387226
            ],
            [
              12.43598436849543,
              41.943269472266344
            ]
          ]
        ],
        "type": "Polygon"
      },
      "properties": {
        "grid_x_max_exclusive": 5,
        "grid_x_min": 0,
        "grid_y": 95,
        "nearest_distance_m_max": 2561.21,
        "rate_cents_per_m": 5,
        "source": "rome_strisce_blu_nearest_grid",
        "source_ambiti": [
          "Flaminio"
        ],
        "source_tariffs": [
          "0,50 euro/h"
        ],
        "source_zonas": [
          "ZONA13"
        ],
        "zone_id": 50
      },
      "type": "Feature"
    },
    {
      "geometry": {
        "coordinates": [
          [
            [
              12.442025931645887,
              41.943269472266344
            ],
            [
              12.55681563150457,
              41.943269472266344
            ],
            [
              12.55681563150457,
              41.94416879387226
            ],
            [
              12.442025931645887,
              41.94416879387226
            ],
            [
              12.442025931645887,
              41.943269472266344
            ]
          ]
        ],
        "type": "Polygon"
      },
      "properties": {
        "grid_x_max_exclusive": 100,
        "grid_x_min": 5,
        "grid_y": 95,
        "nearest_distance_m_max": 2149.66,
        "rate_cents_per_m": 10,
        "source": "rome_strisce_blu_nearest_grid",
        "source_ambiti": [
          "Flaminio",
          "Monte Sacro",
          "Parioli",
          "Trieste"
        ],
        "source_tariffs": [
          "1 euro/h"
        ],
        "source_zonas": [
          "ZONA01",
          "ZONA03"
        ],
        "zone_id": 100
      },
      "type": "Feature"
    },
    {
      "geometry": {
        "coordinates": [
          [
            [
              12.43598436849543,
              41.94416879387226
            ],
            [
              12.439609306385703,
              41.94416879387226
            ],
            [
              12.439609306385703,
              41.94506811547818
            ],
            [
              12.43598436849543,
              41.94506811547818
            ],
            [
              12.43598436849543,
              41.94416879387226
            ]
          ]
        ],
        "type": "Polygon"
      },
      "properties": {
        "grid_x_max_exclusive": 3,
        "grid_x_min": 0,
        "grid_y": 96,
        "nearest_distance_m_max": 2615.218,
        "rate_cents_per_m": 5,
        "source": "rome_strisce_blu_nearest_grid",
        "source_ambiti": [
          "Flaminio"
        ],
        "source_tariffs": [
          "0,50 euro/h"
        ],
        "source_zonas": [
          "ZONA13"
        ],
        "zone_id": 50
      },
      "type": "Feature"
    },
    {
      "geometry": {
        "coordinates": [
          [
            [
              12.439609306385703,
              41.94416879387226
            ],
            [
              12.55681563150457,
              41.94416879387226
            ],
            [
              12.55681563150457,
              41.94506811547818
            ],
            [
              12.439609306385703,
              41.94506811547818
            ],
            [
              12.439609306385703,
              41.94416879387226
            ]
          ]
        ],
        "type": "Polygon"
      },
      "properties": {
        "grid_x_max_exclusive": 100,
        "grid_x_min": 3,
        "grid_y": 96,
        "nearest_distance_m_max": 2369.923,
        "rate_cents_per_m": 10,
        "source": "rome_strisce_blu_nearest_grid",
        "source_ambiti": [
          "Flaminio",
          "Monte Sacro",
          "Parioli",
          "Trieste"
        ],
        "source_tariffs": [
          "1 euro/h"
        ],
        "source_zonas": [
          "ZONA01",
          "ZONA03"
        ],
        "zone_id": 100
      },
      "type": "Feature"
    },
    {
      "geometry": {
        "coordinates": [
          [
            [
              12.43598436849543,
              41.94506811547818
            ],
            [
              12.438400993755613,
              41.94506811547818
            ],
            [
              12.438400993755613,
              41.9459674370841
            ],
            [
              12.43598436849543,
              41.9459674370841
            ],
            [
              12.43598436849543,
              41.94506811547818
            ]
          ]
        ],
        "type": "Polygon"
      },
      "properties": {
        "grid_x_max_exclusive": 2,
        "grid_x_min": 0,
        "grid_y": 97,
        "nearest_distance_m_max": 2671.615,
        "rate_cents_per_m": 5,
        "source": "rome_strisce_blu_nearest_grid",
        "source_ambiti": [
          "Flaminio"
        ],
        "source_tariffs": [
          "0,50 euro/h"
        ],
        "source_zonas": [
          "ZONA13"
        ],
        "zone_id": 50
      },
      "type": "Feature"
    },
    {
      "geometry": {
        "coordinates": [
          [
            [
              12.438400993755613,
              41.94506811547818
            ],
            [
              12.55681563150457,
              41.94506811547818
            ],
            [
              12.55681563150457,
              41.9459674370841
            ],
            [
              12.438400993755613,
              41.9459674370841
            ],
            [
              12.438400993755613,
              41.94506811547818
            ]
          ]
        ],
        "type": "Polygon"
      },
      "properties": {
        "grid_x_max_exclusive": 100,
        "grid_x_min": 2,
        "grid_y": 97,
        "nearest_distance_m_max": 2509.704,
        "rate_cents_per_m": 10,
        "source": "rome_strisce_blu_nearest_grid",
        "source_ambiti": [
          "Flaminio",
          "Monte Sacro",
          "Parioli",
          "Trieste"
        ],
        "source_tariffs": [
          "1 euro/h"
        ],
        "source_zonas": [
          "ZONA01",
          "ZONA03"
        ],
        "zone_id": 100
      },
      "type": "Feature"
    },
    {
      "geometry": {
        "coordinates": [
          [
            [
              12.43598436849543,
              41.9459674370841
            ],
            [
              12.437192681125522,
              41.9459674370841
            ],
            [
              12.437192681125522,
              41.946866758690014
            ],
            [
              12.43598436849543,
              41.946866758690014
            ],
            [
              12.43598436849543,
              41.9459674370841
            ]
          ]
        ],
        "type": "Polygon"
      },
      "properties": {
        "grid_x_max_exclusive": 1,
        "grid_x_min": 0,
        "grid_y": 98,
        "nearest_distance_m_max": 2730.045,
        "rate_cents_per_m": 5,
        "source": "rome_strisce_blu_nearest_grid",
        "source_ambiti": [
          "Flaminio"
        ],
        "source_tariffs": [
          "0,50 euro/h"
        ],
        "source_zonas": [
          "ZONA13"
        ],
        "zone_id": 50
      },
      "type": "Feature"
    },
    {
      "geometry": {
        "coordinates": [
          [
            [
              12.437192681125522,
              41.9459674370841
            ],
            [
              12.55681563150457,
              41.9459674370841
            ],
            [
              12.55681563150457,
              41.946866758690014
            ],
            [
              12.437192681125522,
              41.946866758690014
            ],
            [
              12.437192681125522,
              41.9459674370841
            ]
          ]
        ],
        "type": "Polygon"
      },
      "properties": {
        "grid_x_max_exclusive": 100,
        "grid_x_min": 1,
        "grid_y": 98,
        "nearest_distance_m_max": 2649.659,
        "rate_cents_per_m": 10,
        "source": "rome_strisce_blu_nearest_grid",
        "source_ambiti": [
          "Flaminio",
          "Monte Sacro",
          "Parioli",
          "Trieste"
        ],
        "source_tariffs": [
          "1 euro/h"
        ],
        "source_zonas": [
          "ZONA01",
          "ZONA03"
        ],
        "zone_id": 100
      },
      "type": "Feature"
    },
    {
      "geometry": {
        "coordinates": [
          [
            [
              12.43598436849543,
              41.946866758690014
            ],
            [
              12.55681563150457,
              41.946866758690014
            ],
            [
              12.55681563150457,
              41.947766080295935
            ],
            [
              12.43598436849543,
              41.947766080295935
            ],
            [
              12.43598436849543,
              41.946866758690014
            ]
          ]
        ],
        "type": "Polygon"
      },
      "properties": {
        "grid_x_max_exclusive": 100,
        "grid_x_min": 0,
        "grid_y": 99,
        "nearest_distance_m_max": 2789.762,
        "rate_cents_per_m": 10,
        "source": "rome_strisce_blu_nearest_grid",
        "source_ambiti": [
          "Flaminio",
          "Monte Sacro",
          "Parioli",
          "Trieste"
        ],
        "source_tariffs": [
          "1 euro/h"
        ],
        "source_zonas": [
          "ZONA01",
          "ZONA03"
        ],
        "zone_id": 100
      },
      "type": "Feature"
    }
  ],
  "metadata": {
    "app_item": "962c8b4334d74dc6ae043a5e4b8643d0",
    "assignment": "Each tariff grid cell is assigned the normalized rate of the nearest official blue-stripe street segment.",
    "cell_size_m": 100,
    "city": "rome",
    "granularity": "medium",
    "grid_w": 100,
    "max_nearest_distance_m": 3630.413,
    "method_doc": "dataset/osm/zones/README_rome_tariff.md",
    "origin_lat": 41.9028,
    "origin_lon": 12.4964,
    "rate_mapping": {
      "0,50 euro/h": 5,
      "1 euro/h": 10,
      "1,20 euro/h": 12
    },
    "rate_mapping_note": "Preserves official hourly-rate ratios exactly using integer cents-per-meter tiers.",
    "source": "Roma Mobilita public ArcGIS FeatureServer, Sosta tariffata web map",
    "source_feature_count": 1764,
    "source_segment_count": 14963,
    "strisce_blu_layer": "https://services2.arcgis.com/NZMqCJwY3kMjFOqf/arcgis/rest/services/strisce_blu_strade/FeatureServer/0",
    "webmap_item": "b7be6a72ce2b4e54b1b9adde1a11df8f",
    "ztl_feature_count": 1,
    "ztl_layer": "https://services2.arcgis.com/NZMqCJwY3kMjFOqf/arcgis/rest/services/confini_ZTL_centro_diurna/FeatureServer/0"
  },
  "type": "FeatureCollection"
}
